pv_bus,pv_bus_vn_kv,existing_pv_kw,new_pv_kw,total_pv_kw,existing_load_at_bus_kw,pv_penetration_ratio,transformer_association,feeder_section,transformer_sn_kva,pv_to_transformer_ratio,new_pv_to_transformer_ratio,load_to_transformer_ratio,base_voltage_pu,feeder_distance_km,upstream_r_ohm,upstream_x_ohm,upstream_z_ohm,label,constraint_type,delta_pv_bus_voltage_pu,pv_max_voltage_pu,pv_max_transformer_loading_pct,reverse_power_flow
728,0.24,0.0,237.0,237.0,38.0,6.2368421052631575,T3,Main_720-734,75.0,3.16,3.16,0.5066666666666667,0.93706,11.5824,7.8923,5.7834,9.7845,CONSTRAINED,transformer_loading,0.04304,1.00707,272.67,1.0
726,0.24,12.0,122.0,134.0,0.0,134.0,-,Main_720-734,5000.0,0.0268,0.0244,0.0,0.99456,7.2329,4.237,2.8374,5.0993,CONSTRAINED,voltage,0.10983,1.11666,92.64,1.0
6262,0.24,0.0,45.0,45.0,0.0,45.0,T2,LV_secondary_T2_T4,300.0,0.15,0.15,0.0,0.99456,7.2329,4.237,2.8374,5.0993,CAUTION,caution,0.04442,1.03899,92.74,0.0
6212,0.24,0.0,250.0,250.0,0.0,250.0,T2,LV_secondary_T2_T4,300.0,0.8333333333333334,0.8333333333333334,0.0,0.99456,7.1414,4.1987,2.8231,5.0595,CONSTRAINED,voltage,0.0834,1.07797,92.48,1.0
770,0.24,0.0,143.0,143.0,450.0,0.3177777777777777,T15,Delta_766-772,1500.0,0.0953333333333333,0.0953333333333333,0.3,0.95059,44.5068,31.369,22.8385,38.8022,SAFE,none,0.01765,1.00761,92.34,0.0
710,0.208,0.0,68.0,68.0,80.0,0.85,T17,Branch_701-708,300.0,0.2266666666666666,0.2266666666666666,0.2666666666666666,0.95736,7.0104,4.008,2.9713,4.9893,SAFE,none,0.00272,1.00576,92.75,0.0
726,0.24,0.0,167.0,167.0,0.0,167.0,-,Main_720-734,5000.0,0.0334,0.0334,0.0,0.99456,7.2329,4.237,2.8374,5.0993,CONSTRAINED,voltage,0.14827,1.14284,92.61,1.0
7693,0.24,0.0,61.0,61.0,0.0,61.0,T22,LV_secondary_T2_T4,150.0,0.4066666666666667,0.4066666666666667,0.0,0.95405,44.5068,31.369,22.8385,38.8022,CAUTION,caution,0.0095,1.00633,92.47,1.0
620,0.24,0.0,58.0,58.0,0.0,58.0,T2,LV_secondary_T2_T4,300.0,0.1933333333333333,0.1933333333333333,0.0,0.99456,7.0957,4.1795,2.816,5.0396,SAFE,none,0.00186,1.00576,92.71,0.0
748,0.24,0.0,170.0,170.0,76.88,2.211238293444329,T8,Main_735-750,150.0,1.1333333333333333,1.1333333333333333,0.5125333333333333,0.95585,27.31,18.8387,13.9267,23.4276,CAUTION,caution,0.01653,1.00745,92.36,1.0
7642,0.24,0.0,91.0,91.0,0.0,91.0,T14,LV_secondary_T2_T4,150.0,0.6066666666666667,0.6066666666666667,0.0,0.9365,42.617,29.4074,21.7473,36.5751,CAUTION,caution,0.01153,1.00668,92.43,1.0
6242,0.24,0.0,188.0,188.0,0.0,188.0,T2,LV_secondary_T2_T4,300.0,0.6266666666666667,0.6266666666666667,0.0,0.99456,7.1414,4.1987,2.8231,5.0595,CONSTRAINED,voltage,0.06408,1.05865,92.55,1.0
6261,0.24,0.0,146.0,146.0,0.0,146.0,T2,LV_secondary_T2_T4,300.0,0.4866666666666667,0.4866666666666667,0.0,0.99456,7.2329,4.237,2.8374,5.0993,CONSTRAINED,voltage,0.13175,1.12632,92.63,1.0
7483,0.24,0.0,132.0,132.0,0.0,132.0,T8,LV_secondary_T2_T4,150.0,0.88,0.88,0.0,0.95585,27.31,18.8387,13.9267,23.4276,CAUTION,caution,0.01296,1.00701,92.4,1.0
772,0.208,0.0,211.0,211.0,100.0,2.11,T19,Delta_766-772,300.0,0.7033333333333334,0.7033333333333334,0.3333333333333333,0.93424,43.184,29.887,22.1458,37.1977,CAUTION,caution,0.02214,1.00834,92.27,1.0
622,0.24,0.0,60.0,60.0,0.0,60.0,T2,LV_secondary_T2_T4,300.0,0.2,0.2,0.0,0.99456,7.1872,4.2178,2.8303,5.0794,CAUTION,caution,0.04025,1.03482,92.72,0.0
721,0.24,0.0,126.0,126.0,0.0,126.0,-,Main_720-734,5000.0,0.0252,0.0252,0.0,0.99456,7.1414,4.1987,2.8231,5.0595,CAUTION,caution,0.04394,1.03851,92.62,1.0
632,0.24,0.0,13.0,13.0,0.0,13.0,T4,LV_secondary_T2_T4,150.0,0.0866666666666666,0.0866666666666666,0.0,0.92105,16.9926,11.6578,8.5847,14.4776,SAFE,none,0.00098,1.0055,92.75,0.0
708,0.24,0.0,76.0,76.0,75.0,1.0133333333333334,T16,Branch_701-708,300.0,0.2533333333333333,0.2533333333333333,0.25,0.95801,6.2484,3.6185,2.8328,4.5954,SAFE,none,0.00283,1.0058,92.74,0.0
732,0.24,0.0,164.0,164.0,25.4,6.456692913385827,T4,Main_720-734,150.0,1.0933333333333333,1.0933333333333333,0.1693333333333333,0.92105,16.9926,11.6578,8.5847,14.4776,CAUTION,caution,0.01196,1.00695,92.41,1.0
726,0.24,3.0,110.0,113.0,0.0,113.0,-,Main_720-734,5000.0,0.0226,0.022,0.0,0.99456,7.2329,4.237,2.8374,5.0993,CONSTRAINED,voltage,0.10167,1.09934,92.66,1.0
7481,0.24,0.0,9.0,9.0,0.0,9.0,T8,LV_secondary_T2_T4,150.0,0.06,0.06,0.0,0.95585,27.31,18.8387,13.9267,23.4276,SAFE,none,0.00091,1.00548,92.76,0.0
723,0.24,0.0,112.0,112.0,0.0,112.0,-,Main_720-734,5000.0,0.0224,0.0224,0.0,0.99456,7.2329,4.237,2.8374,5.0993,CONSTRAINED,voltage,0.10393,1.0985,92.66,1.0
6331,0.24,0.0,99.0,99.0,0.0,99.0,T4,LV_secondary_T2_T4,150.0,0.66,0.66,0.0,0.91348,17.0383,11.6797,8.589,14.4978,CAUTION,caution,0.04651,1.00631,92.47,1.0
7122,0.24,9.0,50.0,59.0,0.0,59.0,T18,LV_secondary_T2_T4,300.0,0.1966666666666666,0.1666666666666666,0.0,0.95826,7.7724,4.5565,3.3703,5.6675,SAFE,none,0.00218,1.00571,92.76,0.0
764,0.24,0.0,101.0,101.0,46.0,2.1956521739130435,T14,Branch_752-765,150.0,0.6733333333333333,0.6733333333333333,0.3066666666666666,0.9365,42.617,29.4074,21.7473,36.5751,CAUTION,caution,0.01276,1.00682,92.42,1.0
7693,0.24,6.0,115.0,121.0,0.0,121.0,T22,LV_secondary_T2_T4,150.0,0.8066666666666666,0.7666666666666667,0.0,0.95405,44.5068,31.369,22.8385,38.8022,CAUTION,caution,0.01753,1.00721,92.38,1.0
739,0.24,12.0,229.0,241.0,41.1,5.86374695863747,T6,Main_735-750,150.0,1.606666666666667,1.5266666666666666,0.274,0.98477,24.6125,15.6519,11.8507,19.6321,CONSTRAINED,transformer_loading,0.01869,1.00781,133.27,1.0
6332,0.24,4.0,234.0,238.0,0.0,238.0,T4,LV_secondary_T2_T4,150.0,1.586666666666667,1.56,0.0,0.91348,17.0383,11.6797,8.589,14.4978,CONSTRAINED,voltage_rise,0.10262,1.0181,128.32,1.0
743,0.24,0.0,245.0,245.0,240.0,1.0208333333333333,T7,Main_735-750,300.0,0.8166666666666667,0.8166666666666667,0.8,0.96367,21.8693,15.052,11.1097,18.708,SAFE,none,0.01666,1.00824,92.28,0.0
6202,0.24,0.0,142.0,142.0,0.0,142.0,T2,LV_secondary_T2_T4,300.0,0.4733333333333333,0.4733333333333333,0.0,0.99456,7.0957,4.1795,2.816,5.0396,CAUTION,caution,0.0045,1.00631,92.59,1.0
7692,0.24,6.0,129.0,135.0,0.0,135.0,T22,LV_secondary_T2_T4,150.0,0.9,0.86,0.0,0.95405,44.5068,31.369,22.8385,38.8022,CAUTION,caution,0.01957,1.00741,92.36,1.0
6241,0.24,0.0,170.0,170.0,0.0,170.0,T2,LV_secondary_T2_T4,300.0,0.5666666666666667,0.5666666666666667,0.0,0.99456,7.1414,4.1987,2.8231,5.0595,CONSTRAINED,voltage,0.05832,1.05289,92.57,1.0
6321,0.24,0.0,36.0,36.0,0.0,36.0,T4,LV_secondary_T2_T4,150.0,0.24,0.24,0.0,0.92105,16.9926,11.6578,8.5847,14.4776,SAFE,none,0.00271,1.00573,92.67,0.0
6222,0.24,0.0,117.0,117.0,0.0,117.0,T2,LV_secondary_T2_T4,300.0,0.39,0.39,0.0,0.99456,7.1872,4.2178,2.8303,5.0794,CONSTRAINED,voltage,0.07558,1.07015,92.65,1.0
6332,0.24,5.0,154.0,159.0,0.0,159.0,T4,LV_secondary_T2_T4,150.0,1.06,1.0266666666666666,0.0,0.91348,17.0383,11.6797,8.589,14.4978,CONSTRAINED,voltage_rise,0.07,1.0068,92.42,1.0
733,0.24,0.0,22.0,22.0,0.0,22.0,-,Main_720-734,5000.0,0.0044,0.0044,0.0,0.91348,17.0383,11.6797,8.589,14.4978,SAFE,none,0.01079,1.00559,92.72,0.0
762,0.48,0.0,72.0,72.0,45.0,1.6,T13,Branch_752-765,150.0,0.48,0.48,0.3,0.93629,42.0074,28.9831,21.4317,36.0463,CAUTION,caution,0.00912,1.00641,92.46,1.0
6252,0.24,5.0,244.0,249.0,0.0,249.0,T2,LV_secondary_T2_T4,300.0,0.83,0.8133333333333334,0.0,0.99456,7.1872,4.2178,2.8303,5.0794,CONSTRAINED,voltage,0.14567,1.14373,92.51,1.0
714,0.208,0.0,93.0,93.0,240.0,0.3875,T24,Branch_701-708,30.0,3.1,3.1,8.0,0.99083,0.9144,0.4676,0.2627,0.5363,SAFE,none,0.00223,1.00592,92.73,0.0
7482,0.24,5.0,64.0,69.0,0.0,69.0,T8,LV_secondary_T2_T4,150.0,0.46,0.4266666666666667,0.0,0.95585,27.31,18.8387,13.9267,23.4276,SAFE,none,0.00638,1.00625,92.48,0.0
772,0.208,0.0,103.0,103.0,100.0,1.03,T19,Delta_766-772,300.0,0.3433333333333333,0.3433333333333333,0.3333333333333333,0.93424,43.184,29.887,22.1458,37.1977,SAFE,none,0.01107,1.00687,92.41,0.0
734,0.24,0.0,79.0,79.0,15.85,4.98422712933754,-,Main_720-734,5000.0,0.0158,0.0158,0.00317,0.90591,17.084,11.7015,8.5933,14.5179,CONSTRAINED,voltage_rise,0.06804,1.00611,92.52,1.0
725,0.24,0.0,5.0,5.0,0.0,5.0,-,Main_720-734,5000.0,0.001,0.001,0.0,0.99456,7.1872,4.2178,2.8303,5.0794,SAFE,none,0.00349,1.0054,92.8,0.0
633,0.24,13.0,15.0,28.0,0.0,28.0,T4,LV_secondary_T2_T4,150.0,0.1866666666666666,0.1,0.0,0.91348,17.0383,11.6797,8.589,14.4978,SAFE,none,0.00727,1.00565,92.7,0.0
6262,0.24,7.0,226.0,233.0,0.0,233.0,T2,LV_secondary_T2_T4,300.0,0.7766666666666666,0.7533333333333333,0.0,0.99456,7.2329,4.237,2.8374,5.0993,CONSTRAINED,voltage,0.19012,1.19188,92.56,1.0
6331,0.24,15.0,167.0,182.0,0.0,182.0,T4,LV_secondary_T2_T4,150.0,1.2133333333333334,1.1133333333333333,0.0,0.91348,17.0383,11.6797,8.589,14.4978,CONSTRAINED,voltage_rise,0.07467,1.00697,94.36,1.0
708,0.24,0.0,231.0,231.0,75.0,3.08,T16,Branch_701-708,300.0,0.77,0.77,0.25,0.95801,6.2484,3.6185,2.8328,4.5954,CAUTION,caution,0.00835,1.00661,92.64,1.0
6221,0.24,0.0,107.0,107.0,0.0,107.0,T2,LV_secondary_T2_T4,300.0,0.3566666666666667,0.3566666666666667,0.0,0.99456,7.1872,4.2178,2.8303,5.0794,CONSTRAINED,voltage,0.06957,1.06413,92.66,1.0
6242,0.24,0.0,66.0,66.0,0.0,66.0,T2,LV_secondary_T2_T4,300.0,0.22,0.22,0.0,0.99456,7.1414,4.1987,2.8231,5.0595,SAFE,none,0.02356,1.01813,92.7,0.0
723,0.24,6.0,225.0,231.0,0.0,231.0,-,Main_720-734,5000.0,0.0462,0.045,0.0,0.99456,7.2329,4.237,2.8374,5.0993,CONSTRAINED,voltage,0.18971,1.19046,92.56,1.0
621,0.24,0.0,125.0,125.0,0.0,125.0,T2,LV_secondary_T2_T4,300.0,0.4166666666666667,0.4166666666666667,0.0,0.99456,7.1414,4.1987,2.8231,5.0595,CAUTION,caution,0.0436,1.03817,92.62,1.0
762,0.48,0.0,67.0,67.0,45.0,1.488888888888889,T13,Branch_752-765,150.0,0.4466666666666666,0.4466666666666666,0.3,0.93629,42.0074,28.9831,21.4317,36.0463,CAUTION,caution,0.0085,1.00634,92.47,1.0
730,0.24,10.0,87.0,97.0,85.0,1.1411764705882352,T23,Main_720-734,300.0,0.3233333333333333,0.29,0.2833333333333333,0.94696,11.8872,7.965,5.8252,9.8678,CAUTION,caution,0.00363,1.00619,92.54,1.0
6251,0.24,0.0,59.0,59.0,0.0,59.0,T2,LV_secondary_T2_T4,300.0,0.1966666666666666,0.1966666666666666,0.0,0.99456,7.1872,4.2178,2.8303,5.0794,CAUTION,caution,0.03961,1.03418,92.72,0.0
7691,0.24,5.0,123.0,128.0,0.0,128.0,T22,LV_secondary_T2_T4,150.0,0.8533333333333334,0.82,0.0,0.95405,44.5068,31.369,22.8385,38.8022,CAUTION,caution,0.01871,1.00731,92.37,1.0
751,0.48,0.0,48.0,48.0,0.0,48.0,T9,other,1500.0,0.032,0.032,0.0,0.9685,34.4789,23.8283,17.6385,29.6463,SAFE,none,0.00349,1.00596,92.57,0.0
626,0.24,0.0,100.0,100.0,0.0,100.0,T2,LV_secondary_T2_T4,300.0,0.3333333333333333,0.3333333333333333,0.0,0.99456,7.2329,4.237,2.8374,5.0993,CONSTRAINED,voltage,0.09376,1.08833,92.67,1.0
710,0.208,0.0,93.0,93.0,80.0,1.1625,T17,Branch_701-708,300.0,0.31,0.31,0.2666666666666666,0.95736,7.0104,4.008,2.9713,4.9893,CAUTION,caution,0.0037,1.0059,92.73,1.0
620,0.24,15.0,231.0,246.0,0.0,246.0,T2,LV_secondary_T2_T4,300.0,0.82,0.77,0.0,0.99456,7.0957,4.1795,2.816,5.0396,CAUTION,caution,0.00718,1.00695,92.43,1.0
6202,0.24,0.0,132.0,132.0,0.0,132.0,T2,LV_secondary_T2_T4,300.0,0.44,0.44,0.0,0.99456,7.0957,4.1795,2.816,5.0396,CAUTION,caution,0.00419,1.00624,92.6,1.0
7641,0.24,5.0,182.0,187.0,0.0,187.0,T14,LV_secondary_T2_T4,150.0,1.2466666666666666,1.2133333333333334,0.0,0.9365,42.617,29.4074,21.7473,36.5751,CAUTION,caution,0.02241,1.00795,99.47,1.0
724,0.24,0.0,180.0,180.0,0.0,180.0,-,Main_720-734,5000.0,0.036,0.036,0.0,0.99456,7.1414,4.1987,2.8231,5.0595,CONSTRAINED,voltage,0.06153,1.0561,92.56,1.0
6332,0.24,0.0,208.0,208.0,0.0,208.0,T4,LV_secondary_T2_T4,150.0,1.3866666666666667,1.3866666666666667,0.0,0.91348,17.0383,11.6797,8.589,14.4978,CONSTRAINED,voltage_rise,0.09266,1.00715,110.27,1.0
633,0.24,0.0,100.0,100.0,0.0,100.0,T4,LV_secondary_T2_T4,150.0,0.6666666666666666,0.6666666666666666,0.0,0.91348,17.0383,11.6797,8.589,14.4978,CAUTION,caution,0.04695,1.00632,92.47,1.0
7691,0.24,0.0,16.0,16.0,0.0,16.0,T22,LV_secondary_T2_T4,150.0,0.1066666666666666,0.1066666666666666,0.0,0.95405,44.5068,31.369,22.8385,38.8022,SAFE,none,0.00253,1.00562,92.71,0.0
6241,0.24,0.0,86.0,86.0,0.0,86.0,T2,LV_secondary_T2_T4,300.0,0.2866666666666667,0.2866666666666667,0.0,0.99456,7.1414,4.1987,2.8231,5.0595,CAUTION,caution,0.03045,1.02502,92.68,1.0
6251,0.24,15.0,215.0,230.0,0.0,230.0,T2,LV_secondary_T2_T4,300.0,0.7666666666666667,0.7166666666666667,0.0,0.99456,7.1872,4.2178,2.8303,5.0794,CONSTRAINED,voltage,0.12877,1.13374,92.53,1.0
714,0.208,0.0,143.0,143.0,240.0,0.5958333333333333,T24,Branch_701-708,30.0,4.766666666666667,4.766666666666667,8.0,0.99083,0.9144,0.4676,0.2627,0.5363,SAFE,none,0.00341,1.00621,92.69,0.0
6321,0.24,0.0,193.0,193.0,0.0,193.0,T4,LV_secondary_T2_T4,150.0,1.2866666666666666,1.2866666666666666,0.0,0.92105,16.9926,11.6578,8.5847,14.4776,CONSTRAINED,transformer_loading,0.01398,1.00721,109.02,1.0
625,0.24,0.0,212.0,212.0,0.0,212.0,T2,LV_secondary_T2_T4,300.0,0.7066666666666667,0.7066666666666667,0.0,0.99456,7.1872,4.2178,2.8303,5.0794,CONSTRAINED,voltage,0.12953,1.1241,92.55,1.0
7391,0.24,0.0,93.0,93.0,0.0,93.0,T6,LV_secondary_T2_T4,150.0,0.62,0.62,0.0,0.98477,24.6125,15.6519,11.8507,19.6321,CAUTION,caution,0.00787,1.00637,92.46,1.0
772,0.208,0.0,189.0,189.0,100.0,1.89,T19,Delta_766-772,300.0,0.63,0.63,0.3333333333333333,0.93424,43.184,29.887,22.1458,37.1977,CAUTION,caution,0.01993,1.00805,92.3,1.0
770,0.24,3.0,81.0,84.0,450.0,0.1866666666666666,T15,Delta_766-772,1500.0,0.056,0.054,0.3,0.95059,44.5068,31.369,22.8385,38.8022,SAFE,none,0.01012,1.00671,92.43,0.0
6221,0.24,0.0,215.0,215.0,0.0,215.0,T2,LV_secondary_T2_T4,300.0,0.7166666666666667,0.7166666666666667,0.0,0.99456,7.1872,4.2178,2.8303,5.0794,CONSTRAINED,voltage,0.13115,1.12572,92.54,1.0
625,0.24,0.0,117.0,117.0,0.0,117.0,T2,LV_secondary_T2_T4,300.0,0.39,0.39,0.0,0.99456,7.1872,4.2178,2.8303,5.0794,CONSTRAINED,voltage,0.07558,1.07015,92.65,1.0
751,0.48,0.0,185.0,185.0,0.0,185.0,T9,other,1500.0,0.1233333333333333,0.1233333333333333,0.0,0.9685,34.4789,23.8283,17.6385,29.6463,SAFE,none,0.01321,1.00757,92.34,0.0
626,0.24,0.0,113.0,113.0,0.0,113.0,T2,LV_secondary_T2_T4,300.0,0.3766666666666666,0.3766666666666666,0.0,0.99456,7.2329,4.237,2.8374,5.0993,CONSTRAINED,voltage,0.10477,1.09934,92.66,1.0
764,0.24,7.0,153.0,160.0,46.0,3.4782608695652173,T14,Branch_752-765,150.0,1.0666666666666669,1.02,0.3066666666666666,0.9365,42.617,29.4074,21.7473,36.5751,CAUTION,caution,0.01897,1.0076,92.34,1.0
720,0.24,9.0,182.0,191.0,66.0,2.893939393939394,T2,Main_720-734,300.0,0.6366666666666667,0.6066666666666667,0.22,0.99456,7.0957,4.1795,2.816,5.0396,CAUTION,caution,0.00571,1.00661,92.51,1.0
710,0.208,0.0,34.0,34.0,80.0,0.425,T17,Branch_701-708,300.0,0.1133333333333333,0.1133333333333333,0.2666666666666666,0.95736,7.0104,4.008,2.9713,4.9893,SAFE,none,0.00137,1.00557,92.78,0.0
720,0.24,0.0,44.0,44.0,66.0,0.6666666666666666,T2,Main_720-734,300.0,0.1466666666666666,0.1466666666666666,0.22,0.99456,7.0957,4.1795,2.816,5.0396,SAFE,none,0.00141,1.00567,92.73,0.0
6231,0.24,0.0,227.0,227.0,0.0,227.0,T2,LV_secondary_T2_T4,300.0,0.7566666666666667,0.7566666666666667,0.0,0.99456,7.2329,4.237,2.8374,5.0993,CONSTRAINED,voltage,0.19302,1.18759,92.56,1.0
7641,0.24,5.0,226.0,231.0,0.0,231.0,T14,LV_secondary_T2_T4,150.0,1.54,1.5066666666666666,0.0,0.9365,42.617,29.4074,21.7473,36.5751,CONSTRAINED,transformer_loading,0.0275,1.00849,128.99,1.0
633,0.24,11.0,201.0,212.0,0.0,212.0,T4,LV_secondary_T2_T4,150.0,1.413333333333333,1.34,0.0,0.91348,17.0383,11.6797,8.589,14.4978,CONSTRAINED,voltage_rise,0.08884,1.00776,112.7,1.0
764,0.24,0.0,229.0,229.0,46.0,4.978260869565218,T14,Branch_752-765,150.0,1.5266666666666666,1.5266666666666666,0.3066666666666666,0.9365,42.617,29.4074,21.7473,36.5751,CONSTRAINED,transformer_loading,0.02792,1.00847,127.65,1.0
622,0.24,0.0,55.0,55.0,0.0,55.0,T2,LV_secondary_T2_T4,300.0,0.1833333333333333,0.1833333333333333,0.0,0.99456,7.1872,4.2178,2.8303,5.0794,CAUTION,caution,0.03703,1.0316,92.72,0.0
7121,0.24,0.0,173.0,173.0,0.0,173.0,T18,LV_secondary_T2_T4,300.0,0.5766666666666667,0.5766666666666667,0.0,0.95826,7.7724,4.5565,3.3703,5.6675,CAUTION,caution,0.00738,1.00632,92.68,1.0
624,0.24,4.0,136.0,140.0,0.0,140.0,T2,LV_secondary_T2_T4,300.0,0.4666666666666667,0.4533333333333333,0.0,0.99456,7.1414,4.1987,2.8231,5.0595,CAUTION,caution,0.0471,1.04313,92.61,1.0
7481,0.24,0.0,19.0,19.0,0.0,19.0,T8,LV_secondary_T2_T4,150.0,0.1266666666666666,0.1266666666666666,0.0,0.95585,27.31,18.8387,13.9267,23.4276,SAFE,none,0.00192,1.00561,92.71,0.0
723,0.24,4.0,16.0,20.0,0.0,20.0,-,Main_720-734,5000.0,0.004,0.0032,0.0,0.99456,7.2329,4.237,2.8374,5.0993,SAFE,none,0.01614,1.01483,92.77,0.0
6331,0.24,0.0,38.0,38.0,0.0,38.0,T4,LV_secondary_T2_T4,150.0,0.2533333333333333,0.2533333333333333,0.0,0.91348,17.0383,11.6797,8.589,14.4978,CAUTION,caution,0.01846,1.00575,92.66,1.0
7121,0.24,0.0,179.0,179.0,0.0,179.0,T18,LV_secondary_T2_T4,300.0,0.5966666666666667,0.5966666666666667,0.0,0.95826,7.7724,4.5565,3.3703,5.6675,CAUTION,caution,0.00763,1.00635,92.67,1.0
6201,0.24,15.0,64.0,79.0,0.0,79.0,T2,LV_secondary_T2_T4,300.0,0.2633333333333333,0.2133333333333333,0.0,0.99456,7.0957,4.1795,2.816,5.0396,CAUTION,caution,0.00204,1.0059,92.68,1.0
7393,0.24,0.0,141.0,141.0,0.0,141.0,T6,LV_secondary_T2_T4,150.0,0.94,0.94,0.0,0.98477,24.6125,15.6519,11.8507,19.6321,CAUTION,caution,0.01181,1.00686,92.42,1.0
6261,0.24,11.0,14.0,25.0,0.0,25.0,T2,LV_secondary_T2_T4,300.0,0.0833333333333333,0.0466666666666666,0.0,0.99456,7.2329,4.237,2.8374,5.0993,SAFE,none,0.01394,1.01976,92.77,0.0
740,0.24,13.0,116.0,129.0,75.0,1.72,T5,Main_735-750,150.0,0.86,0.7733333333333333,0.5,0.98202,23.0885,14.9212,11.4648,18.8171,CAUTION,caution,0.0097,1.00676,92.42,1.0
722,0.24,0.0,70.0,70.0,0.0,70.0,-,Main_720-734,5000.0,0.014,0.014,0.0,0.99456,7.1872,4.2178,2.8303,5.0794,CAUTION,caution,0.04664,1.04121,92.7,0.0
710,0.208,0.0,196.0,196.0,80.0,2.45,T17,Branch_701-708,300.0,0.6533333333333333,0.6533333333333333,0.2666666666666666,0.95736,7.0104,4.008,2.9713,4.9893,CAUTION,caution,0.00764,1.00644,92.66,1.0
762,0.48,0.0,101.0,101.0,45.0,2.2444444444444445,T13,Branch_752-765,150.0,0.6733333333333333,0.6733333333333333,0.3,0.93629,42.0074,28.9831,21.4317,36.0463,CAUTION,caution,0.01268,1.00682,92.42,1.0
748,0.24,4.0,180.0,184.0,76.88,2.393340270551509,T8,Main_735-750,150.0,1.2266666666666666,1.2,0.5125333333333333,0.95585,27.31,18.8387,13.9267,23.4276,CAUTION,caution,0.01743,1.00761,92.34,1.0
759,0.24,0.0,241.0,241.0,35.0,6.885714285714286,T12,Branch_752-765,150.0,1.606666666666667,1.606666666666667,0.2333333333333333,0.93737,40.2701,27.7136,20.528,34.4883,CONSTRAINED,transformer_loading,0.0283,1.00856,142.86,1.0
622,0.24,0.0,110.0,110.0,0.0,110.0,T2,LV_secondary_T2_T4,300.0,0.3666666666666666,0.3666666666666666,0.0,0.99456,7.1872,4.2178,2.8303,5.0794,CONSTRAINED,voltage,0.07138,1.06595,92.65,1.0
721,0.24,11.0,216.0,227.0,0.0,227.0,-,Main_720-734,5000.0,0.0454,0.0432,0.0,0.99456,7.1414,4.1987,2.8231,5.0595,CONSTRAINED,voltage,0.07231,1.07089,92.5,1.0
751,0.48,0.0,153.0,153.0,0.0,153.0,T9,other,1500.0,0.102,0.102,0.0,0.9685,34.4789,23.8283,17.6385,29.6463,SAFE,none,0.01097,1.00721,92.38,0.0
625,0.24,0.0,187.0,187.0,0.0,187.0,T2,LV_secondary_T2_T4,300.0,0.6233333333333333,0.6233333333333333,0.0,0.99456,7.1872,4.2178,2.8303,5.0794,CONSTRAINED,voltage,0.11586,1.11043,92.57,1.0
7693,0.24,0.0,176.0,176.0,0.0,176.0,T22,LV_secondary_T2_T4,150.0,1.1733333333333331,1.1733333333333331,0.0,0.95405,44.5068,31.369,22.8385,38.8022,CAUTION,caution,0.02641,1.00798,92.49,1.0
6322,0.24,0.0,181.0,181.0,0.0,181.0,T4,LV_secondary_T2_T4,150.0,1.2066666666666668,1.2066666666666668,0.0,0.92105,16.9926,11.6578,8.5847,14.4776,CONSTRAINED,transformer_loading,0.01315,1.0071,100.64,1.0
728,0.24,0.0,156.0,156.0,38.0,4.105263157894737,T3,Main_720-734,75.0,2.08,2.08,0.5066666666666667,0.93706,11.5824,7.8923,5.7834,9.7845,CONSTRAINED,transformer_loading,0.02922,1.00658,166.15,1.0
6241,0.24,11.0,194.0,205.0,0.0,205.0,T2,LV_secondary_T2_T4,300.0,0.6833333333333333,0.6466666666666666,0.0,0.99456,7.1414,4.1987,2.8231,5.0595,CONSTRAINED,voltage,0.06544,1.06403,92.53,1.0
6262,0.24,0.0,26.0,26.0,0.0,26.0,T2,LV_secondary_T2_T4,300.0,0.0866666666666666,0.0866666666666666,0.0,0.99456,7.2329,4.237,2.8374,5.0993,SAFE,none,0.02617,1.02074,92.76,0.0
712,0.24,0.0,35.0,35.0,65.0,0.5384615384615384,T18,Branch_701-708,300.0,0.1166666666666666,0.1166666666666666,0.2166666666666666,0.95826,7.7724,4.5565,3.3703,5.6675,SAFE,none,0.00153,1.00557,92.78,0.0
751,0.48,12.0,161.0,173.0,0.0,173.0,T9,other,1500.0,0.1153333333333333,0.1073333333333333,0.0,0.9685,34.4789,23.8283,17.6385,29.6463,SAFE,none,0.0115,1.00744,92.36,0.0
764,0.24,0.0,82.0,82.0,46.0,1.7826086956521738,T14,Branch_752-765,150.0,0.5466666666666666,0.5466666666666666,0.3066666666666666,0.9365,42.617,29.4074,21.7473,36.5751,CAUTION,caution,0.01041,1.00655,92.45,1.0
6212,0.24,0.0,130.0,130.0,0.0,130.0,T2,LV_secondary_T2_T4,300.0,0.4333333333333333,0.4333333333333333,0.0,0.99456,7.1414,4.1987,2.8231,5.0595,CAUTION,caution,0.04526,1.03983,92.62,1.0
716,0.48,0.0,192.0,192.0,15.85,12.113564668769715,T24(HV),Branch_701-708,300.0,0.64,0.64,0.0528333333333333,0.97763,0.9144,0.4676,0.2627,0.5363,CONSTRAINED,voltage,0.09642,1.07406,547.74,0.0
730,0.24,0.0,147.0,147.0,85.0,1.7294117647058824,T23,Main_720-734,300.0,0.49,0.49,0.2833333333333333,0.94696,11.8872,7.965,5.8252,9.8678,CAUTION,caution,0.00609,1.0066,92.44,1.0
7392,0.24,13.0,96.0,109.0,0.0,109.0,T6,LV_secondary_T2_T4,150.0,0.7266666666666667,0.64,0.0,0.98477,24.6125,15.6519,11.8507,19.6321,CAUTION,caution,0.00807,1.00653,92.45,1.0
725,0.24,0.0,182.0,182.0,0.0,182.0,-,Main_720-734,5000.0,0.0364,0.0364,0.0,0.99456,7.1872,4.2178,2.8303,5.0794,CONSTRAINED,voltage,0.11308,1.10765,92.58,1.0
623,0.24,0.0,141.0,141.0,0.0,141.0,T2,LV_secondary_T2_T4,300.0,0.47,0.47,0.0,0.99456,7.2329,4.237,2.8374,5.0993,CONSTRAINED,voltage,0.12775,1.12232,92.63,1.0
7122,0.24,0.0,191.0,191.0,0.0,191.0,T18,LV_secondary_T2_T4,300.0,0.6366666666666667,0.6366666666666667,0.0,0.95826,7.7724,4.5565,3.3703,5.6675,CAUTION,caution,0.00812,1.00641,92.66,1.0
723,0.24,0.0,79.0,79.0,0.0,79.0,-,Main_720-734,5000.0,0.0158,0.0158,0.0,0.99456,7.2329,4.237,2.8374,5.0993,CONSTRAINED,voltage,0.07548,1.07005,92.7,0.0
6202,0.24,0.0,162.0,162.0,0.0,162.0,T2,LV_secondary_T2_T4,300.0,0.54,0.54,0.0,0.99456,7.0957,4.1795,2.816,5.0396,CAUTION,caution,0.00511,1.00643,92.56,1.0
6262,0.24,0.0,40.0,40.0,0.0,40.0,T2,LV_secondary_T2_T4,300.0,0.1333333333333333,0.1333333333333333,0.0,0.99456,7.2329,4.237,2.8374,5.0993,CAUTION,caution,0.03969,1.03425,92.74,0.0
623,0.24,10.0,137.0,147.0,0.0,147.0,T2,LV_secondary_T2_T4,300.0,0.49,0.4566666666666666,0.0,0.99456,7.2329,4.237,2.8374,5.0993,CONSTRAINED,voltage,0.12231,1.12712,92.62,1.0
714,0.208,0.0,74.0,74.0,240.0,0.3083333333333333,T24,Branch_701-708,30.0,2.466666666666667,2.466666666666667,8.0,0.99083,0.9144,0.4676,0.2627,0.5363,SAFE,none,0.00178,1.00581,92.74,0.0
626,0.24,0.0,16.0,16.0,0.0,16.0,T2,LV_secondary_T2_T4,300.0,0.0533333333333333,0.0533333333333333,0.0,0.99456,7.2329,4.237,2.8374,5.0993,SAFE,none,0.01628,1.01085,92.78,0.0
7641,0.24,13.0,213.0,226.0,0.0,226.0,T14,LV_secondary_T2_T4,150.0,1.5066666666666666,1.42,0.0,0.9365,42.617,29.4074,21.7473,36.5751,CONSTRAINED,transformer_loading,0.02589,1.00843,125.64,1.0
6321,0.24,0.0,205.0,205.0,0.0,205.0,T4,LV_secondary_T2_T4,150.0,1.3666666666666667,1.3666666666666667,0.0,0.92105,16.9926,11.6578,8.5847,14.4776,CONSTRAINED,transformer_loading,0.01481,1.00731,117.39,1.0
6242,0.24,14.0,83.0,97.0,0.0,97.0,T2,LV_secondary_T2_T4,300.0,0.3233333333333333,0.2766666666666666,0.0,0.99456,7.1414,4.1987,2.8231,5.0595,CAUTION,caution,0.0291,1.02877,92.66,1.0
6232,0.24,0.0,239.0,239.0,0.0,239.0,T2,LV_secondary_T2_T4,300.0,0.7966666666666666,0.7966666666666666,0.0,0.99456,7.2329,4.237,2.8374,5.0993,CONSTRAINED,voltage,0.20158,1.19615,92.55,1.0
7392,0.24,0.0,197.0,197.0,0.0,197.0,T6,LV_secondary_T2_T4,150.0,1.3133333333333332,1.3133333333333332,0.0,0.98477,24.6125,15.6519,11.8507,19.6321,CONSTRAINED,transformer_loading,0.01629,1.0074,104.61,1.0
6332,0.24,0.0,59.0,59.0,0.0,59.0,T4,LV_secondary_T2_T4,150.0,0.3933333333333333,0.3933333333333333,0.0,0.91348,17.0383,11.6797,8.589,14.4978,CAUTION,caution,0.02832,1.00595,92.58,1.0
7482,0.24,5.0,38.0,43.0,0.0,43.0,T8,LV_secondary_T2_T4,150.0,0.2866666666666667,0.2533333333333333,0.0,0.95585,27.31,18.8387,13.9267,23.4276,SAFE,none,0.00381,1.00592,92.58,0.0
6212,0.24,0.0,110.0,110.0,0.0,110.0,T2,LV_secondary_T2_T4,300.0,0.3666666666666666,0.3666666666666666,0.0,0.99456,7.1414,4.1987,2.8231,5.0595,CAUTION,caution,0.03859,1.03316,92.64,1.0
6251,0.24,0.0,114.0,114.0,0.0,114.0,T2,LV_secondary_T2_T4,300.0,0.38,0.38,0.0,0.99456,7.1872,4.2178,2.8303,5.0794,CONSTRAINED,voltage,0.07379,1.06835,92.65,1.0
7693,0.24,0.0,171.0,171.0,0.0,171.0,T22,LV_secondary_T2_T4,150.0,1.14,1.14,0.0,0.95405,44.5068,31.369,22.8385,38.8022,CAUTION,caution,0.0257,1.00791,92.31,1.0
7643,0.24,12.0,87.0,99.0,0.0,99.0,T14,LV_secondary_T2_T4,150.0,0.66,0.58,0.0,0.9365,42.617,29.4074,21.7473,36.5751,CAUTION,caution,0.01096,1.00679,92.42,1.0
7642,0.24,12.0,149.0,161.0,0.0,161.0,T14,LV_secondary_T2_T4,150.0,1.0733333333333333,0.9933333333333332,0.0,0.9365,42.617,29.4074,21.7473,36.5751,CAUTION,caution,0.01844,1.00761,92.34,1.0
625,0.24,0.0,184.0,184.0,0.0,184.0,T2,LV_secondary_T2_T4,300.0,0.6133333333333333,0.6133333333333333,0.0,0.99456,7.1872,4.2178,2.8303,5.0794,CONSTRAINED,voltage,0.11419,1.10876,92.57,1.0
764,0.24,0.0,97.0,97.0,46.0,2.108695652173913,T14,Branch_752-765,150.0,0.6466666666666666,0.6466666666666666,0.3066666666666666,0.9365,42.617,29.4074,21.7473,36.5751,CAUTION,caution,0.01227,1.00676,92.43,1.0
626,0.24,0.0,89.0,89.0,0.0,89.0,T2,LV_secondary_T2_T4,300.0,0.2966666666666667,0.2966666666666667,0.0,0.99456,7.2329,4.237,2.8374,5.0993,CONSTRAINED,voltage,0.08427,1.07883,92.68,1.0
6261,0.24,7.0,218.0,225.0,0.0,225.0,T2,LV_secondary_T2_T4,300.0,0.75,0.7266666666666667,0.0,0.99456,7.2329,4.237,2.8374,5.0993,CONSTRAINED,voltage,0.18439,1.18615,92.56,1.0
7483,0.24,0.0,98.0,98.0,0.0,98.0,T8,LV_secondary_T2_T4,150.0,0.6533333333333333,0.6533333333333333,0.0,0.95585,27.31,18.8387,13.9267,23.4276,CAUTION,caution,0.0097,1.0066,92.44,1.0
772,0.208,0.0,106.0,106.0,100.0,1.06,T19,Delta_766-772,300.0,0.3533333333333333,0.3533333333333333,0.3333333333333333,0.93424,43.184,29.887,22.1458,37.1977,SAFE,none,0.01139,1.00692,92.41,0.0
7121,0.24,0.0,66.0,66.0,0.0,66.0,T18,LV_secondary_T2_T4,300.0,0.22,0.22,0.0,0.95826,7.7724,4.5565,3.3703,5.6675,SAFE,none,0.00287,1.00575,92.75,0.0
764,0.24,0.0,123.0,123.0,46.0,2.6739130434782608,T14,Branch_752-765,150.0,0.82,0.82,0.3066666666666666,0.9365,42.617,29.4074,21.7473,36.5751,CAUTION,caution,0.01544,1.00711,92.39,1.0
723,0.24,0.0,232.0,232.0,0.0,232.0,-,Main_720-734,5000.0,0.0464,0.0464,0.0,0.99456,7.2329,4.237,2.8374,5.0993,CONSTRAINED,voltage,0.1966,1.19117,92.56,1.0
756,0.208,0.0,175.0,175.0,155.0,1.1290322580645162,T11,Branch_752-765,300.0,0.5833333333333334,0.5833333333333334,0.5166666666666667,0.93609,39.8129,27.5407,20.4003,34.2734,CAUTION,caution,0.01868,1.00786,92.32,1.0
722,0.24,0.0,66.0,66.0,0.0,66.0,-,Main_720-734,5000.0,0.0132,0.0132,0.0,0.99456,7.1872,4.2178,2.8303,5.0794,CAUTION,caution,0.0441,1.03866,92.71,0.0
7692,0.24,0.0,106.0,106.0,0.0,106.0,T22,LV_secondary_T2_T4,150.0,0.7066666666666667,0.7066666666666667,0.0,0.95405,44.5068,31.369,22.8385,38.8022,CAUTION,caution,0.01627,1.007,92.4,1.0
7122,0.24,0.0,196.0,196.0,0.0,196.0,T18,LV_secondary_T2_T4,300.0,0.6533333333333333,0.6533333333333333,0.0,0.95826,7.7724,4.5565,3.3703,5.6675,CAUTION,caution,0.00833,1.00643,92.66,1.0
764,0.24,0.0,137.0,137.0,46.0,2.9782608695652173,T14,Branch_752-765,150.0,0.9133333333333332,0.9133333333333332,0.3066666666666666,0.9365,42.617,29.4074,21.7473,36.5751,CAUTION,caution,0.01713,1.0073,92.37,1.0
751,0.48,0.0,95.0,95.0,0.0,95.0,T9,other,1500.0,0.0633333333333333,0.0633333333333333,0.0,0.9685,34.4789,23.8283,17.6385,29.6463,SAFE,none,0.00687,1.00652,92.45,0.0
772,0.208,0.0,45.0,45.0,100.0,0.45,T19,Delta_766-772,300.0,0.15,0.15,0.3333333333333333,0.93424,43.184,29.887,22.1458,37.1977,SAFE,none,0.0049,1.00604,92.55,0.0
770,0.24,0.0,6.0,6.0,450.0,0.0133333333333333,T15,Delta_766-772,1500.0,0.004,0.004,0.3,0.95059,44.5068,31.369,22.8385,38.8022,SAFE,none,0.00076,1.00546,92.77,0.0
6241,0.24,0.0,119.0,119.0,0.0,119.0,T2,LV_secondary_T2_T4,300.0,0.3966666666666666,0.3966666666666666,0.0,0.99456,7.1414,4.1987,2.8231,5.0595,CAUTION,caution,0.04161,1.03617,92.63,1.0
751,0.48,7.0,201.0,208.0,0.0,208.0,T9,other,1500.0,0.1386666666666666,0.134,0.0,0.9685,34.4789,23.8283,17.6385,29.6463,SAFE,none,0.0143,1.00784,92.32,0.0
6241,0.24,0.0,140.0,140.0,0.0,140.0,T2,LV_secondary_T2_T4,300.0,0.4666666666666667,0.4666666666666667,0.0,0.99456,7.1414,4.1987,2.8231,5.0595,CAUTION,caution,0.04856,1.04313,92.61,1.0
6252,0.24,0.0,90.0,90.0,0.0,90.0,T2,LV_secondary_T2_T4,300.0,0.3,0.3,0.0,0.99456,7.1872,4.2178,2.8303,5.0794,CONSTRAINED,voltage,0.05916,1.05373,92.68,1.0
716,0.48,0.0,145.0,145.0,15.85,9.14826498422713,T24(HV),Branch_701-708,300.0,0.4833333333333333,0.4833333333333333,0.0528333333333333,0.97763,0.9144,0.4676,0.2627,0.5363,CONSTRAINED,voltage,0.07518,1.05282,410.39,0.0
724,0.24,4.0,111.0,115.0,0.0,115.0,-,Main_720-734,5000.0,0.023,0.0222,0.0,0.99456,7.1414,4.1987,2.8231,5.0595,CAUTION,caution,0.0388,1.03484,92.64,1.0
734,0.24,0.0,40.0,40.0,15.85,2.5236593059936907,-,Main_720-734,5000.0,0.008,0.008,0.00317,0.90591,17.084,11.7015,8.5933,14.5179,CAUTION,caution,0.03573,1.00577,92.65,1.0
6221,0.24,0.0,60.0,60.0,0.0,60.0,T2,LV_secondary_T2_T4,300.0,0.2,0.2,0.0,0.99456,7.1872,4.2178,2.8303,5.0794,CAUTION,caution,0.04025,1.03482,92.72,0.0
624,0.24,0.0,110.0,110.0,0.0,110.0,T2,LV_secondary_T2_T4,300.0,0.3666666666666666,0.3666666666666666,0.0,0.99456,7.1414,4.1987,2.8231,5.0595,CAUTION,caution,0.03859,1.03316,92.64,1.0
6202,0.24,0.0,21.0,21.0,0.0,21.0,T2,LV_secondary_T2_T4,300.0,0.07,0.07,0.0,0.99456,7.0957,4.1795,2.816,5.0396,SAFE,none,0.00068,1.00551,92.77,0.0
740,0.24,0.0,95.0,95.0,75.0,1.2666666666666666,T5,Main_735-750,150.0,0.6333333333333333,0.6333333333333333,0.5,0.98202,23.0885,14.9212,11.4648,18.8171,CAUTION,caution,0.00803,1.00641,92.46,1.0
626,0.24,0.0,168.0,168.0,0.0,168.0,T2,LV_secondary_T2_T4,300.0,0.56,0.56,0.0,0.99456,7.2329,4.237,2.8374,5.0993,CONSTRAINED,voltage,0.14904,1.14361,92.61,1.0
626,0.24,9.0,40.0,49.0,0.0,49.0,T2,LV_secondary_T2_T4,300.0,0.1633333333333333,0.1333333333333333,0.0,0.99456,7.2329,4.237,2.8374,5.0993,CAUTION,caution,0.03895,1.04275,92.73,0.0
6201,0.24,0.0,146.0,146.0,0.0,146.0,T2,LV_secondary_T2_T4,300.0,0.4866666666666667,0.4866666666666667,0.0,0.99456,7.0957,4.1795,2.816,5.0396,CAUTION,caution,0.00462,1.00633,92.58,1.0
734,0.24,9.0,183.0,192.0,15.85,12.113564668769715,-,Main_720-734,5000.0,0.0384,0.0366,0.00317,0.90591,17.084,11.7015,8.5933,14.5179,CONSTRAINED,voltage,0.14299,1.05722,94.38,1.0
6331,0.24,0.0,215.0,215.0,0.0,215.0,T4,LV_secondary_T2_T4,150.0,1.4333333333333331,1.4333333333333331,0.0,0.91348,17.0383,11.6797,8.589,14.4978,CONSTRAINED,voltage_rise,0.09547,1.00896,114.52,1.0
623,0.24,0.0,18.0,18.0,0.0,18.0,T2,LV_secondary_T2_T4,300.0,0.06,0.06,0.0,0.99456,7.2329,4.237,2.8374,5.0993,SAFE,none,0.01828,1.01284,92.78,0.0
723,0.24,0.0,40.0,40.0,0.0,40.0,-,Main_720-734,5000.0,0.008,0.008,0.0,0.99456,7.2329,4.237,2.8374,5.0993,CAUTION,caution,0.03969,1.03425,92.74,0.0
6332,0.24,0.0,24.0,24.0,0.0,24.0,T4,LV_secondary_T2_T4,150.0,0.16,0.16,0.0,0.91348,17.0383,11.6797,8.589,14.4978,SAFE,none,0.01175,1.00561,92.71,0.0
622,0.24,0.0,37.0,37.0,0.0,37.0,T2,LV_secondary_T2_T4,300.0,0.1233333333333333,0.1233333333333333,0.0,0.99456,7.1872,4.2178,2.8303,5.0794,SAFE,none,0.02523,1.0198,92.75,0.0
728,0.24,3.0,146.0,149.0,38.0,3.9210526315789473,T3,Main_720-734,75.0,1.9866666666666664,1.9466666666666668,0.5066666666666667,0.93706,11.5824,7.8923,5.7834,9.7845,CONSTRAINED,transformer_loading,0.02738,1.00654,156.9,1.0
625,0.24,5.0,19.0,24.0,0.0,24.0,T2,LV_secondary_T2_T4,300.0,0.08,0.0633333333333333,0.0,0.99456,7.1872,4.2178,2.8303,5.0794,SAFE,none,0.01303,1.01109,92.77,0.0
732,0.24,0.0,189.0,189.0,25.4,7.440944881889764,T4,Main_720-734,150.0,1.26,1.26,0.1693333333333333,0.92105,16.9926,11.6578,8.5847,14.4776,CONSTRAINED,transformer_loading,0.0137,1.00717,106.22,1.0
6231,0.24,15.0,113.0,128.0,0.0,128.0,T2,LV_secondary_T2_T4,300.0,0.4266666666666667,0.3766666666666666,0.0,0.99456,7.2329,4.237,2.8374,5.0993,CONSTRAINED,voltage,0.10192,1.11177,92.64,1.0
725,0.24,0.0,246.0,246.0,0.0,246.0,-,Main_720-734,5000.0,0.0492,0.0492,0.0,0.99456,7.1872,4.2178,2.8303,5.0794,CONSTRAINED,voltage,0.1476,1.14217,92.52,1.0
6241,0.24,0.0,110.0,110.0,0.0,110.0,T2,LV_secondary_T2_T4,300.0,0.3666666666666666,0.3666666666666666,0.0,0.99456,7.1414,4.1987,2.8231,5.0595,CAUTION,caution,0.03859,1.03316,92.64,1.0
6242,0.24,0.0,80.0,80.0,0.0,80.0,T2,LV_secondary_T2_T4,300.0,0.2666666666666666,0.2666666666666666,0.0,0.99456,7.1414,4.1987,2.8231,5.0595,CAUTION,caution,0.0284,1.02297,92.68,1.0
716,0.48,0.0,65.0,65.0,15.85,4.100946372239748,T24(HV),Branch_701-708,300.0,0.2166666666666666,0.2166666666666666,0.0528333333333333,0.97763,0.9144,0.4676,0.2627,0.5363,CONSTRAINED,transformer_loading,0.03576,1.0134,165.7,0.0
743,0.24,14.0,152.0,166.0,240.0,0.6916666666666667,T7,Main_735-750,300.0,0.5533333333333333,0.5066666666666667,0.8,0.96367,21.8693,15.052,11.1097,18.708,SAFE,none,0.01046,1.00736,92.37,0.0
6211,0.24,13.0,85.0,98.0,0.0,98.0,T2,LV_secondary_T2_T4,300.0,0.3266666666666666,0.2833333333333333,0.0,0.99456,7.1414,4.1987,2.8231,5.0595,CAUTION,caution,0.0298,1.02911,92.66,1.0
714,0.208,11.0,230.0,241.0,240.0,1.0041666666666669,T24,Branch_701-708,30.0,8.033333333333333,7.666666666666667,8.0,0.99083,0.9144,0.4676,0.2627,0.5363,SAFE,none,0.00539,1.00675,92.62,0.0
759,0.24,0.0,182.0,182.0,35.0,5.2,T12,Branch_752-765,150.0,1.2133333333333334,1.2133333333333334,0.2333333333333333,0.93737,40.2701,27.7136,20.528,34.4883,CONSTRAINED,transformer_loading,0.02171,1.00785,103.1,1.0
625,0.24,0.0,61.0,61.0,0.0,61.0,T2,LV_secondary_T2_T4,300.0,0.2033333333333333,0.2033333333333333,0.0,0.99456,7.1872,4.2178,2.8303,5.0794,CAUTION,caution,0.0409,1.03547,92.71,0.0
712,0.24,0.0,120.0,120.0,65.0,1.8461538461538465,T18,Branch_701-708,300.0,0.4,0.4,0.2166666666666666,0.95826,7.7724,4.5565,3.3703,5.6675,CAUTION,caution,0.00517,1.00604,92.71,1.0
625,0.24,0.0,114.0,114.0,0.0,114.0,T2,LV_secondary_T2_T4,300.0,0.38,0.38,0.0,0.99456,7.1872,4.2178,2.8303,5.0794,CONSTRAINED,voltage,0.07379,1.06835,92.65,1.0
632,0.24,0.0,100.0,100.0,0.0,100.0,T4,LV_secondary_T2_T4,150.0,0.6666666666666666,0.6666666666666666,0.0,0.92105,16.9926,11.6578,8.5847,14.4776,CAUTION,caution,0.00741,1.00636,92.46,1.0
728,0.24,0.0,130.0,130.0,38.0,3.421052631578948,T3,Main_720-734,75.0,1.7333333333333334,1.7333333333333334,0.5066666666666667,0.93706,11.5824,7.8923,5.7834,9.7845,CONSTRAINED,transformer_loading,0.0246,1.00641,131.82,1.0
623,0.24,0.0,65.0,65.0,0.0,65.0,T2,LV_secondary_T2_T4,300.0,0.2166666666666666,0.2166666666666666,0.0,0.99456,7.2329,4.237,2.8374,5.0993,CONSTRAINED,voltage,0.06292,1.05749,92.71,0.0
625,0.24,0.0,158.0,158.0,0.0,158.0,T2,LV_secondary_T2_T4,300.0,0.5266666666666666,0.5266666666666666,0.0,0.99456,7.1872,4.2178,2.8303,5.0794,CONSTRAINED,voltage,0.09955,1.09412,92.6,1.0
726,0.24,0.0,40.0,40.0,0.0,40.0,-,Main_720-734,5000.0,0.008,0.008,0.0,0.99456,7.2329,4.237,2.8374,5.0993,CAUTION,caution,0.03969,1.03425,92.74,0.0
6222,0.24,0.0,70.0,70.0,0.0,70.0,T2,LV_secondary_T2_T4,300.0,0.2333333333333333,0.2333333333333333,0.0,0.99456,7.1872,4.2178,2.8303,5.0794,CAUTION,caution,0.04664,1.04121,92.7,0.0
759,0.24,0.0,201.0,201.0,35.0,5.742857142857143,T12,Branch_752-765,150.0,1.34,1.34,0.2333333333333333,0.93737,40.2701,27.7136,20.528,34.4883,CONSTRAINED,transformer_loading,0.02385,1.00808,115.94,1.0
7643,0.24,0.0,176.0,176.0,0.0,176.0,T14,LV_secondary_T2_T4,150.0,1.1733333333333331,1.1733333333333331,0.0,0.9365,42.617,29.4074,21.7473,36.5751,CAUTION,caution,0.02177,1.00781,92.32,1.0
6231,0.24,0.0,97.0,97.0,0.0,97.0,T2,LV_secondary_T2_T4,300.0,0.3233333333333333,0.3233333333333333,0.0,0.99456,7.2329,4.237,2.8374,5.0993,CONSTRAINED,voltage,0.09119,1.08576,92.68,1.0
710,0.208,0.0,118.0,118.0,80.0,1.475,T17,Branch_701-708,300.0,0.3933333333333333,0.3933333333333333,0.2666666666666666,0.95736,7.0104,4.008,2.9713,4.9893,CAUTION,caution,0.00467,1.00604,92.71,1.0
770,0.24,0.0,35.0,35.0,450.0,0.0777777777777777,T15,Delta_766-772,1500.0,0.0233333333333333,0.0233333333333333,0.3,0.95059,44.5068,31.369,22.8385,38.8022,SAFE,none,0.00443,1.00594,92.59,0.0
772,0.208,0.0,77.0,77.0,100.0,0.77,T19,Delta_766-772,300.0,0.2566666666666666,0.2566666666666666,0.3333333333333333,0.93424,43.184,29.887,22.1458,37.1977,SAFE,none,0.00833,1.0065,92.45,0.0
716,0.48,0.0,100.0,100.0,15.85,6.309148264984227,T24(HV),Branch_701-708,300.0,0.3333333333333333,0.3333333333333333,0.0528333333333333,0.97763,0.9144,0.4676,0.2627,0.5363,CONSTRAINED,voltage_rise,0.05356,1.0312,274.35,0.0
722,0.24,0.0,90.0,90.0,0.0,90.0,-,Main_720-734,5000.0,0.018,0.018,0.0,0.99456,7.1872,4.2178,2.8303,5.0794,CONSTRAINED,voltage,0.05916,1.05373,92.68,1.0
6212,0.24,0.0,150.0,150.0,0.0,150.0,T2,LV_secondary_T2_T4,300.0,0.5,0.5,0.0,0.99456,7.1414,4.1987,2.8231,5.0595,CONSTRAINED,voltage_rise,0.05184,1.04641,92.59,1.0
726,0.24,0.0,70.0,70.0,0.0,70.0,-,Main_720-734,5000.0,0.014,0.014,0.0,0.99456,7.2329,4.237,2.8374,5.0993,CONSTRAINED,voltage,0.06744,1.06201,92.71,0.0
722,0.24,0.0,184.0,184.0,0.0,184.0,-,Main_720-734,5000.0,0.0368,0.0368,0.0,0.99456,7.1872,4.2178,2.8303,5.0794,CONSTRAINED,voltage,0.11419,1.10876,92.57,1.0
733,0.24,0.0,39.0,39.0,0.0,39.0,-,Main_720-734,5000.0,0.0078,0.0078,0.0,0.91348,17.0383,11.6797,8.589,14.4978,CAUTION,caution,0.01893,1.00576,92.66,1.0
751,0.48,0.0,156.0,156.0,0.0,156.0,T9,other,1500.0,0.104,0.104,0.0,0.9685,34.4789,23.8283,17.6385,29.6463,SAFE,none,0.01119,1.00724,92.38,0.0
734,0.24,6.0,180.0,186.0,15.85,11.735015772870662,-,Main_720-734,5000.0,0.0372,0.036,0.00317,0.90591,17.084,11.7015,8.5933,14.5179,CONSTRAINED,voltage,0.14164,1.05311,92.41,1.0
734,0.24,0.0,60.0,60.0,15.85,3.785488958990536,-,Main_720-734,5000.0,0.012,0.012,0.00317,0.90591,17.084,11.7015,8.5933,14.5179,CONSTRAINED,voltage_rise,0.05257,1.00595,92.58,1.0
733,0.24,14.0,144.0,158.0,0.0,158.0,-,Main_720-734,5000.0,0.0316,0.0288,0.0,0.91348,17.0383,11.6797,8.589,14.4978,CONSTRAINED,voltage_rise,0.06516,1.00679,92.42,1.0
7121,0.24,0.0,99.0,99.0,0.0,99.0,T18,LV_secondary_T2_T4,300.0,0.33,0.33,0.0,0.95826,7.7724,4.5565,3.3703,5.6675,CAUTION,caution,0.00428,1.00593,92.73,1.0
7392,0.24,0.0,40.0,40.0,0.0,40.0,T6,LV_secondary_T2_T4,150.0,0.2666666666666666,0.2666666666666666,0.0,0.98477,24.6125,15.6519,11.8507,19.6321,SAFE,none,0.00343,1.00581,92.63,0.0
7122,0.24,0.0,242.0,242.0,0.0,242.0,T18,LV_secondary_T2_T4,300.0,0.8066666666666666,0.8066666666666666,0.0,0.95826,7.7724,4.5565,3.3703,5.6675,CAUTION,caution,0.01019,1.00666,92.63,1.0
708,0.24,3.0,222.0,225.0,75.0,3.0,T16,Branch_701-708,300.0,0.75,0.74,0.25,0.95801,6.2484,3.6185,2.8328,4.5954,CAUTION,caution,0.00803,1.00658,92.64,1.0
732,0.24,0.0,187.0,187.0,25.4,7.362204724409449,T4,Main_720-734,150.0,1.2466666666666666,1.2466666666666666,0.1693333333333333,0.92105,16.9926,11.6578,8.5847,14.4776,CONSTRAINED,transformer_loading,0.01357,1.00715,104.83,1.0
626,0.24,0.0,60.0,60.0,0.0,60.0,T2,LV_secondary_T2_T4,300.0,0.2,0.2,0.0,0.99456,7.2329,4.237,2.8374,5.0993,CONSTRAINED,voltage,0.05836,1.05293,92.72,0.0
7691,0.24,0.0,192.0,192.0,0.0,192.0,T22,LV_secondary_T2_T4,150.0,1.28,1.28,0.0,0.95405,44.5068,31.369,22.8385,38.8022,CONSTRAINED,transformer_loading,0.02867,1.00819,103.05,1.0
725,0.24,0.0,125.0,125.0,0.0,125.0,-,Main_720-734,5000.0,0.025,0.025,0.0,0.99456,7.1872,4.2178,2.8303,5.0794,CONSTRAINED,voltage,0.08035,1.07492,92.64,1.0
7481,0.24,0.0,94.0,94.0,0.0,94.0,T8,LV_secondary_T2_T4,150.0,0.6266666666666667,0.6266666666666667,0.0,0.95585,27.31,18.8387,13.9267,23.4276,CAUTION,caution,0.00932,1.00656,92.45,1.0
708,0.24,0.0,235.0,235.0,75.0,3.1333333333333333,T16,Branch_701-708,300.0,0.7833333333333333,0.7833333333333333,0.25,0.95801,6.2484,3.6185,2.8328,4.5954,CAUTION,caution,0.00849,1.00663,92.63,1.0
714,0.208,0.0,197.0,197.0,240.0,0.8208333333333333,T24,Branch_701-708,30.0,6.566666666666666,6.566666666666666,8.0,0.99083,0.9144,0.4676,0.2627,0.5363,SAFE,none,0.00465,1.00651,92.65,0.0
772,0.208,12.0,211.0,223.0,100.0,2.23,T19,Delta_766-772,300.0,0.7433333333333333,0.7033333333333334,0.3333333333333333,0.93424,43.184,29.887,22.1458,37.1977,CAUTION,caution,0.02202,1.00849,92.26,1.0
6231,0.24,0.0,60.0,60.0,0.0,60.0,T2,LV_secondary_T2_T4,300.0,0.2,0.2,0.0,0.99456,7.2329,4.237,2.8374,5.0993,CONSTRAINED,voltage,0.05836,1.05293,92.72,0.0
6261,0.24,0.0,55.0,55.0,0.0,55.0,T2,LV_secondary_T2_T4,300.0,0.1833333333333333,0.1833333333333333,0.0,0.99456,7.2329,4.237,2.8374,5.0993,CONSTRAINED,voltage_rise,0.05376,1.04833,92.73,0.0
733,0.24,9.0,176.0,185.0,0.0,185.0,-,Main_720-734,5000.0,0.037,0.0352,0.0,0.91348,17.0383,11.6797,8.589,14.4978,CONSTRAINED,voltage_rise,0.07884,1.00699,96.21,1.0
7483,0.24,0.0,74.0,74.0,0.0,74.0,T8,LV_secondary_T2_T4,150.0,0.4933333333333333,0.4933333333333333,0.0,0.95585,27.31,18.8387,13.9267,23.4276,SAFE,none,0.00737,1.00631,92.47,0.0
715,0.208,0.0,160.0,160.0,0.0,160.0,-,Branch_701-708,5000.0,0.032,0.032,0.0,0.99083,0.9144,0.4676,0.2627,0.5363,SAFE,none,0.0038,1.00631,92.68,0.0
6212,0.24,0.0,31.0,31.0,0.0,31.0,T2,LV_secondary_T2_T4,300.0,0.1033333333333333,0.1033333333333333,0.0,0.99456,7.1414,4.1987,2.8231,5.0595,SAFE,none,0.01122,1.00579,92.76,0.0
7393,0.24,0.0,102.0,102.0,0.0,102.0,T6,LV_secondary_T2_T4,150.0,0.68,0.68,0.0,0.98477,24.6125,15.6519,11.8507,19.6321,CAUTION,caution,0.00862,1.00646,92.45,1.0
6222,0.24,7.0,103.0,110.0,0.0,110.0,T2,LV_secondary_T2_T4,300.0,0.3666666666666666,0.3433333333333333,0.0,0.99456,7.1872,4.2178,2.8303,5.0794,CONSTRAINED,voltage,0.0665,1.06595,92.65,1.0
720,0.24,0.0,205.0,205.0,66.0,3.106060606060606,T2,Main_720-734,300.0,0.6833333333333333,0.6833333333333333,0.22,0.99456,7.0957,4.1795,2.816,5.0396,CAUTION,caution,0.00643,1.0067,92.49,1.0
724,0.24,0.0,163.0,163.0,0.0,163.0,-,Main_720-734,5000.0,0.0326,0.0326,0.0,0.99456,7.1414,4.1987,2.8231,5.0595,CONSTRAINED,voltage,0.05606,1.05063,92.58,1.0
728,0.24,0.0,19.0,19.0,38.0,0.5,T3,Main_720-734,75.0,0.2533333333333333,0.2533333333333333,0.5066666666666667,0.93706,11.5824,7.8923,5.7834,9.7845,SAFE,none,0.00376,1.00553,92.75,0.0
772,0.208,4.0,29.0,33.0,100.0,0.33,T19,Delta_766-772,300.0,0.11,0.0966666666666666,0.3333333333333333,0.93424,43.184,29.887,22.1458,37.1977,SAFE,none,0.00317,1.00586,92.62,0.0
632,0.24,0.0,82.0,82.0,0.0,82.0,T4,LV_secondary_T2_T4,150.0,0.5466666666666666,0.5466666666666666,0.0,0.92105,16.9926,11.6578,8.5847,14.4776,CAUTION,caution,0.0061,1.00619,92.49,1.0
733,0.24,11.0,56.0,67.0,0.0,67.0,-,Main_720-734,5000.0,0.0134,0.0112,0.0,0.91348,17.0383,11.6797,8.589,14.4978,CAUTION,caution,0.02659,1.00603,92.55,1.0
739,0.24,0.0,190.0,190.0,41.1,4.622871046228711,T6,Main_735-750,150.0,1.2666666666666666,1.2666666666666666,0.274,0.98477,24.6125,15.6519,11.8507,19.6321,CONSTRAINED,transformer_loading,0.01573,1.00734,100.04,1.0
764,0.24,0.0,187.0,187.0,46.0,4.065217391304348,T14,Branch_752-765,150.0,1.2466666666666666,1.2466666666666666,0.3066666666666666,0.9365,42.617,29.4074,21.7473,36.5751,CAUTION,caution,0.02306,1.00795,99.47,1.0
7643,0.24,3.0,189.0,192.0,0.0,192.0,T14,LV_secondary_T2_T4,150.0,1.28,1.26,0.0,0.9365,42.617,29.4074,21.7473,36.5751,CONSTRAINED,transformer_loading,0.02326,1.00801,102.83,1.0
623,0.24,0.0,176.0,176.0,0.0,176.0,T2,LV_secondary_T2_T4,300.0,0.5866666666666667,0.5866666666666667,0.0,0.99456,7.2329,4.237,2.8374,5.0993,CONSTRAINED,voltage,0.1552,1.14977,92.6,1.0
739,0.24,14.0,232.0,246.0,41.1,5.985401459854014,T6,Main_735-750,150.0,1.64,1.5466666666666666,0.274,0.98477,24.6125,15.6519,11.8507,19.6321,CONSTRAINED,transformer_loading,0.01891,1.00786,136.52,1.0
716,0.48,0.0,54.0,54.0,15.85,3.406940063091483,T24(HV),Branch_701-708,300.0,0.18,0.18,0.0528333333333333,0.97763,0.9144,0.4676,0.2627,0.5363,CONSTRAINED,transformer_loading,0.02997,1.0076,131.4,0.0
6332,0.24,0.0,85.0,85.0,0.0,85.0,T4,LV_secondary_T2_T4,150.0,0.5666666666666667,0.5666666666666667,0.0,0.91348,17.0383,11.6797,8.589,14.4978,CAUTION,caution,0.04023,1.00619,92.49,1.0
740,0.24,0.0,75.0,75.0,75.0,1.0,T5,Main_735-750,150.0,0.5,0.5,0.5,0.98202,23.0885,14.9212,11.4648,18.8171,SAFE,none,0.00637,1.0062,92.49,0.0
6212,0.24,0.0,241.0,241.0,0.0,241.0,T2,LV_secondary_T2_T4,300.0,0.8033333333333333,0.8033333333333333,0.0,0.99456,7.1414,4.1987,2.8231,5.0595,CONSTRAINED,voltage,0.08064,1.07521,92.49,1.0
7392,0.24,0.0,7.0,7.0,0.0,7.0,T6,LV_secondary_T2_T4,150.0,0.0466666666666666,0.0466666666666666,0.0,0.98477,24.6125,15.6519,11.8507,19.6321,SAFE,none,0.0006,1.00544,92.77,0.0
6262,0.24,0.0,65.0,65.0,0.0,65.0,T2,LV_secondary_T2_T4,300.0,0.2166666666666666,0.2166666666666666,0.0,0.99456,7.2329,4.237,2.8374,5.0993,CONSTRAINED,voltage,0.06292,1.05749,92.71,0.0
740,0.24,5.0,135.0,140.0,75.0,1.8666666666666667,T5,Main_735-750,150.0,0.9333333333333332,0.9,0.5,0.98202,23.0885,14.9212,11.4648,18.8171,CAUTION,caution,0.01128,1.00687,92.41,1.0
6211,0.24,0.0,208.0,208.0,0.0,208.0,T2,LV_secondary_T2_T4,300.0,0.6933333333333334,0.6933333333333334,0.0,0.99456,7.1414,4.1987,2.8231,5.0595,CONSTRAINED,voltage,0.0704,1.06497,92.52,1.0
726,0.24,0.0,65.0,65.0,0.0,65.0,-,Main_720-734,5000.0,0.013,0.013,0.0,0.99456,7.2329,4.237,2.8374,5.0993,CONSTRAINED,voltage,0.06292,1.05749,92.71,0.0
720,0.24,15.0,40.0,55.0,66.0,0.8333333333333334,T2,Main_720-734,300.0,0.1833333333333333,0.1333333333333333,0.22,0.99456,7.0957,4.1795,2.816,5.0396,SAFE,none,0.00128,1.00574,92.72,0.0
7481,0.24,0.0,72.0,72.0,0.0,72.0,T8,LV_secondary_T2_T4,150.0,0.48,0.48,0.0,0.95585,27.31,18.8387,13.9267,23.4276,SAFE,none,0.00718,1.00629,92.47,0.0
724,0.24,0.0,247.0,247.0,0.0,247.0,-,Main_720-734,5000.0,0.0494,0.0494,0.0,0.99456,7.1414,4.1987,2.8231,5.0595,CONSTRAINED,voltage,0.08248,1.07705,92.48,1.0
751,0.48,15.0,149.0,164.0,0.0,164.0,T9,other,1500.0,0.1093333333333333,0.0993333333333333,0.0,0.9685,34.4789,23.8283,17.6385,29.6463,SAFE,none,0.01065,1.00733,92.37,0.0
725,0.24,0.0,89.0,89.0,0.0,89.0,-,Main_720-734,5000.0,0.0178,0.0178,0.0,0.99456,7.1872,4.2178,2.8303,5.0794,CONSTRAINED,voltage,0.05855,1.05311,92.68,1.0
626,0.24,0.0,183.0,183.0,0.0,183.0,T2,LV_secondary_T2_T4,300.0,0.61,0.61,0.0,0.99456,7.2329,4.237,2.8374,5.0993,CONSTRAINED,voltage,0.16054,1.15511,92.59,1.0
710,0.208,0.0,129.0,129.0,80.0,1.6125,T17,Branch_701-708,300.0,0.43,0.43,0.2666666666666666,0.95736,7.0104,4.008,2.9713,4.9893,CAUTION,caution,0.00509,1.0061,92.71,1.0
728,0.24,0.0,186.0,186.0,38.0,4.894736842105263,T3,Main_720-734,75.0,2.48,2.48,0.5066666666666667,0.93706,11.5824,7.8923,5.7834,9.7845,CONSTRAINED,transformer_loading,0.03443,1.00677,205.77,1.0
6212,0.24,0.0,8.0,8.0,0.0,8.0,T2,LV_secondary_T2_T4,300.0,0.0266666666666666,0.0266666666666666,0.0,0.99456,7.1414,4.1987,2.8231,5.0595,SAFE,none,0.00292,1.00542,92.79,0.0
6221,0.24,15.0,17.0,32.0,0.0,32.0,T2,LV_secondary_T2_T4,300.0,0.1066666666666666,0.0566666666666666,0.0,0.99456,7.1872,4.2178,2.8303,5.0794,SAFE,none,0.0115,1.01647,92.76,0.0
726,0.24,15.0,108.0,123.0,0.0,123.0,-,Main_720-734,5000.0,0.0246,0.0216,0.0,0.99456,7.2329,4.237,2.8374,5.0993,CONSTRAINED,voltage,0.09781,1.10766,92.65,1.0
743,0.24,0.0,220.0,220.0,240.0,0.9166666666666666,T7,Main_735-750,300.0,0.7333333333333333,0.7333333333333333,0.8,0.96367,21.8693,15.052,11.1097,18.708,SAFE,none,0.01503,1.00796,92.31,0.0
7483,0.24,0.0,142.0,142.0,0.0,142.0,T8,LV_secondary_T2_T4,150.0,0.9466666666666668,0.9466666666666668,0.0,0.95585,27.31,18.8387,13.9267,23.4276,CAUTION,caution,0.01391,1.00713,92.39,1.0
7122,0.24,3.0,171.0,174.0,0.0,174.0,T18,LV_secondary_T2_T4,300.0,0.58,0.57,0.0,0.95826,7.7724,4.5565,3.3703,5.6675,CAUTION,caution,0.00729,1.00632,92.67,1.0
751,0.48,0.0,103.0,103.0,0.0,103.0,T9,other,1500.0,0.0686666666666666,0.0686666666666666,0.0,0.9685,34.4789,23.8283,17.6385,29.6463,SAFE,none,0.00744,1.00662,92.44,0.0
621,0.24,0.0,53.0,53.0,0.0,53.0,T2,LV_secondary_T2_T4,300.0,0.1766666666666666,0.1766666666666666,0.0,0.99456,7.1414,4.1987,2.8231,5.0595,SAFE,none,0.01902,1.01359,92.72,0.0
622,0.24,0.0,34.0,34.0,0.0,34.0,T2,LV_secondary_T2_T4,300.0,0.1133333333333333,0.1133333333333333,0.0,0.99456,7.1872,4.2178,2.8303,5.0794,SAFE,none,0.02324,1.01781,92.75,0.0
6222,0.24,12.0,166.0,178.0,0.0,178.0,T2,LV_secondary_T2_T4,300.0,0.5933333333333334,0.5533333333333333,0.0,0.99456,7.1872,4.2178,2.8303,5.0794,CONSTRAINED,voltage,0.10251,1.10542,92.58,1.0
6252,0.24,0.0,174.0,174.0,0.0,174.0,T2,LV_secondary_T2_T4,300.0,0.58,0.58,0.0,0.99456,7.1872,4.2178,2.8303,5.0794,CONSTRAINED,voltage,0.10861,1.10318,92.58,1.0
6261,0.24,0.0,40.0,40.0,0.0,40.0,T2,LV_secondary_T2_T4,300.0,0.1333333333333333,0.1333333333333333,0.0,0.99456,7.2329,4.237,2.8374,5.0993,CAUTION,caution,0.03969,1.03425,92.74,0.0
621,0.24,0.0,36.0,36.0,0.0,36.0,T2,LV_secondary_T2_T4,300.0,0.12,0.12,0.0,0.99456,7.1414,4.1987,2.8231,5.0595,SAFE,none,0.01301,1.00758,92.75,0.0
620,0.24,0.0,225.0,225.0,0.0,225.0,T2,LV_secondary_T2_T4,300.0,0.75,0.75,0.0,0.99456,7.0957,4.1795,2.816,5.0396,CAUTION,caution,0.00703,1.00682,92.46,1.0
6231,0.24,0.0,225.0,225.0,0.0,225.0,T2,LV_secondary_T2_T4,300.0,0.75,0.75,0.0,0.99456,7.2329,4.237,2.8374,5.0993,CONSTRAINED,voltage,0.19158,1.18615,92.56,1.0
633,0.24,0.0,207.0,207.0,0.0,207.0,T4,LV_secondary_T2_T4,150.0,1.38,1.38,0.0,0.91348,17.0383,11.6797,8.589,14.4978,CONSTRAINED,voltage_rise,0.09225,1.00715,109.67,1.0
715,0.208,0.0,242.0,242.0,0.0,242.0,-,Branch_701-708,5000.0,0.0484,0.0484,0.0,0.99083,0.9144,0.4676,0.2627,0.5363,SAFE,none,0.00568,1.00676,92.62,0.0
6322,0.24,11.0,32.0,43.0,0.0,43.0,T4,LV_secondary_T2_T4,150.0,0.2866666666666667,0.2133333333333333,0.0,0.92105,16.9926,11.6578,8.5847,14.4776,SAFE,none,0.0024,1.0058,92.64,0.0
723,0.24,11.0,61.0,72.0,0.0,72.0,-,Main_720-734,5000.0,0.0144,0.0122,0.0,0.99456,7.2329,4.237,2.8374,5.0993,CONSTRAINED,voltage,0.05799,1.06381,92.7,0.0
6252,0.24,0.0,80.0,80.0,0.0,80.0,T2,LV_secondary_T2_T4,300.0,0.2666666666666666,0.2666666666666666,0.0,0.99456,7.1872,4.2178,2.8303,5.0794,CONSTRAINED,voltage_rise,0.05294,1.04751,92.69,1.0
732,0.24,0.0,69.0,69.0,25.4,2.716535433070866,T4,Main_720-734,150.0,0.46,0.46,0.1693333333333333,0.92105,16.9926,11.6578,8.5847,14.4776,CAUTION,caution,0.00515,1.00606,92.54,1.0
7643,0.24,0.0,91.0,91.0,0.0,91.0,T14,LV_secondary_T2_T4,150.0,0.6066666666666667,0.6066666666666667,0.0,0.9365,42.617,29.4074,21.7473,36.5751,CAUTION,caution,0.01153,1.00668,92.43,1.0
715,0.208,11.0,222.0,233.0,0.0,233.0,-,Branch_701-708,5000.0,0.0466,0.0444,0.0,0.99083,0.9144,0.4676,0.2627,0.5363,SAFE,none,0.00521,1.00671,92.62,0.0
6222,0.24,0.0,90.0,90.0,0.0,90.0,T2,LV_secondary_T2_T4,300.0,0.3,0.3,0.0,0.99456,7.1872,4.2178,2.8303,5.0794,CONSTRAINED,voltage,0.05916,1.05373,92.68,1.0
743,0.24,0.0,173.0,173.0,240.0,0.7208333333333333,T7,Main_735-750,300.0,0.5766666666666667,0.5766666666666667,0.8,0.96367,21.8693,15.052,11.1097,18.708,SAFE,none,0.01192,1.00744,92.36,0.0
6231,0.24,0.0,134.0,134.0,0.0,134.0,T2,LV_secondary_T2_T4,300.0,0.4466666666666666,0.4466666666666666,0.0,0.99456,7.2329,4.237,2.8374,5.0993,CONSTRAINED,voltage,0.12209,1.11666,92.64,1.0
751,0.48,12.0,222.0,234.0,0.0,234.0,T9,other,1500.0,0.156,0.148,0.0,0.9685,34.4789,23.8283,17.6385,29.6463,SAFE,none,0.01573,1.00813,92.29,0.0
6251,0.24,0.0,231.0,231.0,0.0,231.0,T2,LV_secondary_T2_T4,300.0,0.77,0.77,0.0,0.99456,7.1872,4.2178,2.8303,5.0794,CONSTRAINED,voltage,0.1397,1.13427,92.53,1.0
7481,0.24,15.0,27.0,42.0,0.0,42.0,T8,LV_secondary_T2_T4,150.0,0.28,0.18,0.0,0.95585,27.31,18.8387,13.9267,23.4276,SAFE,none,0.0027,1.00591,92.59,0.0
721,0.24,0.0,63.0,63.0,0.0,63.0,-,Main_720-734,5000.0,0.0126,0.0126,0.0,0.99456,7.1414,4.1987,2.8231,5.0595,SAFE,none,0.02251,1.01708,92.71,0.0
6331,0.24,0.0,90.0,90.0,0.0,90.0,T4,LV_secondary_T2_T4,150.0,0.6,0.6,0.0,0.91348,17.0383,11.6797,8.589,14.4978,CAUTION,caution,0.04248,1.00623,92.48,1.0
721,0.24,0.0,209.0,209.0,0.0,209.0,-,Main_720-734,5000.0,0.0418,0.0418,0.0,0.99456,7.1414,4.1987,2.8231,5.0595,CONSTRAINED,voltage,0.07071,1.06528,92.52,1.0
743,0.24,0.0,93.0,93.0,240.0,0.3875,T7,Main_735-750,300.0,0.31,0.31,0.8,0.96367,21.8693,15.052,11.1097,18.708,SAFE,none,0.0065,1.00651,92.45,0.0
7122,0.24,11.0,128.0,139.0,0.0,139.0,T18,LV_secondary_T2_T4,300.0,0.4633333333333333,0.4266666666666667,0.0,0.95826,7.7724,4.5565,3.3703,5.6675,CAUTION,caution,0.00548,1.00614,92.7,1.0
6321,0.24,0.0,233.0,233.0,0.0,233.0,T4,LV_secondary_T2_T4,150.0,1.5533333333333332,1.5533333333333332,0.0,0.92105,16.9926,11.6578,8.5847,14.4776,CONSTRAINED,transformer_loading,0.01672,1.00755,136.91,1.0
770,0.24,0.0,73.0,73.0,450.0,0.1622222222222222,T15,Delta_766-772,1500.0,0.0486666666666666,0.0486666666666666,0.3,0.95059,44.5068,31.369,22.8385,38.8022,SAFE,none,0.00915,1.00654,92.45,0.0
620,0.24,15.0,178.0,193.0,0.0,193.0,T2,LV_secondary_T2_T4,300.0,0.6433333333333333,0.5933333333333334,0.0,0.99456,7.0957,4.1795,2.816,5.0396,CAUTION,caution,0.00558,1.00663,92.51,1.0
764,0.24,0.0,151.0,151.0,46.0,3.282608695652174,T14,Branch_752-765,150.0,1.0066666666666666,1.0066666666666666,0.3066666666666666,0.9365,42.617,29.4074,21.7473,36.5751,CAUTION,caution,0.01881,1.00748,92.35,1.0
7643,0.24,3.0,49.0,52.0,0.0,52.0,T14,LV_secondary_T2_T4,150.0,0.3466666666666667,0.3266666666666666,0.0,0.9365,42.617,29.4074,21.7473,36.5751,SAFE,none,0.00627,1.00613,92.51,0.0
6222,0.24,0.0,205.0,205.0,0.0,205.0,T2,LV_secondary_T2_T4,300.0,0.6833333333333333,0.6833333333333333,0.0,0.99456,7.1872,4.2178,2.8303,5.0794,CONSTRAINED,voltage,0.12574,1.1203,92.55,1.0
716,0.48,7.0,50.0,57.0,15.85,3.5962145110410098,T24(HV),Branch_701-708,300.0,0.19,0.1666666666666666,0.0528333333333333,0.97763,0.9144,0.4676,0.2627,0.5363,CONSTRAINED,transformer_loading,0.02752,1.00919,140.74,0.0
6262,0.24,0.0,207.0,207.0,0.0,207.0,T2,LV_secondary_T2_T4,300.0,0.69,0.69,0.0,0.99456,7.2329,4.237,2.8374,5.0993,CONSTRAINED,voltage,0.17847,1.17304,92.57,1.0
770,0.24,0.0,39.0,39.0,450.0,0.0866666666666666,T15,Delta_766-772,1500.0,0.026,0.026,0.3,0.95059,44.5068,31.369,22.8385,38.8022,SAFE,none,0.00493,1.006,92.57,0.0
6201,0.24,10.0,130.0,140.0,0.0,140.0,T2,LV_secondary_T2_T4,300.0,0.4666666666666667,0.4333333333333333,0.0,0.99456,7.0957,4.1795,2.816,5.0396,CAUTION,caution,0.00411,1.0063,92.59,1.0
7121,0.24,9.0,91.0,100.0,0.0,100.0,T18,LV_secondary_T2_T4,300.0,0.3333333333333333,0.3033333333333333,0.0,0.95826,7.7724,4.5565,3.3703,5.6675,CAUTION,caution,0.00393,1.00593,92.73,1.0
633,0.24,7.0,94.0,101.0,0.0,101.0,T4,LV_secondary_T2_T4,150.0,0.6733333333333333,0.6266666666666667,0.0,0.91348,17.0383,11.6797,8.589,14.4978,CAUTION,caution,0.04394,1.00633,92.47,1.0
764,0.24,0.0,125.0,125.0,46.0,2.717391304347826,T14,Branch_752-765,150.0,0.8333333333333334,0.8333333333333334,0.3066666666666666,0.9365,42.617,29.4074,21.7473,36.5751,CAUTION,caution,0.01568,1.00714,92.39,1.0
6202,0.24,8.0,107.0,115.0,0.0,115.0,T2,LV_secondary_T2_T4,300.0,0.3833333333333333,0.3566666666666667,0.0,0.99456,7.0957,4.1795,2.816,5.0396,CAUTION,caution,0.0034,1.00613,92.63,1.0
6231,0.24,8.0,76.0,84.0,0.0,84.0,T2,LV_secondary_T2_T4,300.0,0.28,0.2533333333333333,0.0,0.99456,7.2329,4.237,2.8374,5.0993,CONSTRAINED,voltage,0.07168,1.07446,92.69,1.0
6261,0.24,8.0,208.0,216.0,0.0,216.0,T2,LV_secondary_T2_T4,300.0,0.72,0.6933333333333334,0.0,0.99456,7.2329,4.237,2.8374,5.0993,CONSTRAINED,voltage,0.17685,1.17963,92.57,1.0
6212,0.24,0.0,115.0,115.0,0.0,115.0,T2,LV_secondary_T2_T4,300.0,0.3833333333333333,0.3833333333333333,0.0,0.99456,7.1414,4.1987,2.8231,5.0595,CAUTION,caution,0.04027,1.03484,92.64,1.0
633,0.24,0.0,116.0,116.0,0.0,116.0,T4,LV_secondary_T2_T4,150.0,0.7733333333333333,0.7733333333333333,0.0,0.91348,17.0383,11.6797,8.589,14.4978,CONSTRAINED,voltage_rise,0.05402,1.00645,92.45,1.0
6262,0.24,0.0,195.0,195.0,0.0,195.0,T2,LV_secondary_T2_T4,300.0,0.65,0.65,0.0,0.99456,7.2329,4.237,2.8374,5.0993,CONSTRAINED,voltage,0.16957,1.16414,92.58,1.0
721,0.24,0.0,10.0,10.0,0.0,10.0,-,Main_720-734,5000.0,0.002,0.002,0.0,0.99456,7.1414,4.1987,2.8231,5.0595,SAFE,none,0.00365,1.00543,92.79,0.0
7642,0.24,0.0,71.0,71.0,0.0,71.0,T14,LV_secondary_T2_T4,150.0,0.4733333333333333,0.4733333333333333,0.0,0.9365,42.617,29.4074,21.7473,36.5751,CAUTION,caution,0.00905,1.0064,92.46,1.0
710,0.208,0.0,245.0,245.0,80.0,3.0625,T17,Branch_701-708,300.0,0.8166666666666667,0.8166666666666667,0.2666666666666666,0.95736,7.0104,4.008,2.9713,4.9893,CAUTION,caution,0.00947,1.00668,92.63,1.0
6211,0.24,0.0,59.0,59.0,0.0,59.0,T2,LV_secondary_T2_T4,300.0,0.1966666666666666,0.1966666666666666,0.0,0.99456,7.1414,4.1987,2.8231,5.0595,SAFE,none,0.02112,1.01569,92.71,0.0
740,0.24,9.0,120.0,129.0,75.0,1.72,T5,Main_735-750,150.0,0.86,0.8,0.5,0.98202,23.0885,14.9212,11.4648,18.8171,CAUTION,caution,0.01004,1.00676,92.42,1.0
732,0.24,11.0,134.0,145.0,25.4,5.708661417322835,T4,Main_720-734,150.0,0.9666666666666668,0.8933333333333333,0.1693333333333333,0.92105,16.9926,11.6578,8.5847,14.4776,CAUTION,caution,0.00979,1.00678,92.42,1.0
6242,0.24,0.0,236.0,236.0,0.0,236.0,T2,LV_secondary_T2_T4,300.0,0.7866666666666666,0.7866666666666666,0.0,0.99456,7.1414,4.1987,2.8231,5.0595,CONSTRAINED,voltage,0.07911,1.07368,92.49,1.0
6321,0.24,0.0,208.0,208.0,0.0,208.0,T4,LV_secondary_T2_T4,150.0,1.3866666666666667,1.3866666666666667,0.0,0.92105,16.9926,11.6578,8.5847,14.4776,CONSTRAINED,transformer_loading,0.01501,1.00734,119.48,1.0
728,0.24,11.0,62.0,73.0,38.0,1.9210526315789476,T3,Main_720-734,75.0,0.9733333333333334,0.8266666666666667,0.5066666666666667,0.93706,11.5824,7.8923,5.7834,9.7845,CAUTION,caution,0.01195,1.00598,92.61,1.0
7693,0.24,12.0,128.0,140.0,0.0,140.0,T22,LV_secondary_T2_T4,150.0,0.9333333333333332,0.8533333333333334,0.0,0.95405,44.5068,31.369,22.8385,38.8022,CAUTION,caution,0.01935,1.00748,92.36,1.0
7121,0.24,0.0,145.0,145.0,0.0,145.0,T18,LV_secondary_T2_T4,300.0,0.4833333333333333,0.4833333333333333,0.0,0.95826,7.7724,4.5565,3.3703,5.6675,CAUTION,caution,0.00622,1.00617,92.69,1.0
7122,0.24,3.0,27.0,30.0,0.0,30.0,T18,LV_secondary_T2_T4,300.0,0.1,0.09,0.0,0.95826,7.7724,4.5565,3.3703,5.6675,SAFE,none,0.00118,1.00554,92.78,0.0
710,0.208,0.0,142.0,142.0,80.0,1.775,T17,Branch_701-708,300.0,0.4733333333333333,0.4733333333333333,0.2666666666666666,0.95736,7.0104,4.008,2.9713,4.9893,CAUTION,caution,0.00559,1.00616,92.7,1.0
721,0.24,0.0,221.0,221.0,0.0,221.0,-,Main_720-734,5000.0,0.0442,0.0442,0.0,0.99456,7.1414,4.1987,2.8231,5.0595,CONSTRAINED,voltage,0.07446,1.06903,92.51,1.0
6252,0.24,7.0,193.0,200.0,0.0,200.0,T2,LV_secondary_T2_T4,300.0,0.6666666666666666,0.6433333333333333,0.0,0.99456,7.1872,4.2178,2.8303,5.0794,CONSTRAINED,voltage,0.11813,1.11758,92.56,1.0
724,0.24,13.0,24.0,37.0,0.0,37.0,-,Main_720-734,5000.0,0.0074,0.0048,0.0,0.99456,7.1414,4.1987,2.8231,5.0595,SAFE,none,0.00862,1.00793,92.75,0.0
748,0.24,0.0,193.0,193.0,76.88,2.510405827263268,T8,Main_735-750,150.0,1.2866666666666666,1.2866666666666666,0.5125333333333333,0.95585,27.31,18.8387,13.9267,23.4276,CAUTION,caution,0.01867,1.00771,92.33,1.0
708,0.24,0.0,234.0,234.0,75.0,3.12,T16,Branch_701-708,300.0,0.78,0.78,0.25,0.95801,6.2484,3.6185,2.8328,4.5954,CAUTION,caution,0.00845,1.00663,92.63,1.0
730,0.24,0.0,142.0,142.0,85.0,1.6705882352941177,T23,Main_720-734,300.0,0.4733333333333333,0.4733333333333333,0.2833333333333333,0.94696,11.8872,7.965,5.8252,9.8678,CAUTION,caution,0.00589,1.00656,92.44,1.0
715,0.208,0.0,177.0,177.0,0.0,177.0,-,Branch_701-708,5000.0,0.0354,0.0354,0.0,0.99083,0.9144,0.4676,0.2627,0.5363,SAFE,none,0.00419,1.0064,92.66,0.0
726,0.24,0.0,45.0,45.0,0.0,45.0,-,Main_720-734,5000.0,0.009,0.009,0.0,0.99456,7.2329,4.237,2.8374,5.0993,CAUTION,caution,0.04442,1.03899,92.74,0.0
622,0.24,0.0,80.0,80.0,0.0,80.0,T2,LV_secondary_T2_T4,300.0,0.2666666666666666,0.2666666666666666,0.0,0.99456,7.1872,4.2178,2.8303,5.0794,CONSTRAINED,voltage_rise,0.05294,1.04751,92.69,1.0
726,0.24,0.0,50.0,50.0,0.0,50.0,-,Main_720-734,5000.0,0.01,0.01,0.0,0.99456,7.2329,4.237,2.8374,5.0993,CAUTION,caution,0.04911,1.04368,92.73,0.0
621,0.24,0.0,121.0,121.0,0.0,121.0,T2,LV_secondary_T2_T4,300.0,0.4033333333333333,0.4033333333333333,0.0,0.99456,7.1414,4.1987,2.8231,5.0595,CAUTION,caution,0.04227,1.03684,92.63,1.0
769,0.24,0.0,117.0,117.0,41.0,2.8536585365853657,T22,Delta_766-772,150.0,0.78,0.78,0.2733333333333333,0.95405,44.5068,31.369,22.8385,38.8022,CAUTION,caution,0.01789,1.00716,92.39,1.0
730,0.24,0.0,22.0,22.0,85.0,0.2588235294117647,T23,Main_720-734,300.0,0.0733333333333333,0.0733333333333333,0.2833333333333333,0.94696,11.8872,7.965,5.8252,9.8678,SAFE,none,0.00093,1.00556,92.74,0.0
734,0.24,0.0,128.0,128.0,15.85,8.07570977917981,-,Main_720-734,5000.0,0.0256,0.0256,0.00317,0.90591,17.084,11.7015,8.5933,14.5179,CONSTRAINED,voltage_rise,0.10579,1.01172,92.45,1.0
764,0.24,0.0,90.0,90.0,46.0,1.9565217391304348,T14,Branch_752-765,150.0,0.6,0.6,0.3066666666666666,0.9365,42.617,29.4074,21.7473,36.5751,CAUTION,caution,0.0114,1.00666,92.44,1.0
620,0.24,0.0,40.0,40.0,0.0,40.0,T2,LV_secondary_T2_T4,300.0,0.1333333333333333,0.1333333333333333,0.0,0.99456,7.0957,4.1795,2.816,5.0396,SAFE,none,0.00129,1.00564,92.74,0.0
722,0.24,0.0,76.0,76.0,0.0,76.0,-,Main_720-734,5000.0,0.0152,0.0152,0.0,0.99456,7.1872,4.2178,2.8303,5.0794,CONSTRAINED,voltage_rise,0.05043,1.045,92.7,0.0
6261,0.24,0.0,179.0,179.0,0.0,179.0,T2,LV_secondary_T2_T4,300.0,0.5966666666666667,0.5966666666666667,0.0,0.99456,7.2329,4.237,2.8374,5.0993,CONSTRAINED,voltage,0.15749,1.15206,92.6,1.0
7121,0.24,0.0,169.0,169.0,0.0,169.0,T18,LV_secondary_T2_T4,300.0,0.5633333333333334,0.5633333333333334,0.0,0.95826,7.7724,4.5565,3.3703,5.6675,CAUTION,caution,0.00722,1.0063,92.68,1.0
6221,0.24,0.0,85.0,85.0,0.0,85.0,T2,LV_secondary_T2_T4,300.0,0.2833333333333333,0.2833333333333333,0.0,0.99456,7.1872,4.2178,2.8303,5.0794,CONSTRAINED,voltage,0.05606,1.05063,92.68,1.0
6262,0.24,0.0,161.0,161.0,0.0,161.0,T2,LV_secondary_T2_T4,300.0,0.5366666666666666,0.5366666666666666,0.0,0.99456,7.2329,4.237,2.8374,5.0993,CONSTRAINED,voltage,0.1436,1.13817,92.61,1.0
7392,0.24,0.0,241.0,241.0,0.0,241.0,T6,LV_secondary_T2_T4,150.0,1.606666666666667,1.606666666666667,0.0,0.98477,24.6125,15.6519,11.8507,19.6321,CONSTRAINED,transformer_loading,0.01973,1.00781,133.27,1.0
740,0.24,0.0,216.0,216.0,75.0,2.88,T5,Main_735-750,150.0,1.44,1.44,0.5,0.98202,23.0885,14.9212,11.4648,18.8171,CAUTION,caution,0.01776,1.00762,96.86,1.0
740,0.24,11.0,104.0,115.0,75.0,1.5333333333333334,T5,Main_735-750,150.0,0.7666666666666667,0.6933333333333334,0.5,0.98202,23.0885,14.9212,11.4648,18.8171,CAUTION,caution,0.00873,1.00662,92.44,1.0
6232,0.24,15.0,83.0,98.0,0.0,98.0,T2,LV_secondary_T2_T4,300.0,0.3266666666666666,0.2766666666666666,0.0,0.99456,7.2329,4.237,2.8374,5.0993,CONSTRAINED,voltage,0.07677,1.08662,92.67,1.0
6202,0.24,0.0,186.0,186.0,0.0,186.0,T2,LV_secondary_T2_T4,300.0,0.62,0.62,0.0,0.99456,7.0957,4.1795,2.816,5.0396,CAUTION,caution,0.00585,1.00658,92.52,1.0
7122,0.24,0.0,215.0,215.0,0.0,215.0,T18,LV_secondary_T2_T4,300.0,0.7166666666666667,0.7166666666666667,0.0,0.95826,7.7724,4.5565,3.3703,5.6675,CAUTION,caution,0.0091,1.00653,92.65,1.0
772,0.208,10.0,203.0,213.0,100.0,2.13,T19,Delta_766-772,300.0,0.71,0.6766666666666666,0.3333333333333333,0.93424,43.184,29.887,22.1458,37.1977,CAUTION,caution,0.02124,1.00836,92.27,1.0
6211,0.24,11.0,53.0,64.0,0.0,64.0,T2,LV_secondary_T2_T4,300.0,0.2133333333333333,0.1766666666666666,0.0,0.99456,7.1414,4.1987,2.8231,5.0595,SAFE,none,0.01885,1.01743,92.71,0.0
733,0.24,0.0,150.0,150.0,0.0,150.0,-,Main_720-734,5000.0,0.03,0.03,0.0,0.91348,17.0383,11.6797,8.589,14.4978,CONSTRAINED,voltage_rise,0.06867,1.00673,92.43,1.0
721,0.24,14.0,211.0,225.0,0.0,225.0,-,Main_720-734,5000.0,0.045,0.0422,0.0,0.99456,7.1414,4.1987,2.8231,5.0595,CONSTRAINED,voltage,0.0706,1.07027,92.5,1.0
728,0.24,0.0,226.0,226.0,38.0,5.947368421052632,T3,Main_720-734,75.0,3.013333333333333,3.013333333333333,0.5066666666666667,0.93706,11.5824,7.8923,5.7834,9.7845,CONSTRAINED,transformer_loading,0.04121,1.00701,258.3,1.0
6241,0.24,11.0,207.0,218.0,0.0,218.0,T2,LV_secondary_T2_T4,300.0,0.7266666666666667,0.69,0.0,0.99456,7.1414,4.1987,2.8231,5.0595,CONSTRAINED,voltage,0.06951,1.0681,92.51,1.0
6262,0.24,15.0,137.0,152.0,0.0,152.0,T2,LV_secondary_T2_T4,300.0,0.5066666666666667,0.4566666666666666,0.0,0.99456,7.2329,4.237,2.8374,5.0993,CONSTRAINED,voltage,0.12124,1.13109,92.62,1.0
743,0.24,0.0,54.0,54.0,240.0,0.225,T7,Main_735-750,300.0,0.18,0.18,0.8,0.96367,21.8693,15.052,11.1097,18.708,SAFE,none,0.0038,1.00603,92.5,0.0
772,0.208,5.0,211.0,216.0,100.0,2.16,T19,Delta_766-772,300.0,0.72,0.7033333333333334,0.3333333333333333,0.93424,43.184,29.887,22.1458,37.1977,CAUTION,caution,0.02209,1.0084,92.26,1.0
7483,0.24,14.0,112.0,126.0,0.0,126.0,T8,LV_secondary_T2_T4,150.0,0.84,0.7466666666666667,0.0,0.95585,27.31,18.8387,13.9267,23.4276,CAUTION,caution,0.01097,1.00694,92.41,1.0
6252,0.24,0.0,55.0,55.0,0.0,55.0,T2,LV_secondary_T2_T4,300.0,0.1833333333333333,0.1833333333333333,0.0,0.99456,7.1872,4.2178,2.8303,5.0794,CAUTION,caution,0.03703,1.0316,92.72,0.0
6321,0.24,0.0,81.0,81.0,0.0,81.0,T4,LV_secondary_T2_T4,150.0,0.54,0.54,0.0,0.92105,16.9926,11.6578,8.5847,14.4776,CAUTION,caution,0.00603,1.00618,92.5,1.0
7391,0.24,0.0,241.0,241.0,0.0,241.0,T6,LV_secondary_T2_T4,150.0,1.606666666666667,1.606666666666667,0.0,0.98477,24.6125,15.6519,11.8507,19.6321,CONSTRAINED,transformer_loading,0.01973,1.00781,133.27,1.0
743,0.24,10.0,207.0,217.0,240.0,0.9041666666666668,T7,Main_735-750,300.0,0.7233333333333334,0.69,0.8,0.96367,21.8693,15.052,11.1097,18.708,SAFE,none,0.01412,1.00793,92.31,0.0
721,0.24,7.0,45.0,52.0,0.0,52.0,-,Main_720-734,5000.0,0.0104,0.009,0.0,0.99456,7.1414,4.1987,2.8231,5.0595,SAFE,none,0.01611,1.01324,92.72,0.0
6331,0.24,0.0,95.0,95.0,0.0,95.0,T4,LV_secondary_T2_T4,150.0,0.6333333333333333,0.6333333333333333,0.0,0.91348,17.0383,11.6797,8.589,14.4978,CAUTION,caution,0.04472,1.00628,92.47,1.0
6211,0.24,0.0,203.0,203.0,0.0,203.0,T2,LV_secondary_T2_T4,300.0,0.6766666666666666,0.6766666666666666,0.0,0.99456,7.1414,4.1987,2.8231,5.0595,CONSTRAINED,voltage,0.06883,1.0634,92.53,1.0
6202,0.24,0.0,34.0,34.0,0.0,34.0,T2,LV_secondary_T2_T4,300.0,0.1133333333333333,0.1133333333333333,0.0,0.99456,7.0957,4.1795,2.816,5.0396,SAFE,none,0.00109,1.0056,92.75,0.0
751,0.48,0.0,15.0,15.0,0.0,15.0,T9,other,1500.0,0.01,0.01,0.0,0.9685,34.4789,23.8283,17.6385,29.6463,SAFE,none,0.0011,1.00555,92.73,0.0
6231,0.24,10.0,39.0,49.0,0.0,49.0,T2,LV_secondary_T2_T4,300.0,0.1633333333333333,0.13,0.0,0.99456,7.2329,4.237,2.8374,5.0993,CAUTION,caution,0.03793,1.04275,92.73,0.0
7692,0.24,0.0,195.0,195.0,0.0,195.0,T22,LV_secondary_T2_T4,150.0,1.3,1.3,0.0,0.95405,44.5068,31.369,22.8385,38.8022,CONSTRAINED,transformer_loading,0.02909,1.00823,105.03,1.0
762,0.48,0.0,74.0,74.0,45.0,1.6444444444444444,T13,Branch_752-765,150.0,0.4933333333333333,0.4933333333333333,0.3,0.93629,42.0074,28.9831,21.4317,36.0463,CAUTION,caution,0.00937,1.00644,92.46,1.0
6241,0.24,0.0,168.0,168.0,0.0,168.0,T2,LV_secondary_T2_T4,300.0,0.56,0.56,0.0,0.99456,7.1414,4.1987,2.8231,5.0595,CONSTRAINED,voltage,0.05768,1.05225,92.57,1.0
6321,0.24,0.0,179.0,179.0,0.0,179.0,T4,LV_secondary_T2_T4,150.0,1.1933333333333334,1.1933333333333334,0.0,0.92105,16.9926,11.6578,8.5847,14.4776,CAUTION,caution,0.01301,1.00708,99.24,1.0
7392,0.24,0.0,202.0,202.0,0.0,202.0,T6,LV_secondary_T2_T4,150.0,1.346666666666667,1.346666666666667,0.0,0.98477,24.6125,15.6519,11.8507,19.6321,CONSTRAINED,transformer_loading,0.01668,1.00745,107.87,1.0
6252,0.24,0.0,114.0,114.0,0.0,114.0,T2,LV_secondary_T2_T4,300.0,0.38,0.38,0.0,0.99456,7.1872,4.2178,2.8303,5.0794,CONSTRAINED,voltage,0.07379,1.06835,92.65,1.0
6202,0.24,0.0,202.0,202.0,0.0,202.0,T2,LV_secondary_T2_T4,300.0,0.6733333333333333,0.6733333333333333,0.0,0.99456,7.0957,4.1795,2.816,5.0396,CAUTION,caution,0.00634,1.00668,92.5,1.0
6252,0.24,0.0,186.0,186.0,0.0,186.0,T2,LV_secondary_T2_T4,300.0,0.62,0.62,0.0,0.99456,7.1872,4.2178,2.8303,5.0794,CONSTRAINED,voltage,0.1153,1.10987,92.57,1.0
6202,0.24,10.0,161.0,171.0,0.0,171.0,T2,LV_secondary_T2_T4,300.0,0.57,0.5366666666666666,0.0,0.99456,7.0957,4.1795,2.816,5.0396,CAUTION,caution,0.00507,1.00649,92.54,1.0
6252,0.24,8.0,12.0,20.0,0.0,20.0,T2,LV_secondary_T2_T4,300.0,0.0666666666666666,0.04,0.0,0.99456,7.1872,4.2178,2.8303,5.0794,SAFE,none,0.00824,1.00838,92.77,0.0
748,0.24,0.0,105.0,105.0,76.88,1.3657648283038502,T8,Main_735-750,150.0,0.7,0.7,0.5125333333333333,0.95585,27.31,18.8387,13.9267,23.4276,CAUTION,caution,0.01038,1.00669,92.43,1.0
6221,0.24,0.0,178.0,178.0,0.0,178.0,T2,LV_secondary_T2_T4,300.0,0.5933333333333334,0.5933333333333334,0.0,0.99456,7.1872,4.2178,2.8303,5.0794,CONSTRAINED,voltage,0.11085,1.10542,92.58,1.0
623,0.24,0.0,50.0,50.0,0.0,50.0,T2,LV_secondary_T2_T4,300.0,0.1666666666666666,0.1666666666666666,0.0,0.99456,7.2329,4.237,2.8374,5.0993,CAUTION,caution,0.04911,1.04368,92.73,0.0
740,0.24,10.0,44.0,54.0,75.0,0.72,T5,Main_735-750,150.0,0.36,0.2933333333333333,0.5,0.98202,23.0885,14.9212,11.4648,18.8171,SAFE,none,0.00375,1.00597,92.57,0.0
739,0.24,0.0,157.0,157.0,41.1,3.8199513381995134,T6,Main_735-750,150.0,1.0466666666666666,1.0466666666666666,0.274,0.98477,24.6125,15.6519,11.8507,19.6321,CAUTION,caution,0.0131,1.00702,92.4,1.0
725,0.24,0.0,85.0,85.0,0.0,85.0,-,Main_720-734,5000.0,0.017,0.017,0.0,0.99456,7.1872,4.2178,2.8303,5.0794,CONSTRAINED,voltage,0.05606,1.05063,92.68,1.0
723,0.24,0.0,240.0,240.0,0.0,240.0,-,Main_720-734,5000.0,0.048,0.048,0.0,0.99456,7.2329,4.237,2.8374,5.0993,CONSTRAINED,voltage,0.20229,1.19686,92.55,1.0
633,0.24,0.0,166.0,166.0,0.0,166.0,T4,LV_secondary_T2_T4,150.0,1.106666666666667,1.106666666666667,0.0,0.91348,17.0383,11.6797,8.589,14.4978,CONSTRAINED,voltage_rise,0.07541,1.00685,92.42,1.0
751,0.48,0.0,157.0,157.0,0.0,157.0,T9,other,1500.0,0.1046666666666666,0.1046666666666666,0.0,0.9685,34.4789,23.8283,17.6385,29.6463,SAFE,none,0.01126,1.00725,92.38,0.0
620,0.24,0.0,42.0,42.0,0.0,42.0,T2,LV_secondary_T2_T4,300.0,0.14,0.14,0.0,0.99456,7.0957,4.1795,2.816,5.0396,SAFE,none,0.00135,1.00565,92.74,0.0
6251,0.24,0.0,70.0,70.0,0.0,70.0,T2,LV_secondary_T2_T4,300.0,0.2333333333333333,0.2333333333333333,0.0,0.99456,7.1872,4.2178,2.8303,5.0794,CAUTION,caution,0.04664,1.04121,92.7,0.0
724,0.24,13.0,30.0,43.0,0.0,43.0,-,Main_720-734,5000.0,0.0086,0.006,0.0,0.99456,7.1414,4.1987,2.8231,5.0595,SAFE,none,0.01075,1.01006,92.74,0.0
739,0.24,0.0,227.0,227.0,41.1,5.523114355231144,T6,Main_735-750,150.0,1.5133333333333334,1.5133333333333334,0.274,0.98477,24.6125,15.6519,11.8507,19.6321,CONSTRAINED,transformer_loading,0.01864,1.00768,124.16,1.0
7482,0.24,0.0,28.0,28.0,0.0,28.0,T8,LV_secondary_T2_T4,150.0,0.1866666666666666,0.1866666666666666,0.0,0.95585,27.31,18.8387,13.9267,23.4276,SAFE,none,0.00282,1.00573,92.66,0.0
6211,0.24,0.0,138.0,138.0,0.0,138.0,T2,LV_secondary_T2_T4,300.0,0.46,0.46,0.0,0.99456,7.1414,4.1987,2.8231,5.0595,CAUTION,caution,0.0479,1.04247,92.61,1.0
772,0.208,0.0,137.0,137.0,100.0,1.37,T19,Delta_766-772,300.0,0.4566666666666666,0.4566666666666666,0.3333333333333333,0.93424,43.184,29.887,22.1458,37.1977,CAUTION,caution,0.01461,1.00735,92.37,1.0
716,0.48,0.0,70.0,70.0,15.85,4.416403785488959,T24(HV),Branch_701-708,300.0,0.2333333333333333,0.2333333333333333,0.0528333333333333,0.97763,0.9144,0.4676,0.2627,0.5363,CONSTRAINED,transformer_loading,0.03836,1.016,181.32,0.0
732,0.24,0.0,119.0,119.0,25.4,4.685039370078741,T4,Main_720-734,150.0,0.7933333333333333,0.7933333333333333,0.1693333333333333,0.92105,16.9926,11.6578,8.5847,14.4776,CAUTION,caution,0.00877,1.00654,92.45,1.0
7692,0.24,0.0,101.0,101.0,0.0,101.0,T22,LV_secondary_T2_T4,150.0,0.6733333333333333,0.6733333333333333,0.0,0.95405,44.5068,31.369,22.8385,38.8022,CAUTION,caution,0.01553,1.00692,92.41,1.0
6251,0.24,0.0,55.0,55.0,0.0,55.0,T2,LV_secondary_T2_T4,300.0,0.1833333333333333,0.1833333333333333,0.0,0.99456,7.1872,4.2178,2.8303,5.0794,CAUTION,caution,0.03703,1.0316,92.72,0.0
6221,0.24,0.0,55.0,55.0,0.0,55.0,T2,LV_secondary_T2_T4,300.0,0.1833333333333333,0.1833333333333333,0.0,0.99456,7.1872,4.2178,2.8303,5.0794,CAUTION,caution,0.03703,1.0316,92.72,0.0
730,0.24,12.0,173.0,185.0,85.0,2.176470588235294,T23,Main_720-734,300.0,0.6166666666666667,0.5766666666666667,0.2833333333333333,0.94696,11.8872,7.965,5.8252,9.8678,CAUTION,caution,0.00711,1.00691,92.41,1.0
734,0.24,0.0,197.0,197.0,15.85,12.429022082018928,-,Main_720-734,5000.0,0.0394,0.0394,0.00317,0.90591,17.084,11.7015,8.5933,14.5179,CONSTRAINED,voltage,0.15469,1.06062,97.14,1.0
6211,0.24,3.0,79.0,82.0,0.0,82.0,T2,LV_secondary_T2_T4,300.0,0.2733333333333333,0.2633333333333333,0.0,0.99456,7.1414,4.1987,2.8231,5.0595,CAUTION,caution,0.02798,1.02365,92.68,1.0
739,0.24,9.0,218.0,227.0,41.1,5.523114355231144,T6,Main_735-750,150.0,1.5133333333333334,1.4533333333333334,0.274,0.98477,24.6125,15.6519,11.8507,19.6321,CONSTRAINED,transformer_loading,0.01787,1.00768,124.16,1.0
6261,0.24,0.0,194.0,194.0,0.0,194.0,T2,LV_secondary_T2_T4,300.0,0.6466666666666666,0.6466666666666666,0.0,0.99456,7.2329,4.237,2.8374,5.0993,CONSTRAINED,voltage,0.16883,1.16339,92.58,1.0
633,0.24,0.0,180.0,180.0,0.0,180.0,T4,LV_secondary_T2_T4,150.0,1.2,1.2,0.0,0.91348,17.0383,11.6797,8.589,14.4978,CONSTRAINED,voltage_rise,0.08123,1.00695,93.12,1.0
710,0.208,0.0,154.0,154.0,80.0,1.925,T17,Branch_701-708,300.0,0.5133333333333333,0.5133333333333333,0.2666666666666666,0.95736,7.0104,4.008,2.9713,4.9893,CAUTION,caution,0.00605,1.00623,92.69,1.0
621,0.24,4.0,132.0,136.0,0.0,136.0,T2,LV_secondary_T2_T4,300.0,0.4533333333333333,0.44,0.0,0.99456,7.1414,4.1987,2.8231,5.0595,CAUTION,caution,0.04578,1.04181,92.61,1.0
733,0.24,8.0,188.0,196.0,0.0,196.0,-,Main_720-734,5000.0,0.0392,0.0376,0.0,0.91348,17.0383,11.6797,8.589,14.4978,CONSTRAINED,voltage_rise,0.08384,1.00707,102.96,1.0
732,0.24,0.0,225.0,225.0,25.4,8.858267716535433,T4,Main_720-734,150.0,1.5,1.5,0.1693333333333333,0.92105,16.9926,11.6578,8.5847,14.4776,CONSTRAINED,transformer_loading,0.01618,1.00748,131.34,1.0
622,0.24,0.0,70.0,70.0,0.0,70.0,T2,LV_secondary_T2_T4,300.0,0.2333333333333333,0.2333333333333333,0.0,0.99456,7.1872,4.2178,2.8303,5.0794,CAUTION,caution,0.04664,1.04121,92.7,0.0
6252,0.24,0.0,152.0,152.0,0.0,152.0,T2,LV_secondary_T2_T4,300.0,0.5066666666666667,0.5066666666666667,0.0,0.99456,7.1872,4.2178,2.8303,5.0794,CONSTRAINED,voltage,0.09611,1.09068,92.61,1.0
708,0.24,0.0,109.0,109.0,75.0,1.4533333333333334,T16,Branch_701-708,300.0,0.3633333333333333,0.3633333333333333,0.25,0.95801,6.2484,3.6185,2.8328,4.5954,CAUTION,caution,0.00403,1.00599,92.72,1.0
743,0.24,4.0,68.0,72.0,240.0,0.3,T7,Main_735-750,300.0,0.24,0.2266666666666666,0.8,0.96367,21.8693,15.052,11.1097,18.708,SAFE,none,0.00477,1.00625,92.48,0.0
6331,0.24,0.0,161.0,161.0,0.0,161.0,T4,LV_secondary_T2_T4,150.0,1.0733333333333333,1.0733333333333333,0.0,0.91348,17.0383,11.6797,8.589,14.4978,CONSTRAINED,voltage_rise,0.07332,1.00681,92.42,1.0
770,0.24,14.0,23.0,37.0,450.0,0.0822222222222222,T15,Delta_766-772,1500.0,0.0246666666666666,0.0153333333333333,0.3,0.95059,44.5068,31.369,22.8385,38.8022,SAFE,none,0.0029,1.00597,92.58,0.0
7393,0.24,0.0,146.0,146.0,0.0,146.0,T6,LV_secondary_T2_T4,150.0,0.9733333333333334,0.9733333333333334,0.0,0.98477,24.6125,15.6519,11.8507,19.6321,CAUTION,caution,0.01221,1.00691,92.41,1.0
739,0.24,15.0,19.0,34.0,41.1,0.8272506082725061,T6,Main_735-750,150.0,0.2266666666666666,0.1266666666666666,0.274,0.98477,24.6125,15.6519,11.8507,19.6321,SAFE,none,0.00163,1.00574,92.66,0.0
7643,0.24,0.0,214.0,214.0,0.0,214.0,T14,LV_secondary_T2_T4,150.0,1.4266666666666667,1.4266666666666667,0.0,0.9365,42.617,29.4074,21.7473,36.5751,CONSTRAINED,transformer_loading,0.0262,1.00828,117.6,1.0
725,0.24,0.0,239.0,239.0,0.0,239.0,-,Main_720-734,5000.0,0.0478,0.0478,0.0,0.99456,7.1872,4.2178,2.8303,5.0794,CONSTRAINED,voltage,0.14392,1.13849,92.52,1.0
622,0.24,0.0,90.0,90.0,0.0,90.0,T2,LV_secondary_T2_T4,300.0,0.3,0.3,0.0,0.99456,7.1872,4.2178,2.8303,5.0794,CONSTRAINED,voltage,0.05916,1.05373,92.68,1.0
633,0.24,0.0,23.0,23.0,0.0,23.0,T4,LV_secondary_T2_T4,150.0,0.1533333333333333,0.1533333333333333,0.0,0.91348,17.0383,11.6797,8.589,14.4978,SAFE,none,0.01127,1.0056,92.71,0.0
6231,0.24,8.0,66.0,74.0,0.0,74.0,T2,LV_secondary_T2_T4,300.0,0.2466666666666666,0.22,0.0,0.99456,7.2329,4.237,2.8374,5.0993,CONSTRAINED,voltage,0.06282,1.0656,92.7,0.0
733,0.24,0.0,90.0,90.0,0.0,90.0,-,Main_720-734,5000.0,0.018,0.018,0.0,0.91348,17.0383,11.6797,8.589,14.4978,CAUTION,caution,0.04248,1.00623,92.48,1.0
7483,0.24,5.0,70.0,75.0,0.0,75.0,T8,LV_secondary_T2_T4,150.0,0.5,0.4666666666666667,0.0,0.95585,27.31,18.8387,13.9267,23.4276,SAFE,none,0.00696,1.00632,92.47,0.0
725,0.24,0.0,249.0,249.0,0.0,249.0,-,Main_720-734,5000.0,0.0498,0.0498,0.0,0.99456,7.1872,4.2178,2.8303,5.0794,CONSTRAINED,voltage,0.14916,1.14373,92.51,1.0
6241,0.24,11.0,73.0,84.0,0.0,84.0,T2,LV_secondary_T2_T4,300.0,0.28,0.2433333333333333,0.0,0.99456,7.1414,4.1987,2.8231,5.0595,CAUTION,caution,0.02575,1.02434,92.68,1.0
7393,0.24,0.0,155.0,155.0,0.0,155.0,T6,LV_secondary_T2_T4,150.0,1.0333333333333334,1.0333333333333334,0.0,0.98477,24.6125,15.6519,11.8507,19.6321,CAUTION,caution,0.01294,1.007,92.4,1.0
7482,0.24,0.0,93.0,93.0,0.0,93.0,T8,LV_secondary_T2_T4,150.0,0.62,0.62,0.0,0.95585,27.31,18.8387,13.9267,23.4276,CAUTION,caution,0.00922,1.00654,92.45,1.0
6242,0.24,0.0,63.0,63.0,0.0,63.0,T2,LV_secondary_T2_T4,300.0,0.21,0.21,0.0,0.99456,7.1414,4.1987,2.8231,5.0595,SAFE,none,0.02251,1.01708,92.71,0.0
708,0.24,0.0,54.0,54.0,75.0,0.72,T16,Branch_701-708,300.0,0.18,0.18,0.25,0.95801,6.2484,3.6185,2.8328,4.5954,SAFE,none,0.00202,1.00568,92.76,0.0
625,0.24,0.0,170.0,170.0,0.0,170.0,T2,LV_secondary_T2_T4,300.0,0.5666666666666667,0.5666666666666667,0.0,0.99456,7.1872,4.2178,2.8303,5.0794,CONSTRAINED,voltage,0.10636,1.10092,92.59,1.0
714,0.208,0.0,59.0,59.0,240.0,0.2458333333333333,T24,Branch_701-708,30.0,1.9666666666666663,1.9666666666666663,8.0,0.99083,0.9144,0.4676,0.2627,0.5363,SAFE,none,0.00142,1.00572,92.76,0.0
6211,0.24,6.0,170.0,176.0,0.0,176.0,T2,LV_secondary_T2_T4,300.0,0.5866666666666667,0.5666666666666667,0.0,0.99456,7.1414,4.1987,2.8231,5.0595,CONSTRAINED,voltage,0.05805,1.05482,92.56,1.0
739,0.24,0.0,248.0,248.0,41.1,6.034063260340632,T6,Main_735-750,150.0,1.653333333333333,1.653333333333333,0.274,0.98477,24.6125,15.6519,11.8507,19.6321,CONSTRAINED,transformer_loading,0.02027,1.00788,137.82,1.0
725,0.24,0.0,75.0,75.0,0.0,75.0,-,Main_720-734,5000.0,0.015,0.015,0.0,0.99456,7.1872,4.2178,2.8303,5.0794,CAUTION,caution,0.0498,1.04437,92.7,0.0
722,0.24,0.0,55.0,55.0,0.0,55.0,-,Main_720-734,5000.0,0.011,0.011,0.0,0.99456,7.1872,4.2178,2.8303,5.0794,CAUTION,caution,0.03703,1.0316,92.72,0.0
6241,0.24,0.0,130.0,130.0,0.0,130.0,T2,LV_secondary_T2_T4,300.0,0.4333333333333333,0.4333333333333333,0.0,0.99456,7.1414,4.1987,2.8231,5.0595,CAUTION,caution,0.04526,1.03983,92.62,1.0
626,0.24,12.0,84.0,96.0,0.0,96.0,T2,LV_secondary_T2_T4,300.0,0.32,0.28,0.0,0.99456,7.2329,4.237,2.8374,5.0993,CONSTRAINED,voltage,0.07806,1.0849,92.68,1.0
6261,0.24,0.0,60.0,60.0,0.0,60.0,T2,LV_secondary_T2_T4,300.0,0.2,0.2,0.0,0.99456,7.2329,4.237,2.8374,5.0993,CONSTRAINED,voltage,0.05836,1.05293,92.72,0.0
7482,0.24,0.0,9.0,9.0,0.0,9.0,T8,LV_secondary_T2_T4,150.0,0.06,0.06,0.0,0.95585,27.31,18.8387,13.9267,23.4276,SAFE,none,0.00091,1.00548,92.76,0.0
625,0.24,0.0,238.0,238.0,0.0,238.0,T2,LV_secondary_T2_T4,300.0,0.7933333333333333,0.7933333333333333,0.0,0.99456,7.1872,4.2178,2.8303,5.0794,CONSTRAINED,voltage,0.1434,1.13797,92.52,1.0
6211,0.24,15.0,95.0,110.0,0.0,110.0,T2,LV_secondary_T2_T4,300.0,0.3666666666666666,0.3166666666666666,0.0,0.99456,7.1414,4.1987,2.8231,5.0595,CAUTION,caution,0.03312,1.03316,92.64,1.0
6252,0.24,0.0,66.0,66.0,0.0,66.0,T2,LV_secondary_T2_T4,300.0,0.22,0.22,0.0,0.99456,7.1872,4.2178,2.8303,5.0794,CAUTION,caution,0.0441,1.03866,92.71,0.0
7121,0.24,0.0,80.0,80.0,0.0,80.0,T18,LV_secondary_T2_T4,300.0,0.2666666666666666,0.2666666666666666,0.0,0.95826,7.7724,4.5565,3.3703,5.6675,CAUTION,caution,0.00347,1.00582,92.74,1.0
7392,0.24,5.0,61.0,66.0,0.0,66.0,T6,LV_secondary_T2_T4,150.0,0.44,0.4066666666666667,0.0,0.98477,24.6125,15.6519,11.8507,19.6321,CAUTION,caution,0.00519,1.00609,92.53,1.0
759,0.24,0.0,69.0,69.0,35.0,1.9714285714285715,T12,Branch_752-765,150.0,0.46,0.46,0.2333333333333333,0.93737,40.2701,27.7136,20.528,34.4883,CAUTION,caution,0.00849,1.00636,92.47,1.0
6252,0.24,7.0,46.0,53.0,0.0,53.0,T2,LV_secondary_T2_T4,300.0,0.1766666666666666,0.1533333333333333,0.0,0.99456,7.1872,4.2178,2.8303,5.0794,CAUTION,caution,0.03085,1.0303,92.73,0.0
716,0.48,0.0,90.0,90.0,15.85,5.678233438485805,T24(HV),Branch_701-708,300.0,0.3,0.3,0.0528333333333333,0.97763,0.9144,0.4676,0.2627,0.5363,CONSTRAINED,transformer_loading,0.04857,1.0262,243.51,0.0
6242,0.24,0.0,179.0,179.0,0.0,179.0,T2,LV_secondary_T2_T4,300.0,0.5966666666666667,0.5966666666666667,0.0,0.99456,7.1414,4.1987,2.8231,5.0595,CONSTRAINED,voltage,0.06121,1.05578,92.56,1.0
723,0.24,0.0,60.0,60.0,0.0,60.0,-,Main_720-734,5000.0,0.012,0.012,0.0,0.99456,7.2329,4.237,2.8374,5.0993,CONSTRAINED,voltage,0.05836,1.05293,92.72,0.0
740,0.24,15.0,10.0,25.0,75.0,0.3333333333333333,T5,Main_735-750,150.0,0.1666666666666666,0.0666666666666666,0.5,0.98202,23.0885,14.9212,11.4648,18.8171,SAFE,none,0.00086,1.00565,92.7,0.0
6241,0.24,3.0,146.0,149.0,0.0,149.0,T2,LV_secondary_T2_T4,300.0,0.4966666666666666,0.4866666666666667,0.0,0.99456,7.1414,4.1987,2.8231,5.0595,CONSTRAINED,voltage_rise,0.05041,1.04608,92.59,1.0
7693,0.24,0.0,56.0,56.0,0.0,56.0,T22,LV_secondary_T2_T4,150.0,0.3733333333333333,0.3733333333333333,0.0,0.95405,44.5068,31.369,22.8385,38.8022,CAUTION,caution,0.00874,1.00625,92.48,1.0
6221,0.24,0.0,116.0,116.0,0.0,116.0,T2,LV_secondary_T2_T4,300.0,0.3866666666666666,0.3866666666666666,0.0,0.99456,7.1872,4.2178,2.8303,5.0794,CONSTRAINED,voltage,0.07499,1.06955,92.65,1.0
6232,0.24,0.0,221.0,221.0,0.0,221.0,T2,LV_secondary_T2_T4,300.0,0.7366666666666667,0.7366666666666667,0.0,0.99456,7.2329,4.237,2.8374,5.0993,CONSTRAINED,voltage,0.18869,1.18326,92.56,1.0
720,0.24,12.0,205.0,217.0,66.0,3.287878787878788,T2,Main_720-734,300.0,0.7233333333333334,0.6833333333333333,0.22,0.99456,7.0957,4.1795,2.816,5.0396,CAUTION,caution,0.0064,1.00677,92.48,1.0
730,0.24,0.0,132.0,132.0,85.0,1.5529411764705885,T23,Main_720-734,300.0,0.44,0.44,0.2833333333333333,0.94696,11.8872,7.965,5.8252,9.8678,CAUTION,caution,0.00548,1.00648,92.45,1.0
708,0.24,12.0,114.0,126.0,75.0,1.68,T16,Branch_701-708,300.0,0.42,0.38,0.25,0.95801,6.2484,3.6185,2.8328,4.5954,CAUTION,caution,0.00419,1.00608,92.71,1.0
772,0.208,0.0,160.0,160.0,100.0,1.6,T19,Delta_766-772,300.0,0.5333333333333333,0.5333333333333333,0.3333333333333333,0.93424,43.184,29.887,22.1458,37.1977,CAUTION,caution,0.01698,1.00766,92.34,1.0
7122,0.24,0.0,183.0,183.0,0.0,183.0,T18,LV_secondary_T2_T4,300.0,0.61,0.61,0.0,0.95826,7.7724,4.5565,3.3703,5.6675,CAUTION,caution,0.00779,1.00637,92.67,1.0
620,0.24,0.0,117.0,117.0,0.0,117.0,T2,LV_secondary_T2_T4,300.0,0.39,0.39,0.0,0.99456,7.0957,4.1795,2.816,5.0396,CAUTION,caution,0.00372,1.00615,92.62,1.0
732,0.24,0.0,78.0,78.0,25.4,3.070866141732284,T4,Main_720-734,150.0,0.52,0.52,0.1693333333333333,0.92105,16.9926,11.6578,8.5847,14.4776,CAUTION,caution,0.00581,1.00615,92.51,1.0
6201,0.24,0.0,213.0,213.0,0.0,213.0,T2,LV_secondary_T2_T4,300.0,0.71,0.71,0.0,0.99456,7.0957,4.1795,2.816,5.0396,CAUTION,caution,0.00667,1.00675,92.48,1.0
740,0.24,0.0,23.0,23.0,75.0,0.3066666666666666,T5,Main_735-750,150.0,0.1533333333333333,0.1533333333333333,0.5,0.98202,23.0885,14.9212,11.4648,18.8171,SAFE,none,0.00198,1.00562,92.7,0.0
743,0.24,12.0,127.0,139.0,240.0,0.5791666666666667,T7,Main_735-750,300.0,0.4633333333333333,0.4233333333333333,0.8,0.96367,21.8693,15.052,11.1097,18.708,SAFE,none,0.00878,1.00705,92.4,0.0
723,0.24,14.0,205.0,219.0,0.0,219.0,-,Main_720-734,5000.0,0.0438,0.041,0.0,0.99456,7.2329,4.237,2.8374,5.0993,CONSTRAINED,voltage,0.17297,1.18181,92.57,1.0
723,0.24,0.0,179.0,179.0,0.0,179.0,-,Main_720-734,5000.0,0.0358,0.0358,0.0,0.99456,7.2329,4.237,2.8374,5.0993,CONSTRAINED,voltage,0.15749,1.15206,92.6,1.0
7391,0.24,0.0,83.0,83.0,0.0,83.0,T6,LV_secondary_T2_T4,150.0,0.5533333333333333,0.5533333333333333,0.0,0.98477,24.6125,15.6519,11.8507,19.6321,CAUTION,caution,0.00704,1.00626,92.47,1.0
721,0.24,5.0,68.0,73.0,0.0,73.0,-,Main_720-734,5000.0,0.0146,0.0136,0.0,0.99456,7.1414,4.1987,2.8231,5.0595,SAFE,none,0.02415,1.02055,92.69,0.0
6251,0.24,0.0,83.0,83.0,0.0,83.0,T2,LV_secondary_T2_T4,300.0,0.2766666666666666,0.2766666666666666,0.0,0.99456,7.1872,4.2178,2.8303,5.0794,CONSTRAINED,voltage_rise,0.05482,1.04939,92.69,1.0
712,0.24,0.0,108.0,108.0,65.0,1.6615384615384616,T18,Branch_701-708,300.0,0.36,0.36,0.2166666666666666,0.95826,7.7724,4.5565,3.3703,5.6675,CAUTION,caution,0.00466,1.00598,92.72,1.0
748,0.24,0.0,62.0,62.0,76.88,0.8064516129032259,T8,Main_735-750,150.0,0.4133333333333333,0.4133333333333333,0.5125333333333333,0.95585,27.31,18.8387,13.9267,23.4276,SAFE,none,0.0062,1.00616,92.49,0.0
7122,0.24,0.0,219.0,219.0,0.0,219.0,T18,LV_secondary_T2_T4,300.0,0.73,0.73,0.0,0.95826,7.7724,4.5565,3.3703,5.6675,CAUTION,caution,0.00927,1.00655,92.64,1.0
623,0.24,0.0,60.0,60.0,0.0,60.0,T2,LV_secondary_T2_T4,300.0,0.2,0.2,0.0,0.99456,7.2329,4.237,2.8374,5.0993,CONSTRAINED,voltage,0.05836,1.05293,92.72,0.0
623,0.24,0.0,247.0,247.0,0.0,247.0,T2,LV_secondary_T2_T4,300.0,0.8233333333333334,0.8233333333333334,0.0,0.99456,7.2329,4.237,2.8374,5.0993,CONSTRAINED,voltage,0.20722,1.20179,92.55,1.0
6332,0.24,0.0,130.0,130.0,0.0,130.0,T4,LV_secondary_T2_T4,150.0,0.8666666666666667,0.8666666666666667,0.0,0.91348,17.0383,11.6797,8.589,14.4978,CONSTRAINED,voltage_rise,0.06011,1.00657,92.44,1.0
7693,0.24,14.0,193.0,207.0,0.0,207.0,T22,LV_secondary_T2_T4,150.0,1.38,1.2866666666666666,0.0,0.95405,44.5068,31.369,22.8385,38.8022,CONSTRAINED,transformer_loading,0.02855,1.00839,112.93,1.0
770,0.24,0.0,100.0,100.0,450.0,0.2222222222222222,T15,Delta_766-772,1500.0,0.0666666666666666,0.0666666666666666,0.3,0.95059,44.5068,31.369,22.8385,38.8022,SAFE,none,0.01246,1.00696,92.41,0.0
7691,0.24,0.0,169.0,169.0,0.0,169.0,T22,LV_secondary_T2_T4,150.0,1.1266666666666667,1.1266666666666667,0.0,0.95405,44.5068,31.369,22.8385,38.8022,CAUTION,caution,0.02542,1.00788,92.32,1.0
7692,0.24,12.0,211.0,223.0,0.0,223.0,T22,LV_secondary_T2_T4,150.0,1.4866666666666666,1.4066666666666667,0.0,0.95405,44.5068,31.369,22.8385,38.8022,CONSTRAINED,transformer_loading,0.03108,1.0086,123.43,1.0
625,0.24,6.0,210.0,216.0,0.0,216.0,T2,LV_secondary_T2_T4,300.0,0.72,0.7,0.0,0.99456,7.1872,4.2178,2.8303,5.0794,CONSTRAINED,voltage,0.1275,1.12626,92.54,1.0
7393,0.24,0.0,212.0,212.0,0.0,212.0,T6,LV_secondary_T2_T4,150.0,1.413333333333333,1.413333333333333,0.0,0.98477,24.6125,15.6519,11.8507,19.6321,CONSTRAINED,transformer_loading,0.01747,1.00754,114.39,1.0
6261,0.24,0.0,50.0,50.0,0.0,50.0,T2,LV_secondary_T2_T4,300.0,0.1666666666666666,0.1666666666666666,0.0,0.99456,7.2329,4.237,2.8374,5.0993,CAUTION,caution,0.04911,1.04368,92.73,0.0
7122,0.24,11.0,139.0,150.0,0.0,150.0,T18,LV_secondary_T2_T4,300.0,0.5,0.4633333333333333,0.0,0.95826,7.7724,4.5565,3.3703,5.6675,CAUTION,caution,0.00594,1.0062,92.69,1.0
7481,0.24,0.0,250.0,250.0,0.0,250.0,T8,LV_secondary_T2_T4,150.0,1.6666666666666667,1.6666666666666667,0.0,0.95585,27.31,18.8387,13.9267,23.4276,CONSTRAINED,transformer_loading,0.02385,1.00833,121.9,1.0
772,0.208,0.0,134.0,134.0,100.0,1.34,T19,Delta_766-772,300.0,0.4466666666666666,0.4466666666666666,0.3333333333333333,0.93424,43.184,29.887,22.1458,37.1977,CAUTION,caution,0.0143,1.00731,92.37,1.0
7642,0.24,13.0,163.0,176.0,0.0,176.0,T14,LV_secondary_T2_T4,150.0,1.1733333333333331,1.086666666666667,0.0,0.9365,42.617,29.4074,21.7473,36.5751,CAUTION,caution,0.02009,1.00781,92.32,1.0
722,0.24,14.0,170.0,184.0,0.0,184.0,-,Main_720-734,5000.0,0.0368,0.034,0.0,0.99456,7.1872,4.2178,2.8303,5.0794,CONSTRAINED,voltage,0.10448,1.10876,92.57,1.0
6222,0.24,0.0,60.0,60.0,0.0,60.0,T2,LV_secondary_T2_T4,300.0,0.2,0.2,0.0,0.99456,7.1872,4.2178,2.8303,5.0794,CAUTION,caution,0.04025,1.03482,92.72,0.0
7483,0.24,14.0,202.0,216.0,0.0,216.0,T8,LV_secondary_T2_T4,150.0,1.44,1.346666666666667,0.0,0.95585,27.31,18.8387,13.9267,23.4276,CONSTRAINED,transformer_loading,0.01936,1.00796,100.05,1.0
712,0.24,10.0,167.0,177.0,65.0,2.723076923076923,T18,Branch_701-708,300.0,0.59,0.5566666666666666,0.2166666666666666,0.95826,7.7724,4.5565,3.3703,5.6675,CAUTION,caution,0.00711,1.00634,92.67,1.0
6261,0.24,11.0,88.0,99.0,0.0,99.0,T2,LV_secondary_T2_T4,300.0,0.33,0.2933333333333333,0.0,0.99456,7.2329,4.237,2.8374,5.0993,CONSTRAINED,voltage,0.08165,1.08747,92.67,1.0
769,0.24,0.0,201.0,201.0,41.0,4.902439024390244,T22,Delta_766-772,150.0,1.34,1.34,0.2733333333333333,0.95405,44.5068,31.369,22.8385,38.8022,CONSTRAINED,transformer_loading,0.02993,1.00831,108.98,1.0
624,0.24,0.0,168.0,168.0,0.0,168.0,T2,LV_secondary_T2_T4,300.0,0.56,0.56,0.0,0.99456,7.1414,4.1987,2.8231,5.0595,CONSTRAINED,voltage,0.05768,1.05225,92.57,1.0
7122,0.24,8.0,144.0,152.0,0.0,152.0,T18,LV_secondary_T2_T4,300.0,0.5066666666666667,0.48,0.0,0.95826,7.7724,4.5565,3.3703,5.6675,CAUTION,caution,0.00616,1.00621,92.69,1.0
722,0.24,3.0,169.0,172.0,0.0,172.0,-,Main_720-734,5000.0,0.0344,0.0338,0.0,0.99456,7.1872,4.2178,2.8303,5.0794,CONSTRAINED,voltage,0.10538,1.10205,92.59,1.0
633,0.24,0.0,79.0,79.0,0.0,79.0,T4,LV_secondary_T2_T4,150.0,0.5266666666666666,0.5266666666666666,0.0,0.91348,17.0383,11.6797,8.589,14.4978,CAUTION,caution,0.03751,1.00614,92.51,1.0
708,0.24,0.0,246.0,246.0,75.0,3.28,T16,Branch_701-708,300.0,0.82,0.82,0.25,0.95801,6.2484,3.6185,2.8328,4.5954,CAUTION,caution,0.00886,1.00668,92.63,1.0
6321,0.24,0.0,39.0,39.0,0.0,39.0,T4,LV_secondary_T2_T4,150.0,0.26,0.26,0.0,0.92105,16.9926,11.6578,8.5847,14.4776,SAFE,none,0.00293,1.00576,92.65,0.0
632,0.24,9.0,134.0,143.0,0.0,143.0,T4,LV_secondary_T2_T4,150.0,0.9533333333333334,0.8933333333333333,0.0,0.92105,16.9926,11.6578,8.5847,14.4776,CAUTION,caution,0.0098,1.00676,92.42,1.0
721,0.24,0.0,156.0,156.0,0.0,156.0,-,Main_720-734,5000.0,0.0312,0.0312,0.0,0.99456,7.1414,4.1987,2.8231,5.0595,CONSTRAINED,voltage_rise,0.05379,1.04836,92.59,1.0
756,0.208,0.0,44.0,44.0,155.0,0.2838709677419355,T11,Branch_752-765,300.0,0.1466666666666666,0.1466666666666666,0.5166666666666667,0.93609,39.8129,27.5407,20.4003,34.2734,SAFE,none,0.00485,1.00603,92.56,0.0
7122,0.24,0.0,148.0,148.0,0.0,148.0,T18,LV_secondary_T2_T4,300.0,0.4933333333333333,0.4933333333333333,0.0,0.95826,7.7724,4.5565,3.3703,5.6675,CAUTION,caution,0.00634,1.00619,92.69,1.0
724,0.24,12.0,180.0,192.0,0.0,192.0,-,Main_720-734,5000.0,0.0384,0.036,0.0,0.99456,7.1414,4.1987,2.8231,5.0595,CONSTRAINED,voltage,0.06097,1.05992,92.54,1.0
769,0.24,10.0,23.0,33.0,41.0,0.8048780487804879,T22,Delta_766-772,150.0,0.22,0.1533333333333333,0.2733333333333333,0.95405,44.5068,31.369,22.8385,38.8022,SAFE,none,0.0036,1.00589,92.61,0.0
623,0.24,0.0,72.0,72.0,0.0,72.0,T2,LV_secondary_T2_T4,300.0,0.24,0.24,0.0,0.99456,7.2329,4.237,2.8374,5.0993,CONSTRAINED,voltage,0.06924,1.06381,92.7,0.0
6321,0.24,0.0,218.0,218.0,0.0,218.0,T4,LV_secondary_T2_T4,150.0,1.4533333333333334,1.4533333333333334,0.0,0.92105,16.9926,11.6578,8.5847,14.4776,CONSTRAINED,transformer_loading,0.0157,1.00742,126.46,1.0
6221,0.24,0.0,70.0,70.0,0.0,70.0,T2,LV_secondary_T2_T4,300.0,0.2333333333333333,0.2333333333333333,0.0,0.99456,7.1872,4.2178,2.8303,5.0794,CAUTION,caution,0.04664,1.04121,92.7,0.0
6332,0.24,13.0,185.0,198.0,0.0,198.0,T4,LV_secondary_T2_T4,150.0,1.32,1.2333333333333334,0.0,0.91348,17.0383,11.6797,8.589,14.4978,CONSTRAINED,voltage_rise,0.0822,1.00708,104.18,1.0
6212,0.24,0.0,72.0,72.0,0.0,72.0,T2,LV_secondary_T2_T4,300.0,0.24,0.24,0.0,0.99456,7.1414,4.1987,2.8231,5.0595,SAFE,none,0.02564,1.02021,92.7,0.0
7642,0.24,4.0,69.0,73.0,0.0,73.0,T14,LV_secondary_T2_T4,150.0,0.4866666666666667,0.46,0.0,0.9365,42.617,29.4074,21.7473,36.5751,CAUTION,caution,0.00878,1.00643,92.46,1.0
751,0.48,9.0,136.0,145.0,0.0,145.0,T9,other,1500.0,0.0966666666666666,0.0906666666666666,0.0,0.9685,34.4789,23.8283,17.6385,29.6463,SAFE,none,0.00975,1.00711,92.39,0.0
724,0.24,8.0,97.0,105.0,0.0,105.0,-,Main_720-734,5000.0,0.021,0.0194,0.0,0.99456,7.1414,4.1987,2.8231,5.0595,CAUTION,caution,0.03398,1.03148,92.65,1.0
770,0.24,13.0,158.0,171.0,450.0,0.38,T15,Delta_766-772,1500.0,0.114,0.1053333333333333,0.3,0.95059,44.5068,31.369,22.8385,38.8022,SAFE,none,0.01932,1.00803,92.3,0.0
722,0.24,0.0,159.0,159.0,0.0,159.0,-,Main_720-734,5000.0,0.0318,0.0318,0.0,0.99456,7.1872,4.2178,2.8303,5.0794,CONSTRAINED,voltage,0.10012,1.09469,92.6,1.0
726,0.24,0.0,51.0,51.0,0.0,51.0,-,Main_720-734,5000.0,0.0102,0.0102,0.0,0.99456,7.2329,4.237,2.8374,5.0993,CONSTRAINED,voltage_rise,0.05004,1.04461,92.73,0.0
724,0.24,15.0,101.0,116.0,0.0,116.0,-,Main_720-734,5000.0,0.0232,0.0202,0.0,0.99456,7.1414,4.1987,2.8231,5.0595,CAUTION,caution,0.03514,1.03517,92.64,1.0
620,0.24,0.0,206.0,206.0,0.0,206.0,T2,LV_secondary_T2_T4,300.0,0.6866666666666666,0.6866666666666666,0.0,0.99456,7.0957,4.1795,2.816,5.0396,CAUTION,caution,0.00646,1.00671,92.49,1.0
734,0.24,0.0,66.0,66.0,15.85,4.16403785488959,-,Main_720-734,5000.0,0.0132,0.0132,0.00317,0.90591,17.084,11.7015,8.5933,14.5179,CONSTRAINED,voltage_rise,0.05751,1.006,92.56,1.0
6202,0.24,0.0,110.0,110.0,0.0,110.0,T2,LV_secondary_T2_T4,300.0,0.3666666666666666,0.3666666666666666,0.0,0.99456,7.0957,4.1795,2.816,5.0396,CAUTION,caution,0.0035,1.0061,92.63,1.0
710,0.208,5.0,45.0,50.0,80.0,0.625,T17,Branch_701-708,300.0,0.1666666666666666,0.15,0.2666666666666666,0.95736,7.0104,4.008,2.9713,4.9893,SAFE,none,0.0018,1.00566,92.76,0.0
7693,0.24,0.0,60.0,60.0,0.0,60.0,T22,LV_secondary_T2_T4,150.0,0.4,0.4,0.0,0.95405,44.5068,31.369,22.8385,38.8022,CAUTION,caution,0.00935,1.00631,92.47,1.0
7693,0.24,0.0,205.0,205.0,0.0,205.0,T22,LV_secondary_T2_T4,150.0,1.3666666666666667,1.3666666666666667,0.0,0.95405,44.5068,31.369,22.8385,38.8022,CONSTRAINED,transformer_loading,0.03049,1.00836,111.61,1.0
623,0.24,0.0,96.0,96.0,0.0,96.0,T2,LV_secondary_T2_T4,300.0,0.32,0.32,0.0,0.99456,7.2329,4.237,2.8374,5.0993,CONSTRAINED,voltage,0.09033,1.0849,92.68,1.0
708,0.24,0.0,86.0,86.0,75.0,1.1466666666666667,T16,Branch_701-708,300.0,0.2866666666666667,0.2866666666666667,0.25,0.95801,6.2484,3.6185,2.8328,4.5954,CAUTION,caution,0.0032,1.00586,92.74,1.0
6212,0.24,0.0,237.0,237.0,0.0,237.0,T2,LV_secondary_T2_T4,300.0,0.79,0.79,0.0,0.99456,7.1414,4.1987,2.8231,5.0595,CONSTRAINED,voltage,0.07941,1.07398,92.49,1.0
708,0.24,0.0,140.0,140.0,75.0,1.8666666666666667,T16,Branch_701-708,300.0,0.4666666666666667,0.4666666666666667,0.25,0.95801,6.2484,3.6185,2.8328,4.5954,CAUTION,caution,0.00515,1.00615,92.7,1.0
6232,0.24,8.0,185.0,193.0,0.0,193.0,T2,LV_secondary_T2_T4,300.0,0.6433333333333333,0.6166666666666667,0.0,0.99456,7.2329,4.237,2.8374,5.0993,CONSTRAINED,voltage,0.15986,1.16265,92.59,1.0
7121,0.24,0.0,235.0,235.0,0.0,235.0,T18,LV_secondary_T2_T4,300.0,0.7833333333333333,0.7833333333333333,0.0,0.95826,7.7724,4.5565,3.3703,5.6675,CAUTION,caution,0.00991,1.00662,92.63,1.0
759,0.24,0.0,157.0,157.0,35.0,4.485714285714286,T12,Branch_752-765,150.0,1.0466666666666666,1.0466666666666666,0.2333333333333333,0.93737,40.2701,27.7136,20.528,34.4883,CAUTION,caution,0.01885,1.00753,92.35,1.0
7692,0.24,3.0,139.0,142.0,0.0,142.0,T22,LV_secondary_T2_T4,150.0,0.9466666666666668,0.9266666666666666,0.0,0.95405,44.5068,31.369,22.8385,38.8022,CAUTION,caution,0.02107,1.00751,92.35,1.0
725,0.24,0.0,90.0,90.0,0.0,90.0,-,Main_720-734,5000.0,0.018,0.018,0.0,0.99456,7.1872,4.2178,2.8303,5.0794,CONSTRAINED,voltage,0.05916,1.05373,92.68,1.0
720,0.24,0.0,173.0,173.0,66.0,2.621212121212121,T2,Main_720-734,300.0,0.5766666666666667,0.5766666666666667,0.22,0.99456,7.0957,4.1795,2.816,5.0396,CAUTION,caution,0.00545,1.0065,92.54,1.0
6222,0.24,0.0,236.0,236.0,0.0,236.0,T2,LV_secondary_T2_T4,300.0,0.7866666666666666,0.7866666666666666,0.0,0.99456,7.1872,4.2178,2.8303,5.0794,CONSTRAINED,voltage,0.14234,1.13691,92.53,1.0
6211,0.24,0.0,110.0,110.0,0.0,110.0,T2,LV_secondary_T2_T4,300.0,0.3666666666666666,0.3666666666666666,0.0,0.99456,7.1414,4.1987,2.8231,5.0595,CAUTION,caution,0.03859,1.03316,92.64,1.0
6222,0.24,0.0,80.0,80.0,0.0,80.0,T2,LV_secondary_T2_T4,300.0,0.2666666666666666,0.2666666666666666,0.0,0.99456,7.1872,4.2178,2.8303,5.0794,CONSTRAINED,voltage_rise,0.05294,1.04751,92.69,1.0
733,0.24,0.0,146.0,146.0,0.0,146.0,-,Main_720-734,5000.0,0.0292,0.0292,0.0,0.91348,17.0383,11.6797,8.589,14.4978,CONSTRAINED,voltage_rise,0.06697,1.0067,92.43,1.0
764,0.24,14.0,180.0,194.0,46.0,4.217391304347826,T14,Branch_752-765,150.0,1.2933333333333332,1.2,0.3066666666666666,0.9365,42.617,29.4074,21.7473,36.5751,CONSTRAINED,transformer_loading,0.02207,1.00803,104.17,1.0
6222,0.24,0.0,142.0,142.0,0.0,142.0,T2,LV_secondary_T2_T4,300.0,0.4733333333333333,0.4733333333333333,0.0,0.99456,7.1872,4.2178,2.8303,5.0794,CONSTRAINED,voltage,0.09033,1.0849,92.62,1.0
716,0.48,0.0,88.0,88.0,15.85,5.55205047318612,T24(HV),Branch_701-708,300.0,0.2933333333333333,0.2933333333333333,0.0528333333333333,0.97763,0.9144,0.4676,0.2627,0.5363,CONSTRAINED,transformer_loading,0.04756,1.0252,237.32,0.0
751,0.48,0.0,132.0,132.0,0.0,132.0,T9,other,1500.0,0.088,0.088,0.0,0.9685,34.4789,23.8283,17.6385,29.6463,SAFE,none,0.0095,1.00696,92.41,0.0
626,0.24,14.0,55.0,69.0,0.0,69.0,T2,LV_secondary_T2_T4,300.0,0.23,0.1833333333333333,0.0,0.99456,7.2329,4.237,2.8374,5.0993,CONSTRAINED,voltage,0.05227,1.06111,92.71,0.0
6211,0.24,0.0,187.0,187.0,0.0,187.0,T2,LV_secondary_T2_T4,300.0,0.6233333333333333,0.6233333333333333,0.0,0.99456,7.1414,4.1987,2.8231,5.0595,CONSTRAINED,voltage,0.06376,1.05833,92.55,1.0
726,0.24,0.0,183.0,183.0,0.0,183.0,-,Main_720-734,5000.0,0.0366,0.0366,0.0,0.99456,7.2329,4.237,2.8374,5.0993,CONSTRAINED,voltage,0.16054,1.15511,92.59,1.0
759,0.24,0.0,144.0,144.0,35.0,4.114285714285714,T12,Branch_752-765,150.0,0.96,0.96,0.2333333333333333,0.93737,40.2701,27.7136,20.528,34.4883,CAUTION,caution,0.01735,1.00736,92.37,1.0
769,0.24,6.0,160.0,166.0,41.0,4.048780487804878,T22,Delta_766-772,150.0,1.106666666666667,1.0666666666666669,0.2733333333333333,0.95405,44.5068,31.369,22.8385,38.8022,CAUTION,caution,0.02404,1.00784,92.32,1.0
6262,0.24,0.0,20.0,20.0,0.0,20.0,T2,LV_secondary_T2_T4,300.0,0.0666666666666666,0.0666666666666666,0.0,0.99456,7.2329,4.237,2.8374,5.0993,SAFE,none,0.02026,1.01483,92.77,0.0
740,0.24,8.0,221.0,229.0,75.0,3.053333333333333,T5,Main_735-750,150.0,1.5266666666666666,1.4733333333333334,0.5,0.98202,23.0885,14.9212,11.4648,18.8171,CONSTRAINED,transformer_loading,0.01809,1.00775,105.19,1.0
715,0.208,0.0,180.0,180.0,0.0,180.0,-,Branch_701-708,5000.0,0.036,0.036,0.0,0.99083,0.9144,0.4676,0.2627,0.5363,SAFE,none,0.00426,1.00642,92.66,0.0
7392,0.24,0.0,143.0,143.0,0.0,143.0,T6,LV_secondary_T2_T4,150.0,0.9533333333333334,0.9533333333333334,0.0,0.98477,24.6125,15.6519,11.8507,19.6321,CAUTION,caution,0.01197,1.00688,92.41,1.0
6241,0.24,0.0,160.0,160.0,0.0,160.0,T2,LV_secondary_T2_T4,300.0,0.5333333333333333,0.5333333333333333,0.0,0.99456,7.1414,4.1987,2.8231,5.0595,CONSTRAINED,voltage_rise,0.05509,1.04966,92.58,1.0
708,0.24,14.0,236.0,250.0,75.0,3.333333333333333,T16,Branch_701-708,300.0,0.8333333333333334,0.7866666666666666,0.25,0.95801,6.2484,3.6185,2.8328,4.5954,CAUTION,caution,0.00847,1.0067,92.62,1.0
721,0.24,0.0,100.0,100.0,0.0,100.0,-,Main_720-734,5000.0,0.02,0.02,0.0,0.99456,7.1414,4.1987,2.8231,5.0595,CAUTION,caution,0.03522,1.02979,92.66,1.0
756,0.208,0.0,159.0,159.0,155.0,1.0258064516129033,T11,Branch_752-765,300.0,0.53,0.53,0.5166666666666667,0.93609,39.8129,27.5407,20.4003,34.2734,SAFE,none,0.01704,1.00765,92.34,0.0
7481,0.24,0.0,166.0,166.0,0.0,166.0,T8,LV_secondary_T2_T4,150.0,1.106666666666667,1.106666666666667,0.0,0.95585,27.31,18.8387,13.9267,23.4276,CAUTION,caution,0.01616,1.00741,92.36,1.0
733,0.24,0.0,120.0,120.0,0.0,120.0,-,Main_720-734,5000.0,0.024,0.024,0.0,0.91348,17.0383,11.6797,8.589,14.4978,CONSTRAINED,voltage_rise,0.05577,1.00649,92.45,1.0
622,0.24,15.0,152.0,167.0,0.0,167.0,T2,LV_secondary_T2_T4,300.0,0.5566666666666666,0.5066666666666667,0.0,0.99456,7.1872,4.2178,2.8303,5.0794,CONSTRAINED,voltage,0.09426,1.09923,92.59,1.0
7391,0.24,0.0,138.0,138.0,0.0,138.0,T6,LV_secondary_T2_T4,150.0,0.92,0.92,0.0,0.98477,24.6125,15.6519,11.8507,19.6321,CAUTION,caution,0.01156,1.00683,92.42,1.0
7483,0.24,0.0,18.0,18.0,0.0,18.0,T8,LV_secondary_T2_T4,150.0,0.12,0.12,0.0,0.95585,27.31,18.8387,13.9267,23.4276,SAFE,none,0.00182,1.0056,92.71,0.0
7483,0.24,0.0,144.0,144.0,0.0,144.0,T8,LV_secondary_T2_T4,150.0,0.96,0.96,0.0,0.95585,27.31,18.8387,13.9267,23.4276,CAUTION,caution,0.0141,1.00715,92.39,1.0
721,0.24,0.0,167.0,167.0,0.0,167.0,-,Main_720-734,5000.0,0.0334,0.0334,0.0,0.99456,7.1414,4.1987,2.8231,5.0595,CONSTRAINED,voltage,0.05736,1.05192,92.57,1.0
6201,0.24,0.0,100.0,100.0,0.0,100.0,T2,LV_secondary_T2_T4,300.0,0.3333333333333333,0.3333333333333333,0.0,0.99456,7.0957,4.1795,2.816,5.0396,CAUTION,caution,0.00319,1.00604,92.65,1.0
733,0.24,10.0,212.0,222.0,0.0,222.0,-,Main_720-734,5000.0,0.0444,0.0424,0.0,0.91348,17.0383,11.6797,8.589,14.4978,CONSTRAINED,voltage_rise,0.09333,1.01176,118.74,1.0
710,0.208,0.0,102.0,102.0,80.0,1.275,T17,Branch_701-708,300.0,0.34,0.34,0.2666666666666666,0.95736,7.0104,4.008,2.9713,4.9893,CAUTION,caution,0.00405,1.00595,92.73,1.0
633,0.24,0.0,55.0,55.0,0.0,55.0,T4,LV_secondary_T2_T4,150.0,0.3666666666666666,0.3666666666666666,0.0,0.91348,17.0383,11.6797,8.589,14.4978,CAUTION,caution,0.02646,1.00592,92.6,1.0
732,0.24,0.0,97.0,97.0,25.4,3.818897637795276,T4,Main_720-734,150.0,0.6466666666666666,0.6466666666666666,0.1693333333333333,0.92105,16.9926,11.6578,8.5847,14.4776,CAUTION,caution,0.00719,1.00633,92.47,1.0
633,0.24,0.0,90.0,90.0,0.0,90.0,T4,LV_secondary_T2_T4,150.0,0.6,0.6,0.0,0.91348,17.0383,11.6797,8.589,14.4978,CAUTION,caution,0.04248,1.00623,92.48,1.0
770,0.24,0.0,249.0,249.0,450.0,0.5533333333333333,T15,Delta_766-772,1500.0,0.166,0.166,0.3,0.95059,44.5068,31.369,22.8385,38.8022,CAUTION,caution,0.03004,1.00914,92.19,0.0
633,0.24,0.0,204.0,204.0,0.0,204.0,T4,LV_secondary_T2_T4,150.0,1.36,1.36,0.0,0.91348,17.0383,11.6797,8.589,14.4978,CONSTRAINED,voltage_rise,0.09104,1.00712,107.84,1.0
7121,0.24,0.0,208.0,208.0,0.0,208.0,T18,LV_secondary_T2_T4,300.0,0.6933333333333334,0.6933333333333334,0.0,0.95826,7.7724,4.5565,3.3703,5.6675,CAUTION,caution,0.00882,1.00649,92.65,1.0
6212,0.24,10.0,30.0,40.0,0.0,40.0,T2,LV_secondary_T2_T4,300.0,0.1333333333333333,0.1,0.0,0.99456,7.1414,4.1987,2.8231,5.0595,SAFE,none,0.01078,1.009,92.74,0.0
6212,0.24,10.0,177.0,187.0,0.0,187.0,T2,LV_secondary_T2_T4,300.0,0.6233333333333333,0.59,0.0,0.99456,7.1414,4.1987,2.8231,5.0595,CONSTRAINED,voltage,0.06011,1.05833,92.55,1.0
6211,0.24,0.0,229.0,229.0,0.0,229.0,T2,LV_secondary_T2_T4,300.0,0.7633333333333333,0.7633333333333333,0.0,0.99456,7.1414,4.1987,2.8231,5.0595,CONSTRAINED,voltage,0.07694,1.07151,92.5,1.0
7481,0.24,0.0,242.0,242.0,0.0,242.0,T8,LV_secondary_T2_T4,150.0,1.6133333333333333,1.6133333333333333,0.0,0.95585,27.31,18.8387,13.9267,23.4276,CONSTRAINED,transformer_loading,0.02313,1.00825,116.74,1.0
621,0.24,0.0,93.0,93.0,0.0,93.0,T2,LV_secondary_T2_T4,300.0,0.31,0.31,0.0,0.99456,7.1414,4.1987,2.8231,5.0595,CAUTION,caution,0.03284,1.02741,92.67,1.0
6211,0.24,0.0,227.0,227.0,0.0,227.0,T2,LV_secondary_T2_T4,300.0,0.7566666666666667,0.7566666666666667,0.0,0.99456,7.1414,4.1987,2.8231,5.0595,CONSTRAINED,voltage,0.07632,1.07089,92.5,1.0
723,0.24,0.0,78.0,78.0,0.0,78.0,-,Main_720-734,5000.0,0.0156,0.0156,0.0,0.99456,7.2329,4.237,2.8374,5.0993,CONSTRAINED,voltage,0.07459,1.06916,92.7,0.0
6332,0.24,0.0,22.0,22.0,0.0,22.0,T4,LV_secondary_T2_T4,150.0,0.1466666666666666,0.1466666666666666,0.0,0.91348,17.0383,11.6797,8.589,14.4978,SAFE,none,0.01079,1.00559,92.72,0.0
764,0.24,0.0,34.0,34.0,46.0,0.7391304347826086,T14,Branch_752-765,150.0,0.2266666666666666,0.2266666666666666,0.3066666666666666,0.9365,42.617,29.4074,21.7473,36.5751,SAFE,none,0.00438,1.00587,92.61,0.0
7482,0.24,15.0,55.0,70.0,0.0,70.0,T8,LV_secondary_T2_T4,150.0,0.4666666666666667,0.3666666666666666,0.0,0.95585,27.31,18.8387,13.9267,23.4276,SAFE,none,0.00546,1.00626,92.47,0.0
733,0.24,0.0,100.0,100.0,0.0,100.0,-,Main_720-734,5000.0,0.02,0.02,0.0,0.91348,17.0383,11.6797,8.589,14.4978,CAUTION,caution,0.04695,1.00632,92.47,1.0
764,0.24,0.0,239.0,239.0,46.0,5.195652173913044,T14,Branch_752-765,150.0,1.5933333333333333,1.5933333333333333,0.3066666666666666,0.9365,42.617,29.4074,21.7473,36.5751,CONSTRAINED,transformer_loading,0.02906,1.00859,134.34,1.0
714,0.208,3.0,63.0,66.0,240.0,0.275,T24,Branch_701-708,30.0,2.2,2.1,8.0,0.99083,0.9144,0.4676,0.2627,0.5363,SAFE,none,0.00152,1.00576,92.75,0.0
748,0.24,7.0,146.0,153.0,76.88,1.990114464099896,T8,Main_735-750,150.0,1.02,0.9733333333333334,0.5125333333333333,0.95585,27.31,18.8387,13.9267,23.4276,CAUTION,caution,0.01423,1.00726,92.38,1.0
772,0.208,0.0,242.0,242.0,100.0,2.42,T19,Delta_766-772,300.0,0.8066666666666666,0.8066666666666666,0.3333333333333333,0.93424,43.184,29.887,22.1458,37.1977,CAUTION,caution,0.02522,1.00874,92.23,1.0
748,0.24,0.0,213.0,213.0,76.88,2.770551508844953,T8,Main_735-750,150.0,1.42,1.42,0.5125333333333333,0.95585,27.31,18.8387,13.9267,23.4276,CAUTION,caution,0.0205,1.00793,98.13,1.0
7481,0.24,0.0,40.0,40.0,0.0,40.0,T8,LV_secondary_T2_T4,150.0,0.2666666666666666,0.2666666666666666,0.0,0.95585,27.31,18.8387,13.9267,23.4276,SAFE,none,0.00402,1.00588,92.6,0.0
769,0.24,0.0,152.0,152.0,41.0,3.707317073170732,T22,Delta_766-772,150.0,1.0133333333333334,1.0133333333333334,0.2733333333333333,0.95405,44.5068,31.369,22.8385,38.8022,CAUTION,caution,0.02299,1.00765,92.34,1.0
7483,0.24,3.0,217.0,220.0,0.0,220.0,T8,LV_secondary_T2_T4,150.0,1.4666666666666666,1.4466666666666668,0.0,0.95585,27.31,18.8387,13.9267,23.4276,CONSTRAINED,transformer_loading,0.02083,1.00801,102.6,1.0
710,0.208,0.0,57.0,57.0,80.0,0.7125,T17,Branch_701-708,300.0,0.19,0.19,0.2666666666666666,0.95736,7.0104,4.008,2.9713,4.9893,SAFE,none,0.00228,1.0057,92.76,0.0
6242,0.24,0.0,110.0,110.0,0.0,110.0,T2,LV_secondary_T2_T4,300.0,0.3666666666666666,0.3666666666666666,0.0,0.99456,7.1414,4.1987,2.8231,5.0595,CAUTION,caution,0.03859,1.03316,92.64,1.0
710,0.208,0.0,108.0,108.0,80.0,1.35,T17,Branch_701-708,300.0,0.36,0.36,0.2666666666666666,0.95736,7.0104,4.008,2.9713,4.9893,CAUTION,caution,0.00428,1.00598,92.72,1.0
7392,0.24,15.0,102.0,117.0,0.0,117.0,T6,LV_secondary_T2_T4,150.0,0.78,0.68,0.0,0.98477,24.6125,15.6519,11.8507,19.6321,CAUTION,caution,0.00856,1.00662,92.44,1.0
6221,0.24,7.0,84.0,91.0,0.0,91.0,T2,LV_secondary_T2_T4,300.0,0.3033333333333333,0.28,0.0,0.99456,7.1872,4.2178,2.8303,5.0794,CONSTRAINED,voltage,0.0549,1.05435,92.68,1.0
7392,0.24,14.0,191.0,205.0,0.0,205.0,T6,LV_secondary_T2_T4,150.0,1.3666666666666667,1.2733333333333334,0.0,0.98477,24.6125,15.6519,11.8507,19.6321,CONSTRAINED,transformer_loading,0.01571,1.00748,109.83,1.0
714,0.208,0.0,85.0,85.0,240.0,0.3541666666666667,T24,Branch_701-708,30.0,2.833333333333333,2.833333333333333,8.0,0.99083,0.9144,0.4676,0.2627,0.5363,SAFE,none,0.00204,1.00588,92.74,0.0
6222,0.24,0.0,85.0,85.0,0.0,85.0,T2,LV_secondary_T2_T4,300.0,0.2833333333333333,0.2833333333333333,0.0,0.99456,7.1872,4.2178,2.8303,5.0794,CONSTRAINED,voltage,0.05606,1.05063,92.68,1.0
722,0.24,0.0,65.0,65.0,0.0,65.0,-,Main_720-734,5000.0,0.013,0.013,0.0,0.99456,7.1872,4.2178,2.8303,5.0794,CAUTION,caution,0.04346,1.03803,92.71,0.0
6212,0.24,0.0,246.0,246.0,0.0,246.0,T2,LV_secondary_T2_T4,300.0,0.82,0.82,0.0,0.99456,7.1414,4.1987,2.8231,5.0595,CONSTRAINED,voltage,0.08218,1.07675,92.48,1.0
6241,0.24,0.0,196.0,196.0,0.0,196.0,T2,LV_secondary_T2_T4,300.0,0.6533333333333333,0.6533333333333333,0.0,0.99456,7.1414,4.1987,2.8231,5.0595,CONSTRAINED,voltage,0.06662,1.06119,92.54,1.0
620,0.24,0.0,166.0,166.0,0.0,166.0,T2,LV_secondary_T2_T4,300.0,0.5533333333333333,0.5533333333333333,0.0,0.99456,7.0957,4.1795,2.816,5.0396,CAUTION,caution,0.00524,1.00646,92.55,1.0
715,0.208,0.0,65.0,65.0,0.0,65.0,-,Branch_701-708,5000.0,0.013,0.013,0.0,0.99083,0.9144,0.4676,0.2627,0.5363,SAFE,none,0.00157,1.00576,92.75,0.0
6322,0.24,0.0,103.0,103.0,0.0,103.0,T4,LV_secondary_T2_T4,150.0,0.6866666666666666,0.6866666666666666,0.0,0.92105,16.9926,11.6578,8.5847,14.4776,CAUTION,caution,0.00762,1.00639,92.46,1.0
769,0.24,0.0,124.0,124.0,41.0,3.024390243902439,T22,Delta_766-772,150.0,0.8266666666666667,0.8266666666666667,0.2733333333333333,0.95405,44.5068,31.369,22.8385,38.8022,CAUTION,caution,0.01892,1.00726,92.38,1.0
7641,0.24,0.0,19.0,19.0,0.0,19.0,T14,LV_secondary_T2_T4,150.0,0.1266666666666666,0.1266666666666666,0.0,0.9365,42.617,29.4074,21.7473,36.5751,SAFE,none,0.00246,1.00565,92.7,0.0
7483,0.24,0.0,237.0,237.0,0.0,237.0,T8,LV_secondary_T2_T4,150.0,1.58,1.58,0.0,0.95585,27.31,18.8387,13.9267,23.4276,CONSTRAINED,transformer_loading,0.02268,1.00819,113.52,1.0
772,0.208,0.0,34.0,34.0,100.0,0.34,T19,Delta_766-772,300.0,0.1133333333333333,0.1133333333333333,0.3333333333333333,0.93424,43.184,29.887,22.1458,37.1977,SAFE,none,0.00371,1.00588,92.61,0.0
739,0.24,5.0,15.0,20.0,41.1,0.48661800486618,T6,Main_735-750,150.0,0.1333333333333333,0.1,0.274,0.98477,24.6125,15.6519,11.8507,19.6321,SAFE,none,0.00129,1.00559,92.72,0.0
6252,0.24,0.0,94.0,94.0,0.0,94.0,T2,LV_secondary_T2_T4,300.0,0.3133333333333333,0.3133333333333333,0.0,0.99456,7.1872,4.2178,2.8303,5.0794,CONSTRAINED,voltage,0.06163,1.0562,92.67,1.0
6261,0.24,0.0,210.0,210.0,0.0,210.0,T2,LV_secondary_T2_T4,300.0,0.7,0.7,0.0,0.99456,7.2329,4.237,2.8374,5.0993,CONSTRAINED,voltage,0.18068,1.17525,92.57,1.0
621,0.24,3.0,199.0,202.0,0.0,202.0,T2,LV_secondary_T2_T4,300.0,0.6733333333333333,0.6633333333333333,0.0,0.99456,7.1414,4.1987,2.8231,5.0595,CONSTRAINED,voltage,0.06741,1.06308,92.53,1.0
6221,0.24,12.0,156.0,168.0,0.0,168.0,T2,LV_secondary_T2_T4,300.0,0.56,0.52,0.0,0.99456,7.1872,4.2178,2.8303,5.0794,CONSTRAINED,voltage,0.09689,1.0998,92.59,1.0
6232,0.24,0.0,18.0,18.0,0.0,18.0,T2,LV_secondary_T2_T4,300.0,0.06,0.06,0.0,0.99456,7.2329,4.237,2.8374,5.0993,SAFE,none,0.01828,1.01284,92.78,0.0
7643,0.24,0.0,210.0,210.0,0.0,210.0,T14,LV_secondary_T2_T4,150.0,1.4,1.4,0.0,0.9365,42.617,29.4074,21.7473,36.5751,CONSTRAINED,transformer_loading,0.02574,1.00823,114.91,1.0
733,0.24,0.0,72.0,72.0,0.0,72.0,-,Main_720-734,5000.0,0.0144,0.0144,0.0,0.91348,17.0383,11.6797,8.589,14.4978,CAUTION,caution,0.03432,1.00607,92.54,1.0
7691,0.24,0.0,154.0,154.0,0.0,154.0,T22,LV_secondary_T2_T4,150.0,1.0266666666666666,1.0266666666666666,0.0,0.95405,44.5068,31.369,22.8385,38.8022,CAUTION,caution,0.02327,1.00768,92.34,1.0
723,0.24,0.0,198.0,198.0,0.0,198.0,-,Main_720-734,5000.0,0.0396,0.0396,0.0,0.99456,7.2329,4.237,2.8374,5.0993,CONSTRAINED,voltage,0.17181,1.16638,92.58,1.0
7641,0.24,0.0,204.0,204.0,0.0,204.0,T14,LV_secondary_T2_T4,150.0,1.36,1.36,0.0,0.9365,42.617,29.4074,21.7473,36.5751,CONSTRAINED,transformer_loading,0.02504,1.00816,110.89,1.0
7641,0.24,0.0,115.0,115.0,0.0,115.0,T14,LV_secondary_T2_T4,150.0,0.7666666666666667,0.7666666666666667,0.0,0.9365,42.617,29.4074,21.7473,36.5751,CAUTION,caution,0.01447,1.00701,92.4,1.0
7693,0.24,0.0,164.0,164.0,0.0,164.0,T22,LV_secondary_T2_T4,150.0,1.0933333333333333,1.0933333333333333,0.0,0.95405,44.5068,31.369,22.8385,38.8022,CAUTION,caution,0.02471,1.00781,92.32,1.0
716,0.48,0.0,174.0,174.0,15.85,10.977917981072556,T24(HV),Branch_701-708,300.0,0.58,0.58,0.0528333333333333,0.97763,0.9144,0.4676,0.2627,0.5363,CONSTRAINED,voltage,0.08844,1.06608,495.69,0.0
623,0.24,0.0,45.0,45.0,0.0,45.0,T2,LV_secondary_T2_T4,300.0,0.15,0.15,0.0,0.99456,7.2329,4.237,2.8374,5.0993,CAUTION,caution,0.04442,1.03899,92.74,0.0
6332,0.24,0.0,110.0,110.0,0.0,110.0,T4,LV_secondary_T2_T4,150.0,0.7333333333333333,0.7333333333333333,0.0,0.91348,17.0383,11.6797,8.589,14.4978,CONSTRAINED,voltage_rise,0.05138,1.0064,92.46,1.0
715,0.208,0.0,14.0,14.0,0.0,14.0,-,Branch_701-708,5000.0,0.0028,0.0028,0.0,0.99083,0.9144,0.4676,0.2627,0.5363,SAFE,none,0.00034,1.00545,92.79,0.0
723,0.24,0.0,42.0,42.0,0.0,42.0,-,Main_720-734,5000.0,0.0084,0.0084,0.0,0.99456,7.2329,4.237,2.8374,5.0993,CAUTION,caution,0.04159,1.03615,92.74,0.0
6232,0.24,0.0,149.0,149.0,0.0,149.0,T2,LV_secondary_T2_T4,300.0,0.4966666666666666,0.4966666666666666,0.0,0.99456,7.2329,4.237,2.8374,5.0993,CONSTRAINED,voltage,0.13414,1.12871,92.62,1.0
734,0.24,0.0,55.0,55.0,15.85,3.470031545741325,-,Main_720-734,5000.0,0.011,0.011,0.00317,0.90591,17.084,11.7015,8.5933,14.5179,CAUTION,caution,0.04842,1.00591,92.6,1.0
756,0.208,6.0,56.0,62.0,155.0,0.4,T11,Branch_752-765,300.0,0.2066666666666666,0.1866666666666666,0.5166666666666667,0.93609,39.8129,27.5407,20.4003,34.2734,SAFE,none,0.00614,1.00629,92.47,0.0
759,0.24,0.0,59.0,59.0,35.0,1.6857142857142855,T12,Branch_752-765,150.0,0.3933333333333333,0.3933333333333333,0.2333333333333333,0.93737,40.2701,27.7136,20.528,34.4883,CAUTION,caution,0.00728,1.00622,92.48,1.0
728,0.24,0.0,108.0,108.0,38.0,2.8421052631578947,T3,Main_720-734,75.0,1.44,1.44,0.5066666666666667,0.93706,11.5824,7.8923,5.7834,9.7845,CONSTRAINED,transformer_loading,0.02061,1.00625,103.02,1.0
743,0.24,15.0,207.0,222.0,240.0,0.925,T7,Main_735-750,300.0,0.74,0.69,0.8,0.96367,21.8693,15.052,11.1097,18.708,SAFE,none,0.0141,1.00798,92.3,0.0
6231,0.24,0.0,45.0,45.0,0.0,45.0,T2,LV_secondary_T2_T4,300.0,0.15,0.15,0.0,0.99456,7.2329,4.237,2.8374,5.0993,CAUTION,caution,0.04442,1.03899,92.74,0.0
6222,0.24,0.0,32.0,32.0,0.0,32.0,T2,LV_secondary_T2_T4,300.0,0.1066666666666666,0.1066666666666666,0.0,0.99456,7.1872,4.2178,2.8303,5.0794,SAFE,none,0.0219,1.01647,92.76,0.0
7642,0.24,0.0,179.0,179.0,0.0,179.0,T14,LV_secondary_T2_T4,150.0,1.1933333333333334,1.1933333333333334,0.0,0.9365,42.617,29.4074,21.7473,36.5751,CAUTION,caution,0.02212,1.00785,94.09,1.0
6251,0.24,0.0,127.0,127.0,0.0,127.0,T2,LV_secondary_T2_T4,300.0,0.4233333333333333,0.4233333333333333,0.0,0.99456,7.1872,4.2178,2.8303,5.0794,CONSTRAINED,voltage,0.08153,1.0761,92.63,1.0
730,0.24,0.0,135.0,135.0,85.0,1.588235294117647,T23,Main_720-734,300.0,0.45,0.45,0.2833333333333333,0.94696,11.8872,7.965,5.8252,9.8678,CAUTION,caution,0.00561,1.00651,92.45,1.0
6251,0.24,0.0,205.0,205.0,0.0,205.0,T2,LV_secondary_T2_T4,300.0,0.6833333333333333,0.6833333333333333,0.0,0.99456,7.1872,4.2178,2.8303,5.0794,CONSTRAINED,voltage,0.12574,1.1203,92.55,1.0
721,0.24,0.0,56.0,56.0,0.0,56.0,-,Main_720-734,5000.0,0.0112,0.0112,0.0,0.99456,7.1414,4.1987,2.8231,5.0595,SAFE,none,0.02007,1.01464,92.72,0.0
772,0.208,12.0,26.0,38.0,100.0,0.38,T19,Delta_766-772,300.0,0.1266666666666666,0.0866666666666666,0.3333333333333333,0.93424,43.184,29.887,22.1458,37.1977,SAFE,none,0.00283,1.00594,92.59,0.0
6321,0.24,0.0,231.0,231.0,0.0,231.0,T4,LV_secondary_T2_T4,150.0,1.54,1.54,0.0,0.92105,16.9926,11.6578,8.5847,14.4776,CONSTRAINED,transformer_loading,0.01659,1.00753,135.52,1.0
772,0.208,0.0,9.0,9.0,100.0,0.09,T19,Delta_766-772,300.0,0.03,0.03,0.3333333333333333,0.93424,43.184,29.887,22.1458,37.1977,SAFE,none,0.00099,1.0055,92.75,0.0
6331,0.24,0.0,184.0,184.0,0.0,184.0,T4,LV_secondary_T2_T4,150.0,1.2266666666666666,1.2266666666666666,0.0,0.91348,17.0383,11.6797,8.589,14.4978,CONSTRAINED,voltage_rise,0.08288,1.00698,95.59,1.0
7693,0.24,0.0,108.0,108.0,0.0,108.0,T22,LV_secondary_T2_T4,150.0,0.72,0.72,0.0,0.95405,44.5068,31.369,22.8385,38.8022,CAUTION,caution,0.01656,1.00703,92.4,1.0
7691,0.24,0.0,202.0,202.0,0.0,202.0,T22,LV_secondary_T2_T4,150.0,1.346666666666667,1.346666666666667,0.0,0.95405,44.5068,31.369,22.8385,38.8022,CONSTRAINED,transformer_loading,0.03007,1.00832,109.64,1.0
739,0.24,0.0,121.0,121.0,41.1,2.944038929440389,T6,Main_735-750,150.0,0.8066666666666666,0.8066666666666666,0.274,0.98477,24.6125,15.6519,11.8507,19.6321,CAUTION,caution,0.01018,1.00666,92.44,1.0
740,0.24,11.0,201.0,212.0,75.0,2.8266666666666667,T5,Main_735-750,150.0,1.413333333333333,1.34,0.5,0.98202,23.0885,14.9212,11.4648,18.8171,CAUTION,caution,0.0165,1.00758,94.3,1.0
621,0.24,0.0,28.0,28.0,0.0,28.0,T2,LV_secondary_T2_T4,300.0,0.0933333333333333,0.0933333333333333,0.0,0.99456,7.1414,4.1987,2.8231,5.0595,SAFE,none,0.01015,1.00555,92.76,0.0
6252,0.24,0.0,243.0,243.0,0.0,243.0,T2,LV_secondary_T2_T4,300.0,0.81,0.81,0.0,0.99456,7.1872,4.2178,2.8303,5.0794,CONSTRAINED,voltage,0.14603,1.14059,92.52,1.0
772,0.208,10.0,191.0,201.0,100.0,2.01,T19,Delta_766-772,300.0,0.67,0.6366666666666667,0.3333333333333333,0.93424,43.184,29.887,22.1458,37.1977,CAUTION,caution,0.02004,1.00821,92.28,1.0
6322,0.24,9.0,97.0,106.0,0.0,106.0,T4,LV_secondary_T2_T4,150.0,0.7066666666666667,0.6466666666666666,0.0,0.92105,16.9926,11.6578,8.5847,14.4776,CAUTION,caution,0.00716,1.00642,92.46,1.0
725,0.24,0.0,236.0,236.0,0.0,236.0,-,Main_720-734,5000.0,0.0472,0.0472,0.0,0.99456,7.1872,4.2178,2.8303,5.0794,CONSTRAINED,voltage,0.14234,1.13691,92.53,1.0
621,0.24,0.0,214.0,214.0,0.0,214.0,T2,LV_secondary_T2_T4,300.0,0.7133333333333334,0.7133333333333334,0.0,0.99456,7.1414,4.1987,2.8231,5.0595,CONSTRAINED,voltage,0.07228,1.06685,92.52,1.0
6241,0.24,0.0,42.0,42.0,0.0,42.0,T2,LV_secondary_T2_T4,300.0,0.14,0.14,0.0,0.99456,7.1414,4.1987,2.8231,5.0595,SAFE,none,0.01514,1.00971,92.74,0.0
6321,0.24,0.0,107.0,107.0,0.0,107.0,T4,LV_secondary_T2_T4,150.0,0.7133333333333334,0.7133333333333334,0.0,0.92105,16.9926,11.6578,8.5847,14.4776,CAUTION,caution,0.00791,1.00643,92.46,1.0
7481,0.24,3.0,163.0,166.0,0.0,166.0,T8,LV_secondary_T2_T4,150.0,1.106666666666667,1.086666666666667,0.0,0.95585,27.31,18.8387,13.9267,23.4276,CAUTION,caution,0.01586,1.00741,92.36,1.0
6332,0.24,0.0,80.0,80.0,0.0,80.0,T4,LV_secondary_T2_T4,150.0,0.5333333333333333,0.5333333333333333,0.0,0.91348,17.0383,11.6797,8.589,14.4978,CAUTION,caution,0.03796,1.00614,92.51,1.0
7692,0.24,0.0,219.0,219.0,0.0,219.0,T22,LV_secondary_T2_T4,150.0,1.46,1.46,0.0,0.95405,44.5068,31.369,22.8385,38.8022,CONSTRAINED,transformer_loading,0.03243,1.00855,120.8,1.0
7642,0.24,0.0,147.0,147.0,0.0,147.0,T14,LV_secondary_T2_T4,150.0,0.98,0.98,0.0,0.9365,42.617,29.4074,21.7473,36.5751,CAUTION,caution,0.01833,1.00743,92.36,1.0
726,0.24,0.0,55.0,55.0,0.0,55.0,-,Main_720-734,5000.0,0.011,0.011,0.0,0.99456,7.2329,4.237,2.8374,5.0993,CONSTRAINED,voltage_rise,0.05376,1.04833,92.73,0.0
7483,0.24,0.0,104.0,104.0,0.0,104.0,T8,LV_secondary_T2_T4,150.0,0.6933333333333334,0.6933333333333334,0.0,0.95585,27.31,18.8387,13.9267,23.4276,CAUTION,caution,0.01028,1.00668,92.43,1.0
7121,0.24,0.0,226.0,226.0,0.0,226.0,T18,LV_secondary_T2_T4,300.0,0.7533333333333333,0.7533333333333333,0.0,0.95826,7.7724,4.5565,3.3703,5.6675,CAUTION,caution,0.00955,1.00658,92.64,1.0
626,0.24,0.0,145.0,145.0,0.0,145.0,T2,LV_secondary_T2_T4,300.0,0.4833333333333333,0.4833333333333333,0.0,0.99456,7.2329,4.237,2.8374,5.0993,CONSTRAINED,voltage,0.13095,1.12552,92.63,1.0
6332,0.24,0.0,215.0,215.0,0.0,215.0,T4,LV_secondary_T2_T4,150.0,1.4333333333333331,1.4333333333333331,0.0,0.91348,17.0383,11.6797,8.589,14.4978,CONSTRAINED,voltage_rise,0.09547,1.00896,114.52,1.0
708,0.24,0.0,8.0,8.0,75.0,0.1066666666666666,T16,Branch_701-708,300.0,0.0266666666666666,0.0266666666666666,0.25,0.95801,6.2484,3.6185,2.8328,4.5954,SAFE,none,0.0003,1.00541,92.8,0.0
7641,0.24,10.0,30.0,40.0,0.0,40.0,T14,LV_secondary_T2_T4,150.0,0.2666666666666666,0.2,0.0,0.9365,42.617,29.4074,21.7473,36.5751,SAFE,none,0.00385,1.00596,92.58,0.0
7483,0.24,0.0,48.0,48.0,0.0,48.0,T8,LV_secondary_T2_T4,150.0,0.32,0.32,0.0,0.95585,27.31,18.8387,13.9267,23.4276,SAFE,none,0.00481,1.00599,92.56,0.0
722,0.24,0.0,113.0,113.0,0.0,113.0,-,Main_720-734,5000.0,0.0226,0.0226,0.0,0.99456,7.1872,4.2178,2.8303,5.0794,CONSTRAINED,voltage,0.07319,1.06775,92.65,1.0
6242,0.24,0.0,142.0,142.0,0.0,142.0,T2,LV_secondary_T2_T4,300.0,0.4733333333333333,0.4733333333333333,0.0,0.99456,7.1414,4.1987,2.8231,5.0595,CAUTION,caution,0.04922,1.04379,92.6,1.0
6332,0.24,0.0,95.0,95.0,0.0,95.0,T4,LV_secondary_T2_T4,150.0,0.6333333333333333,0.6333333333333333,0.0,0.91348,17.0383,11.6797,8.589,14.4978,CAUTION,caution,0.04472,1.00628,92.47,1.0
6251,0.24,0.0,143.0,143.0,0.0,143.0,T2,LV_secondary_T2_T4,300.0,0.4766666666666667,0.4766666666666667,0.0,0.99456,7.1872,4.2178,2.8303,5.0794,CONSTRAINED,voltage,0.09091,1.08548,92.62,1.0
6261,0.24,9.0,91.0,100.0,0.0,100.0,T2,LV_secondary_T2_T4,300.0,0.3333333333333333,0.3033333333333333,0.0,0.99456,7.2329,4.237,2.8374,5.0993,CONSTRAINED,voltage,0.08453,1.08833,92.67,1.0
759,0.24,6.0,161.0,167.0,35.0,4.771428571428571,T12,Branch_752-765,150.0,1.1133333333333333,1.0733333333333333,0.2333333333333333,0.93737,40.2701,27.7136,20.528,34.4883,CAUTION,caution,0.01925,1.00766,92.95,1.0
732,0.24,6.0,219.0,225.0,25.4,8.858267716535433,T4,Main_720-734,150.0,1.5,1.46,0.1693333333333333,0.92105,16.9926,11.6578,8.5847,14.4776,CONSTRAINED,transformer_loading,0.01572,1.00748,131.34,1.0
6222,0.24,0.0,31.0,31.0,0.0,31.0,T2,LV_secondary_T2_T4,300.0,0.1033333333333333,0.1033333333333333,0.0,0.99456,7.1872,4.2178,2.8303,5.0794,SAFE,none,0.02124,1.0158,92.76,0.0
6212,0.24,0.0,154.0,154.0,0.0,154.0,T2,LV_secondary_T2_T4,300.0,0.5133333333333333,0.5133333333333333,0.0,0.99456,7.1414,4.1987,2.8231,5.0595,CONSTRAINED,voltage_rise,0.05314,1.04771,92.59,1.0
723,0.24,0.0,188.0,188.0,0.0,188.0,-,Main_720-734,5000.0,0.0376,0.0376,0.0,0.99456,7.2329,4.237,2.8374,5.0993,CONSTRAINED,voltage,0.16432,1.15889,92.59,1.0
620,0.24,3.0,64.0,67.0,0.0,67.0,T2,LV_secondary_T2_T4,300.0,0.2233333333333333,0.2133333333333333,0.0,0.99456,7.0957,4.1795,2.816,5.0396,SAFE,none,0.00205,1.00582,92.7,0.0
7693,0.24,0.0,45.0,45.0,0.0,45.0,T22,LV_secondary_T2_T4,150.0,0.3,0.3,0.0,0.95405,44.5068,31.369,22.8385,38.8022,SAFE,none,0.00705,1.00608,92.54,0.0
724,0.24,0.0,154.0,154.0,0.0,154.0,-,Main_720-734,5000.0,0.0308,0.0308,0.0,0.99456,7.1414,4.1987,2.8231,5.0595,CONSTRAINED,voltage_rise,0.05314,1.04771,92.59,1.0
6231,0.24,0.0,184.0,184.0,0.0,184.0,T2,LV_secondary_T2_T4,300.0,0.6133333333333333,0.6133333333333333,0.0,0.99456,7.2329,4.237,2.8374,5.0993,CONSTRAINED,voltage,0.1613,1.15586,92.59,1.0
723,0.24,7.0,86.0,93.0,0.0,93.0,-,Main_720-734,5000.0,0.0186,0.0172,0.0,0.99456,7.2329,4.237,2.8374,5.0993,CONSTRAINED,voltage,0.08054,1.08231,92.68,1.0
7391,0.24,0.0,35.0,35.0,0.0,35.0,T6,LV_secondary_T2_T4,150.0,0.2333333333333333,0.2333333333333333,0.0,0.98477,24.6125,15.6519,11.8507,19.6321,SAFE,none,0.003,1.00575,92.66,0.0
626,0.24,0.0,71.0,71.0,0.0,71.0,T2,LV_secondary_T2_T4,300.0,0.2366666666666666,0.2366666666666666,0.0,0.99456,7.2329,4.237,2.8374,5.0993,CONSTRAINED,voltage,0.06834,1.06291,92.71,0.0
6242,0.24,0.0,124.0,124.0,0.0,124.0,T2,LV_secondary_T2_T4,300.0,0.4133333333333333,0.4133333333333333,0.0,0.99456,7.1414,4.1987,2.8231,5.0595,CAUTION,caution,0.04327,1.03784,92.63,1.0
756,0.208,0.0,227.0,227.0,155.0,1.464516129032258,T11,Branch_752-765,300.0,0.7566666666666667,0.7566666666666667,0.5166666666666667,0.93609,39.8129,27.5407,20.4003,34.2734,CAUTION,caution,0.02394,1.00854,92.25,1.0
6252,0.24,0.0,149.0,149.0,0.0,149.0,T2,LV_secondary_T2_T4,300.0,0.4966666666666666,0.4966666666666666,0.0,0.99456,7.1872,4.2178,2.8303,5.0794,CONSTRAINED,voltage,0.09438,1.08895,92.61,1.0
6242,0.24,0.0,241.0,241.0,0.0,241.0,T2,LV_secondary_T2_T4,300.0,0.8033333333333333,0.8033333333333333,0.0,0.99456,7.1414,4.1987,2.8231,5.0595,CONSTRAINED,voltage,0.08064,1.07521,92.49,1.0
725,0.24,0.0,136.0,136.0,0.0,136.0,-,Main_720-734,5000.0,0.0272,0.0272,0.0,0.99456,7.1872,4.2178,2.8303,5.0794,CONSTRAINED,voltage,0.08683,1.0814,92.62,1.0
6232,0.24,0.0,50.0,50.0,0.0,50.0,T2,LV_secondary_T2_T4,300.0,0.1666666666666666,0.1666666666666666,0.0,0.99456,7.2329,4.237,2.8374,5.0993,CAUTION,caution,0.04911,1.04368,92.73,0.0
6221,0.24,0.0,90.0,90.0,0.0,90.0,T2,LV_secondary_T2_T4,300.0,0.3,0.3,0.0,0.99456,7.1872,4.2178,2.8303,5.0794,CONSTRAINED,voltage,0.05916,1.05373,92.68,1.0
6332,0.24,0.0,155.0,155.0,0.0,155.0,T4,LV_secondary_T2_T4,150.0,1.0333333333333334,1.0333333333333334,0.0,0.91348,17.0383,11.6797,8.589,14.4978,CONSTRAINED,voltage_rise,0.07079,1.00677,92.42,1.0
6232,0.24,0.0,55.0,55.0,0.0,55.0,T2,LV_secondary_T2_T4,300.0,0.1833333333333333,0.1833333333333333,0.0,0.99456,7.2329,4.237,2.8374,5.0993,CONSTRAINED,voltage_rise,0.05376,1.04833,92.73,0.0
759,0.24,0.0,215.0,215.0,35.0,6.142857142857143,T12,Branch_752-765,150.0,1.4333333333333331,1.4333333333333331,0.2333333333333333,0.93737,40.2701,27.7136,20.528,34.4883,CONSTRAINED,transformer_loading,0.02542,1.00825,125.38,1.0
621,0.24,0.0,110.0,110.0,0.0,110.0,T2,LV_secondary_T2_T4,300.0,0.3666666666666666,0.3666666666666666,0.0,0.99456,7.1414,4.1987,2.8231,5.0595,CAUTION,caution,0.03859,1.03316,92.64,1.0
7692,0.24,0.0,113.0,113.0,0.0,113.0,T22,LV_secondary_T2_T4,150.0,0.7533333333333333,0.7533333333333333,0.0,0.95405,44.5068,31.369,22.8385,38.8022,CAUTION,caution,0.0173,1.0071,92.39,1.0
724,0.24,0.0,110.0,110.0,0.0,110.0,-,Main_720-734,5000.0,0.022,0.022,0.0,0.99456,7.1414,4.1987,2.8231,5.0595,CAUTION,caution,0.03859,1.03316,92.64,1.0
725,0.24,0.0,247.0,247.0,0.0,247.0,-,Main_720-734,5000.0,0.0494,0.0494,0.0,0.99456,7.1872,4.2178,2.8303,5.0794,CONSTRAINED,voltage,0.14812,1.14269,92.52,1.0
769,0.24,0.0,133.0,133.0,41.0,3.2439024390243905,T22,Delta_766-772,150.0,0.8866666666666667,0.8866666666666667,0.2733333333333333,0.95405,44.5068,31.369,22.8385,38.8022,CAUTION,caution,0.02023,1.00738,92.36,1.0
6251,0.24,0.0,80.0,80.0,0.0,80.0,T2,LV_secondary_T2_T4,300.0,0.2666666666666666,0.2666666666666666,0.0,0.99456,7.1872,4.2178,2.8303,5.0794,CONSTRAINED,voltage_rise,0.05294,1.04751,92.69,1.0
6232,0.24,6.0,159.0,165.0,0.0,165.0,T2,LV_secondary_T2_T4,300.0,0.55,0.53,0.0,0.99456,7.2329,4.237,2.8374,5.0993,CONSTRAINED,voltage,0.14054,1.14128,92.61,1.0
734,0.24,0.0,70.0,70.0,15.85,4.416403785488959,-,Main_720-734,5000.0,0.014,0.014,0.00317,0.90591,17.084,11.7015,8.5933,14.5179,CONSTRAINED,voltage_rise,0.06078,1.00604,92.55,1.0
712,0.24,0.0,134.0,134.0,65.0,2.0615384615384613,T18,Branch_701-708,300.0,0.4466666666666666,0.4466666666666666,0.2166666666666666,0.95826,7.7724,4.5565,3.3703,5.6675,CAUTION,caution,0.00576,1.00612,92.7,1.0
6321,0.24,14.0,200.0,214.0,0.0,214.0,T4,LV_secondary_T2_T4,150.0,1.4266666666666667,1.3333333333333333,0.0,0.92105,16.9926,11.6578,8.5847,14.4776,CONSTRAINED,transformer_loading,0.01437,1.00739,123.67,1.0
7392,0.24,0.0,167.0,167.0,0.0,167.0,T6,LV_secondary_T2_T4,150.0,1.1133333333333333,1.1133333333333333,0.0,0.98477,24.6125,15.6519,11.8507,19.6321,CAUTION,caution,0.0139,1.00711,92.39,1.0
751,0.48,0.0,202.0,202.0,0.0,202.0,T9,other,1500.0,0.1346666666666666,0.1346666666666666,0.0,0.9685,34.4789,23.8283,17.6385,29.6463,SAFE,none,0.01439,1.00777,92.33,0.0
7642,0.24,4.0,111.0,115.0,0.0,115.0,T14,LV_secondary_T2_T4,150.0,0.7666666666666667,0.74,0.0,0.9365,42.617,29.4074,21.7473,36.5751,CAUTION,caution,0.01395,1.00701,92.4,1.0
7122,0.24,0.0,56.0,56.0,0.0,56.0,T18,LV_secondary_T2_T4,300.0,0.1866666666666666,0.1866666666666666,0.0,0.95826,7.7724,4.5565,3.3703,5.6675,SAFE,none,0.00244,1.00569,92.76,0.0
623,0.24,8.0,247.0,255.0,0.0,255.0,T2,LV_secondary_T2_T4,300.0,0.85,0.8233333333333334,0.0,0.99456,7.2329,4.237,2.8374,5.0993,CONSTRAINED,voltage,0.2046,1.20739,92.54,1.0
733,0.24,0.0,114.0,114.0,0.0,114.0,-,Main_720-734,5000.0,0.0228,0.0228,0.0,0.91348,17.0383,11.6797,8.589,14.4978,CONSTRAINED,voltage_rise,0.05314,1.00644,92.46,1.0
712,0.24,0.0,62.0,62.0,65.0,0.953846153846154,T18,Branch_701-708,300.0,0.2066666666666666,0.2066666666666666,0.2166666666666666,0.95826,7.7724,4.5565,3.3703,5.6675,SAFE,none,0.0027,1.00572,92.76,0.0
6221,0.24,4.0,68.0,72.0,0.0,72.0,T2,LV_secondary_T2_T4,300.0,0.24,0.2266666666666666,0.0,0.99456,7.1872,4.2178,2.8303,5.0794,CAUTION,caution,0.04511,1.04248,92.7,0.0
6221,0.24,0.0,80.0,80.0,0.0,80.0,T2,LV_secondary_T2_T4,300.0,0.2666666666666666,0.2666666666666666,0.0,0.99456,7.1872,4.2178,2.8303,5.0794,CONSTRAINED,voltage_rise,0.05294,1.04751,92.69,1.0
721,0.24,0.0,197.0,197.0,0.0,197.0,-,Main_720-734,5000.0,0.0394,0.0394,0.0,0.99456,7.1414,4.1987,2.8231,5.0595,CONSTRAINED,voltage,0.06693,1.0615,92.54,1.0
7691,0.24,0.0,239.0,239.0,0.0,239.0,T22,LV_secondary_T2_T4,150.0,1.5933333333333333,1.5933333333333333,0.0,0.95405,44.5068,31.369,22.8385,38.8022,CONSTRAINED,transformer_loading,0.03518,1.0088,133.89,1.0
6211,0.24,5.0,56.0,61.0,0.0,61.0,T2,LV_secondary_T2_T4,300.0,0.2033333333333333,0.1866666666666666,0.0,0.99456,7.1414,4.1987,2.8231,5.0595,SAFE,none,0.01999,1.01639,92.71,0.0
6251,0.24,0.0,160.0,160.0,0.0,160.0,T2,LV_secondary_T2_T4,300.0,0.5333333333333333,0.5333333333333333,0.0,0.99456,7.1872,4.2178,2.8303,5.0794,CONSTRAINED,voltage,0.10069,1.09526,92.6,1.0
6212,0.24,0.0,29.0,29.0,0.0,29.0,T2,LV_secondary_T2_T4,300.0,0.0966666666666666,0.0966666666666666,0.0,0.99456,7.1414,4.1987,2.8231,5.0595,SAFE,none,0.01051,1.00556,92.76,0.0
6242,0.24,0.0,100.0,100.0,0.0,100.0,T2,LV_secondary_T2_T4,300.0,0.3333333333333333,0.3333333333333333,0.0,0.99456,7.1414,4.1987,2.8231,5.0595,CAUTION,caution,0.03522,1.02979,92.66,1.0
726,0.24,0.0,189.0,189.0,0.0,189.0,-,Main_720-734,5000.0,0.0378,0.0378,0.0,0.99456,7.2329,4.237,2.8374,5.0993,CONSTRAINED,voltage,0.16507,1.15964,92.59,1.0
7122,0.24,0.0,202.0,202.0,0.0,202.0,T18,LV_secondary_T2_T4,300.0,0.6733333333333333,0.6733333333333333,0.0,0.95826,7.7724,4.5565,3.3703,5.6675,CAUTION,caution,0.00857,1.00646,92.66,1.0
624,0.24,0.0,102.0,102.0,0.0,102.0,T2,LV_secondary_T2_T4,300.0,0.34,0.34,0.0,0.99456,7.1414,4.1987,2.8231,5.0595,CAUTION,caution,0.0359,1.03046,92.65,1.0
7483,0.24,0.0,213.0,213.0,0.0,213.0,T8,LV_secondary_T2_T4,150.0,1.42,1.42,0.0,0.95585,27.31,18.8387,13.9267,23.4276,CAUTION,caution,0.0205,1.00793,98.13,1.0
7641,0.24,0.0,98.0,98.0,0.0,98.0,T14,LV_secondary_T2_T4,150.0,0.6533333333333333,0.6533333333333333,0.0,0.9365,42.617,29.4074,21.7473,36.5751,CAUTION,caution,0.01239,1.00677,92.42,1.0
6241,0.24,11.0,249.0,260.0,0.0,260.0,T2,LV_secondary_T2_T4,300.0,0.8666666666666667,0.83,0.0,0.99456,7.1414,4.1987,2.8231,5.0595,CONSTRAINED,voltage,0.08243,1.08101,92.47,1.0
6232,0.24,0.0,95.0,95.0,0.0,95.0,T2,LV_secondary_T2_T4,300.0,0.3166666666666666,0.3166666666666666,0.0,0.99456,7.2329,4.237,2.8374,5.0993,CONSTRAINED,voltage,0.08947,1.08404,92.68,1.0
7391,0.24,0.0,213.0,213.0,0.0,213.0,T6,LV_secondary_T2_T4,150.0,1.42,1.42,0.0,0.98477,24.6125,15.6519,11.8507,19.6321,CONSTRAINED,transformer_loading,0.01755,1.00755,115.04,1.0
6202,0.24,6.0,75.0,81.0,0.0,81.0,T2,LV_secondary_T2_T4,300.0,0.27,0.25,0.0,0.99456,7.0957,4.1795,2.816,5.0396,CAUTION,caution,0.0024,1.00591,92.68,1.0
728,0.24,0.0,162.0,162.0,38.0,4.2631578947368425,T3,Main_720-734,75.0,2.16,2.16,0.5066666666666667,0.93706,11.5824,7.8923,5.7834,9.7845,CONSTRAINED,transformer_loading,0.03027,1.00662,174.08,1.0
734,0.24,0.0,110.0,110.0,15.85,6.94006309148265,-,Main_720-734,5000.0,0.022,0.022,0.00317,0.90591,17.084,11.7015,8.5933,14.5179,CONSTRAINED,voltage_rise,0.09225,1.00636,92.46,1.0
7392,0.24,0.0,217.0,217.0,0.0,217.0,T6,LV_secondary_T2_T4,150.0,1.4466666666666668,1.4466666666666668,0.0,0.98477,24.6125,15.6519,11.8507,19.6321,CONSTRAINED,transformer_loading,0.01786,1.00759,117.65,1.0
748,0.24,3.0,97.0,100.0,76.88,1.3007284079084287,T8,Main_735-750,150.0,0.6666666666666666,0.6466666666666666,0.5125333333333333,0.95585,27.31,18.8387,13.9267,23.4276,CAUTION,caution,0.00959,1.00663,92.44,1.0
6261,0.24,0.0,143.0,143.0,0.0,143.0,T2,LV_secondary_T2_T4,300.0,0.4766666666666667,0.4766666666666667,0.0,0.99456,7.2329,4.237,2.8374,5.0993,CONSTRAINED,voltage,0.12935,1.12392,92.63,1.0
6241,0.24,0.0,64.0,64.0,0.0,64.0,T2,LV_secondary_T2_T4,300.0,0.2133333333333333,0.2133333333333333,0.0,0.99456,7.1414,4.1987,2.8231,5.0595,SAFE,none,0.02286,1.01743,92.71,0.0
6212,0.24,0.0,60.0,60.0,0.0,60.0,T2,LV_secondary_T2_T4,300.0,0.2,0.2,0.0,0.99456,7.1414,4.1987,2.8231,5.0595,SAFE,none,0.02147,1.01604,92.71,0.0
6332,0.24,0.0,197.0,197.0,0.0,197.0,T4,LV_secondary_T2_T4,150.0,1.3133333333333332,1.3133333333333332,0.0,0.91348,17.0383,11.6797,8.589,14.4978,CONSTRAINED,voltage_rise,0.0882,1.00708,103.57,1.0
708,0.24,0.0,62.0,62.0,75.0,0.8266666666666667,T16,Branch_701-708,300.0,0.2066666666666666,0.2066666666666666,0.25,0.95801,6.2484,3.6185,2.8328,4.5954,SAFE,none,0.00231,1.00572,92.76,0.0
625,0.24,6.0,179.0,185.0,0.0,185.0,T2,LV_secondary_T2_T4,300.0,0.6166666666666667,0.5966666666666667,0.0,0.99456,7.1872,4.2178,2.8303,5.0794,CONSTRAINED,voltage,0.11056,1.10932,92.57,1.0
6251,0.24,0.0,65.0,65.0,0.0,65.0,T2,LV_secondary_T2_T4,300.0,0.2166666666666666,0.2166666666666666,0.0,0.99456,7.1872,4.2178,2.8303,5.0794,CAUTION,caution,0.04346,1.03803,92.71,0.0
6332,0.24,0.0,15.0,15.0,0.0,15.0,T4,LV_secondary_T2_T4,150.0,0.1,0.1,0.0,0.91348,17.0383,11.6797,8.589,14.4978,SAFE,none,0.00738,1.00552,92.75,0.0
739,0.24,0.0,25.0,25.0,41.1,0.6082725060827251,T6,Main_735-750,150.0,0.1666666666666666,0.1666666666666666,0.274,0.98477,24.6125,15.6519,11.8507,19.6321,SAFE,none,0.00215,1.00564,92.7,0.0
6232,0.24,0.0,45.0,45.0,0.0,45.0,T2,LV_secondary_T2_T4,300.0,0.15,0.15,0.0,0.99456,7.2329,4.237,2.8374,5.0993,CAUTION,caution,0.04442,1.03899,92.74,0.0
725,0.24,0.0,92.0,92.0,0.0,92.0,-,Main_720-734,5000.0,0.0184,0.0184,0.0,0.99456,7.1872,4.2178,2.8303,5.0794,CONSTRAINED,voltage,0.0604,1.05497,92.67,1.0
715,0.208,0.0,174.0,174.0,0.0,174.0,-,Branch_701-708,5000.0,0.0348,0.0348,0.0,0.99083,0.9144,0.4676,0.2627,0.5363,SAFE,none,0.00413,1.00639,92.67,0.0
632,0.24,0.0,121.0,121.0,0.0,121.0,T4,LV_secondary_T2_T4,150.0,0.8066666666666666,0.8066666666666666,0.0,0.92105,16.9926,11.6578,8.5847,14.4776,CAUTION,caution,0.00892,1.00656,92.44,1.0
7393,0.24,0.0,75.0,75.0,0.0,75.0,T6,LV_secondary_T2_T4,150.0,0.5,0.5,0.0,0.98477,24.6125,15.6519,11.8507,19.6321,CAUTION,caution,0.00638,1.00618,92.49,1.0
751,0.48,0.0,174.0,174.0,0.0,174.0,T9,other,1500.0,0.116,0.116,0.0,0.9685,34.4789,23.8283,17.6385,29.6463,SAFE,none,0.01245,1.00745,92.36,0.0
733,0.24,0.0,223.0,223.0,0.0,223.0,-,Main_720-734,5000.0,0.0446,0.0446,0.0,0.91348,17.0383,11.6797,8.589,14.4978,CONSTRAINED,voltage_rise,0.09867,1.01216,119.34,1.0
632,0.24,11.0,58.0,69.0,0.0,69.0,T4,LV_secondary_T2_T4,150.0,0.46,0.3866666666666666,0.0,0.92105,16.9926,11.6578,8.5847,14.4776,CAUTION,caution,0.00432,1.00606,92.54,1.0
7483,0.24,0.0,5.0,5.0,0.0,5.0,T8,LV_secondary_T2_T4,150.0,0.0333333333333333,0.0333333333333333,0.0,0.95585,27.31,18.8387,13.9267,23.4276,SAFE,none,0.00051,1.00543,92.78,0.0
620,0.24,12.0,105.0,117.0,0.0,117.0,T2,LV_secondary_T2_T4,300.0,0.39,0.35,0.0,0.99456,7.0957,4.1795,2.816,5.0396,CAUTION,caution,0.00333,1.00615,92.62,1.0
710,0.208,0.0,158.0,158.0,80.0,1.975,T17,Branch_701-708,300.0,0.5266666666666666,0.5266666666666666,0.2666666666666666,0.95736,7.0104,4.008,2.9713,4.9893,CAUTION,caution,0.00621,1.00625,92.68,1.0
626,0.24,5.0,40.0,45.0,0.0,45.0,T2,LV_secondary_T2_T4,300.0,0.15,0.1333333333333333,0.0,0.99456,7.2329,4.237,2.8374,5.0993,CAUTION,caution,0.03927,1.03899,92.74,0.0
6202,0.24,0.0,148.0,148.0,0.0,148.0,T2,LV_secondary_T2_T4,300.0,0.4933333333333333,0.4933333333333333,0.0,0.99456,7.0957,4.1795,2.816,5.0396,CAUTION,caution,0.00468,1.00635,92.58,1.0
772,0.208,0.0,203.0,203.0,100.0,2.03,T19,Delta_766-772,300.0,0.6766666666666666,0.6766666666666666,0.3333333333333333,0.93424,43.184,29.887,22.1458,37.1977,CAUTION,caution,0.02134,1.00823,92.28,1.0
7122,0.24,0.0,199.0,199.0,0.0,199.0,T18,LV_secondary_T2_T4,300.0,0.6633333333333333,0.6633333333333333,0.0,0.95826,7.7724,4.5565,3.3703,5.6675,CAUTION,caution,0.00845,1.00645,92.66,1.0
740,0.24,0.0,178.0,178.0,75.0,2.373333333333333,T5,Main_735-750,150.0,1.1866666666666668,1.1866666666666668,0.5,0.98202,23.0885,14.9212,11.4648,18.8171,CAUTION,caution,0.01476,1.00725,92.38,1.0
6221,0.24,0.0,18.0,18.0,0.0,18.0,T2,LV_secondary_T2_T4,300.0,0.06,0.06,0.0,0.99456,7.1872,4.2178,2.8303,5.0794,SAFE,none,0.01245,1.00702,92.78,0.0
632,0.24,0.0,168.0,168.0,0.0,168.0,T4,LV_secondary_T2_T4,150.0,1.12,1.12,0.0,0.92105,16.9926,11.6578,8.5847,14.4776,CAUTION,caution,0.01224,1.00699,92.4,1.0
715,0.208,6.0,50.0,56.0,0.0,56.0,-,Branch_701-708,5000.0,0.0112,0.01,0.0,0.99083,0.9144,0.4676,0.2627,0.5363,SAFE,none,0.00121,1.0057,92.76,0.0
6241,0.24,0.0,200.0,200.0,0.0,200.0,T2,LV_secondary_T2_T4,300.0,0.6666666666666666,0.6666666666666666,0.0,0.99456,7.1414,4.1987,2.8231,5.0595,CONSTRAINED,voltage,0.06788,1.06245,92.53,1.0
7692,0.24,4.0,242.0,246.0,0.0,246.0,T22,LV_secondary_T2_T4,150.0,1.64,1.6133333333333333,0.0,0.95405,44.5068,31.369,22.8385,38.8022,CONSTRAINED,transformer_loading,0.0355,1.00889,138.46,1.0
7483,0.24,11.0,45.0,56.0,0.0,56.0,T8,LV_secondary_T2_T4,150.0,0.3733333333333333,0.3,0.0,0.95585,27.31,18.8387,13.9267,23.4276,SAFE,none,0.00449,1.00609,92.52,0.0
6211,0.24,12.0,157.0,169.0,0.0,169.0,T2,LV_secondary_T2_T4,300.0,0.5633333333333334,0.5233333333333333,0.0,0.99456,7.1414,4.1987,2.8231,5.0595,CONSTRAINED,voltage,0.05362,1.05257,92.57,1.0
7641,0.24,0.0,163.0,163.0,0.0,163.0,T14,LV_secondary_T2_T4,150.0,1.086666666666667,1.086666666666667,0.0,0.9365,42.617,29.4074,21.7473,36.5751,CAUTION,caution,0.02023,1.00764,92.34,1.0
6211,0.24,0.0,120.0,120.0,0.0,120.0,T2,LV_secondary_T2_T4,300.0,0.4,0.4,0.0,0.99456,7.1414,4.1987,2.8231,5.0595,CAUTION,caution,0.04194,1.03651,92.63,1.0
624,0.24,0.0,86.0,86.0,0.0,86.0,T2,LV_secondary_T2_T4,300.0,0.2866666666666667,0.2866666666666667,0.0,0.99456,7.1414,4.1987,2.8231,5.0595,CAUTION,caution,0.03045,1.02502,92.68,1.0
625,0.24,4.0,10.0,14.0,0.0,14.0,T2,LV_secondary_T2_T4,300.0,0.0466666666666666,0.0333333333333333,0.0,0.99456,7.1872,4.2178,2.8303,5.0794,SAFE,none,0.00692,1.00546,92.78,0.0
621,0.24,13.0,139.0,152.0,0.0,152.0,T2,LV_secondary_T2_T4,300.0,0.5066666666666667,0.4633333333333333,0.0,0.99456,7.1414,4.1987,2.8231,5.0595,CAUTION,caution,0.04775,1.04706,92.59,1.0
7483,0.24,0.0,11.0,11.0,0.0,11.0,T8,LV_secondary_T2_T4,150.0,0.0733333333333333,0.0733333333333333,0.0,0.95585,27.31,18.8387,13.9267,23.4276,SAFE,none,0.00111,1.00551,92.75,0.0
7481,0.24,0.0,53.0,53.0,0.0,53.0,T8,LV_secondary_T2_T4,150.0,0.3533333333333333,0.3533333333333333,0.0,0.95585,27.31,18.8387,13.9267,23.4276,SAFE,none,0.00531,1.00605,92.53,0.0
723,0.24,0.0,146.0,146.0,0.0,146.0,-,Main_720-734,5000.0,0.0292,0.0292,0.0,0.99456,7.2329,4.237,2.8374,5.0993,CONSTRAINED,voltage,0.13175,1.12632,92.63,1.0
6251,0.24,3.0,159.0,162.0,0.0,162.0,T2,LV_secondary_T2_T4,300.0,0.54,0.53,0.0,0.99456,7.1872,4.2178,2.8303,5.0794,CONSTRAINED,voltage,0.09973,1.09639,92.6,1.0
728,0.24,8.0,9.0,17.0,38.0,0.4473684210526316,T3,Main_720-734,75.0,0.2266666666666666,0.12,0.5066666666666667,0.93706,11.5824,7.8923,5.7834,9.7845,SAFE,none,0.00178,1.00552,92.76,0.0
625,0.24,4.0,229.0,233.0,0.0,233.0,T2,LV_secondary_T2_T4,300.0,0.7766666666666666,0.7633333333333333,0.0,0.99456,7.1872,4.2178,2.8303,5.0794,CONSTRAINED,voltage,0.13796,1.13533,92.53,1.0
734,0.24,0.0,207.0,207.0,15.85,13.05993690851735,-,Main_720-734,5000.0,0.0414,0.0414,0.00317,0.90591,17.084,11.7015,8.5933,14.5179,CONSTRAINED,voltage,0.16143,1.06736,102.62,1.0
6221,0.24,12.0,15.0,27.0,0.0,27.0,T2,LV_secondary_T2_T4,300.0,0.09,0.05,0.0,0.99456,7.1872,4.2178,2.8303,5.0794,SAFE,none,0.01021,1.01312,92.76,0.0
7481,0.24,15.0,67.0,82.0,0.0,82.0,T8,LV_secondary_T2_T4,150.0,0.5466666666666666,0.4466666666666666,0.0,0.95585,27.31,18.8387,13.9267,23.4276,SAFE,none,0.00664,1.00641,92.46,0.0
621,0.24,0.0,100.0,100.0,0.0,100.0,T2,LV_secondary_T2_T4,300.0,0.3333333333333333,0.3333333333333333,0.0,0.99456,7.1414,4.1987,2.8231,5.0595,CAUTION,caution,0.03522,1.02979,92.66,1.0
716,0.48,14.0,146.0,160.0,15.85,10.094637223974765,T24(HV),Branch_701-708,300.0,0.5333333333333333,0.4866666666666667,0.0528333333333333,0.97763,0.9144,0.4676,0.2627,0.5363,CONSTRAINED,voltage,0.07407,1.05974,454.74,0.0
6231,0.24,0.0,55.0,55.0,0.0,55.0,T2,LV_secondary_T2_T4,300.0,0.1833333333333333,0.1833333333333333,0.0,0.99456,7.2329,4.237,2.8374,5.0993,CONSTRAINED,voltage_rise,0.05376,1.04833,92.73,0.0
743,0.24,9.0,104.0,113.0,240.0,0.4708333333333333,T7,Main_735-750,300.0,0.3766666666666666,0.3466666666666667,0.8,0.96367,21.8693,15.052,11.1097,18.708,SAFE,none,0.00723,1.00674,92.43,0.0
728,0.24,13.0,131.0,144.0,38.0,3.789473684210526,T3,Main_720-734,75.0,1.92,1.7466666666666666,0.5066666666666667,0.93706,11.5824,7.8923,5.7834,9.7845,CONSTRAINED,transformer_loading,0.02452,1.0065,150.29,1.0
723,0.24,0.0,5.0,5.0,0.0,5.0,-,Main_720-734,5000.0,0.001,0.001,0.0,0.99456,7.2329,4.237,2.8374,5.0993,SAFE,none,0.00515,1.0054,92.8,0.0
6232,0.24,9.0,48.0,57.0,0.0,57.0,T2,LV_secondary_T2_T4,300.0,0.19,0.16,0.0,0.99456,7.2329,4.237,2.8374,5.0993,CONSTRAINED,voltage,0.04638,1.05017,92.72,0.0
726,0.24,0.0,116.0,116.0,0.0,116.0,-,Main_720-734,5000.0,0.0232,0.0232,0.0,0.99456,7.2329,4.237,2.8374,5.0993,CONSTRAINED,voltage,0.10728,1.10185,92.66,1.0
6232,0.24,0.0,171.0,171.0,0.0,171.0,T2,LV_secondary_T2_T4,300.0,0.57,0.57,0.0,0.99456,7.2329,4.237,2.8374,5.0993,CONSTRAINED,voltage,0.15136,1.14593,92.6,1.0
6251,0.24,0.0,75.0,75.0,0.0,75.0,T2,LV_secondary_T2_T4,300.0,0.25,0.25,0.0,0.99456,7.1872,4.2178,2.8303,5.0794,CAUTION,caution,0.0498,1.04437,92.7,0.0
6211,0.24,0.0,21.0,21.0,0.0,21.0,T2,LV_secondary_T2_T4,300.0,0.07,0.07,0.0,0.99456,7.1414,4.1987,2.8231,5.0595,SAFE,none,0.00764,1.00551,92.77,0.0
723,0.24,0.0,172.0,172.0,0.0,172.0,-,Main_720-734,5000.0,0.0344,0.0344,0.0,0.99456,7.2329,4.237,2.8374,5.0993,CONSTRAINED,voltage,0.15213,1.1467,92.6,1.0
6222,0.24,0.0,128.0,128.0,0.0,128.0,T2,LV_secondary_T2_T4,300.0,0.4266666666666667,0.4266666666666667,0.0,0.99456,7.1872,4.2178,2.8303,5.0794,CONSTRAINED,voltage,0.08212,1.07669,92.63,1.0
6332,0.24,0.0,60.0,60.0,0.0,60.0,T4,LV_secondary_T2_T4,150.0,0.4,0.4,0.0,0.91348,17.0383,11.6797,8.589,14.4978,CAUTION,caution,0.02879,1.00596,92.58,1.0
6321,0.24,0.0,209.0,209.0,0.0,209.0,T4,LV_secondary_T2_T4,150.0,1.393333333333333,1.393333333333333,0.0,0.92105,16.9926,11.6578,8.5847,14.4776,CONSTRAINED,transformer_loading,0.01508,1.00735,120.18,1.0
714,0.208,3.0,7.0,10.0,240.0,0.0416666666666666,T24,Branch_701-708,30.0,0.3333333333333333,0.2333333333333333,8.0,0.99083,0.9144,0.4676,0.2627,0.5363,SAFE,none,0.00017,1.00543,92.8,0.0
621,0.24,0.0,189.0,189.0,0.0,189.0,T2,LV_secondary_T2_T4,300.0,0.63,0.63,0.0,0.99456,7.1414,4.1987,2.8231,5.0595,CONSTRAINED,voltage,0.0644,1.05897,92.55,1.0
625,0.24,0.0,55.0,55.0,0.0,55.0,T2,LV_secondary_T2_T4,300.0,0.1833333333333333,0.1833333333333333,0.0,0.99456,7.1872,4.2178,2.8303,5.0794,CAUTION,caution,0.03703,1.0316,92.72,0.0
716,0.48,13.0,229.0,242.0,15.85,15.26813880126183,T24(HV),Branch_701-708,300.0,0.8066666666666666,0.7633333333333333,0.0528333333333333,0.97763,0.9144,0.4676,0.2627,0.5363,CONSTRAINED,voltage,0.11024,1.09534,689.03,0.0
7691,0.24,6.0,200.0,206.0,0.0,206.0,T22,LV_secondary_T2_T4,150.0,1.3733333333333333,1.3333333333333333,0.0,0.95405,44.5068,31.369,22.8385,38.8022,CONSTRAINED,transformer_loading,0.02968,1.00838,112.27,1.0
7121,0.24,0.0,115.0,115.0,0.0,115.0,T18,LV_secondary_T2_T4,300.0,0.3833333333333333,0.3833333333333333,0.0,0.95826,7.7724,4.5565,3.3703,5.6675,CAUTION,caution,0.00496,1.00602,92.72,1.0
730,0.24,0.0,206.0,206.0,85.0,2.4235294117647057,T23,Main_720-734,300.0,0.6866666666666666,0.6866666666666666,0.2833333333333333,0.94696,11.8872,7.965,5.8252,9.8678,CAUTION,caution,0.00846,1.00707,92.39,1.0
6201,0.24,0.0,28.0,28.0,0.0,28.0,T2,LV_secondary_T2_T4,300.0,0.0933333333333333,0.0933333333333333,0.0,0.99456,7.0957,4.1795,2.816,5.0396,SAFE,none,0.0009,1.00556,92.76,0.0
715,0.208,14.0,198.0,212.0,0.0,212.0,-,Branch_701-708,5000.0,0.0424,0.0396,0.0,0.99083,0.9144,0.4676,0.2627,0.5363,SAFE,none,0.00466,1.00659,92.64,0.0
624,0.24,4.0,246.0,250.0,0.0,250.0,T2,LV_secondary_T2_T4,300.0,0.8333333333333334,0.82,0.0,0.99456,7.1414,4.1987,2.8231,5.0595,CONSTRAINED,voltage,0.08194,1.07797,92.48,1.0
748,0.24,0.0,118.0,118.0,76.88,1.534859521331946,T8,Main_735-750,150.0,0.7866666666666666,0.7866666666666666,0.5125333333333333,0.95585,27.31,18.8387,13.9267,23.4276,CAUTION,caution,0.01163,1.00685,92.42,1.0
751,0.48,0.0,172.0,172.0,0.0,172.0,T9,other,1500.0,0.1146666666666666,0.1146666666666666,0.0,0.9685,34.4789,23.8283,17.6385,29.6463,SAFE,none,0.01231,1.00743,92.36,0.0
748,0.24,0.0,9.0,9.0,76.88,0.1170655567117586,T8,Main_735-750,150.0,0.06,0.06,0.5125333333333333,0.95585,27.31,18.8387,13.9267,23.4276,SAFE,none,0.00091,1.00548,92.76,0.0
7121,0.24,0.0,230.0,230.0,0.0,230.0,T18,LV_secondary_T2_T4,300.0,0.7666666666666667,0.7666666666666667,0.0,0.95826,7.7724,4.5565,3.3703,5.6675,CAUTION,caution,0.00971,1.0066,92.64,1.0
748,0.24,0.0,229.0,229.0,76.88,2.978668054110302,T8,Main_735-750,150.0,1.5266666666666666,1.5266666666666666,0.5125333333333333,0.95585,27.31,18.8387,13.9267,23.4276,CONSTRAINED,transformer_loading,0.02195,1.00811,108.37,1.0
7641,0.24,0.0,188.0,188.0,0.0,188.0,T14,LV_secondary_T2_T4,150.0,1.2533333333333334,1.2533333333333334,0.0,0.9365,42.617,29.4074,21.7473,36.5751,CONSTRAINED,transformer_loading,0.02318,1.00796,100.14,1.0
710,0.208,0.0,140.0,140.0,80.0,1.75,T17,Branch_701-708,300.0,0.4666666666666667,0.4666666666666667,0.2666666666666666,0.95736,7.0104,4.008,2.9713,4.9893,CAUTION,caution,0.00552,1.00615,92.7,1.0
6211,0.24,0.0,103.0,103.0,0.0,103.0,T2,LV_secondary_T2_T4,300.0,0.3433333333333333,0.3433333333333333,0.0,0.99456,7.1414,4.1987,2.8231,5.0595,CAUTION,caution,0.03623,1.0308,92.65,1.0
7642,0.24,7.0,162.0,169.0,0.0,169.0,T14,LV_secondary_T2_T4,150.0,1.1266666666666667,1.08,0.0,0.9365,42.617,29.4074,21.7473,36.5751,CAUTION,caution,0.02004,1.00772,92.33,1.0
6231,0.24,0.0,189.0,189.0,0.0,189.0,T2,LV_secondary_T2_T4,300.0,0.63,0.63,0.0,0.99456,7.2329,4.237,2.8374,5.0993,CONSTRAINED,voltage,0.16507,1.15964,92.59,1.0
626,0.24,0.0,64.0,64.0,0.0,64.0,T2,LV_secondary_T2_T4,300.0,0.2133333333333333,0.2133333333333333,0.0,0.99456,7.2329,4.237,2.8374,5.0993,CONSTRAINED,voltage,0.06201,1.05658,92.71,0.0
720,0.24,0.0,200.0,200.0,66.0,3.0303030303030303,T2,Main_720-734,300.0,0.6666666666666666,0.6666666666666666,0.22,0.99456,7.0957,4.1795,2.816,5.0396,CAUTION,caution,0.00628,1.00667,92.5,1.0
712,0.24,0.0,28.0,28.0,65.0,0.4307692307692308,T18,Branch_701-708,300.0,0.0933333333333333,0.0933333333333333,0.2166666666666666,0.95826,7.7724,4.5565,3.3703,5.6675,SAFE,none,0.00123,1.00553,92.78,0.0
708,0.24,0.0,48.0,48.0,75.0,0.64,T16,Branch_701-708,300.0,0.16,0.16,0.25,0.95801,6.2484,3.6185,2.8328,4.5954,SAFE,none,0.0018,1.00565,92.77,0.0
620,0.24,12.0,23.0,35.0,0.0,35.0,T2,LV_secondary_T2_T4,300.0,0.1166666666666666,0.0766666666666666,0.0,0.99456,7.0957,4.1795,2.816,5.0396,SAFE,none,0.00074,1.0056,92.75,0.0
720,0.24,0.0,68.0,68.0,66.0,1.0303030303030305,T2,Main_720-734,300.0,0.2266666666666666,0.2266666666666666,0.22,0.99456,7.0957,4.1795,2.816,5.0396,SAFE,none,0.00218,1.00583,92.7,0.0
7482,0.24,0.0,246.0,246.0,0.0,246.0,T8,LV_secondary_T2_T4,150.0,1.64,1.64,0.0,0.95585,27.31,18.8387,13.9267,23.4276,CONSTRAINED,transformer_loading,0.02349,1.00829,119.32,1.0
7643,0.24,0.0,89.0,89.0,0.0,89.0,T14,LV_secondary_T2_T4,150.0,0.5933333333333334,0.5933333333333334,0.0,0.9365,42.617,29.4074,21.7473,36.5751,CAUTION,caution,0.01128,1.00665,92.44,1.0
6322,0.24,0.0,163.0,163.0,0.0,163.0,T4,LV_secondary_T2_T4,150.0,1.086666666666667,1.086666666666667,0.0,0.92105,16.9926,11.6578,8.5847,14.4776,CAUTION,caution,0.01189,1.00694,92.41,1.0
716,0.48,0.0,80.0,80.0,15.85,5.047318611987381,T24(HV),Branch_701-708,300.0,0.2666666666666666,0.2666666666666666,0.0528333333333333,0.97763,0.9144,0.4676,0.2627,0.5363,CONSTRAINED,transformer_loading,0.0435,1.02114,212.49,0.0
756,0.208,12.0,17.0,29.0,155.0,0.1870967741935484,T11,Branch_752-765,300.0,0.0966666666666666,0.0566666666666666,0.5166666666666667,0.93609,39.8129,27.5407,20.4003,34.2734,SAFE,none,0.00188,1.0058,92.64,0.0
739,0.24,0.0,128.0,128.0,41.1,3.114355231143552,T6,Main_735-750,150.0,0.8533333333333334,0.8533333333333334,0.274,0.98477,24.6125,15.6519,11.8507,19.6321,CAUTION,caution,0.01075,1.00673,92.43,1.0
6252,0.24,0.0,91.0,91.0,0.0,91.0,T2,LV_secondary_T2_T4,300.0,0.3033333333333333,0.3033333333333333,0.0,0.99456,7.1872,4.2178,2.8303,5.0794,CONSTRAINED,voltage,0.05978,1.05435,92.68,1.0
6242,0.24,0.0,130.0,130.0,0.0,130.0,T2,LV_secondary_T2_T4,300.0,0.4333333333333333,0.4333333333333333,0.0,0.99456,7.1414,4.1987,2.8231,5.0595,CAUTION,caution,0.04526,1.03983,92.62,1.0
712,0.24,0.0,29.0,29.0,65.0,0.4461538461538462,T18,Branch_701-708,300.0,0.0966666666666666,0.0966666666666666,0.2166666666666666,0.95826,7.7724,4.5565,3.3703,5.6675,SAFE,none,0.00127,1.00554,92.78,0.0
624,0.24,11.0,133.0,144.0,0.0,144.0,T2,LV_secondary_T2_T4,300.0,0.48,0.4433333333333333,0.0,0.99456,7.1414,4.1987,2.8231,5.0595,CAUTION,caution,0.04586,1.04444,92.6,1.0
6331,0.24,0.0,89.0,89.0,0.0,89.0,T4,LV_secondary_T2_T4,150.0,0.5933333333333334,0.5933333333333334,0.0,0.91348,17.0383,11.6797,8.589,14.4978,CAUTION,caution,0.04203,1.00622,92.48,1.0
623,0.24,0.0,140.0,140.0,0.0,140.0,T2,LV_secondary_T2_T4,300.0,0.4666666666666667,0.4666666666666667,0.0,0.99456,7.2329,4.237,2.8374,5.0993,CONSTRAINED,voltage,0.12694,1.12151,92.63,1.0
7393,0.24,11.0,244.0,255.0,0.0,255.0,T6,LV_secondary_T2_T4,150.0,1.7,1.6266666666666667,0.0,0.98477,24.6125,15.6519,11.8507,19.6321,CONSTRAINED,transformer_loading,0.01986,1.00794,142.37,1.0
733,0.24,0.0,80.0,80.0,0.0,80.0,-,Main_720-734,5000.0,0.016,0.016,0.0,0.91348,17.0383,11.6797,8.589,14.4978,CAUTION,caution,0.03796,1.00614,92.51,1.0
715,0.208,8.0,77.0,85.0,0.0,85.0,-,Branch_701-708,5000.0,0.017,0.0154,0.0,0.99083,0.9144,0.4676,0.2627,0.5363,SAFE,none,0.00185,1.00588,92.74,0.0
6252,0.24,0.0,70.0,70.0,0.0,70.0,T2,LV_secondary_T2_T4,300.0,0.2333333333333333,0.2333333333333333,0.0,0.99456,7.1872,4.2178,2.8303,5.0794,CAUTION,caution,0.04664,1.04121,92.7,0.0
624,0.24,0.0,5.0,5.0,0.0,5.0,T2,LV_secondary_T2_T4,300.0,0.0166666666666666,0.0166666666666666,0.0,0.99456,7.1414,4.1987,2.8231,5.0595,SAFE,none,0.00183,1.0054,92.8,0.0
6231,0.24,15.0,141.0,156.0,0.0,156.0,T2,LV_secondary_T2_T4,300.0,0.52,0.47,0.0,0.99456,7.2329,4.237,2.8374,5.0993,CONSTRAINED,voltage,0.1244,1.13424,92.62,1.0
7121,0.24,0.0,47.0,47.0,0.0,47.0,T18,LV_secondary_T2_T4,300.0,0.1566666666666666,0.1566666666666666,0.0,0.95826,7.7724,4.5565,3.3703,5.6675,SAFE,none,0.00205,1.00564,92.77,0.0
730,0.24,0.0,125.0,125.0,85.0,1.4705882352941178,T23,Main_720-734,300.0,0.4166666666666667,0.4166666666666667,0.2833333333333333,0.94696,11.8872,7.965,5.8252,9.8678,CAUTION,caution,0.0052,1.00642,92.47,1.0
722,0.24,0.0,145.0,145.0,0.0,145.0,-,Main_720-734,5000.0,0.029,0.029,0.0,0.99456,7.1872,4.2178,2.8303,5.0794,CONSTRAINED,voltage,0.09207,1.08664,92.61,1.0
770,0.24,0.0,191.0,191.0,450.0,0.4244444444444444,T15,Delta_766-772,1500.0,0.1273333333333333,0.1273333333333333,0.3,0.95059,44.5068,31.369,22.8385,38.8022,SAFE,none,0.02332,1.00832,92.27,0.0
721,0.24,11.0,148.0,159.0,0.0,159.0,-,Main_720-734,5000.0,0.0318,0.0296,0.0,0.99456,7.1414,4.1987,2.8231,5.0595,CONSTRAINED,voltage_rise,0.05075,1.04934,92.58,1.0
770,0.24,6.0,226.0,232.0,450.0,0.5155555555555555,T15,Delta_766-772,1500.0,0.1546666666666666,0.1506666666666666,0.3,0.95059,44.5068,31.369,22.8385,38.8022,SAFE,none,0.02732,1.0089,92.22,0.0
764,0.24,0.0,207.0,207.0,46.0,4.5,T14,Branch_752-765,150.0,1.38,1.38,0.3066666666666666,0.9365,42.617,29.4074,21.7473,36.5751,CONSTRAINED,transformer_loading,0.02539,1.0082,112.9,1.0
730,0.24,10.0,90.0,100.0,85.0,1.1764705882352942,T23,Main_720-734,300.0,0.3333333333333333,0.3,0.2833333333333333,0.94696,11.8872,7.965,5.8252,9.8678,CAUTION,caution,0.00375,1.00622,92.53,1.0
6222,0.24,0.0,65.0,65.0,0.0,65.0,T2,LV_secondary_T2_T4,300.0,0.2166666666666666,0.2166666666666666,0.0,0.99456,7.1872,4.2178,2.8303,5.0794,CAUTION,caution,0.04346,1.03803,92.71,0.0
6252,0.24,0.0,223.0,223.0,0.0,223.0,T2,LV_secondary_T2_T4,300.0,0.7433333333333333,0.7433333333333333,0.0,0.99456,7.1872,4.2178,2.8303,5.0794,CONSTRAINED,voltage,0.13544,1.13001,92.54,1.0
724,0.24,0.0,244.0,244.0,0.0,244.0,-,Main_720-734,5000.0,0.0488,0.0488,0.0,0.99456,7.1414,4.1987,2.8231,5.0595,CONSTRAINED,voltage,0.08157,1.07613,92.48,1.0
625,0.24,0.0,85.0,85.0,0.0,85.0,T2,LV_secondary_T2_T4,300.0,0.2833333333333333,0.2833333333333333,0.0,0.99456,7.1872,4.2178,2.8303,5.0794,CONSTRAINED,voltage,0.05606,1.05063,92.68,1.0
769,0.24,0.0,32.0,32.0,41.0,0.7804878048780488,T22,Delta_766-772,150.0,0.2133333333333333,0.2133333333333333,0.2733333333333333,0.95405,44.5068,31.369,22.8385,38.8022,SAFE,none,0.00503,1.00588,92.61,0.0
6242,0.24,0.0,248.0,248.0,0.0,248.0,T2,LV_secondary_T2_T4,300.0,0.8266666666666667,0.8266666666666667,0.0,0.99456,7.1414,4.1987,2.8231,5.0595,CONSTRAINED,voltage,0.08279,1.07736,92.48,1.0
712,0.24,12.0,168.0,180.0,65.0,2.769230769230769,T18,Branch_701-708,300.0,0.6,0.56,0.2166666666666666,0.95826,7.7724,4.5565,3.3703,5.6675,CAUTION,caution,0.00714,1.00635,92.67,1.0
6232,0.24,0.0,198.0,198.0,0.0,198.0,T2,LV_secondary_T2_T4,300.0,0.66,0.66,0.0,0.99456,7.2329,4.237,2.8374,5.0993,CONSTRAINED,voltage,0.17181,1.16638,92.58,1.0
722,0.24,0.0,75.0,75.0,0.0,75.0,-,Main_720-734,5000.0,0.015,0.015,0.0,0.99456,7.1872,4.2178,2.8303,5.0794,CAUTION,caution,0.0498,1.04437,92.7,0.0
6222,0.24,15.0,42.0,57.0,0.0,57.0,T2,LV_secondary_T2_T4,300.0,0.19,0.14,0.0,0.99456,7.1872,4.2178,2.8303,5.0794,CAUTION,caution,0.02792,1.03289,92.72,0.0
7692,0.24,0.0,239.0,239.0,0.0,239.0,T22,LV_secondary_T2_T4,150.0,1.5933333333333333,1.5933333333333333,0.0,0.95405,44.5068,31.369,22.8385,38.8022,CONSTRAINED,transformer_loading,0.03518,1.0088,133.89,1.0
7483,0.24,0.0,204.0,204.0,0.0,204.0,T8,LV_secondary_T2_T4,150.0,1.36,1.36,0.0,0.95585,27.31,18.8387,13.9267,23.4276,CAUTION,caution,0.01968,1.00783,92.41,1.0
756,0.208,0.0,235.0,235.0,155.0,1.5161290322580645,T11,Branch_752-765,300.0,0.7833333333333333,0.7833333333333333,0.5166666666666667,0.93609,39.8129,27.5407,20.4003,34.2734,CAUTION,caution,0.02473,1.00864,92.24,1.0
6231,0.24,0.0,75.0,75.0,0.0,75.0,T2,LV_secondary_T2_T4,300.0,0.25,0.25,0.0,0.99456,7.2329,4.237,2.8374,5.0993,CONSTRAINED,voltage,0.07192,1.06649,92.7,0.0
726,0.24,0.0,77.0,77.0,0.0,77.0,-,Main_720-734,5000.0,0.0154,0.0154,0.0,0.99456,7.2329,4.237,2.8374,5.0993,CONSTRAINED,voltage,0.0737,1.06827,92.7,0.0
772,0.208,0.0,246.0,246.0,100.0,2.46,T19,Delta_766-772,300.0,0.82,0.82,0.3333333333333333,0.93424,43.184,29.887,22.1458,37.1977,CAUTION,caution,0.02562,1.00879,92.23,1.0
7122,0.24,0.0,188.0,188.0,0.0,188.0,T18,LV_secondary_T2_T4,300.0,0.6266666666666667,0.6266666666666667,0.0,0.95826,7.7724,4.5565,3.3703,5.6675,CAUTION,caution,0.008,1.00639,92.67,1.0
626,0.24,14.0,132.0,146.0,0.0,146.0,T2,LV_secondary_T2_T4,300.0,0.4866666666666667,0.44,0.0,0.99456,7.2329,4.237,2.8374,5.0993,CONSTRAINED,voltage,0.11748,1.12632,92.63,1.0
6251,0.24,0.0,146.0,146.0,0.0,146.0,T2,LV_secondary_T2_T4,300.0,0.4866666666666667,0.4866666666666667,0.0,0.99456,7.1872,4.2178,2.8303,5.0794,CONSTRAINED,voltage,0.09265,1.08722,92.61,1.0
6212,0.24,9.0,210.0,219.0,0.0,219.0,T2,LV_secondary_T2_T4,300.0,0.73,0.7,0.0,0.99456,7.1414,4.1987,2.8231,5.0595,CONSTRAINED,voltage,0.07055,1.06841,92.51,1.0
772,0.208,0.0,68.0,68.0,100.0,0.68,T19,Delta_766-772,300.0,0.2266666666666666,0.2266666666666666,0.3333333333333333,0.93424,43.184,29.887,22.1458,37.1977,SAFE,none,0.00737,1.00637,92.46,0.0
770,0.24,0.0,78.0,78.0,450.0,0.1733333333333333,T15,Delta_766-772,1500.0,0.052,0.052,0.3,0.95059,44.5068,31.369,22.8385,38.8022,SAFE,none,0.00977,1.00662,92.44,0.0
722,0.24,14.0,190.0,204.0,0.0,204.0,-,Main_720-734,5000.0,0.0408,0.038,0.0,0.99456,7.1872,4.2178,2.8303,5.0794,CONSTRAINED,voltage,0.11548,1.11976,92.55,1.0
6252,0.24,0.0,65.0,65.0,0.0,65.0,T2,LV_secondary_T2_T4,300.0,0.2166666666666666,0.2166666666666666,0.0,0.99456,7.1872,4.2178,2.8303,5.0794,CAUTION,caution,0.04346,1.03803,92.71,0.0
733,0.24,0.0,110.0,110.0,0.0,110.0,-,Main_720-734,5000.0,0.022,0.022,0.0,0.91348,17.0383,11.6797,8.589,14.4978,CONSTRAINED,voltage_rise,0.05138,1.0064,92.46,1.0
6321,0.24,0.0,25.0,25.0,0.0,25.0,T4,LV_secondary_T2_T4,150.0,0.1666666666666666,0.1666666666666666,0.0,0.92105,16.9926,11.6578,8.5847,14.4776,SAFE,none,0.00189,1.00562,92.71,0.0
6241,0.24,0.0,76.0,76.0,0.0,76.0,T2,LV_secondary_T2_T4,300.0,0.2533333333333333,0.2533333333333333,0.0,0.99456,7.1414,4.1987,2.8231,5.0595,SAFE,none,0.02702,1.02159,92.69,0.0
715,0.208,0.0,246.0,246.0,0.0,246.0,-,Branch_701-708,5000.0,0.0492,0.0492,0.0,0.99083,0.9144,0.4676,0.2627,0.5363,SAFE,none,0.00577,1.00678,92.61,0.0
6242,0.24,0.0,171.0,171.0,0.0,171.0,T2,LV_secondary_T2_T4,300.0,0.57,0.57,0.0,0.99456,7.1414,4.1987,2.8231,5.0595,CONSTRAINED,voltage,0.05864,1.05321,92.57,1.0
622,0.24,0.0,214.0,214.0,0.0,214.0,T2,LV_secondary_T2_T4,300.0,0.7133333333333334,0.7133333333333334,0.0,0.99456,7.1872,4.2178,2.8303,5.0794,CONSTRAINED,voltage,0.13061,1.12518,92.55,1.0
726,0.24,14.0,67.0,81.0,0.0,81.0,-,Main_720-734,5000.0,0.0162,0.0134,0.0,0.99456,7.2329,4.237,2.8374,5.0993,CONSTRAINED,voltage,0.06297,1.07182,92.69,0.0
740,0.24,0.0,220.0,220.0,75.0,2.933333333333333,T5,Main_735-750,150.0,1.4666666666666666,1.4666666666666666,0.5,0.98202,23.0885,14.9212,11.4648,18.8171,CAUTION,caution,0.01808,1.00766,99.42,1.0
716,0.48,0.0,152.0,152.0,15.85,9.589905362776026,T24(HV),Branch_701-708,300.0,0.5066666666666667,0.5066666666666667,0.0528333333333333,0.97763,0.9144,0.4676,0.2627,0.5363,CONSTRAINED,voltage,0.07843,1.05606,431.15,0.0
715,0.208,0.0,124.0,124.0,0.0,124.0,-,Branch_701-708,5000.0,0.0248,0.0248,0.0,0.99083,0.9144,0.4676,0.2627,0.5363,SAFE,none,0.00296,1.0061,92.7,0.0
6241,0.24,0.0,176.0,176.0,0.0,176.0,T2,LV_secondary_T2_T4,300.0,0.5866666666666667,0.5866666666666667,0.0,0.99456,7.1414,4.1987,2.8231,5.0595,CONSTRAINED,voltage,0.06025,1.05482,92.56,1.0
6261,0.24,0.0,166.0,166.0,0.0,166.0,T2,LV_secondary_T2_T4,300.0,0.5533333333333333,0.5533333333333333,0.0,0.99456,7.2329,4.237,2.8374,5.0993,CONSTRAINED,voltage,0.14749,1.14206,92.61,1.0
759,0.24,0.0,180.0,180.0,35.0,5.142857142857143,T12,Branch_752-765,150.0,1.2,1.2,0.2333333333333333,0.93737,40.2701,27.7136,20.528,34.4883,CONSTRAINED,transformer_loading,0.02148,1.00782,101.75,1.0
728,0.24,7.0,97.0,104.0,38.0,2.736842105263158,T3,Main_720-734,75.0,1.3866666666666667,1.2933333333333332,0.5066666666666667,0.93706,11.5824,7.8923,5.7834,9.7845,CAUTION,caution,0.01849,1.00622,97.85,1.0
726,0.24,5.0,192.0,197.0,0.0,197.0,-,Main_720-734,5000.0,0.0394,0.0384,0.0,0.99456,7.2329,4.237,2.8374,5.0993,CONSTRAINED,voltage,0.16592,1.16563,92.58,1.0
769,0.24,14.0,28.0,42.0,41.0,1.024390243902439,T22,Delta_766-772,150.0,0.28,0.1866666666666666,0.2733333333333333,0.95405,44.5068,31.369,22.8385,38.8022,SAFE,none,0.00437,1.00603,92.56,0.0
708,0.24,0.0,225.0,225.0,75.0,3.0,T16,Branch_701-708,300.0,0.75,0.75,0.25,0.95801,6.2484,3.6185,2.8328,4.5954,CAUTION,caution,0.00814,1.00658,92.64,1.0
7481,0.24,0.0,89.0,89.0,0.0,89.0,T8,LV_secondary_T2_T4,150.0,0.5933333333333334,0.5933333333333334,0.0,0.95585,27.31,18.8387,13.9267,23.4276,CAUTION,caution,0.00883,1.0065,92.45,1.0
772,0.208,0.0,115.0,115.0,100.0,1.15,T19,Delta_766-772,300.0,0.3833333333333333,0.3833333333333333,0.3333333333333333,0.93424,43.184,29.887,22.1458,37.1977,CAUTION,caution,0.01233,1.00704,92.4,1.0
734,0.24,0.0,200.0,200.0,15.85,12.618296529968454,-,Main_720-734,5000.0,0.04,0.04,0.00317,0.90591,17.084,11.7015,8.5933,14.5179,CONSTRAINED,voltage,0.15672,1.06265,98.79,1.0
6241,0.24,11.0,20.0,31.0,0.0,31.0,T2,LV_secondary_T2_T4,300.0,0.1033333333333333,0.0666666666666666,0.0,0.99456,7.1414,4.1987,2.8231,5.0595,SAFE,none,0.00721,1.00579,92.76,0.0
6322,0.24,0.0,127.0,127.0,0.0,127.0,T4,LV_secondary_T2_T4,150.0,0.8466666666666667,0.8466666666666667,0.0,0.92105,16.9926,11.6578,8.5847,14.4776,CAUTION,caution,0.00935,1.00661,92.44,1.0
714,0.208,6.0,39.0,45.0,240.0,0.1875,T24,Branch_701-708,30.0,1.5,1.3,8.0,0.99083,0.9144,0.4676,0.2627,0.5363,SAFE,none,0.00094,1.00564,92.77,0.0
770,0.24,0.0,133.0,133.0,450.0,0.2955555555555555,T15,Delta_766-772,1500.0,0.0886666666666666,0.0886666666666666,0.3,0.95059,44.5068,31.369,22.8385,38.8022,SAFE,none,0.01645,1.00746,92.36,0.0
762,0.48,4.0,202.0,206.0,45.0,4.5777777777777775,T13,Branch_752-765,150.0,1.3733333333333333,1.346666666666667,0.3,0.93629,42.0074,28.9831,21.4317,36.0463,CONSTRAINED,transformer_loading,0.02461,1.00818,113.28,1.0
7483,0.24,13.0,81.0,94.0,0.0,94.0,T8,LV_secondary_T2_T4,150.0,0.6266666666666667,0.54,0.0,0.95585,27.31,18.8387,13.9267,23.4276,CAUTION,caution,0.008,1.00656,92.45,1.0
733,0.24,0.0,181.0,181.0,0.0,181.0,-,Main_720-734,5000.0,0.0362,0.0362,0.0,0.91348,17.0383,11.6797,8.589,14.4978,CONSTRAINED,voltage_rise,0.08164,1.00696,93.74,1.0
724,0.24,0.0,14.0,14.0,0.0,14.0,-,Main_720-734,5000.0,0.0028,0.0028,0.0,0.99456,7.1414,4.1987,2.8231,5.0595,SAFE,none,0.00511,1.00546,92.78,0.0
728,0.24,0.0,114.0,114.0,38.0,3.0,T3,Main_720-734,75.0,1.52,1.52,0.5066666666666667,0.93706,11.5824,7.8923,5.7834,9.7845,CONSTRAINED,transformer_loading,0.02171,1.00629,110.83,1.0
633,0.24,0.0,147.0,147.0,0.0,147.0,T4,LV_secondary_T2_T4,150.0,0.98,0.98,0.0,0.91348,17.0383,11.6797,8.589,14.4978,CONSTRAINED,voltage_rise,0.0674,1.0067,92.43,1.0
715,0.208,0.0,217.0,217.0,0.0,217.0,-,Branch_701-708,5000.0,0.0434,0.0434,0.0,0.99083,0.9144,0.4676,0.2627,0.5363,SAFE,none,0.00511,1.00662,92.64,0.0
740,0.24,0.0,237.0,237.0,75.0,3.16,T5,Main_735-750,150.0,1.58,1.58,0.5,0.98202,23.0885,14.9212,11.4648,18.8171,CONSTRAINED,transformer_loading,0.0194,1.00782,110.32,1.0
723,0.24,0.0,65.0,65.0,0.0,65.0,-,Main_720-734,5000.0,0.013,0.013,0.0,0.99456,7.2329,4.237,2.8374,5.0993,CONSTRAINED,voltage,0.06292,1.05749,92.71,0.0
748,0.24,0.0,163.0,163.0,76.88,2.120187304890739,T8,Main_735-750,150.0,1.086666666666667,1.086666666666667,0.5125333333333333,0.95585,27.31,18.8387,13.9267,23.4276,CAUTION,caution,0.01588,1.00737,92.37,1.0
725,0.24,0.0,70.0,70.0,0.0,70.0,-,Main_720-734,5000.0,0.014,0.014,0.0,0.99456,7.1872,4.2178,2.8303,5.0794,CAUTION,caution,0.04664,1.04121,92.7,0.0
708,0.24,0.0,135.0,135.0,75.0,1.8,T16,Branch_701-708,300.0,0.45,0.45,0.25,0.95801,6.2484,3.6185,2.8328,4.5954,CAUTION,caution,0.00497,1.00612,92.7,1.0
751,0.48,0.0,193.0,193.0,0.0,193.0,T9,other,1500.0,0.1286666666666666,0.1286666666666666,0.0,0.9685,34.4789,23.8283,17.6385,29.6463,SAFE,none,0.01377,1.00767,92.34,0.0
6202,0.24,0.0,120.0,120.0,0.0,120.0,T2,LV_secondary_T2_T4,300.0,0.4,0.4,0.0,0.99456,7.0957,4.1795,2.816,5.0396,CAUTION,caution,0.00381,1.00617,92.62,1.0
621,0.24,0.0,38.0,38.0,0.0,38.0,T2,LV_secondary_T2_T4,300.0,0.1266666666666666,0.1266666666666666,0.0,0.99456,7.1414,4.1987,2.8231,5.0595,SAFE,none,0.01372,1.00829,92.75,0.0
732,0.24,0.0,101.0,101.0,25.4,3.9763779527559056,T4,Main_720-734,150.0,0.6733333333333333,0.6733333333333333,0.1693333333333333,0.92105,16.9926,11.6578,8.5847,14.4776,CAUTION,caution,0.00748,1.00637,92.46,1.0
7482,0.24,4.0,197.0,201.0,0.0,201.0,T8,LV_secondary_T2_T4,150.0,1.34,1.3133333333333332,0.0,0.95585,27.31,18.8387,13.9267,23.4276,CAUTION,caution,0.019,1.0078,92.32,1.0
622,0.24,0.0,185.0,185.0,0.0,185.0,T2,LV_secondary_T2_T4,300.0,0.6166666666666667,0.6166666666666667,0.0,0.99456,7.1872,4.2178,2.8303,5.0794,CONSTRAINED,voltage,0.11475,1.10932,92.57,1.0
6201,0.24,0.0,237.0,237.0,0.0,237.0,T2,LV_secondary_T2_T4,300.0,0.79,0.79,0.0,0.99456,7.0957,4.1795,2.816,5.0396,CAUTION,caution,0.0074,1.00689,92.45,1.0
708,0.24,0.0,164.0,164.0,75.0,2.1866666666666665,T16,Branch_701-708,300.0,0.5466666666666666,0.5466666666666666,0.25,0.95801,6.2484,3.6185,2.8328,4.5954,CAUTION,caution,0.006,1.00628,92.68,1.0
721,0.24,11.0,11.0,22.0,0.0,22.0,-,Main_720-734,5000.0,0.0044,0.0022,0.0,0.99456,7.1414,4.1987,2.8231,5.0595,SAFE,none,0.00398,1.00551,92.77,0.0
6251,0.24,0.0,219.0,219.0,0.0,219.0,T2,LV_secondary_T2_T4,300.0,0.73,0.73,0.0,0.99456,7.1872,4.2178,2.8303,5.0794,CONSTRAINED,voltage,0.1333,1.12787,92.54,1.0
7392,0.24,0.0,126.0,126.0,0.0,126.0,T6,LV_secondary_T2_T4,150.0,0.84,0.84,0.0,0.98477,24.6125,15.6519,11.8507,19.6321,CAUTION,caution,0.01059,1.00671,92.43,1.0
740,0.24,0.0,105.0,105.0,75.0,1.4,T5,Main_735-750,150.0,0.7,0.7,0.5,0.98202,23.0885,14.9212,11.4648,18.8171,CAUTION,caution,0.00886,1.00651,92.45,1.0
622,0.24,0.0,191.0,191.0,0.0,191.0,T2,LV_secondary_T2_T4,300.0,0.6366666666666667,0.6366666666666667,0.0,0.99456,7.1872,4.2178,2.8303,5.0794,CONSTRAINED,voltage,0.11807,1.11264,92.57,1.0
748,0.24,0.0,38.0,38.0,76.88,0.4942767950052029,T8,Main_735-750,150.0,0.2533333333333333,0.2533333333333333,0.5125333333333333,0.95585,27.31,18.8387,13.9267,23.4276,SAFE,none,0.00382,1.00586,92.61,0.0
7693,0.24,14.0,143.0,157.0,0.0,157.0,T22,LV_secondary_T2_T4,150.0,1.0466666666666666,0.9533333333333334,0.0,0.95405,44.5068,31.369,22.8385,38.8022,CAUTION,caution,0.02149,1.00772,92.33,1.0
728,0.24,3.0,50.0,53.0,38.0,1.394736842105263,T3,Main_720-734,75.0,0.7066666666666667,0.6666666666666666,0.5066666666666667,0.93706,11.5824,7.8923,5.7834,9.7845,CAUTION,caution,0.00975,1.00582,92.66,1.0
759,0.24,4.0,45.0,49.0,35.0,1.4,T12,Branch_752-765,150.0,0.3266666666666666,0.3,0.2333333333333333,0.93737,40.2701,27.7136,20.528,34.4883,CAUTION,caution,0.00556,1.00607,92.53,1.0
6262,0.24,10.0,20.0,30.0,0.0,30.0,T2,LV_secondary_T2_T4,300.0,0.1,0.0666666666666666,0.0,0.99456,7.2329,4.237,2.8374,5.0993,SAFE,none,0.01983,1.02464,92.76,0.0
769,0.24,14.0,185.0,199.0,41.0,4.853658536585366,T22,Delta_766-772,150.0,1.3266666666666669,1.2333333333333334,0.2733333333333333,0.95405,44.5068,31.369,22.8385,38.8022,CONSTRAINED,transformer_loading,0.02744,1.00828,107.66,1.0
633,0.24,0.0,130.0,130.0,0.0,130.0,T4,LV_secondary_T2_T4,150.0,0.8666666666666667,0.8666666666666667,0.0,0.91348,17.0383,11.6797,8.589,14.4978,CONSTRAINED,voltage_rise,0.06011,1.00657,92.44,1.0
7122,0.24,7.0,72.0,79.0,0.0,79.0,T18,LV_secondary_T2_T4,300.0,0.2633333333333333,0.24,0.0,0.95826,7.7724,4.5565,3.3703,5.6675,CAUTION,caution,0.00312,1.00582,92.74,1.0
769,0.24,0.0,170.0,170.0,41.0,4.146341463414634,T22,Delta_766-772,150.0,1.1333333333333333,1.1333333333333333,0.2733333333333333,0.95405,44.5068,31.369,22.8385,38.8022,CAUTION,caution,0.02556,1.0079,92.31,1.0
625,0.24,0.0,80.0,80.0,0.0,80.0,T2,LV_secondary_T2_T4,300.0,0.2666666666666666,0.2666666666666666,0.0,0.99456,7.1872,4.2178,2.8303,5.0794,CONSTRAINED,voltage_rise,0.05294,1.04751,92.69,1.0
725,0.24,12.0,189.0,201.0,0.0,201.0,-,Main_720-734,5000.0,0.0402,0.0378,0.0,0.99456,7.1872,4.2178,2.8303,5.0794,CONSTRAINED,voltage,0.11522,1.11812,92.56,1.0
740,0.24,0.0,215.0,215.0,75.0,2.8666666666666667,T5,Main_735-750,150.0,1.4333333333333331,1.4333333333333331,0.5,0.98202,23.0885,14.9212,11.4648,18.8171,CAUTION,caution,0.01769,1.00761,96.22,1.0
7121,0.24,0.0,132.0,132.0,0.0,132.0,T18,LV_secondary_T2_T4,300.0,0.44,0.44,0.0,0.95826,7.7724,4.5565,3.3703,5.6675,CAUTION,caution,0.00568,1.00611,92.7,1.0
622,0.24,14.0,174.0,188.0,0.0,188.0,T2,LV_secondary_T2_T4,300.0,0.6266666666666667,0.58,0.0,0.99456,7.1872,4.2178,2.8303,5.0794,CONSTRAINED,voltage,0.1067,1.11098,92.57,1.0
6231,0.24,0.0,50.0,50.0,0.0,50.0,T2,LV_secondary_T2_T4,300.0,0.1666666666666666,0.1666666666666666,0.0,0.99456,7.2329,4.237,2.8374,5.0993,CAUTION,caution,0.04911,1.04368,92.73,0.0
6261,0.24,0.0,14.0,14.0,0.0,14.0,T2,LV_secondary_T2_T4,300.0,0.0466666666666666,0.0466666666666666,0.0,0.99456,7.2329,4.237,2.8374,5.0993,SAFE,none,0.01428,1.00885,92.78,0.0
714,0.208,6.0,165.0,171.0,240.0,0.7125,T24,Branch_701-708,30.0,5.7,5.5,8.0,0.99083,0.9144,0.4676,0.2627,0.5363,SAFE,none,0.00391,1.00637,92.67,0.0
721,0.24,0.0,120.0,120.0,0.0,120.0,-,Main_720-734,5000.0,0.024,0.024,0.0,0.99456,7.1414,4.1987,2.8231,5.0595,CAUTION,caution,0.04194,1.03651,92.63,1.0
748,0.24,0.0,157.0,157.0,76.88,2.042143600416233,T8,Main_735-750,150.0,1.0466666666666666,1.0466666666666666,0.5125333333333333,0.95585,27.31,18.8387,13.9267,23.4276,CAUTION,caution,0.01532,1.0073,92.37,1.0
732,0.24,0.0,186.0,186.0,25.4,7.322834645669292,T4,Main_720-734,150.0,1.24,1.24,0.1693333333333333,0.92105,16.9926,11.6578,8.5847,14.4776,CONSTRAINED,transformer_loading,0.0135,1.00715,104.13,1.0
6202,0.24,0.0,161.0,161.0,0.0,161.0,T2,LV_secondary_T2_T4,300.0,0.5366666666666666,0.5366666666666666,0.0,0.99456,7.0957,4.1795,2.816,5.0396,CAUTION,caution,0.00508,1.00643,92.56,1.0
6322,0.24,0.0,9.0,9.0,0.0,9.0,T4,LV_secondary_T2_T4,150.0,0.06,0.06,0.0,0.92105,16.9926,11.6578,8.5847,14.4776,SAFE,none,0.00068,1.00546,92.77,0.0
7392,0.24,0.0,146.0,146.0,0.0,146.0,T6,LV_secondary_T2_T4,150.0,0.9733333333333334,0.9733333333333334,0.0,0.98477,24.6125,15.6519,11.8507,19.6321,CAUTION,caution,0.01221,1.00691,92.41,1.0
7482,0.24,11.0,79.0,90.0,0.0,90.0,T8,LV_secondary_T2_T4,150.0,0.6,0.5266666666666666,0.0,0.95585,27.31,18.8387,13.9267,23.4276,CAUTION,caution,0.00782,1.00651,92.45,1.0
715,0.208,0.0,99.0,99.0,0.0,99.0,-,Branch_701-708,5000.0,0.0198,0.0198,0.0,0.99083,0.9144,0.4676,0.2627,0.5363,SAFE,none,0.00237,1.00596,92.72,0.0
6201,0.24,14.0,169.0,183.0,0.0,183.0,T2,LV_secondary_T2_T4,300.0,0.61,0.5633333333333334,0.0,0.99456,7.0957,4.1795,2.816,5.0396,CAUTION,caution,0.00531,1.00657,92.53,1.0
6331,0.24,5.0,92.0,97.0,0.0,97.0,T4,LV_secondary_T2_T4,150.0,0.6466666666666666,0.6133333333333333,0.0,0.91348,17.0383,11.6797,8.589,14.4978,CAUTION,caution,0.04314,1.00629,92.47,1.0
7691,0.24,10.0,116.0,126.0,0.0,126.0,T22,LV_secondary_T2_T4,150.0,0.84,0.7733333333333333,0.0,0.95405,44.5068,31.369,22.8385,38.8022,CAUTION,caution,0.01763,1.00728,92.37,1.0
6242,0.24,0.0,172.0,172.0,0.0,172.0,T2,LV_secondary_T2_T4,300.0,0.5733333333333334,0.5733333333333334,0.0,0.99456,7.1414,4.1987,2.8231,5.0595,CONSTRAINED,voltage,0.05897,1.05353,92.57,1.0
751,0.48,13.0,231.0,244.0,0.0,244.0,T9,other,1500.0,0.1626666666666666,0.154,0.0,0.9685,34.4789,23.8283,17.6385,29.6463,SAFE,none,0.01634,1.00824,92.28,0.0
708,0.24,0.0,133.0,133.0,75.0,1.7733333333333334,T16,Branch_701-708,300.0,0.4433333333333333,0.4433333333333333,0.25,0.95801,6.2484,3.6185,2.8328,4.5954,CAUTION,caution,0.0049,1.00611,92.7,1.0
722,0.24,0.0,14.0,14.0,0.0,14.0,-,Main_720-734,5000.0,0.0028,0.0028,0.0,0.99456,7.1872,4.2178,2.8303,5.0794,SAFE,none,0.00971,1.00546,92.78,0.0
6251,0.24,0.0,216.0,216.0,0.0,216.0,T2,LV_secondary_T2_T4,300.0,0.72,0.72,0.0,0.99456,7.1872,4.2178,2.8303,5.0794,CONSTRAINED,voltage,0.13169,1.12626,92.54,1.0
748,0.24,0.0,25.0,25.0,76.88,0.3251821019771072,T8,Main_735-750,150.0,0.1666666666666666,0.1666666666666666,0.5125333333333333,0.95585,27.31,18.8387,13.9267,23.4276,SAFE,none,0.00252,1.00569,92.68,0.0
7692,0.24,0.0,225.0,225.0,0.0,225.0,T22,LV_secondary_T2_T4,150.0,1.5,1.5,0.0,0.95405,44.5068,31.369,22.8385,38.8022,CONSTRAINED,transformer_loading,0.03326,1.00862,124.74,1.0
7121,0.24,0.0,247.0,247.0,0.0,247.0,T18,LV_secondary_T2_T4,300.0,0.8233333333333334,0.8233333333333334,0.0,0.95826,7.7724,4.5565,3.3703,5.6675,CAUTION,caution,0.0104,1.00668,92.63,1.0
756,0.208,0.0,152.0,152.0,155.0,0.9806451612903224,T11,Branch_752-765,300.0,0.5066666666666667,0.5066666666666667,0.5166666666666667,0.93609,39.8129,27.5407,20.4003,34.2734,SAFE,none,0.01632,1.00755,92.35,0.0
6252,0.24,15.0,147.0,162.0,0.0,162.0,T2,LV_secondary_T2_T4,300.0,0.54,0.49,0.0,0.99456,7.1872,4.2178,2.8303,5.0794,CONSTRAINED,voltage,0.09143,1.09639,92.6,1.0
7641,0.24,8.0,148.0,156.0,0.0,156.0,T14,LV_secondary_T2_T4,150.0,1.04,0.9866666666666668,0.0,0.9365,42.617,29.4074,21.7473,36.5751,CAUTION,caution,0.01837,1.00755,92.35,1.0
7642,0.24,0.0,7.0,7.0,0.0,7.0,T14,LV_secondary_T2_T4,150.0,0.0466666666666666,0.0466666666666666,0.0,0.9365,42.617,29.4074,21.7473,36.5751,SAFE,none,0.00091,1.00547,92.76,0.0
759,0.24,14.0,122.0,136.0,35.0,3.8857142857142857,T12,Branch_752-765,150.0,0.9066666666666666,0.8133333333333334,0.2333333333333333,0.93737,40.2701,27.7136,20.528,34.4883,CAUTION,caution,0.01468,1.00726,92.38,1.0
728,0.24,10.0,155.0,165.0,38.0,4.342105263157895,T3,Main_720-734,75.0,2.2,2.066666666666667,0.5066666666666667,0.93706,11.5824,7.8923,5.7834,9.7845,CONSTRAINED,transformer_loading,0.02881,1.00664,178.04,1.0
7481,0.24,0.0,245.0,245.0,0.0,245.0,T8,LV_secondary_T2_T4,150.0,1.6333333333333333,1.6333333333333333,0.0,0.95585,27.31,18.8387,13.9267,23.4276,CONSTRAINED,transformer_loading,0.0234,1.00828,118.68,1.0
759,0.24,0.0,73.0,73.0,35.0,2.085714285714286,T12,Branch_752-765,150.0,0.4866666666666667,0.4866666666666667,0.2333333333333333,0.93737,40.2701,27.7136,20.528,34.4883,CAUTION,caution,0.00897,1.00641,92.46,1.0
759,0.24,0.0,37.0,37.0,35.0,1.0571428571428572,T12,Branch_752-765,150.0,0.2466666666666666,0.2466666666666666,0.2333333333333333,0.93737,40.2701,27.7136,20.528,34.4883,SAFE,none,0.0046,1.0059,92.6,0.0
6232,0.24,0.0,40.0,40.0,0.0,40.0,T2,LV_secondary_T2_T4,300.0,0.1333333333333333,0.1333333333333333,0.0,0.99456,7.2329,4.237,2.8374,5.0993,CAUTION,caution,0.03969,1.03425,92.74,0.0
733,0.24,0.0,75.0,75.0,0.0,75.0,-,Main_720-734,5000.0,0.015,0.015,0.0,0.91348,17.0383,11.6797,8.589,14.4978,CAUTION,caution,0.03569,1.0061,92.53,1.0
734,0.24,0.0,123.0,123.0,15.85,7.7602523659306,-,Main_720-734,5000.0,0.0246,0.0246,0.00317,0.90591,17.084,11.7015,8.5933,14.5179,CONSTRAINED,voltage_rise,0.10207,1.00799,92.45,1.0
725,0.24,0.0,60.0,60.0,0.0,60.0,-,Main_720-734,5000.0,0.012,0.012,0.0,0.99456,7.1872,4.2178,2.8303,5.0794,CAUTION,caution,0.04025,1.03482,92.72,0.0
6211,0.24,0.0,118.0,118.0,0.0,118.0,T2,LV_secondary_T2_T4,300.0,0.3933333333333333,0.3933333333333333,0.0,0.99456,7.1414,4.1987,2.8231,5.0595,CAUTION,caution,0.04127,1.03584,92.63,1.0
715,0.208,0.0,233.0,233.0,0.0,233.0,-,Branch_701-708,5000.0,0.0466,0.0466,0.0,0.99083,0.9144,0.4676,0.2627,0.5363,SAFE,none,0.00547,1.00671,92.62,0.0
626,0.24,0.0,244.0,244.0,0.0,244.0,T2,LV_secondary_T2_T4,300.0,0.8133333333333334,0.8133333333333334,0.0,0.99456,7.2329,4.237,2.8374,5.0993,CONSTRAINED,voltage,0.20511,1.19968,92.55,1.0
708,0.24,0.0,35.0,35.0,75.0,0.4666666666666667,T16,Branch_701-708,300.0,0.1166666666666666,0.1166666666666666,0.25,0.95801,6.2484,3.6185,2.8328,4.5954,SAFE,none,0.00131,1.00557,92.78,0.0
716,0.48,5.0,84.0,89.0,15.85,5.615141955835962,T24(HV),Branch_701-708,300.0,0.2966666666666667,0.28,0.0528333333333333,0.97763,0.9144,0.4676,0.2627,0.5363,CONSTRAINED,transformer_loading,0.04517,1.0257,240.42,0.0
748,0.24,0.0,33.0,33.0,76.88,0.4292403746097815,T8,Main_735-750,150.0,0.22,0.22,0.5125333333333333,0.95585,27.31,18.8387,13.9267,23.4276,SAFE,none,0.00332,1.00579,92.64,0.0
6232,0.24,0.0,106.0,106.0,0.0,106.0,T2,LV_secondary_T2_T4,300.0,0.3533333333333333,0.3533333333333333,0.0,0.99456,7.2329,4.237,2.8374,5.0993,CONSTRAINED,voltage,0.09887,1.09344,92.67,1.0
714,0.208,0.0,36.0,36.0,240.0,0.15,T24,Branch_701-708,30.0,1.2,1.2,8.0,0.99083,0.9144,0.4676,0.2627,0.5363,SAFE,none,0.00087,1.00558,92.77,0.0
7692,0.24,0.0,13.0,13.0,0.0,13.0,T22,LV_secondary_T2_T4,150.0,0.0866666666666666,0.0866666666666666,0.0,0.95405,44.5068,31.369,22.8385,38.8022,SAFE,none,0.00206,1.00557,92.73,0.0
714,0.208,13.0,64.0,77.0,240.0,0.3208333333333333,T24,Branch_701-708,30.0,2.566666666666667,2.1333333333333333,8.0,0.99083,0.9144,0.4676,0.2627,0.5363,SAFE,none,0.00154,1.00583,92.74,0.0
739,0.24,4.0,193.0,197.0,41.1,4.793187347931873,T6,Main_735-750,150.0,1.3133333333333332,1.2866666666666666,0.274,0.98477,24.6125,15.6519,11.8507,19.6321,CONSTRAINED,transformer_loading,0.01594,1.0074,104.61,1.0
7392,0.24,8.0,188.0,196.0,0.0,196.0,T6,LV_secondary_T2_T4,150.0,1.3066666666666666,1.2533333333333334,0.0,0.98477,24.6125,15.6519,11.8507,19.6321,CONSTRAINED,transformer_loading,0.01552,1.00739,103.96,1.0
6232,0.24,0.0,248.0,248.0,0.0,248.0,T2,LV_secondary_T2_T4,300.0,0.8266666666666667,0.8266666666666667,0.0,0.99456,7.2329,4.237,2.8374,5.0993,CONSTRAINED,voltage,0.20793,1.2025,92.55,1.0
7121,0.24,3.0,111.0,114.0,0.0,114.0,T18,LV_secondary_T2_T4,300.0,0.38,0.37,0.0,0.95826,7.7724,4.5565,3.3703,5.6675,CAUTION,caution,0.00479,1.00601,92.72,1.0
7122,0.24,0.0,225.0,225.0,0.0,225.0,T18,LV_secondary_T2_T4,300.0,0.75,0.75,0.0,0.95826,7.7724,4.5565,3.3703,5.6675,CAUTION,caution,0.00951,1.00658,92.64,1.0
625,0.24,13.0,138.0,151.0,0.0,151.0,T2,LV_secondary_T2_T4,300.0,0.5033333333333333,0.46,0.0,0.99456,7.1872,4.2178,2.8303,5.0794,CONSTRAINED,voltage,0.08651,1.0901,92.61,1.0
621,0.24,0.0,174.0,174.0,0.0,174.0,T2,LV_secondary_T2_T4,300.0,0.58,0.58,0.0,0.99456,7.1414,4.1987,2.8231,5.0595,CONSTRAINED,voltage,0.05961,1.05418,92.56,1.0
6262,0.24,0.0,208.0,208.0,0.0,208.0,T2,LV_secondary_T2_T4,300.0,0.6933333333333334,0.6933333333333334,0.0,0.99456,7.2329,4.237,2.8374,5.0993,CONSTRAINED,voltage,0.17921,1.17378,92.57,1.0
722,0.24,5.0,132.0,137.0,0.0,137.0,-,Main_720-734,5000.0,0.0274,0.0264,0.0,0.99456,7.1872,4.2178,2.8303,5.0794,CONSTRAINED,voltage,0.08392,1.08198,92.62,1.0
6201,0.24,15.0,125.0,140.0,0.0,140.0,T2,LV_secondary_T2_T4,300.0,0.4666666666666667,0.4166666666666667,0.0,0.99456,7.0957,4.1795,2.816,5.0396,CAUTION,caution,0.00395,1.0063,92.59,1.0
624,0.24,0.0,120.0,120.0,0.0,120.0,T2,LV_secondary_T2_T4,300.0,0.4,0.4,0.0,0.99456,7.1414,4.1987,2.8231,5.0595,CAUTION,caution,0.04194,1.03651,92.63,1.0
7693,0.24,9.0,157.0,166.0,0.0,166.0,T22,LV_secondary_T2_T4,150.0,1.106666666666667,1.0466666666666666,0.0,0.95405,44.5068,31.369,22.8385,38.8022,CAUTION,caution,0.02357,1.00784,92.32,1.0
7393,0.24,7.0,196.0,203.0,0.0,203.0,T6,LV_secondary_T2_T4,150.0,1.3533333333333333,1.3066666666666666,0.0,0.98477,24.6125,15.6519,11.8507,19.6321,CONSTRAINED,transformer_loading,0.01616,1.00746,108.52,1.0
7481,0.24,0.0,80.0,80.0,0.0,80.0,T8,LV_secondary_T2_T4,150.0,0.5333333333333333,0.5333333333333333,0.0,0.95585,27.31,18.8387,13.9267,23.4276,SAFE,none,0.00796,1.00638,92.46,0.0
632,0.24,0.0,111.0,111.0,0.0,111.0,T4,LV_secondary_T2_T4,150.0,0.74,0.74,0.0,0.92105,16.9926,11.6578,8.5847,14.4776,CAUTION,caution,0.0082,1.00646,92.45,1.0
7481,0.24,10.0,142.0,152.0,0.0,152.0,T8,LV_secondary_T2_T4,150.0,1.0133333333333334,0.9466666666666668,0.0,0.95585,27.31,18.8387,13.9267,23.4276,CAUTION,caution,0.01384,1.00724,92.38,1.0
733,0.24,0.0,85.0,85.0,0.0,85.0,-,Main_720-734,5000.0,0.017,0.017,0.0,0.91348,17.0383,11.6797,8.589,14.4978,CAUTION,caution,0.04023,1.00619,92.49,1.0
7691,0.24,0.0,12.0,12.0,0.0,12.0,T22,LV_secondary_T2_T4,150.0,0.08,0.08,0.0,0.95405,44.5068,31.369,22.8385,38.8022,SAFE,none,0.0019,1.00556,92.73,0.0
6231,0.24,0.0,106.0,106.0,0.0,106.0,T2,LV_secondary_T2_T4,300.0,0.3533333333333333,0.3533333333333333,0.0,0.99456,7.2329,4.237,2.8374,5.0993,CONSTRAINED,voltage,0.09887,1.09344,92.67,1.0
6252,0.24,0.0,85.0,85.0,0.0,85.0,T2,LV_secondary_T2_T4,300.0,0.2833333333333333,0.2833333333333333,0.0,0.99456,7.1872,4.2178,2.8303,5.0794,CONSTRAINED,voltage,0.05606,1.05063,92.68,1.0
721,0.24,8.0,140.0,148.0,0.0,148.0,-,Main_720-734,5000.0,0.0296,0.028,0.0,0.99456,7.1414,4.1987,2.8231,5.0595,CAUTION,caution,0.04826,1.04575,92.6,1.0
6262,0.24,0.0,60.0,60.0,0.0,60.0,T2,LV_secondary_T2_T4,300.0,0.2,0.2,0.0,0.99456,7.2329,4.237,2.8374,5.0993,CONSTRAINED,voltage,0.05836,1.05293,92.72,0.0
712,0.24,0.0,40.0,40.0,65.0,0.6153846153846154,T18,Branch_701-708,300.0,0.1333333333333333,0.1333333333333333,0.2166666666666666,0.95826,7.7724,4.5565,3.3703,5.6675,SAFE,none,0.00175,1.0056,92.77,0.0
626,0.24,0.0,74.0,74.0,0.0,74.0,T2,LV_secondary_T2_T4,300.0,0.2466666666666666,0.2466666666666666,0.0,0.99456,7.2329,4.237,2.8374,5.0993,CONSTRAINED,voltage,0.07103,1.0656,92.7,0.0
6321,0.24,0.0,206.0,206.0,0.0,206.0,T4,LV_secondary_T2_T4,150.0,1.3733333333333333,1.3733333333333333,0.0,0.92105,16.9926,11.6578,8.5847,14.4776,CONSTRAINED,transformer_loading,0.01488,1.00732,118.09,1.0
762,0.48,0.0,128.0,128.0,45.0,2.844444444444445,T13,Branch_752-765,150.0,0.8533333333333334,0.8533333333333334,0.3,0.93629,42.0074,28.9831,21.4317,36.0463,CAUTION,caution,0.01595,1.00718,92.38,1.0
7641,0.24,0.0,186.0,186.0,0.0,186.0,T14,LV_secondary_T2_T4,150.0,1.24,1.24,0.0,0.9365,42.617,29.4074,21.7473,36.5751,CAUTION,caution,0.02294,1.00793,98.8,1.0
725,0.24,15.0,59.0,74.0,0.0,74.0,-,Main_720-734,5000.0,0.0148,0.0118,0.0,0.99456,7.1872,4.2178,2.8303,5.0794,CAUTION,caution,0.03877,1.04374,92.7,0.0
6202,0.24,0.0,135.0,135.0,0.0,135.0,T2,LV_secondary_T2_T4,300.0,0.45,0.45,0.0,0.99456,7.0957,4.1795,2.816,5.0396,CAUTION,caution,0.00428,1.00626,92.6,1.0
734,0.24,10.0,28.0,38.0,15.85,2.3974763406940065,-,Main_720-734,5000.0,0.0076,0.0056,0.00317,0.90591,17.084,11.7015,8.5933,14.5179,SAFE,none,0.0248,1.00575,92.66,0.0
6252,0.24,0.0,216.0,216.0,0.0,216.0,T2,LV_secondary_T2_T4,300.0,0.72,0.72,0.0,0.99456,7.1872,4.2178,2.8303,5.0794,CONSTRAINED,voltage,0.13169,1.12626,92.54,1.0
6212,0.24,0.0,190.0,190.0,0.0,190.0,T2,LV_secondary_T2_T4,300.0,0.6333333333333333,0.6333333333333333,0.0,0.99456,7.1414,4.1987,2.8231,5.0595,CONSTRAINED,voltage,0.06472,1.05929,92.54,1.0
6261,0.24,0.0,65.0,65.0,0.0,65.0,T2,LV_secondary_T2_T4,300.0,0.2166666666666666,0.2166666666666666,0.0,0.99456,7.2329,4.237,2.8374,5.0993,CONSTRAINED,voltage,0.06292,1.05749,92.71,0.0
7482,0.24,0.0,33.0,33.0,0.0,33.0,T8,LV_secondary_T2_T4,150.0,0.22,0.22,0.0,0.95585,27.31,18.8387,13.9267,23.4276,SAFE,none,0.00332,1.00579,92.64,0.0
728,0.24,0.0,7.0,7.0,38.0,0.1842105263157894,T3,Main_720-734,75.0,0.0933333333333333,0.0933333333333333,0.5066666666666667,0.93706,11.5824,7.8923,5.7834,9.7845,SAFE,none,0.00139,1.00543,92.78,0.0
7481,0.24,0.0,126.0,126.0,0.0,126.0,T8,LV_secondary_T2_T4,150.0,0.84,0.84,0.0,0.95585,27.31,18.8387,13.9267,23.4276,CAUTION,caution,0.01239,1.00694,92.41,1.0
6221,0.24,0.0,95.0,95.0,0.0,95.0,T2,LV_secondary_T2_T4,300.0,0.3166666666666666,0.3166666666666666,0.0,0.99456,7.1872,4.2178,2.8303,5.0794,CONSTRAINED,voltage,0.06225,1.05681,92.67,1.0
7483,0.24,0.0,243.0,243.0,0.0,243.0,T8,LV_secondary_T2_T4,150.0,1.62,1.62,0.0,0.95585,27.31,18.8387,13.9267,23.4276,CONSTRAINED,transformer_loading,0.02322,1.00826,117.38,1.0
708,0.24,0.0,120.0,120.0,75.0,1.6,T16,Branch_701-708,300.0,0.4,0.4,0.25,0.95801,6.2484,3.6185,2.8328,4.5954,CAUTION,caution,0.00443,1.00604,92.71,1.0
7692,0.24,0.0,14.0,14.0,0.0,14.0,T22,LV_secondary_T2_T4,150.0,0.0933333333333333,0.0933333333333333,0.0,0.95405,44.5068,31.369,22.8385,38.8022,SAFE,none,0.00222,1.00559,92.72,0.0
756,0.208,0.0,189.0,189.0,155.0,1.219354838709677,T11,Branch_752-765,300.0,0.63,0.63,0.5166666666666667,0.93609,39.8129,27.5407,20.4003,34.2734,CAUTION,caution,0.02011,1.00805,92.3,1.0
748,0.24,0.0,129.0,129.0,76.88,1.6779396462018732,T8,Main_735-750,150.0,0.86,0.86,0.5125333333333333,0.95585,27.31,18.8387,13.9267,23.4276,CAUTION,caution,0.01267,1.00698,92.4,1.0
715,0.208,5.0,72.0,77.0,0.0,77.0,-,Branch_701-708,5000.0,0.0154,0.0144,0.0,0.99083,0.9144,0.4676,0.2627,0.5363,SAFE,none,0.00173,1.00583,92.74,0.0
7393,0.24,0.0,156.0,156.0,0.0,156.0,T6,LV_secondary_T2_T4,150.0,1.04,1.04,0.0,0.98477,24.6125,15.6519,11.8507,19.6321,CAUTION,caution,0.01302,1.00701,92.4,1.0
6321,0.24,9.0,131.0,140.0,0.0,140.0,T4,LV_secondary_T2_T4,150.0,0.9333333333333332,0.8733333333333333,0.0,0.92105,16.9926,11.6578,8.5847,14.4776,CAUTION,caution,0.00959,1.00673,92.43,1.0
6331,0.24,5.0,32.0,37.0,0.0,37.0,T4,LV_secondary_T2_T4,150.0,0.2466666666666666,0.2133333333333333,0.0,0.91348,17.0383,11.6797,8.589,14.4978,CAUTION,caution,0.01551,1.00574,92.66,1.0
730,0.24,0.0,173.0,173.0,85.0,2.0352941176470587,T23,Main_720-734,300.0,0.5766666666666667,0.5766666666666667,0.2833333333333333,0.94696,11.8872,7.965,5.8252,9.8678,CAUTION,caution,0.00714,1.00681,92.42,1.0
7121,0.24,4.0,142.0,146.0,0.0,146.0,T18,LV_secondary_T2_T4,300.0,0.4866666666666667,0.4733333333333333,0.0,0.95826,7.7724,4.5565,3.3703,5.6675,CAUTION,caution,0.00608,1.00618,92.69,1.0
769,0.24,0.0,226.0,226.0,41.0,5.512195121951219,T22,Delta_766-772,150.0,1.5066666666666666,1.5066666666666666,0.2733333333333333,0.95405,44.5068,31.369,22.8385,38.8022,CONSTRAINED,transformer_loading,0.0334,1.00864,125.39,1.0
728,0.24,0.0,192.0,192.0,38.0,5.052631578947368,T3,Main_720-734,75.0,2.56,2.56,0.5066666666666667,0.93706,11.5824,7.8923,5.7834,9.7845,CONSTRAINED,transformer_loading,0.03546,1.00681,213.67,1.0
772,0.208,14.0,159.0,173.0,100.0,1.73,T19,Delta_766-772,300.0,0.5766666666666667,0.53,0.3333333333333333,0.93424,43.184,29.887,22.1458,37.1977,CAUTION,caution,0.01677,1.00784,92.32,1.0
725,0.24,0.0,65.0,65.0,0.0,65.0,-,Main_720-734,5000.0,0.013,0.013,0.0,0.99456,7.1872,4.2178,2.8303,5.0794,CAUTION,caution,0.04346,1.03803,92.71,0.0
6231,0.24,0.0,205.0,205.0,0.0,205.0,T2,LV_secondary_T2_T4,300.0,0.6833333333333333,0.6833333333333333,0.0,0.99456,7.2329,4.237,2.8374,5.0993,CONSTRAINED,voltage,0.177,1.17157,92.58,1.0
708,0.24,0.0,49.0,49.0,75.0,0.6533333333333333,T16,Branch_701-708,300.0,0.1633333333333333,0.1633333333333333,0.25,0.95801,6.2484,3.6185,2.8328,4.5954,SAFE,none,0.00183,1.00565,92.77,0.0
769,0.24,0.0,130.0,130.0,41.0,3.1707317073170733,T22,Delta_766-772,150.0,0.8666666666666667,0.8666666666666667,0.2733333333333333,0.95405,44.5068,31.369,22.8385,38.8022,CAUTION,caution,0.0198,1.00734,92.37,1.0
7641,0.24,0.0,116.0,116.0,0.0,116.0,T14,LV_secondary_T2_T4,150.0,0.7733333333333333,0.7733333333333333,0.0,0.9365,42.617,29.4074,21.7473,36.5751,CAUTION,caution,0.01459,1.00702,92.4,1.0
748,0.24,0.0,27.0,27.0,76.88,0.3511966701352758,T8,Main_735-750,150.0,0.18,0.18,0.5125333333333333,0.95585,27.31,18.8387,13.9267,23.4276,SAFE,none,0.00272,1.00572,92.67,0.0
7641,0.24,0.0,11.0,11.0,0.0,11.0,T14,LV_secondary_T2_T4,150.0,0.0733333333333333,0.0733333333333333,0.0,0.9365,42.617,29.4074,21.7473,36.5751,SAFE,none,0.00143,1.00553,92.74,0.0
6222,0.24,6.0,99.0,105.0,0.0,105.0,T2,LV_secondary_T2_T4,300.0,0.35,0.33,0.0,0.99456,7.1872,4.2178,2.8303,5.0794,CONSTRAINED,voltage,0.06416,1.06292,92.66,1.0
6331,0.24,0.0,85.0,85.0,0.0,85.0,T4,LV_secondary_T2_T4,150.0,0.5666666666666667,0.5666666666666667,0.0,0.91348,17.0383,11.6797,8.589,14.4978,CAUTION,caution,0.04023,1.00619,92.49,1.0
740,0.24,0.0,129.0,129.0,75.0,1.72,T5,Main_735-750,150.0,0.86,0.86,0.5,0.98202,23.0885,14.9212,11.4648,18.8171,CAUTION,caution,0.01082,1.00676,92.42,1.0
7641,0.24,0.0,52.0,52.0,0.0,52.0,T14,LV_secondary_T2_T4,150.0,0.3466666666666667,0.3466666666666667,0.0,0.9365,42.617,29.4074,21.7473,36.5751,SAFE,none,0.00666,1.00613,92.51,0.0
6212,0.24,0.0,95.0,95.0,0.0,95.0,T2,LV_secondary_T2_T4,300.0,0.3166666666666666,0.3166666666666666,0.0,0.99456,7.1414,4.1987,2.8231,5.0595,CAUTION,caution,0.03352,1.02809,92.66,1.0
7482,0.24,5.0,222.0,227.0,0.0,227.0,T8,LV_secondary_T2_T4,150.0,1.5133333333333334,1.48,0.0,0.95585,27.31,18.8387,13.9267,23.4276,CONSTRAINED,transformer_loading,0.02127,1.00808,107.09,1.0
715,0.208,0.0,230.0,230.0,0.0,230.0,-,Branch_701-708,5000.0,0.046,0.046,0.0,0.99083,0.9144,0.4676,0.2627,0.5363,SAFE,none,0.0054,1.00669,92.63,0.0
759,0.24,0.0,196.0,196.0,35.0,5.6,T12,Branch_752-765,150.0,1.3066666666666666,1.3066666666666666,0.2333333333333333,0.93737,40.2701,27.7136,20.528,34.4883,CONSTRAINED,transformer_loading,0.02329,1.00802,112.56,1.0
740,0.24,0.0,245.0,245.0,75.0,3.2666666666666666,T5,Main_735-750,150.0,1.6333333333333333,1.6333333333333333,0.5,0.98202,23.0885,14.9212,11.4648,18.8171,CONSTRAINED,transformer_loading,0.02002,1.00789,115.46,1.0
7693,0.24,0.0,77.0,77.0,0.0,77.0,T22,LV_secondary_T2_T4,150.0,0.5133333333333333,0.5133333333333333,0.0,0.95405,44.5068,31.369,22.8385,38.8022,CAUTION,caution,0.01193,1.00657,92.44,1.0
732,0.24,0.0,224.0,224.0,25.4,8.818897637795276,T4,Main_720-734,150.0,1.4933333333333334,1.4933333333333334,0.1693333333333333,0.92105,16.9926,11.6578,8.5847,14.4776,CONSTRAINED,transformer_loading,0.01611,1.00747,130.64,1.0
626,0.24,0.0,55.0,55.0,0.0,55.0,T2,LV_secondary_T2_T4,300.0,0.1833333333333333,0.1833333333333333,0.0,0.99456,7.2329,4.237,2.8374,5.0993,CONSTRAINED,voltage_rise,0.05376,1.04833,92.73,0.0
626,0.24,0.0,157.0,157.0,0.0,157.0,T2,LV_secondary_T2_T4,300.0,0.5233333333333333,0.5233333333333333,0.0,0.99456,7.2329,4.237,2.8374,5.0993,CONSTRAINED,voltage,0.14046,1.13503,92.62,1.0
624,0.24,5.0,111.0,116.0,0.0,116.0,T2,LV_secondary_T2_T4,300.0,0.3866666666666666,0.37,0.0,0.99456,7.1414,4.1987,2.8231,5.0595,CAUTION,caution,0.03877,1.03517,92.64,1.0
6212,0.24,13.0,184.0,197.0,0.0,197.0,T2,LV_secondary_T2_T4,300.0,0.6566666666666666,0.6133333333333333,0.0,0.99456,7.1414,4.1987,2.8231,5.0595,CONSTRAINED,voltage,0.06219,1.0615,92.54,1.0
723,0.24,0.0,53.0,53.0,0.0,53.0,-,Main_720-734,5000.0,0.0106,0.0106,0.0,0.99456,7.2329,4.237,2.8374,5.0993,CONSTRAINED,voltage_rise,0.0519,1.04647,92.73,0.0
6202,0.24,0.0,249.0,249.0,0.0,249.0,T2,LV_secondary_T2_T4,300.0,0.83,0.83,0.0,0.99456,7.0957,4.1795,2.816,5.0396,CAUTION,caution,0.00776,1.00697,92.43,1.0
769,0.24,0.0,36.0,36.0,41.0,0.8780487804878049,T22,Delta_766-772,150.0,0.24,0.24,0.2733333333333333,0.95405,44.5068,31.369,22.8385,38.8022,SAFE,none,0.00565,1.00594,92.59,0.0
6212,0.24,0.0,100.0,100.0,0.0,100.0,T2,LV_secondary_T2_T4,300.0,0.3333333333333333,0.3333333333333333,0.0,0.99456,7.1414,4.1987,2.8231,5.0595,CAUTION,caution,0.03522,1.02979,92.66,1.0
6201,0.24,0.0,44.0,44.0,0.0,44.0,T2,LV_secondary_T2_T4,300.0,0.1466666666666666,0.1466666666666666,0.0,0.99456,7.0957,4.1795,2.816,5.0396,SAFE,none,0.00141,1.00567,92.73,0.0
633,0.24,0.0,75.0,75.0,0.0,75.0,T4,LV_secondary_T2_T4,150.0,0.5,0.5,0.0,0.91348,17.0383,11.6797,8.589,14.4978,CAUTION,caution,0.03569,1.0061,92.53,1.0
6251,0.24,0.0,211.0,211.0,0.0,211.0,T2,LV_secondary_T2_T4,300.0,0.7033333333333334,0.7033333333333334,0.0,0.99456,7.1872,4.2178,2.8303,5.0794,CONSTRAINED,voltage,0.12899,1.12356,92.55,1.0
7692,0.24,9.0,205.0,214.0,0.0,214.0,T22,LV_secondary_T2_T4,150.0,1.4266666666666667,1.3666666666666667,0.0,0.95405,44.5068,31.369,22.8385,38.8022,CONSTRAINED,transformer_loading,0.03031,1.00848,117.53,1.0
7692,0.24,0.0,102.0,102.0,0.0,102.0,T22,LV_secondary_T2_T4,150.0,0.68,0.68,0.0,0.95405,44.5068,31.369,22.8385,38.8022,CAUTION,caution,0.01567,1.00694,92.41,1.0
625,0.24,0.0,205.0,205.0,0.0,205.0,T2,LV_secondary_T2_T4,300.0,0.6833333333333333,0.6833333333333333,0.0,0.99456,7.1872,4.2178,2.8303,5.0794,CONSTRAINED,voltage,0.12574,1.1203,92.55,1.0
723,0.24,0.0,6.0,6.0,0.0,6.0,-,Main_720-734,5000.0,0.0012,0.0012,0.0,0.99456,7.2329,4.237,2.8374,5.0993,SAFE,none,0.00617,1.00541,92.79,0.0
6222,0.24,0.0,75.0,75.0,0.0,75.0,T2,LV_secondary_T2_T4,300.0,0.25,0.25,0.0,0.99456,7.1872,4.2178,2.8303,5.0794,CAUTION,caution,0.0498,1.04437,92.7,0.0
624,0.24,0.0,60.0,60.0,0.0,60.0,T2,LV_secondary_T2_T4,300.0,0.2,0.2,0.0,0.99456,7.1414,4.1987,2.8231,5.0595,SAFE,none,0.02147,1.01604,92.71,0.0
6321,0.24,10.0,198.0,208.0,0.0,208.0,T4,LV_secondary_T2_T4,150.0,1.3866666666666667,1.32,0.0,0.92105,16.9926,11.6578,8.5847,14.4776,CONSTRAINED,transformer_loading,0.01426,1.00734,119.48,1.0
6331,0.24,0.0,130.0,130.0,0.0,130.0,T4,LV_secondary_T2_T4,150.0,0.8666666666666667,0.8666666666666667,0.0,0.91348,17.0383,11.6797,8.589,14.4978,CONSTRAINED,voltage_rise,0.06011,1.00657,92.44,1.0
625,0.24,3.0,85.0,88.0,0.0,88.0,T2,LV_secondary_T2_T4,300.0,0.2933333333333333,0.2833333333333333,0.0,0.99456,7.1872,4.2178,2.8303,5.0794,CONSTRAINED,voltage,0.05583,1.05249,92.68,1.0
748,0.24,0.0,246.0,246.0,76.88,3.199791883454735,T8,Main_735-750,150.0,1.64,1.64,0.5125333333333333,0.95585,27.31,18.8387,13.9267,23.4276,CONSTRAINED,transformer_loading,0.02349,1.00829,119.32,1.0
6211,0.24,0.0,111.0,111.0,0.0,111.0,T2,LV_secondary_T2_T4,300.0,0.37,0.37,0.0,0.99456,7.1414,4.1987,2.8231,5.0595,CAUTION,caution,0.03893,1.0335,92.64,1.0
7691,0.24,0.0,94.0,94.0,0.0,94.0,T22,LV_secondary_T2_T4,150.0,0.6266666666666667,0.6266666666666667,0.0,0.95405,44.5068,31.369,22.8385,38.8022,CAUTION,caution,0.01448,1.00682,92.42,1.0
728,0.24,8.0,20.0,28.0,38.0,0.7368421052631579,T3,Main_720-734,75.0,0.3733333333333333,0.2666666666666666,0.5066666666666667,0.93706,11.5824,7.8923,5.7834,9.7845,SAFE,none,0.00393,1.00561,92.73,0.0
6212,0.24,11.0,102.0,113.0,0.0,113.0,T2,LV_secondary_T2_T4,300.0,0.3766666666666666,0.34,0.0,0.99456,7.1414,4.1987,2.8231,5.0595,CAUTION,caution,0.03558,1.03417,92.64,1.0
7692,0.24,0.0,198.0,198.0,0.0,198.0,T22,LV_secondary_T2_T4,150.0,1.32,1.32,0.0,0.95405,44.5068,31.369,22.8385,38.8022,CONSTRAINED,transformer_loading,0.02951,1.00827,107.01,1.0
6221,0.24,0.0,102.0,102.0,0.0,102.0,T2,LV_secondary_T2_T4,300.0,0.34,0.34,0.0,0.99456,7.1872,4.2178,2.8303,5.0794,CONSTRAINED,voltage,0.06653,1.0611,92.66,1.0
764,0.24,0.0,78.0,78.0,46.0,1.6956521739130437,T14,Branch_752-765,150.0,0.52,0.52,0.3066666666666666,0.9365,42.617,29.4074,21.7473,36.5751,CAUTION,caution,0.00992,1.0065,92.45,1.0
708,0.24,0.0,101.0,101.0,75.0,1.346666666666667,T16,Branch_701-708,300.0,0.3366666666666666,0.3366666666666666,0.25,0.95801,6.2484,3.6185,2.8328,4.5954,CAUTION,caution,0.00374,1.00594,92.73,1.0
7481,0.24,0.0,168.0,168.0,0.0,168.0,T8,LV_secondary_T2_T4,150.0,1.12,1.12,0.0,0.95585,27.31,18.8387,13.9267,23.4276,CAUTION,caution,0.01635,1.00743,92.36,1.0
7391,0.24,0.0,122.0,122.0,0.0,122.0,T6,LV_secondary_T2_T4,150.0,0.8133333333333334,0.8133333333333334,0.0,0.98477,24.6125,15.6519,11.8507,19.6321,CAUTION,caution,0.01026,1.00667,92.43,1.0
7391,0.24,12.0,181.0,193.0,0.0,193.0,T6,LV_secondary_T2_T4,150.0,1.2866666666666666,1.2066666666666668,0.0,0.98477,24.6125,15.6519,11.8507,19.6321,CONSTRAINED,transformer_loading,0.01494,1.00736,102.0,1.0
7481,0.24,8.0,37.0,45.0,0.0,45.0,T8,LV_secondary_T2_T4,150.0,0.3,0.2466666666666666,0.0,0.95585,27.31,18.8387,13.9267,23.4276,SAFE,none,0.00371,1.00595,92.57,0.0
7692,0.24,6.0,43.0,49.0,0.0,49.0,T22,LV_secondary_T2_T4,150.0,0.3266666666666666,0.2866666666666667,0.0,0.95405,44.5068,31.369,22.8385,38.8022,SAFE,none,0.00671,1.00614,92.52,0.0
734,0.24,0.0,85.0,85.0,15.85,5.3627760252365935,-,Main_720-734,5000.0,0.017,0.017,0.00317,0.90591,17.084,11.7015,8.5933,14.5179,CONSTRAINED,voltage_rise,0.07282,1.00616,92.5,1.0
6201,0.24,6.0,90.0,96.0,0.0,96.0,T2,LV_secondary_T2_T4,300.0,0.32,0.3,0.0,0.99456,7.0957,4.1795,2.816,5.0396,CAUTION,caution,0.00287,1.00601,92.65,1.0
722,0.24,0.0,105.0,105.0,0.0,105.0,-,Main_720-734,5000.0,0.021,0.021,0.0,0.99456,7.1872,4.2178,2.8303,5.0794,CONSTRAINED,voltage,0.06835,1.06292,92.66,1.0
6211,0.24,0.0,214.0,214.0,0.0,214.0,T2,LV_secondary_T2_T4,300.0,0.7133333333333334,0.7133333333333334,0.0,0.99456,7.1414,4.1987,2.8231,5.0595,CONSTRAINED,voltage,0.07228,1.06685,92.52,1.0
730,0.24,0.0,26.0,26.0,85.0,0.3058823529411765,T23,Main_720-734,300.0,0.0866666666666666,0.0866666666666666,0.2833333333333333,0.94696,11.8872,7.965,5.8252,9.8678,SAFE,none,0.0011,1.00559,92.73,0.0
6211,0.24,0.0,130.0,130.0,0.0,130.0,T2,LV_secondary_T2_T4,300.0,0.4333333333333333,0.4333333333333333,0.0,0.99456,7.1414,4.1987,2.8231,5.0595,CAUTION,caution,0.04526,1.03983,92.62,1.0
710,0.208,5.0,233.0,238.0,80.0,2.975,T17,Branch_701-708,300.0,0.7933333333333333,0.7766666666666666,0.2666666666666666,0.95736,7.0104,4.008,2.9713,4.9893,CAUTION,caution,0.00901,1.00665,92.63,1.0
625,0.24,0.0,224.0,224.0,0.0,224.0,T2,LV_secondary_T2_T4,300.0,0.7466666666666667,0.7466666666666667,0.0,0.99456,7.1872,4.2178,2.8303,5.0794,CONSTRAINED,voltage,0.13597,1.13054,92.54,1.0
6201,0.24,0.0,199.0,199.0,0.0,199.0,T2,LV_secondary_T2_T4,300.0,0.6633333333333333,0.6633333333333333,0.0,0.99456,7.0957,4.1795,2.816,5.0396,CAUTION,caution,0.00625,1.00666,92.5,1.0
623,0.24,0.0,177.0,177.0,0.0,177.0,T2,LV_secondary_T2_T4,300.0,0.59,0.59,0.0,0.99456,7.2329,4.237,2.8374,5.0993,CONSTRAINED,voltage,0.15597,1.15053,92.6,1.0
7483,0.24,0.0,241.0,241.0,0.0,241.0,T8,LV_secondary_T2_T4,150.0,1.606666666666667,1.606666666666667,0.0,0.95585,27.31,18.8387,13.9267,23.4276,CONSTRAINED,transformer_loading,0.02304,1.00824,116.09,1.0
7483,0.24,0.0,20.0,20.0,0.0,20.0,T8,LV_secondary_T2_T4,150.0,0.1333333333333333,0.1333333333333333,0.0,0.95585,27.31,18.8387,13.9267,23.4276,SAFE,none,0.00202,1.00563,92.7,0.0
716,0.48,0.0,144.0,144.0,15.85,9.085173501577287,T24(HV),Branch_701-708,300.0,0.48,0.48,0.0528333333333333,0.97763,0.9144,0.4676,0.2627,0.5363,CONSTRAINED,voltage,0.07471,1.05235,407.42,0.0
724,0.24,0.0,100.0,100.0,0.0,100.0,-,Main_720-734,5000.0,0.02,0.02,0.0,0.99456,7.1414,4.1987,2.8231,5.0595,CAUTION,caution,0.03522,1.02979,92.66,1.0
708,0.24,0.0,21.0,21.0,75.0,0.28,T16,Branch_701-708,300.0,0.07,0.07,0.25,0.95801,6.2484,3.6185,2.8328,4.5954,SAFE,none,0.00079,1.00549,92.79,0.0
720,0.24,0.0,29.0,29.0,66.0,0.4393939393939394,T2,Main_720-734,300.0,0.0966666666666666,0.0966666666666666,0.22,0.99456,7.0957,4.1795,2.816,5.0396,SAFE,none,0.00093,1.00556,92.76,0.0
714,0.208,0.0,249.0,249.0,240.0,1.0375,T24,Branch_701-708,30.0,8.3,8.3,8.0,0.99083,0.9144,0.4676,0.2627,0.5363,SAFE,none,0.00583,1.00679,92.61,0.0
769,0.24,0.0,17.0,17.0,41.0,0.4146341463414634,T22,Delta_766-772,150.0,0.1133333333333333,0.1133333333333333,0.2733333333333333,0.95405,44.5068,31.369,22.8385,38.8022,SAFE,none,0.00269,1.00564,92.7,0.0
632,0.24,9.0,114.0,123.0,0.0,123.0,T4,LV_secondary_T2_T4,150.0,0.82,0.76,0.0,0.92105,16.9926,11.6578,8.5847,14.4776,CAUTION,caution,0.00838,1.00658,92.44,1.0
622,0.24,0.0,95.0,95.0,0.0,95.0,T2,LV_secondary_T2_T4,300.0,0.3166666666666666,0.3166666666666666,0.0,0.99456,7.1872,4.2178,2.8303,5.0794,CONSTRAINED,voltage,0.06225,1.05681,92.67,1.0
622,0.24,0.0,85.0,85.0,0.0,85.0,T2,LV_secondary_T2_T4,300.0,0.2833333333333333,0.2833333333333333,0.0,0.99456,7.1872,4.2178,2.8303,5.0794,CONSTRAINED,voltage,0.05606,1.05063,92.68,1.0
6242,0.24,0.0,246.0,246.0,0.0,246.0,T2,LV_secondary_T2_T4,300.0,0.82,0.82,0.0,0.99456,7.1414,4.1987,2.8231,5.0595,CONSTRAINED,voltage,0.08218,1.07675,92.48,1.0
723,0.24,6.0,199.0,205.0,0.0,205.0,-,Main_720-734,5000.0,0.041,0.0398,0.0,0.99456,7.2329,4.237,2.8374,5.0993,CONSTRAINED,voltage,0.17083,1.17157,92.58,1.0
6201,0.24,0.0,168.0,168.0,0.0,168.0,T2,LV_secondary_T2_T4,300.0,0.56,0.56,0.0,0.99456,7.0957,4.1795,2.816,5.0396,CAUTION,caution,0.0053,1.00647,92.55,1.0
769,0.24,12.0,153.0,165.0,41.0,4.024390243902439,T22,Delta_766-772,150.0,1.1,1.02,0.2733333333333333,0.95405,44.5068,31.369,22.8385,38.8022,CAUTION,caution,0.02295,1.00783,92.32,1.0
7392,0.24,8.0,239.0,247.0,0.0,247.0,T6,LV_secondary_T2_T4,150.0,1.6466666666666667,1.5933333333333333,0.0,0.98477,24.6125,15.6519,11.8507,19.6321,CONSTRAINED,transformer_loading,0.0195,1.00787,137.17,1.0
7121,0.24,0.0,81.0,81.0,0.0,81.0,T18,LV_secondary_T2_T4,300.0,0.27,0.27,0.0,0.95826,7.7724,4.5565,3.3703,5.6675,CAUTION,caution,0.00352,1.00583,92.74,1.0
751,0.48,0.0,247.0,247.0,0.0,247.0,T9,other,1500.0,0.1646666666666666,0.1646666666666666,0.0,0.9685,34.4789,23.8283,17.6385,29.6463,SAFE,none,0.0175,1.00827,92.28,0.0
7122,0.24,12.0,100.0,112.0,0.0,112.0,T18,LV_secondary_T2_T4,300.0,0.3733333333333333,0.3333333333333333,0.0,0.95826,7.7724,4.5565,3.3703,5.6675,CAUTION,caution,0.00431,1.006,92.72,1.0
6262,0.24,0.0,50.0,50.0,0.0,50.0,T2,LV_secondary_T2_T4,300.0,0.1666666666666666,0.1666666666666666,0.0,0.99456,7.2329,4.237,2.8374,5.0993,CAUTION,caution,0.04911,1.04368,92.73,0.0
724,0.24,0.0,84.0,84.0,0.0,84.0,-,Main_720-734,5000.0,0.0168,0.0168,0.0,0.99456,7.1414,4.1987,2.8231,5.0595,CAUTION,caution,0.02977,1.02434,92.68,1.0
769,0.24,0.0,137.0,137.0,41.0,3.341463414634146,T22,Delta_766-772,150.0,0.9133333333333332,0.9133333333333332,0.2733333333333333,0.95405,44.5068,31.369,22.8385,38.8022,CAUTION,caution,0.02082,1.00744,92.36,1.0
7481,0.24,13.0,194.0,207.0,0.0,207.0,T8,LV_secondary_T2_T4,150.0,1.38,1.2933333333333332,0.0,0.95585,27.31,18.8387,13.9267,23.4276,CAUTION,caution,0.01864,1.00787,94.32,1.0
770,0.24,0.0,82.0,82.0,450.0,0.1822222222222222,T15,Delta_766-772,1500.0,0.0546666666666666,0.0546666666666666,0.3,0.95059,44.5068,31.369,22.8385,38.8022,SAFE,none,0.01026,1.00668,92.43,0.0
6242,0.24,0.0,163.0,163.0,0.0,163.0,T2,LV_secondary_T2_T4,300.0,0.5433333333333333,0.5433333333333333,0.0,0.99456,7.1414,4.1987,2.8231,5.0595,CONSTRAINED,voltage,0.05606,1.05063,92.58,1.0
739,0.24,12.0,193.0,205.0,41.1,4.987834549878345,T6,Main_735-750,150.0,1.3666666666666667,1.2866666666666666,0.274,0.98477,24.6125,15.6519,11.8507,19.6321,CONSTRAINED,transformer_loading,0.01588,1.00748,109.83,1.0
7392,0.24,0.0,56.0,56.0,0.0,56.0,T6,LV_secondary_T2_T4,150.0,0.3733333333333333,0.3733333333333333,0.0,0.98477,24.6125,15.6519,11.8507,19.6321,CAUTION,caution,0.00478,1.00598,92.57,1.0
712,0.24,0.0,59.0,59.0,65.0,0.9076923076923076,T18,Branch_701-708,300.0,0.1966666666666666,0.1966666666666666,0.2166666666666666,0.95826,7.7724,4.5565,3.3703,5.6675,SAFE,none,0.00257,1.00571,92.76,0.0
6222,0.24,0.0,95.0,95.0,0.0,95.0,T2,LV_secondary_T2_T4,300.0,0.3166666666666666,0.3166666666666666,0.0,0.99456,7.1872,4.2178,2.8303,5.0794,CONSTRAINED,voltage,0.06225,1.05681,92.67,1.0
739,0.24,0.0,70.0,70.0,41.1,1.70316301703163,T6,Main_735-750,150.0,0.4666666666666667,0.4666666666666667,0.274,0.98477,24.6125,15.6519,11.8507,19.6321,CAUTION,caution,0.00596,1.00613,92.51,1.0
633,0.24,0.0,123.0,123.0,0.0,123.0,T4,LV_secondary_T2_T4,150.0,0.82,0.82,0.0,0.91348,17.0383,11.6797,8.589,14.4978,CONSTRAINED,voltage_rise,0.05707,1.00651,92.45,1.0
6321,0.24,10.0,130.0,140.0,0.0,140.0,T4,LV_secondary_T2_T4,150.0,0.9333333333333332,0.8666666666666667,0.0,0.92105,16.9926,11.6578,8.5847,14.4776,CAUTION,caution,0.00951,1.00673,92.43,1.0
723,0.24,0.0,50.0,50.0,0.0,50.0,-,Main_720-734,5000.0,0.01,0.01,0.0,0.99456,7.2329,4.237,2.8374,5.0993,CAUTION,caution,0.04911,1.04368,92.73,0.0
728,0.24,0.0,182.0,182.0,38.0,4.789473684210527,T3,Main_720-734,75.0,2.4266666666666667,2.4266666666666667,0.5066666666666667,0.93706,11.5824,7.8923,5.7834,9.7845,CONSTRAINED,transformer_loading,0.03375,1.00675,200.49,1.0
7391,0.24,13.0,144.0,157.0,0.0,157.0,T6,LV_secondary_T2_T4,150.0,1.0466666666666666,0.96,0.0,0.98477,24.6125,15.6519,11.8507,19.6321,CAUTION,caution,0.01198,1.00702,92.4,1.0
710,0.208,0.0,60.0,60.0,80.0,0.75,T17,Branch_701-708,300.0,0.2,0.2,0.2666666666666666,0.95736,7.0104,4.008,2.9713,4.9893,SAFE,none,0.0024,1.00571,92.76,0.0
7482,0.24,0.0,130.0,130.0,0.0,130.0,T8,LV_secondary_T2_T4,150.0,0.8666666666666667,0.8666666666666667,0.0,0.95585,27.31,18.8387,13.9267,23.4276,CAUTION,caution,0.01277,1.00699,92.4,1.0
6331,0.24,0.0,75.0,75.0,0.0,75.0,T4,LV_secondary_T2_T4,150.0,0.5,0.5,0.0,0.91348,17.0383,11.6797,8.589,14.4978,CAUTION,caution,0.03569,1.0061,92.53,1.0
6251,0.24,0.0,60.0,60.0,0.0,60.0,T2,LV_secondary_T2_T4,300.0,0.2,0.2,0.0,0.99456,7.1872,4.2178,2.8303,5.0794,CAUTION,caution,0.04025,1.03482,92.72,0.0
724,0.24,0.0,191.0,191.0,0.0,191.0,-,Main_720-734,5000.0,0.0382,0.0382,0.0,0.99456,7.1414,4.1987,2.8231,5.0595,CONSTRAINED,voltage,0.06503,1.0596,92.54,1.0
7392,0.24,0.0,65.0,65.0,0.0,65.0,T6,LV_secondary_T2_T4,150.0,0.4333333333333333,0.4333333333333333,0.0,0.98477,24.6125,15.6519,11.8507,19.6321,CAUTION,caution,0.00554,1.00607,92.53,1.0
7392,0.24,8.0,10.0,18.0,0.0,18.0,T6,LV_secondary_T2_T4,150.0,0.12,0.0666666666666666,0.0,0.98477,24.6125,15.6519,11.8507,19.6321,SAFE,none,0.00086,1.00557,92.73,0.0
748,0.24,0.0,73.0,73.0,76.88,0.949531737773153,T8,Main_735-750,150.0,0.4866666666666667,0.4866666666666667,0.5125333333333333,0.95585,27.31,18.8387,13.9267,23.4276,SAFE,none,0.00727,1.0063,92.47,0.0
7481,0.24,0.0,192.0,192.0,0.0,192.0,T8,LV_secondary_T2_T4,150.0,1.28,1.28,0.0,0.95585,27.31,18.8387,13.9267,23.4276,CAUTION,caution,0.01857,1.0077,92.33,1.0
716,0.48,0.0,120.0,120.0,15.85,7.570977917981073,T24(HV),Branch_701-708,300.0,0.4,0.4,0.0528333333333333,0.97763,0.9144,0.4676,0.2627,0.5363,CONSTRAINED,voltage_rise,0.06333,1.04097,335.37,0.0
633,0.24,10.0,13.0,23.0,0.0,23.0,T4,LV_secondary_T2_T4,150.0,0.1533333333333333,0.0866666666666666,0.0,0.91348,17.0383,11.6797,8.589,14.4978,SAFE,none,0.00633,1.0056,92.71,0.0
6221,0.24,0.0,75.0,75.0,0.0,75.0,T2,LV_secondary_T2_T4,300.0,0.25,0.25,0.0,0.99456,7.1872,4.2178,2.8303,5.0794,CAUTION,caution,0.0498,1.04437,92.7,0.0
708,0.24,0.0,158.0,158.0,75.0,2.1066666666666665,T16,Branch_701-708,300.0,0.5266666666666666,0.5266666666666666,0.25,0.95801,6.2484,3.6185,2.8328,4.5954,CAUTION,caution,0.00579,1.00625,92.69,1.0
759,0.24,15.0,50.0,65.0,35.0,1.8571428571428568,T12,Branch_752-765,150.0,0.4333333333333333,0.3333333333333333,0.2333333333333333,0.93737,40.2701,27.7136,20.528,34.4883,CAUTION,caution,0.00613,1.0063,92.47,1.0
743,0.24,0.0,190.0,190.0,240.0,0.7916666666666666,T7,Main_735-750,300.0,0.6333333333333333,0.6333333333333333,0.8,0.96367,21.8693,15.052,11.1097,18.708,SAFE,none,0.01305,1.00763,92.34,0.0
769,0.24,0.0,203.0,203.0,41.0,4.951219512195122,T22,Delta_766-772,150.0,1.3533333333333333,1.3533333333333333,0.2733333333333333,0.95405,44.5068,31.369,22.8385,38.8022,CONSTRAINED,transformer_loading,0.03021,1.00834,110.3,1.0
716,0.48,0.0,95.0,95.0,15.85,5.993690851735016,T24(HV),Branch_701-708,300.0,0.3166666666666666,0.3166666666666666,0.0528333333333333,0.97763,0.9144,0.4676,0.2627,0.5363,CONSTRAINED,voltage_rise,0.05107,1.02871,258.95,0.0
712,0.24,6.0,214.0,220.0,65.0,3.3846153846153846,T18,Branch_701-708,300.0,0.7333333333333333,0.7133333333333334,0.2166666666666666,0.95826,7.7724,4.5565,3.3703,5.6675,CAUTION,caution,0.00904,1.00655,92.64,1.0
721,0.24,0.0,44.0,44.0,0.0,44.0,-,Main_720-734,5000.0,0.0088,0.0088,0.0,0.99456,7.1414,4.1987,2.8231,5.0595,SAFE,none,0.01585,1.01042,92.74,0.0
6252,0.24,0.0,247.0,247.0,0.0,247.0,T2,LV_secondary_T2_T4,300.0,0.8233333333333334,0.8233333333333334,0.0,0.99456,7.1872,4.2178,2.8303,5.0794,CONSTRAINED,voltage,0.14812,1.14269,92.52,1.0
751,0.48,0.0,81.0,81.0,0.0,81.0,T9,other,1500.0,0.054,0.054,0.0,0.9685,34.4789,23.8283,17.6385,29.6463,SAFE,none,0.00587,1.00636,92.47,0.0
762,0.48,0.0,200.0,200.0,45.0,4.444444444444445,T13,Branch_752-765,150.0,1.3333333333333333,1.3333333333333333,0.3,0.93629,42.0074,28.9831,21.4317,36.0463,CONSTRAINED,transformer_loading,0.02444,1.00811,109.26,1.0
734,0.24,0.0,65.0,65.0,15.85,4.100946372239748,-,Main_720-734,5000.0,0.013,0.013,0.00317,0.90591,17.084,11.7015,8.5933,14.5179,CONSTRAINED,voltage_rise,0.05669,1.006,92.57,1.0
720,0.24,0.0,82.0,82.0,66.0,1.2424242424242424,T2,Main_720-734,300.0,0.2733333333333333,0.2733333333333333,0.22,0.99456,7.0957,4.1795,2.816,5.0396,CAUTION,caution,0.00262,1.00592,92.68,1.0
7483,0.24,0.0,44.0,44.0,0.0,44.0,T8,LV_secondary_T2_T4,150.0,0.2933333333333333,0.2933333333333333,0.0,0.95585,27.31,18.8387,13.9267,23.4276,SAFE,none,0.00442,1.00593,92.58,0.0
733,0.24,0.0,50.0,50.0,0.0,50.0,-,Main_720-734,5000.0,0.01,0.01,0.0,0.91348,17.0383,11.6797,8.589,14.4978,CAUTION,caution,0.02412,1.00587,92.62,1.0
7641,0.24,0.0,190.0,190.0,0.0,190.0,T14,LV_secondary_T2_T4,150.0,1.2666666666666666,1.2666666666666666,0.0,0.9365,42.617,29.4074,21.7473,36.5751,CONSTRAINED,transformer_loading,0.02341,1.00798,101.48,1.0
6221,0.24,0.0,65.0,65.0,0.0,65.0,T2,LV_secondary_T2_T4,300.0,0.2166666666666666,0.2166666666666666,0.0,0.99456,7.1872,4.2178,2.8303,5.0794,CAUTION,caution,0.04346,1.03803,92.71,0.0
7691,0.24,0.0,245.0,245.0,0.0,245.0,T22,LV_secondary_T2_T4,150.0,1.6333333333333333,1.6333333333333333,0.0,0.95405,44.5068,31.369,22.8385,38.8022,CONSTRAINED,transformer_loading,0.036,1.00888,137.8,1.0
624,0.24,0.0,192.0,192.0,0.0,192.0,T2,LV_secondary_T2_T4,300.0,0.64,0.64,0.0,0.99456,7.1414,4.1987,2.8231,5.0595,CONSTRAINED,voltage,0.06535,1.05992,92.54,1.0
6211,0.24,0.0,100.0,100.0,0.0,100.0,T2,LV_secondary_T2_T4,300.0,0.3333333333333333,0.3333333333333333,0.0,0.99456,7.1414,4.1987,2.8231,5.0595,CAUTION,caution,0.03522,1.02979,92.66,1.0
724,0.24,0.0,97.0,97.0,0.0,97.0,-,Main_720-734,5000.0,0.0194,0.0194,0.0,0.99456,7.1414,4.1987,2.8231,5.0595,CAUTION,caution,0.0342,1.02877,92.66,1.0
622,0.24,0.0,165.0,165.0,0.0,165.0,T2,LV_secondary_T2_T4,300.0,0.55,0.55,0.0,0.99456,7.1872,4.2178,2.8303,5.0794,CONSTRAINED,voltage,0.10353,1.0981,92.59,1.0
712,0.24,0.0,162.0,162.0,65.0,2.4923076923076923,T18,Branch_701-708,300.0,0.54,0.54,0.2166666666666666,0.95826,7.7724,4.5565,3.3703,5.6675,CAUTION,caution,0.00693,1.00626,92.68,1.0
6332,0.24,0.0,100.0,100.0,0.0,100.0,T4,LV_secondary_T2_T4,150.0,0.6666666666666666,0.6666666666666666,0.0,0.91348,17.0383,11.6797,8.589,14.4978,CAUTION,caution,0.04695,1.00632,92.47,1.0
6331,0.24,0.0,83.0,83.0,0.0,83.0,T4,LV_secondary_T2_T4,150.0,0.5533333333333333,0.5533333333333333,0.0,0.91348,17.0383,11.6797,8.589,14.4978,CAUTION,caution,0.03932,1.00617,92.5,1.0
6222,0.24,7.0,168.0,175.0,0.0,175.0,T2,LV_secondary_T2_T4,300.0,0.5833333333333334,0.56,0.0,0.99456,7.1872,4.2178,2.8303,5.0794,CONSTRAINED,voltage,0.10428,1.10374,92.58,1.0
715,0.208,13.0,190.0,203.0,0.0,203.0,-,Branch_701-708,5000.0,0.0406,0.038,0.0,0.99083,0.9144,0.4676,0.2627,0.5363,SAFE,none,0.00447,1.00655,92.65,0.0
6202,0.24,0.0,232.0,232.0,0.0,232.0,T2,LV_secondary_T2_T4,300.0,0.7733333333333333,0.7733333333333333,0.0,0.99456,7.0957,4.1795,2.816,5.0396,CAUTION,caution,0.00725,1.00686,92.45,1.0
6331,0.24,0.0,241.0,241.0,0.0,241.0,T4,LV_secondary_T2_T4,150.0,1.606666666666667,1.606666666666667,0.0,0.91348,17.0383,11.6797,8.589,14.4978,CONSTRAINED,voltage_rise,0.10578,1.01928,130.11,1.0
7483,0.24,0.0,176.0,176.0,0.0,176.0,T8,LV_secondary_T2_T4,150.0,1.1733333333333331,1.1733333333333331,0.0,0.95585,27.31,18.8387,13.9267,23.4276,CAUTION,caution,0.01709,1.00752,92.35,1.0
7692,0.24,0.0,169.0,169.0,0.0,169.0,T22,LV_secondary_T2_T4,150.0,1.1266666666666667,1.1266666666666667,0.0,0.95405,44.5068,31.369,22.8385,38.8022,CAUTION,caution,0.02542,1.00788,92.32,1.0
6261,0.24,9.0,79.0,88.0,0.0,88.0,T2,LV_secondary_T2_T4,300.0,0.2933333333333333,0.2633333333333333,0.0,0.99456,7.2329,4.237,2.8374,5.0993,CONSTRAINED,voltage,0.07417,1.07796,92.69,1.0
6322,0.24,0.0,40.0,40.0,0.0,40.0,T4,LV_secondary_T2_T4,150.0,0.2666666666666666,0.2666666666666666,0.0,0.92105,16.9926,11.6578,8.5847,14.4776,SAFE,none,0.00301,1.00577,92.65,0.0
733,0.24,3.0,233.0,236.0,0.0,236.0,-,Main_720-734,5000.0,0.0472,0.0466,0.0,0.91348,17.0383,11.6797,8.589,14.4978,CONSTRAINED,voltage_rise,0.10233,1.01731,127.13,1.0
756,0.208,0.0,124.0,124.0,155.0,0.8,T11,Branch_752-765,300.0,0.4133333333333333,0.4133333333333333,0.5166666666666667,0.93609,39.8129,27.5407,20.4003,34.2734,SAFE,none,0.01341,1.00717,92.39,0.0
632,0.24,5.0,31.0,36.0,0.0,36.0,T4,LV_secondary_T2_T4,150.0,0.24,0.2066666666666666,0.0,0.92105,16.9926,11.6578,8.5847,14.4776,SAFE,none,0.00233,1.00573,92.67,0.0
6262,0.24,14.0,44.0,58.0,0.0,58.0,T2,LV_secondary_T2_T4,300.0,0.1933333333333333,0.1466666666666666,0.0,0.99456,7.2329,4.237,2.8374,5.0993,CONSTRAINED,voltage,0.04225,1.05109,92.72,0.0
6232,0.24,0.0,43.0,43.0,0.0,43.0,T2,LV_secondary_T2_T4,300.0,0.1433333333333333,0.1433333333333333,0.0,0.99456,7.2329,4.237,2.8374,5.0993,CAUTION,caution,0.04253,1.0371,92.74,0.0
626,0.24,0.0,40.0,40.0,0.0,40.0,T2,LV_secondary_T2_T4,300.0,0.1333333333333333,0.1333333333333333,0.0,0.99456,7.2329,4.237,2.8374,5.0993,CAUTION,caution,0.03969,1.03425,92.74,0.0
734,0.24,0.0,185.0,185.0,15.85,11.67192429022082,-,Main_720-734,5000.0,0.037,0.037,0.00317,0.90591,17.084,11.7015,8.5933,14.5179,CONSTRAINED,voltage,0.1465,1.05243,92.41,1.0
770,0.24,0.0,61.0,61.0,450.0,0.1355555555555555,T15,Delta_766-772,1500.0,0.0406666666666666,0.0406666666666666,0.3,0.95059,44.5068,31.369,22.8385,38.8022,SAFE,none,0.00767,1.00635,92.47,0.0
739,0.24,0.0,201.0,201.0,41.1,4.890510948905109,T6,Main_735-750,150.0,1.34,1.34,0.274,0.98477,24.6125,15.6519,11.8507,19.6321,CONSTRAINED,transformer_loading,0.0166,1.00744,107.22,1.0
726,0.24,0.0,12.0,12.0,0.0,12.0,-,Main_720-734,5000.0,0.0024,0.0024,0.0,0.99456,7.2329,4.237,2.8374,5.0993,SAFE,none,0.01226,1.00683,92.78,0.0
633,0.24,0.0,19.6,19.6,0.0,19.6,T4,LV_secondary_T2_T4,150.0,0.13066666666666668,0.13066666666666668,0.0,0.91348,17.0383,11.6797,8.589,14.4978,SAFE,,,,,
7693,0.24,0.0,19.6,19.6,0.0,19.6,T22,LV_secondary_T2_T4,150.0,0.13066666666666668,0.13066666666666668,0.0,0.95405,44.5068,31.369,22.8385,38.8022,SAFE,,,,,
7691,0.24,0.0,7.3,7.3,0.0,7.3,T22,LV_secondary_T2_T4,150.0,0.048666666666666664,0.048666666666666664,0.0,0.95405,44.5068,31.369,22.8385,38.8022,SAFE,,,,,
724,0.24,5.7,11.4,17.1,0.0,17.1,-,Main_720-734,5000.0,0.0034200000000000003,0.00228,0.0,0.99456,7.1414,4.1987,2.8231,5.0595,SAFE,,,,,
626,0.24,1.9,13.8,15.700000000000001,0.0,15.700000000000001,T2,LV_secondary_T2_T4,300.0,0.052333333333333336,0.046,0.0,0.99456,7.2329,4.237,2.8374,5.0993,SAFE,,,,,
624,0.24,8.8,9.5,18.3,0.0,18.3,T2,LV_secondary_T2_T4,300.0,0.061000000000000006,0.03166666666666667,0.0,0.99456,7.1414,4.1987,2.8231,5.0595,SAFE,,,,,
710,0.208,0.0,17.8,17.8,80.0,0.2225,T17,Branch_701-708,300.0,0.059333333333333335,0.059333333333333335,0.26666666666666666,0.95736,7.0104,4.008,2.9713,4.9893,SAFE,,,,,
751,0.48,0.0,3.7,3.7,0.0,3.7,T9,other,1500.0,0.002466666666666667,0.002466666666666667,0.0,0.9685,34.4789,23.8283,17.6385,29.6463,SAFE,,,,,
7691,0.24,0.0,6.0,6.0,0.0,6.0,T22,LV_secondary_T2_T4,150.0,0.04,0.04,0.0,0.95405,44.5068,31.369,22.8385,38.8022,SAFE,,,,,
710,0.208,1.5,10.5,12.0,80.0,0.15,T17,Branch_701-708,300.0,0.04,0.035,0.26666666666666666,0.95736,7.0104,4.008,2.9713,4.9893,SAFE,,,,,
6232,0.24,0.0,2.3,2.3,0.0,2.3,T2,LV_secondary_T2_T4,300.0,0.007666666666666666,0.007666666666666666,0.0,0.99456,7.2329,4.237,2.8374,5.0993,SAFE,,,,,
6212,0.24,0.0,3.5,3.5,0.0,3.5,T2,LV_secondary_T2_T4,300.0,0.011666666666666667,0.011666666666666667,0.0,0.99456,7.1414,4.1987,2.8231,5.0595,SAFE,,,,,
748,0.24,0.0,6.3,6.3,76.88,0.08194588969823101,T8,Main_735-750,150.0,0.041999999999999996,0.041999999999999996,0.5125333333333333,0.95585,27.31,18.8387,13.9267,23.4276,SAFE,,,,,
725,0.24,2.2,16.5,18.7,0.0,18.7,-,Main_720-734,5000.0,0.00374,0.0033,0.0,0.99456,7.1872,4.2178,2.8303,5.0794,SAFE,,,,,
6241,0.24,1.5,3.3,4.8,0.0,4.8,T2,LV_secondary_T2_T4,300.0,0.016,0.011,0.0,0.99456,7.1414,4.1987,2.8231,5.0595,SAFE,,,,,
739,0.24,8.3,4.9,13.200000000000001,41.1,0.32116788321167883,T6,Main_735-750,150.0,0.08800000000000001,0.03266666666666667,0.274,0.98477,24.6125,15.6519,11.8507,19.6321,SAFE,,,,,
723,0.24,0.0,5.6,5.6,0.0,5.6,-,Main_720-734,5000.0,0.00112,0.00112,0.0,0.99456,7.2329,4.237,2.8374,5.0993,SAFE,,,,,
716,0.48,0.0,18.7,18.7,15.85,1.1798107255520505,T24(HV),Branch_701-708,300.0,0.06233333333333333,0.06233333333333333,0.05283333333333333,0.97763,0.9144,0.4676,0.2627,0.5363,SAFE,,,,,
722,0.24,0.0,8.4,8.4,0.0,8.4,-,Main_720-734,5000.0,0.00168,0.00168,0.0,0.99456,7.1872,4.2178,2.8303,5.0794,SAFE,,,,,
625,0.24,0.0,11.7,11.7,0.0,11.7,T2,LV_secondary_T2_T4,300.0,0.039,0.039,0.0,0.99456,7.1872,4.2178,2.8303,5.0794,SAFE,,,,,
7481,0.24,0.0,11.0,11.0,0.0,11.0,T8,LV_secondary_T2_T4,150.0,0.07333333333333333,0.07333333333333333,0.0,0.95585,27.31,18.8387,13.9267,23.4276,SAFE,,,,,
7391,0.24,6.8,8.2,15.0,0.0,15.0,T6,LV_secondary_T2_T4,150.0,0.1,0.05466666666666666,0.0,0.98477,24.6125,15.6519,11.8507,19.6321,SAFE,,,,,
715,0.208,0.0,4.0,4.0,0.0,4.0,-,Branch_701-708,5000.0,0.0008,0.0008,0.0,0.99083,0.9144,0.4676,0.2627,0.5363,SAFE,,,,,
623,0.24,0.0,12.6,12.6,0.0,12.6,T2,LV_secondary_T2_T4,300.0,0.041999999999999996,0.041999999999999996,0.0,0.99456,7.2329,4.237,2.8374,5.0993,SAFE,,,,,
7643,0.24,3.7,1.1,4.800000000000001,0.0,4.800000000000001,T14,LV_secondary_T2_T4,150.0,0.03200000000000001,0.007333333333333334,0.0,0.9365,42.617,29.4074,21.7473,36.5751,SAFE,,,,,
626,0.24,0.0,13.4,13.4,0.0,13.4,T2,LV_secondary_T2_T4,300.0,0.04466666666666667,0.04466666666666667,0.0,0.99456,7.2329,4.237,2.8374,5.0993,SAFE,,,,,
772,0.208,0.0,4.8,4.8,100.0,0.048,T19,Delta_766-772,300.0,0.016,0.016,0.3333333333333333,0.93424,43.184,29.887,22.1458,37.1977,SAFE,,,,,
6232,0.24,8.5,11.1,19.6,0.0,19.6,T2,LV_secondary_T2_T4,300.0,0.06533333333333334,0.037,0.0,0.99456,7.2329,4.237,2.8374,5.0993,SAFE,,,,,
622,0.24,0.0,9.7,9.7,0.0,9.7,T2,LV_secondary_T2_T4,300.0,0.03233333333333333,0.03233333333333333,0.0,0.99456,7.1872,4.2178,2.8303,5.0794,SAFE,,,,,
6221,0.24,0.0,6.7,6.7,0.0,6.7,T2,LV_secondary_T2_T4,300.0,0.022333333333333334,0.022333333333333334,0.0,0.99456,7.1872,4.2178,2.8303,5.0794,SAFE,,,,,
6232,0.24,1.4,12.0,13.4,0.0,13.4,T2,LV_secondary_T2_T4,300.0,0.04466666666666667,0.04,0.0,0.99456,7.2329,4.237,2.8374,5.0993,SAFE,,,,,
732,0.24,5.4,2.6,8.0,25.4,0.31496062992125984,T4,Main_720-734,150.0,0.05333333333333334,0.017333333333333333,0.16933333333333334,0.92105,16.9926,11.6578,8.5847,14.4776,SAFE,,,,,
6221,0.24,0.0,13.9,13.9,0.0,13.9,T2,LV_secondary_T2_T4,300.0,0.04633333333333334,0.04633333333333334,0.0,0.99456,7.1872,4.2178,2.8303,5.0794,SAFE,,,,,
633,0.24,5.8,12.0,17.8,0.0,17.8,T4,LV_secondary_T2_T4,150.0,0.11866666666666667,0.08,0.0,0.91348,17.0383,11.6797,8.589,14.4978,SAFE,,,,,
7642,0.24,2.6,13.4,16.0,0.0,16.0,T14,LV_secondary_T2_T4,150.0,0.10666666666666667,0.08933333333333333,0.0,0.9365,42.617,29.4074,21.7473,36.5751,SAFE,,,,,
770,0.24,0.0,17.7,17.7,450.0,0.03933333333333333,T15,Delta_766-772,1500.0,0.0118,0.0118,0.3,0.95059,44.5068,31.369,22.8385,38.8022,SAFE,,,,,
6321,0.24,0.0,6.6,6.6,0.0,6.6,T4,LV_secondary_T2_T4,150.0,0.044,0.044,0.0,0.92105,16.9926,11.6578,8.5847,14.4776,SAFE,,,,,
7691,0.24,0.0,11.5,11.5,0.0,11.5,T22,LV_secondary_T2_T4,150.0,0.07666666666666666,0.07666666666666666,0.0,0.95405,44.5068,31.369,22.8385,38.8022,SAFE,,,,,
716,0.48,0.0,4.6,4.6,15.85,0.2902208201892744,T24(HV),Branch_701-708,300.0,0.015333333333333332,0.015333333333333332,0.05283333333333333,0.97763,0.9144,0.4676,0.2627,0.5363,SAFE,,,,,
743,0.24,0.0,14.7,14.7,240.0,0.06125,T7,Main_735-750,300.0,0.048999999999999995,0.048999999999999995,0.8,0.96367,21.8693,15.052,11.1097,18.708,SAFE,,,,,
7481,0.24,4.2,9.8,14.0,0.0,14.0,T8,LV_secondary_T2_T4,150.0,0.09333333333333334,0.06533333333333334,0.0,0.95585,27.31,18.8387,13.9267,23.4276,SAFE,,,,,
751,0.48,0.0,16.8,16.8,0.0,16.8,T9,other,1500.0,0.0112,0.0112,0.0,0.9685,34.4789,23.8283,17.6385,29.6463,SAFE,,,,,
743,0.24,8.0,11.3,19.3,240.0,0.08041666666666666,T7,Main_735-750,300.0,0.06433333333333334,0.03766666666666667,0.8,0.96367,21.8693,15.052,11.1097,18.708,SAFE,,,,,
756,0.208,0.0,1.7,1.7,155.0,0.01096774193548387,T11,Branch_752-765,300.0,0.005666666666666666,0.005666666666666666,0.5166666666666667,0.93609,39.8129,27.5407,20.4003,34.2734,SAFE,,,,,
714,0.208,0.0,16.9,16.9,240.0,0.07041666666666666,T24,Branch_701-708,30.0,0.5633333333333332,0.5633333333333332,8.0,0.99083,0.9144,0.4676,0.2627,0.5363,SAFE,,,,,
716,0.48,0.0,15.8,15.8,15.85,0.9968454258675079,T24(HV),Branch_701-708,300.0,0.05266666666666667,0.05266666666666667,0.05283333333333333,0.97763,0.9144,0.4676,0.2627,0.5363,SAFE,,,,,
6262,0.24,7.3,1.8,9.1,0.0,9.1,T2,LV_secondary_T2_T4,300.0,0.030333333333333334,0.006,0.0,0.99456,7.2329,4.237,2.8374,5.0993,SAFE,,,,,
716,0.48,0.0,6.1,6.1,15.85,0.38485804416403785,T24(HV),Branch_701-708,300.0,0.02033333333333333,0.02033333333333333,0.05283333333333333,0.97763,0.9144,0.4676,0.2627,0.5363,SAFE,,,,,
6202,0.24,6.1,3.5,9.6,0.0,9.6,T2,LV_secondary_T2_T4,300.0,0.032,0.011666666666666667,0.0,0.99456,7.0957,4.1795,2.816,5.0396,SAFE,,,,,
625,0.24,0.0,12.8,12.8,0.0,12.8,T2,LV_secondary_T2_T4,300.0,0.04266666666666667,0.04266666666666667,0.0,0.99456,7.1872,4.2178,2.8303,5.0794,SAFE,,,,,
7691,0.24,7.6,14.1,21.7,0.0,21.7,T22,LV_secondary_T2_T4,150.0,0.14466666666666667,0.094,0.0,0.95405,44.5068,31.369,22.8385,38.8022,SAFE,,,,,
720,0.24,0.0,3.4,3.4,66.0,0.051515151515151514,T2,Main_720-734,300.0,0.011333333333333332,0.011333333333333332,0.22,0.99456,7.0957,4.1795,2.816,5.0396,SAFE,,,,,
708,0.24,0.0,14.1,14.1,75.0,0.188,T16,Branch_701-708,300.0,0.047,0.047,0.25,0.95801,6.2484,3.6185,2.8328,4.5954,SAFE,,,,,
7122,0.24,8.8,7.6,16.4,0.0,16.4,T18,LV_secondary_T2_T4,300.0,0.05466666666666666,0.025333333333333333,0.0,0.95826,7.7724,4.5565,3.3703,5.6675,SAFE,,,,,
733,0.24,0.0,7.9,7.9,0.0,7.9,-,Main_720-734,5000.0,0.00158,0.00158,0.0,0.91348,17.0383,11.6797,8.589,14.4978,SAFE,,,,,
730,0.24,0.0,10.4,10.4,85.0,0.1223529411764706,T23,Main_720-734,300.0,0.034666666666666665,0.034666666666666665,0.2833333333333333,0.94696,11.8872,7.965,5.8252,9.8678,SAFE,,,,,
621,0.24,7.2,3.1,10.3,0.0,10.3,T2,LV_secondary_T2_T4,300.0,0.034333333333333334,0.010333333333333333,0.0,0.99456,7.1414,4.1987,2.8231,5.0595,SAFE,,,,,
632,0.24,0.0,19.0,19.0,0.0,19.0,T4,LV_secondary_T2_T4,150.0,0.12666666666666668,0.12666666666666668,0.0,0.92105,16.9926,11.6578,8.5847,14.4776,SAFE,,,,,
764,0.24,0.0,1.8,1.8,46.0,0.0391304347826087,T14,Branch_752-765,150.0,0.012,0.012,0.30666666666666664,0.9365,42.617,29.4074,21.7473,36.5751,SAFE,,,,,
6212,0.24,0.0,13.7,13.7,0.0,13.7,T2,LV_secondary_T2_T4,300.0,0.04566666666666666,0.04566666666666666,0.0,0.99456,7.1414,4.1987,2.8231,5.0595,SAFE,,,,,
6241,0.24,6.3,14.4,20.7,0.0,20.7,T2,LV_secondary_T2_T4,300.0,0.06899999999999999,0.048,0.0,0.99456,7.1414,4.1987,2.8231,5.0595,SAFE,,,,,
740,0.24,9.6,16.3,25.9,75.0,0.3453333333333333,T5,Main_735-750,150.0,0.17266666666666666,0.10866666666666668,0.5,0.98202,23.0885,14.9212,11.4648,18.8171,SAFE,,,,,
748,0.24,9.8,9.0,18.8,76.88,0.2445369406867846,T8,Main_735-750,150.0,0.12533333333333332,0.06,0.5125333333333333,0.95585,27.31,18.8387,13.9267,23.4276,SAFE,,,,,
762,0.48,0.0,3.6,3.6,45.0,0.08,T13,Branch_752-765,150.0,0.024,0.024,0.3,0.93629,42.0074,28.9831,21.4317,36.0463,SAFE,,,,,
7392,0.24,0.0,10.1,10.1,0.0,10.1,T6,LV_secondary_T2_T4,150.0,0.06733333333333333,0.06733333333333333,0.0,0.98477,24.6125,15.6519,11.8507,19.6321,SAFE,,,,,
723,0.24,0.0,9.2,9.2,0.0,9.2,-,Main_720-734,5000.0,0.0018399999999999998,0.0018399999999999998,0.0,0.99456,7.2329,4.237,2.8374,5.0993,SAFE,,,,,
6242,0.24,0.0,2.5,2.5,0.0,2.5,T2,LV_secondary_T2_T4,300.0,0.008333333333333333,0.008333333333333333,0.0,0.99456,7.1414,4.1987,2.8231,5.0595,SAFE,,,,,
6202,0.24,1.8,4.2,6.0,0.0,6.0,T2,LV_secondary_T2_T4,300.0,0.02,0.014,0.0,0.99456,7.0957,4.1795,2.816,5.0396,SAFE,,,,,
7693,0.24,0.0,4.1,4.1,0.0,4.1,T22,LV_secondary_T2_T4,150.0,0.02733333333333333,0.02733333333333333,0.0,0.95405,44.5068,31.369,22.8385,38.8022,SAFE,,,,,
721,0.24,0.0,3.4,3.4,0.0,3.4,-,Main_720-734,5000.0,0.0006799999999999999,0.0006799999999999999,0.0,0.99456,7.1414,4.1987,2.8231,5.0595,SAFE,,,,,
7121,0.24,0.0,17.9,17.9,0.0,17.9,T18,LV_secondary_T2_T4,300.0,0.05966666666666666,0.05966666666666666,0.0,0.95826,7.7724,4.5565,3.3703,5.6675,SAFE,,,,,
715,0.208,0.0,14.2,14.2,0.0,14.2,-,Branch_701-708,5000.0,0.0028399999999999996,0.0028399999999999996,0.0,0.99083,0.9144,0.4676,0.2627,0.5363,SAFE,,,,,
722,0.24,0.0,5.7,5.7,0.0,5.7,-,Main_720-734,5000.0,0.00114,0.00114,0.0,0.99456,7.1872,4.2178,2.8303,5.0794,SAFE,,,,,
764,0.24,0.0,6.5,6.5,46.0,0.14130434782608695,T14,Branch_752-765,150.0,0.043333333333333335,0.043333333333333335,0.30666666666666664,0.9365,42.617,29.4074,21.7473,36.5751,SAFE,,,,,
6232,0.24,0.0,7.2,7.2,0.0,7.2,T2,LV_secondary_T2_T4,300.0,0.024,0.024,0.0,0.99456,7.2329,4.237,2.8374,5.0993,SAFE,,,,,
772,0.208,1.4,16.7,18.099999999999998,100.0,0.18099999999999997,T19,Delta_766-772,300.0,0.06033333333333333,0.05566666666666666,0.3333333333333333,0.93424,43.184,29.887,22.1458,37.1977,SAFE,,,,,
6242,0.24,0.0,7.4,7.4,0.0,7.4,T2,LV_secondary_T2_T4,300.0,0.024666666666666667,0.024666666666666667,0.0,0.99456,7.1414,4.1987,2.8231,5.0595,SAFE,,,,,
6201,0.24,0.0,14.7,14.7,0.0,14.7,T2,LV_secondary_T2_T4,300.0,0.048999999999999995,0.048999999999999995,0.0,0.99456,7.0957,4.1795,2.816,5.0396,SAFE,,,,,
626,0.24,3.2,15.9,19.1,0.0,19.1,T2,LV_secondary_T2_T4,300.0,0.06366666666666668,0.053,0.0,0.99456,7.2329,4.237,2.8374,5.0993,SAFE,,,,,
740,0.24,9.8,16.9,26.7,75.0,0.356,T5,Main_735-750,150.0,0.178,0.11266666666666665,0.5,0.98202,23.0885,14.9212,11.4648,18.8171,SAFE,,,,,
7121,0.24,0.0,5.6,5.6,0.0,5.6,T18,LV_secondary_T2_T4,300.0,0.018666666666666665,0.018666666666666665,0.0,0.95826,7.7724,4.5565,3.3703,5.6675,SAFE,,,,,
770,0.24,0.0,16.8,16.8,450.0,0.037333333333333336,T15,Delta_766-772,1500.0,0.0112,0.0112,0.3,0.95059,44.5068,31.369,22.8385,38.8022,SAFE,,,,,
751,0.48,0.0,10.8,10.8,0.0,10.8,T9,other,1500.0,0.007200000000000001,0.007200000000000001,0.0,0.9685,34.4789,23.8283,17.6385,29.6463,SAFE,,,,,
6261,0.24,0.0,13.0,13.0,0.0,13.0,T2,LV_secondary_T2_T4,300.0,0.043333333333333335,0.043333333333333335,0.0,0.99456,7.2329,4.237,2.8374,5.0993,SAFE,,,,,
6211,0.24,0.0,12.5,12.5,0.0,12.5,T2,LV_secondary_T2_T4,300.0,0.041666666666666664,0.041666666666666664,0.0,0.99456,7.1414,4.1987,2.8231,5.0595,SAFE,,,,,
7691,0.24,0.0,8.2,8.2,0.0,8.2,T22,LV_secondary_T2_T4,150.0,0.05466666666666666,0.05466666666666666,0.0,0.95405,44.5068,31.369,22.8385,38.8022,SAFE,,,,,
730,0.24,0.0,16.4,16.4,85.0,0.19294117647058823,T23,Main_720-734,300.0,0.05466666666666666,0.05466666666666666,0.2833333333333333,0.94696,11.8872,7.965,5.8252,9.8678,SAFE,,,,,
721,0.24,0.0,11.6,11.6,0.0,11.6,-,Main_720-734,5000.0,0.00232,0.00232,0.0,0.99456,7.1414,4.1987,2.8231,5.0595,SAFE,,,,,
6212,0.24,3.1,11.6,14.7,0.0,14.7,T2,LV_secondary_T2_T4,300.0,0.048999999999999995,0.03866666666666667,0.0,0.99456,7.1414,4.1987,2.8231,5.0595,SAFE,,,,,
6232,0.24,0.0,4.1,4.1,0.0,4.1,T2,LV_secondary_T2_T4,300.0,0.013666666666666666,0.013666666666666666,0.0,0.99456,7.2329,4.237,2.8374,5.0993,SAFE,,,,,
623,0.24,0.0,2.8,2.8,0.0,2.8,T2,LV_secondary_T2_T4,300.0,0.009333333333333332,0.009333333333333332,0.0,0.99456,7.2329,4.237,2.8374,5.0993,SAFE,,,,,
6252,0.24,0.0,18.6,18.6,0.0,18.6,T2,LV_secondary_T2_T4,300.0,0.062000000000000006,0.062000000000000006,0.0,0.99456,7.1872,4.2178,2.8303,5.0794,SAFE,,,,,
6252,0.24,8.7,13.3,22.0,0.0,22.0,T2,LV_secondary_T2_T4,300.0,0.07333333333333333,0.044333333333333336,0.0,0.99456,7.1872,4.2178,2.8303,5.0794,SAFE,,,,,
6332,0.24,0.0,7.7,7.7,0.0,7.7,T4,LV_secondary_T2_T4,150.0,0.051333333333333335,0.051333333333333335,0.0,0.91348,17.0383,11.6797,8.589,14.4978,SAFE,,,,,
7393,0.24,8.4,11.0,19.4,0.0,19.4,T6,LV_secondary_T2_T4,150.0,0.12933333333333333,0.07333333333333333,0.0,0.98477,24.6125,15.6519,11.8507,19.6321,SAFE,,,,,
7642,0.24,0.0,13.9,13.9,0.0,13.9,T14,LV_secondary_T2_T4,150.0,0.09266666666666667,0.09266666666666667,0.0,0.9365,42.617,29.4074,21.7473,36.5751,SAFE,,,,,
6252,0.24,1.8,3.5,5.3,0.0,5.3,T2,LV_secondary_T2_T4,300.0,0.017666666666666667,0.011666666666666667,0.0,0.99456,7.1872,4.2178,2.8303,5.0794,SAFE,,,,,
625,0.24,0.0,15.5,15.5,0.0,15.5,T2,LV_secondary_T2_T4,300.0,0.051666666666666666,0.051666666666666666,0.0,0.99456,7.1872,4.2178,2.8303,5.0794,SAFE,,,,,
6242,0.24,1.3,3.8,5.1,0.0,5.1,T2,LV_secondary_T2_T4,300.0,0.016999999999999998,0.012666666666666666,0.0,0.99456,7.1414,4.1987,2.8231,5.0595,SAFE,,,,,
6231,0.24,0.0,12.7,12.7,0.0,12.7,T2,LV_secondary_T2_T4,300.0,0.042333333333333334,0.042333333333333334,0.0,0.99456,7.2329,4.237,2.8374,5.0993,SAFE,,,,,
710,0.208,0.0,1.4,1.4,80.0,0.017499999999999998,T17,Branch_701-708,300.0,0.004666666666666666,0.004666666666666666,0.26666666666666666,0.95736,7.0104,4.008,2.9713,4.9893,SAFE,,,,,
721,0.24,0.0,6.2,6.2,0.0,6.2,-,Main_720-734,5000.0,0.00124,0.00124,0.0,0.99456,7.1414,4.1987,2.8231,5.0595,SAFE,,,,,
7393,0.24,0.0,11.0,11.0,0.0,11.0,T6,LV_secondary_T2_T4,150.0,0.07333333333333333,0.07333333333333333,0.0,0.98477,24.6125,15.6519,11.8507,19.6321,SAFE,,,,,
6231,0.24,0.0,17.1,17.1,0.0,17.1,T2,LV_secondary_T2_T4,300.0,0.057,0.057,0.0,0.99456,7.2329,4.237,2.8374,5.0993,SAFE,,,,,
6242,0.24,8.4,8.3,16.700000000000003,0.0,16.700000000000003,T2,LV_secondary_T2_T4,300.0,0.05566666666666668,0.02766666666666667,0.0,0.99456,7.1414,4.1987,2.8231,5.0595,SAFE,,,,,
6202,0.24,0.0,5.0,5.0,0.0,5.0,T2,LV_secondary_T2_T4,300.0,0.016666666666666666,0.016666666666666666,0.0,0.99456,7.0957,4.1795,2.816,5.0396,SAFE,,,,,
740,0.24,0.0,8.5,8.5,75.0,0.11333333333333333,T5,Main_735-750,150.0,0.056666666666666664,0.056666666666666664,0.5,0.98202,23.0885,14.9212,11.4648,18.8171,SAFE,,,,,
622,0.24,3.4,20.0,23.4,0.0,23.4,T2,LV_secondary_T2_T4,300.0,0.078,0.06666666666666667,0.0,0.99456,7.1872,4.2178,2.8303,5.0794,SAFE,,,,,
722,0.24,0.0,10.6,10.6,0.0,10.6,-,Main_720-734,5000.0,0.00212,0.00212,0.0,0.99456,7.1872,4.2178,2.8303,5.0794,SAFE,,,,,
7393,0.24,0.0,2.5,2.5,0.0,2.5,T6,LV_secondary_T2_T4,150.0,0.016666666666666666,0.016666666666666666,0.0,0.98477,24.6125,15.6519,11.8507,19.6321,SAFE,,,,,
622,0.24,0.0,11.0,11.0,0.0,11.0,T2,LV_secondary_T2_T4,300.0,0.03666666666666667,0.03666666666666667,0.0,0.99456,7.1872,4.2178,2.8303,5.0794,SAFE,,,,,
7392,0.24,1.6,17.6,19.200000000000003,0.0,19.200000000000003,T6,LV_secondary_T2_T4,150.0,0.12800000000000003,0.11733333333333335,0.0,0.98477,24.6125,15.6519,11.8507,19.6321,SAFE,,,,,
716,0.48,0.0,15.5,15.5,15.85,0.9779179810725552,T24(HV),Branch_701-708,300.0,0.051666666666666666,0.051666666666666666,0.05283333333333333,0.97763,0.9144,0.4676,0.2627,0.5363,SAFE,,,,,
6211,0.24,0.0,19.6,19.6,0.0,19.6,T2,LV_secondary_T2_T4,300.0,0.06533333333333334,0.06533333333333334,0.0,0.99456,7.1414,4.1987,2.8231,5.0595,SAFE,,,,,
7481,0.24,0.0,14.5,14.5,0.0,14.5,T8,LV_secondary_T2_T4,150.0,0.09666666666666666,0.09666666666666666,0.0,0.95585,27.31,18.8387,13.9267,23.4276,SAFE,,,,,
6321,0.24,3.0,12.5,15.5,0.0,15.5,T4,LV_secondary_T2_T4,150.0,0.10333333333333333,0.08333333333333333,0.0,0.92105,16.9926,11.6578,8.5847,14.4776,SAFE,,,,,
716,0.48,0.0,9.8,9.8,15.85,0.6182965299684543,T24(HV),Branch_701-708,300.0,0.03266666666666667,0.03266666666666667,0.05283333333333333,0.97763,0.9144,0.4676,0.2627,0.5363,SAFE,,,,,
724,0.24,6.2,11.4,17.6,0.0,17.6,-,Main_720-734,5000.0,0.00352,0.00228,0.0,0.99456,7.1414,4.1987,2.8231,5.0595,SAFE,,,,,
751,0.48,0.0,6.3,6.3,0.0,6.3,T9,other,1500.0,0.0042,0.0042,0.0,0.9685,34.4789,23.8283,17.6385,29.6463,SAFE,,,,,
6201,0.24,5.9,10.8,16.700000000000003,0.0,16.700000000000003,T2,LV_secondary_T2_T4,300.0,0.05566666666666668,0.036000000000000004,0.0,0.99456,7.0957,4.1795,2.816,5.0396,SAFE,,,,,
6331,0.24,0.0,6.2,6.2,0.0,6.2,T4,LV_secondary_T2_T4,150.0,0.04133333333333333,0.04133333333333333,0.0,0.91348,17.0383,11.6797,8.589,14.4978,SAFE,,,,,
733,0.24,0.0,3.5,3.5,0.0,3.5,-,Main_720-734,5000.0,0.0007,0.0007,0.0,0.91348,17.0383,11.6797,8.589,14.4978,SAFE,,,,,
7481,0.24,0.0,9.5,9.5,0.0,9.5,T8,LV_secondary_T2_T4,150.0,0.06333333333333334,0.06333333333333334,0.0,0.95585,27.31,18.8387,13.9267,23.4276,SAFE,,,,,
6321,0.24,0.0,9.0,9.0,0.0,9.0,T4,LV_secondary_T2_T4,150.0,0.06,0.06,0.0,0.92105,16.9926,11.6578,8.5847,14.4776,SAFE,,,,,
7483,0.24,0.0,15.9,15.9,0.0,15.9,T8,LV_secondary_T2_T4,150.0,0.106,0.106,0.0,0.95585,27.31,18.8387,13.9267,23.4276,SAFE,,,,,
6332,0.24,0.0,10.3,10.3,0.0,10.3,T4,LV_secondary_T2_T4,150.0,0.06866666666666667,0.06866666666666667,0.0,0.91348,17.0383,11.6797,8.589,14.4978,SAFE,,,,,
626,0.24,0.0,5.9,5.9,0.0,5.9,T2,LV_secondary_T2_T4,300.0,0.01966666666666667,0.01966666666666667,0.0,0.99456,7.2329,4.237,2.8374,5.0993,SAFE,,,,,
7642,0.24,0.0,7.0,7.0,0.0,7.0,T14,LV_secondary_T2_T4,150.0,0.04666666666666667,0.04666666666666667,0.0,0.9365,42.617,29.4074,21.7473,36.5751,SAFE,,,,,
6231,0.24,0.0,19.0,19.0,0.0,19.0,T2,LV_secondary_T2_T4,300.0,0.06333333333333334,0.06333333333333334,0.0,0.99456,7.2329,4.237,2.8374,5.0993,SAFE,,,,,
712,0.24,0.0,13.4,13.4,65.0,0.20615384615384616,T18,Branch_701-708,300.0,0.04466666666666667,0.04466666666666667,0.21666666666666667,0.95826,7.7724,4.5565,3.3703,5.6675,SAFE,,,,,
769,0.24,0.0,15.7,15.7,41.0,0.3829268292682927,T22,Delta_766-772,150.0,0.10466666666666666,0.10466666666666666,0.2733333333333333,0.95405,44.5068,31.369,22.8385,38.8022,SAFE,,,,,
632,0.24,0.0,12.0,12.0,0.0,12.0,T4,LV_secondary_T2_T4,150.0,0.08,0.08,0.0,0.92105,16.9926,11.6578,8.5847,14.4776,SAFE,,,,,
722,0.24,1.1,10.1,11.2,0.0,11.2,-,Main_720-734,5000.0,0.00224,0.00202,0.0,0.99456,7.1872,4.2178,2.8303,5.0794,SAFE,,,,,
6231,0.24,0.0,14.4,14.4,0.0,14.4,T2,LV_secondary_T2_T4,300.0,0.048,0.048,0.0,0.99456,7.2329,4.237,2.8374,5.0993,SAFE,,,,,
6322,0.24,0.0,14.1,14.1,0.0,14.1,T4,LV_secondary_T2_T4,150.0,0.094,0.094,0.0,0.92105,16.9926,11.6578,8.5847,14.4776,SAFE,,,,,
6252,0.24,0.0,19.4,19.4,0.0,19.4,T2,LV_secondary_T2_T4,300.0,0.06466666666666666,0.06466666666666666,0.0,0.99456,7.1872,4.2178,2.8303,5.0794,SAFE,,,,,
715,0.208,0.0,18.6,18.6,0.0,18.6,-,Branch_701-708,5000.0,0.00372,0.00372,0.0,0.99083,0.9144,0.4676,0.2627,0.5363,SAFE,,,,,
621,0.24,0.0,11.5,11.5,0.0,11.5,T2,LV_secondary_T2_T4,300.0,0.03833333333333333,0.03833333333333333,0.0,0.99456,7.1414,4.1987,2.8231,5.0595,SAFE,,,,,
626,0.24,0.0,2.8,2.8,0.0,2.8,T2,LV_secondary_T2_T4,300.0,0.009333333333333332,0.009333333333333332,0.0,0.99456,7.2329,4.237,2.8374,5.0993,SAFE,,,,,
708,0.24,9.9,11.0,20.9,75.0,0.2786666666666667,T16,Branch_701-708,300.0,0.06966666666666667,0.03666666666666667,0.25,0.95801,6.2484,3.6185,2.8328,4.5954,SAFE,,,,,
770,0.24,0.0,11.5,11.5,450.0,0.025555555555555557,T15,Delta_766-772,1500.0,0.007666666666666666,0.007666666666666666,0.3,0.95059,44.5068,31.369,22.8385,38.8022,SAFE,,,,,
6201,0.24,0.0,5.3,5.3,0.0,5.3,T2,LV_secondary_T2_T4,300.0,0.017666666666666667,0.017666666666666667,0.0,0.99456,7.0957,4.1795,2.816,5.0396,SAFE,,,,,
624,0.24,0.0,6.2,6.2,0.0,6.2,T2,LV_secondary_T2_T4,300.0,0.020666666666666667,0.020666666666666667,0.0,0.99456,7.1414,4.1987,2.8231,5.0595,SAFE,,,,,
740,0.24,9.8,17.3,27.1,75.0,0.36133333333333334,T5,Main_735-750,150.0,0.18066666666666667,0.11533333333333334,0.5,0.98202,23.0885,14.9212,11.4648,18.8171,SAFE,,,,,
724,0.24,5.6,10.5,16.1,0.0,16.1,-,Main_720-734,5000.0,0.00322,0.0021,0.0,0.99456,7.1414,4.1987,2.8231,5.0595,SAFE,,,,,
716,0.48,0.0,1.5,1.5,15.85,0.09463722397476342,T24(HV),Branch_701-708,300.0,0.005,0.005,0.05283333333333333,0.97763,0.9144,0.4676,0.2627,0.5363,SAFE,,,,,
725,0.24,0.0,14.9,14.9,0.0,14.9,-,Main_720-734,5000.0,0.00298,0.00298,0.0,0.99456,7.1872,4.2178,2.8303,5.0794,SAFE,,,,,
622,0.24,0.0,5.6,5.6,0.0,5.6,T2,LV_secondary_T2_T4,300.0,0.018666666666666665,0.018666666666666665,0.0,0.99456,7.1872,4.2178,2.8303,5.0794,SAFE,,,,,
733,0.24,0.0,16.6,16.6,0.0,16.6,-,Main_720-734,5000.0,0.0033200000000000005,0.0033200000000000005,0.0,0.91348,17.0383,11.6797,8.589,14.4978,SAFE,,,,,
721,0.24,7.6,13.7,21.299999999999997,0.0,21.299999999999997,-,Main_720-734,5000.0,0.004259999999999999,0.00274,0.0,0.99456,7.1414,4.1987,2.8231,5.0595,SAFE,,,,,
728,0.24,0.0,9.7,9.7,38.0,0.2552631578947368,T3,Main_720-734,75.0,0.12933333333333333,0.12933333333333333,0.5066666666666667,0.93706,11.5824,7.8923,5.7834,9.7845,SAFE,,,,,
623,0.24,6.5,1.9,8.4,0.0,8.4,T2,LV_secondary_T2_T4,300.0,0.028,0.006333333333333333,0.0,0.99456,7.2329,4.237,2.8374,5.0993,SAFE,,,,,
6231,0.24,0.0,5.2,5.2,0.0,5.2,T2,LV_secondary_T2_T4,300.0,0.017333333333333333,0.017333333333333333,0.0,0.99456,7.2329,4.237,2.8374,5.0993,SAFE,,,,,
6262,0.24,0.0,13.8,13.8,0.0,13.8,T2,LV_secondary_T2_T4,300.0,0.046,0.046,0.0,0.99456,7.2329,4.237,2.8374,5.0993,SAFE,,,,,
772,0.208,3.9,10.6,14.5,100.0,0.145,T19,Delta_766-772,300.0,0.04833333333333333,0.035333333333333335,0.3333333333333333,0.93424,43.184,29.887,22.1458,37.1977,SAFE,,,,,
7693,0.24,0.0,1.7,1.7,0.0,1.7,T22,LV_secondary_T2_T4,150.0,0.011333333333333332,0.011333333333333332,0.0,0.95405,44.5068,31.369,22.8385,38.8022,SAFE,,,,,
7643,0.24,6.2,2.2,8.4,0.0,8.4,T14,LV_secondary_T2_T4,150.0,0.056,0.014666666666666668,0.0,0.9365,42.617,29.4074,21.7473,36.5751,SAFE,,,,,
624,0.24,1.1,4.4,5.5,0.0,5.5,T2,LV_secondary_T2_T4,300.0,0.018333333333333333,0.014666666666666668,0.0,0.99456,7.1414,4.1987,2.8231,5.0595,SAFE,,,,,
6261,0.24,2.0,14.8,16.8,0.0,16.8,T2,LV_secondary_T2_T4,300.0,0.056,0.04933333333333333,0.0,0.99456,7.2329,4.237,2.8374,5.0993,SAFE,,,,,
6251,0.24,0.0,7.7,7.7,0.0,7.7,T2,LV_secondary_T2_T4,300.0,0.025666666666666667,0.025666666666666667,0.0,0.99456,7.1872,4.2178,2.8303,5.0794,SAFE,,,,,
6231,0.24,3.7,11.9,15.600000000000001,0.0,15.600000000000001,T2,LV_secondary_T2_T4,300.0,0.052000000000000005,0.03966666666666667,0.0,0.99456,7.2329,4.237,2.8374,5.0993,SAFE,,,,,
715,0.208,0.0,9.6,9.6,0.0,9.6,-,Branch_701-708,5000.0,0.0019199999999999998,0.0019199999999999998,0.0,0.99083,0.9144,0.4676,0.2627,0.5363,SAFE,,,,,
6202,0.24,0.0,18.4,18.4,0.0,18.4,T2,LV_secondary_T2_T4,300.0,0.06133333333333333,0.06133333333333333,0.0,0.99456,7.0957,4.1795,2.816,5.0396,SAFE,,,,,
622,0.24,4.4,17.3,21.700000000000003,0.0,21.700000000000003,T2,LV_secondary_T2_T4,300.0,0.07233333333333335,0.05766666666666667,0.0,0.99456,7.1872,4.2178,2.8303,5.0794,SAFE,,,,,
772,0.208,1.2,1.8,3.0,100.0,0.03,T19,Delta_766-772,300.0,0.01,0.006,0.3333333333333333,0.93424,43.184,29.887,22.1458,37.1977,SAFE,,,,,
7692,0.24,2.1,3.5,5.6,0.0,5.6,T22,LV_secondary_T2_T4,150.0,0.03733333333333333,0.023333333333333334,0.0,0.95405,44.5068,31.369,22.8385,38.8022,SAFE,,,,,
6241,0.24,9.0,4.0,13.0,0.0,13.0,T2,LV_secondary_T2_T4,300.0,0.043333333333333335,0.013333333333333334,0.0,0.99456,7.1414,4.1987,2.8231,5.0595,SAFE,,,,,
724,0.24,0.0,18.5,18.5,0.0,18.5,-,Main_720-734,5000.0,0.0037,0.0037,0.0,0.99456,7.1414,4.1987,2.8231,5.0595,SAFE,,,,,
726,0.24,0.0,2.5,2.5,0.0,2.5,-,Main_720-734,5000.0,0.0005,0.0005,0.0,0.99456,7.2329,4.237,2.8374,5.0993,SAFE,,,,,
7122,0.24,0.0,5.9,5.9,0.0,5.9,T18,LV_secondary_T2_T4,300.0,0.01966666666666667,0.01966666666666667,0.0,0.95826,7.7724,4.5565,3.3703,5.6675,SAFE,,,,,
6232,0.24,0.0,10.7,10.7,0.0,10.7,T2,LV_secondary_T2_T4,300.0,0.035666666666666666,0.035666666666666666,0.0,0.99456,7.2329,4.237,2.8374,5.0993,SAFE,,,,,
739,0.24,0.0,13.2,13.2,41.1,0.32116788321167883,T6,Main_735-750,150.0,0.088,0.088,0.274,0.98477,24.6125,15.6519,11.8507,19.6321,SAFE,,,,,
7392,0.24,0.0,9.5,9.5,0.0,9.5,T6,LV_secondary_T2_T4,150.0,0.06333333333333334,0.06333333333333334,0.0,0.98477,24.6125,15.6519,11.8507,19.6321,SAFE,,,,,
7693,0.24,0.0,4.9,4.9,0.0,4.9,T22,LV_secondary_T2_T4,150.0,0.03266666666666667,0.03266666666666667,0.0,0.95405,44.5068,31.369,22.8385,38.8022,SAFE,,,,,
6222,0.24,0.0,9.2,9.2,0.0,9.2,T2,LV_secondary_T2_T4,300.0,0.030666666666666665,0.030666666666666665,0.0,0.99456,7.1872,4.2178,2.8303,5.0794,SAFE,,,,,
6241,0.24,0.0,9.3,9.3,0.0,9.3,T2,LV_secondary_T2_T4,300.0,0.031000000000000003,0.031000000000000003,0.0,0.99456,7.1414,4.1987,2.8231,5.0595,SAFE,,,,,
6201,0.24,6.1,14.7,20.799999999999997,0.0,20.799999999999997,T2,LV_secondary_T2_T4,300.0,0.06933333333333333,0.048999999999999995,0.0,0.99456,7.0957,4.1795,2.816,5.0396,SAFE,,,,,
723,0.24,0.0,5.5,5.5,0.0,5.5,-,Main_720-734,5000.0,0.0011,0.0011,0.0,0.99456,7.2329,4.237,2.8374,5.0993,SAFE,,,,,
708,0.24,0.0,3.4,3.4,75.0,0.04533333333333333,T16,Branch_701-708,300.0,0.011333333333333332,0.011333333333333332,0.25,0.95801,6.2484,3.6185,2.8328,4.5954,SAFE,,,,,
6232,0.24,0.0,2.5,2.5,0.0,2.5,T2,LV_secondary_T2_T4,300.0,0.008333333333333333,0.008333333333333333,0.0,0.99456,7.2329,4.237,2.8374,5.0993,SAFE,,,,,
714,0.208,1.9,15.4,17.3,240.0,0.07208333333333333,T24,Branch_701-708,30.0,0.5766666666666667,0.5133333333333333,8.0,0.99083,0.9144,0.4676,0.2627,0.5363,SAFE,,,,,
625,0.24,0.0,19.5,19.5,0.0,19.5,T2,LV_secondary_T2_T4,300.0,0.065,0.065,0.0,0.99456,7.1872,4.2178,2.8303,5.0794,SAFE,,,,,
6212,0.24,0.0,9.5,9.5,0.0,9.5,T2,LV_secondary_T2_T4,300.0,0.03166666666666667,0.03166666666666667,0.0,0.99456,7.1414,4.1987,2.8231,5.0595,SAFE,,,,,
762,0.48,0.0,19.1,19.1,45.0,0.42444444444444446,T13,Branch_752-765,150.0,0.12733333333333335,0.12733333333333335,0.3,0.93629,42.0074,28.9831,21.4317,36.0463,SAFE,,,,,
764,0.24,0.0,7.7,7.7,46.0,0.1673913043478261,T14,Branch_752-765,150.0,0.051333333333333335,0.051333333333333335,0.30666666666666664,0.9365,42.617,29.4074,21.7473,36.5751,SAFE,,,,,
632,0.24,6.2,15.5,21.7,0.0,21.7,T4,LV_secondary_T2_T4,150.0,0.14466666666666667,0.10333333333333333,0.0,0.92105,16.9926,11.6578,8.5847,14.4776,SAFE,,,,,
6322,0.24,0.0,4.5,4.5,0.0,4.5,T4,LV_secondary_T2_T4,150.0,0.03,0.03,0.0,0.92105,16.9926,11.6578,8.5847,14.4776,SAFE,,,,,
764,0.24,0.0,16.5,16.5,46.0,0.358695652173913,T14,Branch_752-765,150.0,0.11,0.11,0.30666666666666664,0.9365,42.617,29.4074,21.7473,36.5751,SAFE,,,,,
632,0.24,0.0,6.6,6.6,0.0,6.6,T4,LV_secondary_T2_T4,150.0,0.044,0.044,0.0,0.92105,16.9926,11.6578,8.5847,14.4776,SAFE,,,,,
720,0.24,0.0,9.8,9.8,66.0,0.1484848484848485,T2,Main_720-734,300.0,0.03266666666666667,0.03266666666666667,0.22,0.99456,7.0957,4.1795,2.816,5.0396,SAFE,,,,,
6262,0.24,4.0,1.5,5.5,0.0,5.5,T2,LV_secondary_T2_T4,300.0,0.018333333333333333,0.005,0.0,0.99456,7.2329,4.237,2.8374,5.0993,SAFE,,,,,
7122,0.24,0.0,1.7,1.7,0.0,1.7,T18,LV_secondary_T2_T4,300.0,0.005666666666666666,0.005666666666666666,0.0,0.95826,7.7724,4.5565,3.3703,5.6675,SAFE,,,,,
623,0.24,7.9,2.5,10.4,0.0,10.4,T2,LV_secondary_T2_T4,300.0,0.034666666666666665,0.008333333333333333,0.0,0.99456,7.2329,4.237,2.8374,5.0993,SAFE,,,,,
7482,0.24,0.0,1.9,1.9,0.0,1.9,T8,LV_secondary_T2_T4,150.0,0.012666666666666666,0.012666666666666666,0.0,0.95585,27.31,18.8387,13.9267,23.4276,SAFE,,,,,
6331,0.24,0.0,3.2,3.2,0.0,3.2,T4,LV_secondary_T2_T4,150.0,0.021333333333333336,0.021333333333333336,0.0,0.91348,17.0383,11.6797,8.589,14.4978,SAFE,,,,,
769,0.24,0.0,12.9,12.9,41.0,0.3146341463414634,T22,Delta_766-772,150.0,0.08600000000000001,0.08600000000000001,0.2733333333333333,0.95405,44.5068,31.369,22.8385,38.8022,SAFE,,,,,
625,0.24,0.0,7.6,7.6,0.0,7.6,T2,LV_secondary_T2_T4,300.0,0.025333333333333333,0.025333333333333333,0.0,0.99456,7.1872,4.2178,2.8303,5.0794,SAFE,,,,,
6211,0.24,0.0,4.5,4.5,0.0,4.5,T2,LV_secondary_T2_T4,300.0,0.015,0.015,0.0,0.99456,7.1414,4.1987,2.8231,5.0595,SAFE,,,,,
6232,0.24,5.9,2.9,8.8,0.0,8.8,T2,LV_secondary_T2_T4,300.0,0.029333333333333336,0.009666666666666667,0.0,0.99456,7.2329,4.237,2.8374,5.0993,SAFE,,,,,
6322,0.24,8.4,17.1,25.5,0.0,25.5,T4,LV_secondary_T2_T4,150.0,0.17,0.114,0.0,0.92105,16.9926,11.6578,8.5847,14.4776,SAFE,,,,,
7643,0.24,5.9,5.7,11.600000000000001,0.0,11.600000000000001,T14,LV_secondary_T2_T4,150.0,0.07733333333333334,0.038,0.0,0.9365,42.617,29.4074,21.7473,36.5751,SAFE,,,,,
6221,0.24,7.5,13.7,21.2,0.0,21.2,T2,LV_secondary_T2_T4,300.0,0.07066666666666667,0.04566666666666666,0.0,0.99456,7.1872,4.2178,2.8303,5.0794,SAFE,,,,,
6212,0.24,3.1,2.8,5.9,0.0,5.9,T2,LV_secondary_T2_T4,300.0,0.01966666666666667,0.009333333333333332,0.0,0.99456,7.1414,4.1987,2.8231,5.0595,SAFE,,,,,
7483,0.24,5.3,3.9,9.2,0.0,9.2,T8,LV_secondary_T2_T4,150.0,0.06133333333333333,0.026,0.0,0.95585,27.31,18.8387,13.9267,23.4276,SAFE,,,,,
633,0.24,1.6,18.2,19.8,0.0,19.8,T4,LV_secondary_T2_T4,150.0,0.132,0.12133333333333333,0.0,0.91348,17.0383,11.6797,8.589,14.4978,SAFE,,,,,
762,0.48,0.0,5.1,5.1,45.0,0.11333333333333333,T13,Branch_752-765,150.0,0.033999999999999996,0.033999999999999996,0.3,0.93629,42.0074,28.9831,21.4317,36.0463,SAFE,,,,,
733,0.24,0.0,14.9,14.9,0.0,14.9,-,Main_720-734,5000.0,0.00298,0.00298,0.0,0.91348,17.0383,11.6797,8.589,14.4978,SAFE,,,,,
7391,0.24,0.0,8.9,8.9,0.0,8.9,T6,LV_secondary_T2_T4,150.0,0.059333333333333335,0.059333333333333335,0.0,0.98477,24.6125,15.6519,11.8507,19.6321,SAFE,,,,,
6332,0.24,9.7,19.9,29.599999999999998,0.0,29.599999999999998,T4,LV_secondary_T2_T4,150.0,0.19733333333333333,0.13266666666666665,0.0,0.91348,17.0383,11.6797,8.589,14.4978,SAFE,,,,,
722,0.24,0.0,3.9,3.9,0.0,3.9,-,Main_720-734,5000.0,0.00078,0.00078,0.0,0.99456,7.1872,4.2178,2.8303,5.0794,SAFE,,,,,
728,0.24,0.0,1.6,1.6,38.0,0.042105263157894736,T3,Main_720-734,75.0,0.021333333333333336,0.021333333333333336,0.5066666666666667,0.93706,11.5824,7.8923,5.7834,9.7845,SAFE,,,,,
772,0.208,1.5,9.7,11.2,100.0,0.11199999999999999,T19,Delta_766-772,300.0,0.03733333333333333,0.03233333333333333,0.3333333333333333,0.93424,43.184,29.887,22.1458,37.1977,SAFE,,,,,
740,0.24,8.0,14.0,22.0,75.0,0.29333333333333333,T5,Main_735-750,150.0,0.14666666666666667,0.09333333333333334,0.5,0.98202,23.0885,14.9212,11.4648,18.8171,SAFE,,,,,
762,0.48,0.0,14.9,14.9,45.0,0.33111111111111113,T13,Branch_752-765,150.0,0.09933333333333333,0.09933333333333333,0.3,0.93629,42.0074,28.9831,21.4317,36.0463,SAFE,,,,,
714,0.208,3.9,9.3,13.200000000000001,240.0,0.05500000000000001,T24,Branch_701-708,30.0,0.44000000000000006,0.31,8.0,0.99083,0.9144,0.4676,0.2627,0.5363,SAFE,,,,,
716,0.48,5.6,4.5,10.1,15.85,0.637223974763407,T24(HV),Branch_701-708,300.0,0.033666666666666664,0.015,0.05283333333333333,0.97763,0.9144,0.4676,0.2627,0.5363,SAFE,,,,,
743,0.24,0.0,11.1,11.1,240.0,0.04625,T7,Main_735-750,300.0,0.037,0.037,0.8,0.96367,21.8693,15.052,11.1097,18.708,SAFE,,,,,
6321,0.24,0.0,5.3,5.3,0.0,5.3,T4,LV_secondary_T2_T4,150.0,0.035333333333333335,0.035333333333333335,0.0,0.92105,16.9926,11.6578,8.5847,14.4776,SAFE,,,,,
716,0.48,8.5,18.7,27.2,15.85,1.7160883280757098,T24(HV),Branch_701-708,300.0,0.09066666666666666,0.06233333333333333,0.05283333333333333,0.97763,0.9144,0.4676,0.2627,0.5363,SAFE,,,,,
7391,0.24,3.4,9.3,12.700000000000001,0.0,12.700000000000001,T6,LV_secondary_T2_T4,150.0,0.08466666666666667,0.062000000000000006,0.0,0.98477,24.6125,15.6519,11.8507,19.6321,SAFE,,,,,
7393,0.24,0.0,7.6,7.6,0.0,7.6,T6,LV_secondary_T2_T4,150.0,0.050666666666666665,0.050666666666666665,0.0,0.98477,24.6125,15.6519,11.8507,19.6321,SAFE,,,,,
6322,0.24,0.0,4.2,4.2,0.0,4.2,T4,LV_secondary_T2_T4,150.0,0.028,0.028,0.0,0.92105,16.9926,11.6578,8.5847,14.4776,SAFE,,,,,
6202,0.24,8.4,12.0,20.4,0.0,20.4,T2,LV_secondary_T2_T4,300.0,0.06799999999999999,0.04,0.0,0.99456,7.0957,4.1795,2.816,5.0396,SAFE,,,,,
751,0.48,0.0,11.9,11.9,0.0,11.9,T9,other,1500.0,0.007933333333333334,0.007933333333333334,0.0,0.9685,34.4789,23.8283,17.6385,29.6463,SAFE,,,,,
6252,0.24,7.8,12.9,20.7,0.0,20.7,T2,LV_secondary_T2_T4,300.0,0.06899999999999999,0.043000000000000003,0.0,0.99456,7.1872,4.2178,2.8303,5.0794,SAFE,,,,,
7122,0.24,4.4,7.2,11.600000000000001,0.0,11.600000000000001,T18,LV_secondary_T2_T4,300.0,0.03866666666666667,0.024,0.0,0.95826,7.7724,4.5565,3.3703,5.6675,SAFE,,,,,
770,0.24,0.0,15.2,15.2,450.0,0.033777777777777775,T15,Delta_766-772,1500.0,0.010133333333333333,0.010133333333333333,0.3,0.95059,44.5068,31.369,22.8385,38.8022,SAFE,,,,,
710,0.208,0.0,7.6,7.6,80.0,0.095,T17,Branch_701-708,300.0,0.025333333333333333,0.025333333333333333,0.26666666666666666,0.95736,7.0104,4.008,2.9713,4.9893,SAFE,,,,,
726,0.24,0.0,11.1,11.1,0.0,11.1,-,Main_720-734,5000.0,0.0022199999999999998,0.0022199999999999998,0.0,0.99456,7.2329,4.237,2.8374,5.0993,SAFE,,,,,
708,0.24,6.2,9.7,15.899999999999999,75.0,0.212,T16,Branch_701-708,300.0,0.053,0.03233333333333333,0.25,0.95801,6.2484,3.6185,2.8328,4.5954,SAFE,,,,,
715,0.208,1.7,10.3,12.0,0.0,12.0,-,Branch_701-708,5000.0,0.0024,0.00206,0.0,0.99083,0.9144,0.4676,0.2627,0.5363,SAFE,,,,,
724,0.24,3.4,2.4,5.8,0.0,5.8,-,Main_720-734,5000.0,0.00116,0.00047999999999999996,0.0,0.99456,7.1414,4.1987,2.8231,5.0595,SAFE,,,,,
7691,0.24,0.0,8.5,8.5,0.0,8.5,T22,LV_secondary_T2_T4,150.0,0.056666666666666664,0.056666666666666664,0.0,0.95405,44.5068,31.369,22.8385,38.8022,SAFE,,,,,
7693,0.24,0.0,10.1,10.1,0.0,10.1,T22,LV_secondary_T2_T4,150.0,0.06733333333333333,0.06733333333333333,0.0,0.95405,44.5068,31.369,22.8385,38.8022,SAFE,,,,,
7691,0.24,2.7,19.1,21.8,0.0,21.8,T22,LV_secondary_T2_T4,150.0,0.14533333333333334,0.12733333333333335,0.0,0.95405,44.5068,31.369,22.8385,38.8022,SAFE,,,,,
6212,0.24,2.1,12.8,14.9,0.0,14.9,T2,LV_secondary_T2_T4,300.0,0.049666666666666665,0.04266666666666667,0.0,0.99456,7.1414,4.1987,2.8231,5.0595,SAFE,,,,,
6252,0.24,0.0,16.0,16.0,0.0,16.0,T2,LV_secondary_T2_T4,300.0,0.05333333333333334,0.05333333333333334,0.0,0.99456,7.1872,4.2178,2.8303,5.0794,SAFE,,,,,
759,0.24,7.3,7.5,14.8,35.0,0.4228571428571429,T12,Branch_752-765,150.0,0.09866666666666667,0.05,0.23333333333333334,0.93737,40.2701,27.7136,20.528,34.4883,SAFE,,,,,
6321,0.24,6.5,13.4,19.9,0.0,19.9,T4,LV_secondary_T2_T4,150.0,0.13266666666666665,0.08933333333333333,0.0,0.92105,16.9926,11.6578,8.5847,14.4776,SAFE,,,,,
7482,0.24,0.0,12.3,12.3,0.0,12.3,T8,LV_secondary_T2_T4,150.0,0.082,0.082,0.0,0.95585,27.31,18.8387,13.9267,23.4276,SAFE,,,,,
7393,0.24,0.0,13.5,13.5,0.0,13.5,T6,LV_secondary_T2_T4,150.0,0.09,0.09,0.0,0.98477,24.6125,15.6519,11.8507,19.6321,SAFE,,,,,
6231,0.24,0.0,19.1,19.1,0.0,19.1,T2,LV_secondary_T2_T4,300.0,0.06366666666666668,0.06366666666666668,0.0,0.99456,7.2329,4.237,2.8374,5.0993,SAFE,,,,,
6242,0.24,0.0,13.8,13.8,0.0,13.8,T2,LV_secondary_T2_T4,300.0,0.046,0.046,0.0,0.99456,7.1414,4.1987,2.8231,5.0595,SAFE,,,,,
6241,0.24,6.2,9.7,15.899999999999999,0.0,15.899999999999999,T2,LV_secondary_T2_T4,300.0,0.053,0.03233333333333333,0.0,0.99456,7.1414,4.1987,2.8231,5.0595,SAFE,,,,,
7641,0.24,0.0,8.6,8.6,0.0,8.6,T14,LV_secondary_T2_T4,150.0,0.05733333333333333,0.05733333333333333,0.0,0.9365,42.617,29.4074,21.7473,36.5751,SAFE,,,,,
733,0.24,0.0,16.3,16.3,0.0,16.3,-,Main_720-734,5000.0,0.0032600000000000003,0.0032600000000000003,0.0,0.91348,17.0383,11.6797,8.589,14.4978,SAFE,,,,,
733,0.24,0.0,14.5,14.5,0.0,14.5,-,Main_720-734,5000.0,0.0029,0.0029,0.0,0.91348,17.0383,11.6797,8.589,14.4978,SAFE,,,,,
708,0.24,0.0,10.4,10.4,75.0,0.13866666666666666,T16,Branch_701-708,300.0,0.034666666666666665,0.034666666666666665,0.25,0.95801,6.2484,3.6185,2.8328,4.5954,SAFE,,,,,
6222,0.24,0.0,5.3,5.3,0.0,5.3,T2,LV_secondary_T2_T4,300.0,0.017666666666666667,0.017666666666666667,0.0,0.99456,7.1872,4.2178,2.8303,5.0794,SAFE,,,,,
6242,0.24,0.0,2.6,2.6,0.0,2.6,T2,LV_secondary_T2_T4,300.0,0.008666666666666666,0.008666666666666666,0.0,0.99456,7.1414,4.1987,2.8231,5.0595,SAFE,,,,,
621,0.24,1.9,17.1,19.0,0.0,19.0,T2,LV_secondary_T2_T4,300.0,0.06333333333333334,0.057,0.0,0.99456,7.1414,4.1987,2.8231,5.0595,SAFE,,,,,
762,0.48,1.6,14.3,15.9,45.0,0.35333333333333333,T13,Branch_752-765,150.0,0.106,0.09533333333333334,0.3,0.93629,42.0074,28.9831,21.4317,36.0463,SAFE,,,,,
6261,0.24,0.0,8.0,8.0,0.0,8.0,T2,LV_secondary_T2_T4,300.0,0.02666666666666667,0.02666666666666667,0.0,0.99456,7.2329,4.237,2.8374,5.0993,SAFE,,,,,
622,0.24,0.0,12.2,12.2,0.0,12.2,T2,LV_secondary_T2_T4,300.0,0.04066666666666666,0.04066666666666666,0.0,0.99456,7.1872,4.2178,2.8303,5.0794,SAFE,,,,,
712,0.24,0.0,2.1,2.1,65.0,0.03230769230769231,T18,Branch_701-708,300.0,0.007,0.007,0.21666666666666667,0.95826,7.7724,4.5565,3.3703,5.6675,SAFE,,,,,
762,0.48,0.0,12.9,12.9,45.0,0.2866666666666667,T13,Branch_752-765,150.0,0.08600000000000001,0.08600000000000001,0.3,0.93629,42.0074,28.9831,21.4317,36.0463,SAFE,,,,,
6241,0.24,0.0,16.1,16.1,0.0,16.1,T2,LV_secondary_T2_T4,300.0,0.05366666666666667,0.05366666666666667,0.0,0.99456,7.1414,4.1987,2.8231,5.0595,SAFE,,,,,
708,0.24,7.5,4.6,12.1,75.0,0.16133333333333333,T16,Branch_701-708,300.0,0.04033333333333333,0.015333333333333332,0.25,0.95801,6.2484,3.6185,2.8328,4.5954,SAFE,,,,,
708,0.24,4.1,9.5,13.6,75.0,0.18133333333333332,T16,Branch_701-708,300.0,0.04533333333333333,0.03166666666666667,0.25,0.95801,6.2484,3.6185,2.8328,4.5954,SAFE,,,,,
770,0.24,0.0,7.2,7.2,450.0,0.016,T15,Delta_766-772,1500.0,0.0048000000000000004,0.0048000000000000004,0.3,0.95059,44.5068,31.369,22.8385,38.8022,SAFE,,,,,
6321,0.24,5.0,8.1,13.1,0.0,13.1,T4,LV_secondary_T2_T4,150.0,0.08733333333333333,0.054,0.0,0.92105,16.9926,11.6578,8.5847,14.4776,SAFE,,,,,
712,0.24,0.0,9.9,9.9,65.0,0.1523076923076923,T18,Branch_701-708,300.0,0.033,0.033,0.21666666666666667,0.95826,7.7724,4.5565,3.3703,5.6675,SAFE,,,,,
7482,0.24,0.0,2.7,2.7,0.0,2.7,T8,LV_secondary_T2_T4,150.0,0.018000000000000002,0.018000000000000002,0.0,0.95585,27.31,18.8387,13.9267,23.4276,SAFE,,,,,
6261,0.24,0.0,19.4,19.4,0.0,19.4,T2,LV_secondary_T2_T4,300.0,0.06466666666666666,0.06466666666666666,0.0,0.99456,7.2329,4.237,2.8374,5.0993,SAFE,,,,,
622,0.24,0.0,7.8,7.8,0.0,7.8,T2,LV_secondary_T2_T4,300.0,0.026,0.026,0.0,0.99456,7.1872,4.2178,2.8303,5.0794,SAFE,,,,,
7121,0.24,0.0,11.6,11.6,0.0,11.6,T18,LV_secondary_T2_T4,300.0,0.03866666666666667,0.03866666666666667,0.0,0.95826,7.7724,4.5565,3.3703,5.6675,SAFE,,,,,
6321,0.24,0.0,6.5,6.5,0.0,6.5,T4,LV_secondary_T2_T4,150.0,0.043333333333333335,0.043333333333333335,0.0,0.92105,16.9926,11.6578,8.5847,14.4776,SAFE,,,,,
756,0.208,4.6,7.1,11.7,155.0,0.07548387096774194,T11,Branch_752-765,300.0,0.039,0.023666666666666666,0.5166666666666667,0.93609,39.8129,27.5407,20.4003,34.2734,SAFE,,,,,
620,0.24,0.0,12.4,12.4,0.0,12.4,T2,LV_secondary_T2_T4,300.0,0.04133333333333333,0.04133333333333333,0.0,0.99456,7.0957,4.1795,2.816,5.0396,SAFE,,,,,
6251,0.24,0.0,3.6,3.6,0.0,3.6,T2,LV_secondary_T2_T4,300.0,0.012,0.012,0.0,0.99456,7.1872,4.2178,2.8303,5.0794,SAFE,,,,,
7121,0.24,6.8,13.9,20.7,0.0,20.7,T18,LV_secondary_T2_T4,300.0,0.06899999999999999,0.04633333333333334,0.0,0.95826,7.7724,4.5565,3.3703,5.6675,SAFE,,,,,
722,0.24,0.0,17.2,17.2,0.0,17.2,-,Main_720-734,5000.0,0.00344,0.00344,0.0,0.99456,7.1872,4.2178,2.8303,5.0794,SAFE,,,,,
622,0.24,4.2,19.8,24.0,0.0,24.0,T2,LV_secondary_T2_T4,300.0,0.08,0.066,0.0,0.99456,7.1872,4.2178,2.8303,5.0794,SAFE,,,,,
6221,0.24,1.4,18.0,19.4,0.0,19.4,T2,LV_secondary_T2_T4,300.0,0.06466666666666666,0.06,0.0,0.99456,7.1872,4.2178,2.8303,5.0794,SAFE,,,,,
6212,0.24,1.9,11.8,13.700000000000001,0.0,13.700000000000001,T2,LV_secondary_T2_T4,300.0,0.04566666666666667,0.03933333333333334,0.0,0.99456,7.1414,4.1987,2.8231,5.0595,SAFE,,,,,
621,0.24,0.0,14.5,14.5,0.0,14.5,T2,LV_secondary_T2_T4,300.0,0.04833333333333333,0.04833333333333333,0.0,0.99456,7.1414,4.1987,2.8231,5.0595,SAFE,,,,,
7122,0.24,2.8,1.0,3.8,0.0,3.8,T18,LV_secondary_T2_T4,300.0,0.012666666666666666,0.0033333333333333335,0.0,0.95826,7.7724,4.5565,3.3703,5.6675,SAFE,,,,,
633,0.24,8.0,17.7,25.7,0.0,25.7,T4,LV_secondary_T2_T4,150.0,0.17133333333333334,0.118,0.0,0.91348,17.0383,11.6797,8.589,14.4978,SAFE,,,,,
725,0.24,7.5,16.5,24.0,0.0,24.0,-,Main_720-734,5000.0,0.0048,0.0033,0.0,0.99456,7.1872,4.2178,2.8303,5.0794,SAFE,,,,,
7483,0.24,0.0,7.1,7.1,0.0,7.1,T8,LV_secondary_T2_T4,150.0,0.04733333333333333,0.04733333333333333,0.0,0.95585,27.31,18.8387,13.9267,23.4276,SAFE,,,,,
751,0.48,0.0,13.3,13.3,0.0,13.3,T9,other,1500.0,0.008866666666666667,0.008866666666666667,0.0,0.9685,34.4789,23.8283,17.6385,29.6463,SAFE,,,,,
710,0.208,0.0,11.0,11.0,80.0,0.1375,T17,Branch_701-708,300.0,0.03666666666666667,0.03666666666666667,0.26666666666666666,0.95736,7.0104,4.008,2.9713,4.9893,SAFE,,,,,
7692,0.24,0.0,15.8,15.8,0.0,15.8,T22,LV_secondary_T2_T4,150.0,0.10533333333333333,0.10533333333333333,0.0,0.95405,44.5068,31.369,22.8385,38.8022,SAFE,,,,,
6241,0.24,0.0,4.2,4.2,0.0,4.2,T2,LV_secondary_T2_T4,300.0,0.014,0.014,0.0,0.99456,7.1414,4.1987,2.8231,5.0595,SAFE,,,,,
6221,0.24,9.7,5.9,15.6,0.0,15.6,T2,LV_secondary_T2_T4,300.0,0.052,0.01966666666666667,0.0,0.99456,7.1872,4.2178,2.8303,5.0794,SAFE,,,,,
6322,0.24,0.0,3.6,3.6,0.0,3.6,T4,LV_secondary_T2_T4,150.0,0.024,0.024,0.0,0.92105,16.9926,11.6578,8.5847,14.4776,SAFE,,,,,
632,0.24,6.0,11.7,17.7,0.0,17.7,T4,LV_secondary_T2_T4,150.0,0.118,0.078,0.0,0.92105,16.9926,11.6578,8.5847,14.4776,SAFE,,,,,
743,0.24,5.5,8.2,13.7,240.0,0.05708333333333333,T7,Main_735-750,300.0,0.04566666666666666,0.02733333333333333,0.8,0.96367,21.8693,15.052,11.1097,18.708,SAFE,,,,,
6242,0.24,0.0,4.2,4.2,0.0,4.2,T2,LV_secondary_T2_T4,300.0,0.014,0.014,0.0,0.99456,7.1414,4.1987,2.8231,5.0595,SAFE,,,,,
6202,0.24,2.0,9.3,11.3,0.0,11.3,T2,LV_secondary_T2_T4,300.0,0.03766666666666667,0.031000000000000003,0.0,0.99456,7.0957,4.1795,2.816,5.0396,SAFE,,,,,
6211,0.24,4.0,13.7,17.7,0.0,17.7,T2,LV_secondary_T2_T4,300.0,0.059,0.04566666666666666,0.0,0.99456,7.1414,4.1987,2.8231,5.0595,SAFE,,,,,
739,0.24,4.0,10.1,14.1,41.1,0.3430656934306569,T6,Main_735-750,150.0,0.094,0.06733333333333333,0.274,0.98477,24.6125,15.6519,11.8507,19.6321,SAFE,,,,,
624,0.24,0.0,17.3,17.3,0.0,17.3,T2,LV_secondary_T2_T4,300.0,0.05766666666666667,0.05766666666666667,0.0,0.99456,7.1414,4.1987,2.8231,5.0595,SAFE,,,,,
723,0.24,0.0,3.6,3.6,0.0,3.6,-,Main_720-734,5000.0,0.00072,0.00072,0.0,0.99456,7.2329,4.237,2.8374,5.0993,SAFE,,,,,
710,0.208,0.0,8.1,8.1,80.0,0.10124999999999999,T17,Branch_701-708,300.0,0.027,0.027,0.26666666666666666,0.95736,7.0104,4.008,2.9713,4.9893,SAFE,,,,,
7122,0.24,0.0,11.7,11.7,0.0,11.7,T18,LV_secondary_T2_T4,300.0,0.039,0.039,0.0,0.95826,7.7724,4.5565,3.3703,5.6675,SAFE,,,,,
772,0.208,3.7,8.7,12.399999999999999,100.0,0.12399999999999999,T19,Delta_766-772,300.0,0.041333333333333326,0.028999999999999998,0.3333333333333333,0.93424,43.184,29.887,22.1458,37.1977,SAFE,,,,,
7392,0.24,0.0,5.6,5.6,0.0,5.6,T6,LV_secondary_T2_T4,150.0,0.03733333333333333,0.03733333333333333,0.0,0.98477,24.6125,15.6519,11.8507,19.6321,SAFE,,,,,
6252,0.24,1.8,12.2,14.0,0.0,14.0,T2,LV_secondary_T2_T4,300.0,0.04666666666666667,0.04066666666666666,0.0,0.99456,7.1872,4.2178,2.8303,5.0794,SAFE,,,,,
730,0.24,8.3,16.8,25.1,85.0,0.2952941176470588,T23,Main_720-734,300.0,0.08366666666666667,0.056,0.2833333333333333,0.94696,11.8872,7.965,5.8252,9.8678,SAFE,,,,,
6201,0.24,1.8,9.8,11.600000000000001,0.0,11.600000000000001,T2,LV_secondary_T2_T4,300.0,0.03866666666666667,0.03266666666666667,0.0,0.99456,7.0957,4.1795,2.816,5.0396,SAFE,,,,,
739,0.24,0.0,6.0,6.0,41.1,0.145985401459854,T6,Main_735-750,150.0,0.04,0.04,0.274,0.98477,24.6125,15.6519,11.8507,19.6321,SAFE,,,,,
7122,0.24,0.0,19.1,19.1,0.0,19.1,T18,LV_secondary_T2_T4,300.0,0.06366666666666668,0.06366666666666668,0.0,0.95826,7.7724,4.5565,3.3703,5.6675,SAFE,,,,,
714,0.208,2.3,9.8,12.100000000000001,240.0,0.05041666666666667,T24,Branch_701-708,30.0,0.4033333333333334,0.3266666666666667,8.0,0.99083,0.9144,0.4676,0.2627,0.5363,SAFE,,,,,
6221,0.24,0.0,2.9,2.9,0.0,2.9,T2,LV_secondary_T2_T4,300.0,0.009666666666666667,0.009666666666666667,0.0,0.99456,7.1872,4.2178,2.8303,5.0794,SAFE,,,,,
620,0.24,1.8,17.5,19.3,0.0,19.3,T2,LV_secondary_T2_T4,300.0,0.06433333333333334,0.058333333333333334,0.0,0.99456,7.0957,4.1795,2.816,5.0396,SAFE,,,,,
725,0.24,5.8,11.2,17.0,0.0,17.0,-,Main_720-734,5000.0,0.0034,0.00224,0.0,0.99456,7.1872,4.2178,2.8303,5.0794,SAFE,,,,,
6322,0.24,0.0,2.5,2.5,0.0,2.5,T4,LV_secondary_T2_T4,150.0,0.016666666666666666,0.016666666666666666,0.0,0.92105,16.9926,11.6578,8.5847,14.4776,SAFE,,,,,
7643,0.24,0.0,18.3,18.3,0.0,18.3,T14,LV_secondary_T2_T4,150.0,0.12200000000000001,0.12200000000000001,0.0,0.9365,42.617,29.4074,21.7473,36.5751,SAFE,,,,,
6332,0.24,0.0,9.4,9.4,0.0,9.4,T4,LV_secondary_T2_T4,150.0,0.06266666666666666,0.06266666666666666,0.0,0.91348,17.0383,11.6797,8.589,14.4978,SAFE,,,,,
724,0.24,2.4,8.2,10.6,0.0,10.6,-,Main_720-734,5000.0,0.00212,0.00164,0.0,0.99456,7.1414,4.1987,2.8231,5.0595,SAFE,,,,,
759,0.24,1.6,13.4,15.0,35.0,0.42857142857142855,T12,Branch_752-765,150.0,0.1,0.08933333333333333,0.23333333333333334,0.93737,40.2701,27.7136,20.528,34.4883,SAFE,,,,,
621,0.24,0.0,5.0,5.0,0.0,5.0,T2,LV_secondary_T2_T4,300.0,0.016666666666666666,0.016666666666666666,0.0,0.99456,7.1414,4.1987,2.8231,5.0595,SAFE,,,,,
733,0.24,0.0,10.1,10.1,0.0,10.1,-,Main_720-734,5000.0,0.00202,0.00202,0.0,0.91348,17.0383,11.6797,8.589,14.4978,SAFE,,,,,
6252,0.24,5.1,2.5,7.6,0.0,7.6,T2,LV_secondary_T2_T4,300.0,0.025333333333333333,0.008333333333333333,0.0,0.99456,7.1872,4.2178,2.8303,5.0794,SAFE,,,,,
726,0.24,1.4,14.2,15.6,0.0,15.6,-,Main_720-734,5000.0,0.00312,0.0028399999999999996,0.0,0.99456,7.2329,4.237,2.8374,5.0993,SAFE,,,,,
728,0.24,0.0,12.9,12.9,38.0,0.3394736842105263,T3,Main_720-734,75.0,0.17200000000000001,0.17200000000000001,0.5066666666666667,0.93706,11.5824,7.8923,5.7834,9.7845,SAFE,,,,,
625,0.24,0.0,19.0,19.0,0.0,19.0,T2,LV_secondary_T2_T4,300.0,0.06333333333333334,0.06333333333333334,0.0,0.99456,7.1872,4.2178,2.8303,5.0794,SAFE,,,,,
7642,0.24,0.0,17.2,17.2,0.0,17.2,T14,LV_secondary_T2_T4,150.0,0.11466666666666667,0.11466666666666667,0.0,0.9365,42.617,29.4074,21.7473,36.5751,SAFE,,,,,
7391,0.24,5.8,18.5,24.3,0.0,24.3,T6,LV_secondary_T2_T4,150.0,0.162,0.12333333333333334,0.0,0.98477,24.6125,15.6519,11.8507,19.6321,SAFE,,,,,
723,0.24,0.0,7.6,7.6,0.0,7.6,-,Main_720-734,5000.0,0.0015199999999999999,0.0015199999999999999,0.0,0.99456,7.2329,4.237,2.8374,5.0993,SAFE,,,,,
633,0.24,0.0,1.3,1.3,0.0,1.3,T4,LV_secondary_T2_T4,150.0,0.008666666666666666,0.008666666666666666,0.0,0.91348,17.0383,11.6797,8.589,14.4978,SAFE,,,,,
7392,0.24,1.0,2.9,3.9,0.0,3.9,T6,LV_secondary_T2_T4,150.0,0.026,0.019333333333333334,0.0,0.98477,24.6125,15.6519,11.8507,19.6321,SAFE,,,,,
724,0.24,0.0,4.3,4.3,0.0,4.3,-,Main_720-734,5000.0,0.00086,0.00086,0.0,0.99456,7.1414,4.1987,2.8231,5.0595,SAFE,,,,,
7692,0.24,5.4,16.2,21.6,0.0,21.6,T22,LV_secondary_T2_T4,150.0,0.14400000000000002,0.108,0.0,0.95405,44.5068,31.369,22.8385,38.8022,SAFE,,,,,
6251,0.24,4.8,17.2,22.0,0.0,22.0,T2,LV_secondary_T2_T4,300.0,0.07333333333333333,0.05733333333333333,0.0,0.99456,7.1872,4.2178,2.8303,5.0794,SAFE,,,,,
751,0.48,0.0,19.8,19.8,0.0,19.8,T9,other,1500.0,0.0132,0.0132,0.0,0.9685,34.4789,23.8283,17.6385,29.6463,SAFE,,,,,
6212,0.24,0.0,1.0,1.0,0.0,1.0,T2,LV_secondary_T2_T4,300.0,0.0033333333333333335,0.0033333333333333335,0.0,0.99456,7.1414,4.1987,2.8231,5.0595,SAFE,,,,,
6331,0.24,0.0,5.4,5.4,0.0,5.4,T4,LV_secondary_T2_T4,150.0,0.036000000000000004,0.036000000000000004,0.0,0.91348,17.0383,11.6797,8.589,14.4978,SAFE,,,,,
6321,0.24,0.0,9.6,9.6,0.0,9.6,T4,LV_secondary_T2_T4,150.0,0.064,0.064,0.0,0.92105,16.9926,11.6578,8.5847,14.4776,SAFE,,,,,
724,0.24,4.3,13.9,18.2,0.0,18.2,-,Main_720-734,5000.0,0.00364,0.00278,0.0,0.99456,7.1414,4.1987,2.8231,5.0595,SAFE,,,,,
7693,0.24,0.0,14.5,14.5,0.0,14.5,T22,LV_secondary_T2_T4,150.0,0.09666666666666666,0.09666666666666666,0.0,0.95405,44.5068,31.369,22.8385,38.8022,SAFE,,,,,
6241,0.24,0.0,10.0,10.0,0.0,10.0,T2,LV_secondary_T2_T4,300.0,0.03333333333333333,0.03333333333333333,0.0,0.99456,7.1414,4.1987,2.8231,5.0595,SAFE,,,,,
726,0.24,0.0,13.5,13.5,0.0,13.5,-,Main_720-734,5000.0,0.0027,0.0027,0.0,0.99456,7.2329,4.237,2.8374,5.0993,SAFE,,,,,
7122,0.24,2.4,1.3,3.7,0.0,3.7,T18,LV_secondary_T2_T4,300.0,0.012333333333333333,0.004333333333333333,0.0,0.95826,7.7724,4.5565,3.3703,5.6675,SAFE,,,,,
7642,0.24,0.0,5.2,5.2,0.0,5.2,T14,LV_secondary_T2_T4,150.0,0.034666666666666665,0.034666666666666665,0.0,0.9365,42.617,29.4074,21.7473,36.5751,SAFE,,,,,
6321,0.24,9.5,8.4,17.9,0.0,17.9,T4,LV_secondary_T2_T4,150.0,0.11933333333333332,0.056,0.0,0.92105,16.9926,11.6578,8.5847,14.4776,SAFE,,,,,
6212,0.24,1.5,3.3,4.8,0.0,4.8,T2,LV_secondary_T2_T4,300.0,0.016,0.011,0.0,0.99456,7.1414,4.1987,2.8231,5.0595,SAFE,,,,,
621,0.24,0.0,11.9,11.9,0.0,11.9,T2,LV_secondary_T2_T4,300.0,0.03966666666666667,0.03966666666666667,0.0,0.99456,7.1414,4.1987,2.8231,5.0595,SAFE,,,,,
632,0.24,0.0,11.6,11.6,0.0,11.6,T4,LV_secondary_T2_T4,150.0,0.07733333333333334,0.07733333333333334,0.0,0.92105,16.9926,11.6578,8.5847,14.4776,SAFE,,,,,
756,0.208,6.9,13.9,20.8,155.0,0.13419354838709677,T11,Branch_752-765,300.0,0.06933333333333333,0.04633333333333334,0.5166666666666667,0.93609,39.8129,27.5407,20.4003,34.2734,SAFE,,,,,
715,0.208,0.0,13.8,13.8,0.0,13.8,-,Branch_701-708,5000.0,0.0027600000000000003,0.0027600000000000003,0.0,0.99083,0.9144,0.4676,0.2627,0.5363,SAFE,,,,,
714,0.208,0.0,10.6,10.6,240.0,0.04416666666666667,T24,Branch_701-708,30.0,0.35333333333333333,0.35333333333333333,8.0,0.99083,0.9144,0.4676,0.2627,0.5363,SAFE,,,,,
739,0.24,9.6,10.7,20.299999999999997,41.1,0.49391727493917265,T6,Main_735-750,150.0,0.1353333333333333,0.07133333333333333,0.274,0.98477,24.6125,15.6519,11.8507,19.6321,SAFE,,,,,
748,0.24,0.0,14.1,14.1,76.88,0.18340270551508844,T8,Main_735-750,150.0,0.094,0.094,0.5125333333333333,0.95585,27.31,18.8387,13.9267,23.4276,SAFE,,,,,
710,0.208,0.0,19.9,19.9,80.0,0.24874999999999997,T17,Branch_701-708,300.0,0.06633333333333333,0.06633333333333333,0.26666666666666666,0.95736,7.0104,4.008,2.9713,4.9893,SAFE,,,,,
748,0.24,0.0,14.9,14.9,76.88,0.19380853277835589,T8,Main_735-750,150.0,0.09933333333333333,0.09933333333333333,0.5125333333333333,0.95585,27.31,18.8387,13.9267,23.4276,SAFE,,,,,
7692,0.24,8.8,8.2,17.0,0.0,17.0,T22,LV_secondary_T2_T4,150.0,0.11333333333333333,0.05466666666666666,0.0,0.95405,44.5068,31.369,22.8385,38.8022,SAFE,,,,,
725,0.24,2.3,6.2,8.5,0.0,8.5,-,Main_720-734,5000.0,0.0017,0.00124,0.0,0.99456,7.1872,4.2178,2.8303,5.0794,SAFE,,,,,
7392,0.24,1.2,19.1,20.3,0.0,20.3,T6,LV_secondary_T2_T4,150.0,0.13533333333333333,0.12733333333333335,0.0,0.98477,24.6125,15.6519,11.8507,19.6321,SAFE,,,,,
620,0.24,9.0,18.0,27.0,0.0,27.0,T2,LV_secondary_T2_T4,300.0,0.09,0.06,0.0,0.99456,7.0957,4.1795,2.816,5.0396,SAFE,,,,,
722,0.24,0.0,14.7,14.7,0.0,14.7,-,Main_720-734,5000.0,0.00294,0.00294,0.0,0.99456,7.1872,4.2178,2.8303,5.0794,SAFE,,,,,
721,0.24,0.0,12.3,12.3,0.0,12.3,-,Main_720-734,5000.0,0.00246,0.00246,0.0,0.99456,7.1414,4.1987,2.8231,5.0595,SAFE,,,,,
740,0.24,0.0,10.7,10.7,75.0,0.14266666666666666,T5,Main_735-750,150.0,0.07133333333333333,0.07133333333333333,0.5,0.98202,23.0885,14.9212,11.4648,18.8171,SAFE,,,,,
7391,0.24,0.0,18.9,18.9,0.0,18.9,T6,LV_secondary_T2_T4,150.0,0.126,0.126,0.0,0.98477,24.6125,15.6519,11.8507,19.6321,SAFE,,,,,
716,0.48,0.0,5.3,5.3,15.85,0.334384858044164,T24(HV),Branch_701-708,300.0,0.017666666666666667,0.017666666666666667,0.05283333333333333,0.97763,0.9144,0.4676,0.2627,0.5363,SAFE,,,,,
6331,0.24,0.0,15.0,15.0,0.0,15.0,T4,LV_secondary_T2_T4,150.0,0.1,0.1,0.0,0.91348,17.0383,11.6797,8.589,14.4978,SAFE,,,,,
633,0.24,0.0,14.4,14.4,0.0,14.4,T4,LV_secondary_T2_T4,150.0,0.096,0.096,0.0,0.91348,17.0383,11.6797,8.589,14.4978,SAFE,,,,,
625,0.24,0.0,10.0,10.0,0.0,10.0,T2,LV_secondary_T2_T4,300.0,0.03333333333333333,0.03333333333333333,0.0,0.99456,7.1872,4.2178,2.8303,5.0794,SAFE,,,,,
7693,0.24,0.0,2.8,2.8,0.0,2.8,T22,LV_secondary_T2_T4,150.0,0.018666666666666665,0.018666666666666665,0.0,0.95405,44.5068,31.369,22.8385,38.8022,SAFE,,,,,
6202,0.24,0.0,6.2,6.2,0.0,6.2,T2,LV_secondary_T2_T4,300.0,0.020666666666666667,0.020666666666666667,0.0,0.99456,7.0957,4.1795,2.816,5.0396,SAFE,,,,,
720,0.24,9.2,15.2,24.4,66.0,0.3696969696969697,T2,Main_720-734,300.0,0.08133333333333333,0.050666666666666665,0.22,0.99456,7.0957,4.1795,2.816,5.0396,SAFE,,,,,
721,0.24,8.5,5.7,14.2,0.0,14.2,-,Main_720-734,5000.0,0.0028399999999999996,0.00114,0.0,0.99456,7.1414,4.1987,2.8231,5.0595,SAFE,,,,,
715,0.208,0.0,3.6,3.6,0.0,3.6,-,Branch_701-708,5000.0,0.00072,0.00072,0.0,0.99083,0.9144,0.4676,0.2627,0.5363,SAFE,,,,,
751,0.48,5.7,14.4,20.1,0.0,20.1,T9,other,1500.0,0.0134,0.009600000000000001,0.0,0.9685,34.4789,23.8283,17.6385,29.6463,SAFE,,,,,
764,0.24,5.8,2.1,7.9,46.0,0.17173913043478262,T14,Branch_752-765,150.0,0.05266666666666667,0.014,0.30666666666666664,0.9365,42.617,29.4074,21.7473,36.5751,SAFE,,,,,
7392,0.24,0.0,6.4,6.4,0.0,6.4,T6,LV_secondary_T2_T4,150.0,0.04266666666666667,0.04266666666666667,0.0,0.98477,24.6125,15.6519,11.8507,19.6321,SAFE,,,,,
723,0.24,0.0,5.4,5.4,0.0,5.4,-,Main_720-734,5000.0,0.00108,0.00108,0.0,0.99456,7.2329,4.237,2.8374,5.0993,SAFE,,,,,
6252,0.24,0.0,10.3,10.3,0.0,10.3,T2,LV_secondary_T2_T4,300.0,0.034333333333333334,0.034333333333333334,0.0,0.99456,7.1872,4.2178,2.8303,5.0794,SAFE,,,,,
7391,0.24,0.0,19.6,19.6,0.0,19.6,T6,LV_secondary_T2_T4,150.0,0.13066666666666668,0.13066666666666668,0.0,0.98477,24.6125,15.6519,11.8507,19.6321,SAFE,,,,,
6321,0.24,0.0,10.2,10.2,0.0,10.2,T4,LV_secondary_T2_T4,150.0,0.06799999999999999,0.06799999999999999,0.0,0.92105,16.9926,11.6578,8.5847,14.4776,SAFE,,,,,
732,0.24,1.0,5.8,6.8,25.4,0.2677165354330709,T4,Main_720-734,150.0,0.04533333333333333,0.03866666666666667,0.16933333333333334,0.92105,16.9926,11.6578,8.5847,14.4776,SAFE,,,,,
7642,0.24,6.6,7.9,14.5,0.0,14.5,T14,LV_secondary_T2_T4,150.0,0.09666666666666666,0.05266666666666667,0.0,0.9365,42.617,29.4074,21.7473,36.5751,SAFE,,,,,
726,0.24,6.7,9.4,16.1,0.0,16.1,-,Main_720-734,5000.0,0.00322,0.0018800000000000002,0.0,0.99456,7.2329,4.237,2.8374,5.0993,SAFE,,,,,
748,0.24,0.0,6.7,6.7,76.88,0.08714880332986473,T8,Main_735-750,150.0,0.04466666666666667,0.04466666666666667,0.5125333333333333,0.95585,27.31,18.8387,13.9267,23.4276,SAFE,,,,,
751,0.48,0.0,14.5,14.5,0.0,14.5,T9,other,1500.0,0.009666666666666667,0.009666666666666667,0.0,0.9685,34.4789,23.8283,17.6385,29.6463,SAFE,,,,,
708,0.24,5.4,4.4,9.8,75.0,0.13066666666666668,T16,Branch_701-708,300.0,0.03266666666666667,0.014666666666666668,0.25,0.95801,6.2484,3.6185,2.8328,4.5954,SAFE,,,,,
7692,0.24,0.0,6.9,6.9,0.0,6.9,T22,LV_secondary_T2_T4,150.0,0.046,0.046,0.0,0.95405,44.5068,31.369,22.8385,38.8022,SAFE,,,,,
7641,0.24,8.9,15.2,24.1,0.0,24.1,T14,LV_secondary_T2_T4,150.0,0.16066666666666668,0.10133333333333333,0.0,0.9365,42.617,29.4074,21.7473,36.5751,SAFE,,,,,
626,0.24,0.0,4.9,4.9,0.0,4.9,T2,LV_secondary_T2_T4,300.0,0.016333333333333335,0.016333333333333335,0.0,0.99456,7.2329,4.237,2.8374,5.0993,SAFE,,,,,
740,0.24,0.0,9.5,9.5,75.0,0.12666666666666668,T5,Main_735-750,150.0,0.06333333333333334,0.06333333333333334,0.5,0.98202,23.0885,14.9212,11.4648,18.8171,SAFE,,,,,
6262,0.24,0.0,3.0,3.0,0.0,3.0,T2,LV_secondary_T2_T4,300.0,0.01,0.01,0.0,0.99456,7.2329,4.237,2.8374,5.0993,SAFE,,,,,
633,0.24,5.6,10.0,15.6,0.0,15.6,T4,LV_secondary_T2_T4,150.0,0.104,0.06666666666666667,0.0,0.91348,17.0383,11.6797,8.589,14.4978,SAFE,,,,,
724,0.24,0.0,5.6,5.6,0.0,5.6,-,Main_720-734,5000.0,0.00112,0.00112,0.0,0.99456,7.1414,4.1987,2.8231,5.0595,SAFE,,,,,
6242,0.24,0.0,10.6,10.6,0.0,10.6,T2,LV_secondary_T2_T4,300.0,0.035333333333333335,0.035333333333333335,0.0,0.99456,7.1414,4.1987,2.8231,5.0595,SAFE,,,,,
743,0.24,0.0,19.5,19.5,240.0,0.08125,T7,Main_735-750,300.0,0.065,0.065,0.8,0.96367,21.8693,15.052,11.1097,18.708,SAFE,,,,,
756,0.208,0.0,6.5,6.5,155.0,0.041935483870967745,T11,Branch_752-765,300.0,0.021666666666666667,0.021666666666666667,0.5166666666666667,0.93609,39.8129,27.5407,20.4003,34.2734,SAFE,,,,,
7481,0.24,0.0,17.6,17.6,0.0,17.6,T8,LV_secondary_T2_T4,150.0,0.11733333333333335,0.11733333333333335,0.0,0.95585,27.31,18.8387,13.9267,23.4276,SAFE,,,,,
7691,0.24,0.0,13.3,13.3,0.0,13.3,T22,LV_secondary_T2_T4,150.0,0.08866666666666667,0.08866666666666667,0.0,0.95405,44.5068,31.369,22.8385,38.8022,SAFE,,,,,
622,0.24,6.2,6.0,12.2,0.0,12.2,T2,LV_secondary_T2_T4,300.0,0.04066666666666666,0.02,0.0,0.99456,7.1872,4.2178,2.8303,5.0794,SAFE,,,,,
6232,0.24,0.0,14.9,14.9,0.0,14.9,T2,LV_secondary_T2_T4,300.0,0.049666666666666665,0.049666666666666665,0.0,0.99456,7.2329,4.237,2.8374,5.0993,SAFE,,,,,
724,0.24,0.0,9.4,9.4,0.0,9.4,-,Main_720-734,5000.0,0.0018800000000000002,0.0018800000000000002,0.0,0.99456,7.1414,4.1987,2.8231,5.0595,SAFE,,,,,
632,0.24,8.5,9.6,18.1,0.0,18.1,T4,LV_secondary_T2_T4,150.0,0.12066666666666667,0.064,0.0,0.92105,16.9926,11.6578,8.5847,14.4776,SAFE,,,,,
6331,0.24,0.0,13.1,13.1,0.0,13.1,T4,LV_secondary_T2_T4,150.0,0.08733333333333333,0.08733333333333333,0.0,0.91348,17.0383,11.6797,8.589,14.4978,SAFE,,,,,
621,0.24,3.0,2.2,5.2,0.0,5.2,T2,LV_secondary_T2_T4,300.0,0.017333333333333333,0.007333333333333334,0.0,0.99456,7.1414,4.1987,2.8231,5.0595,SAFE,,,,,
623,0.24,0.0,16.1,16.1,0.0,16.1,T2,LV_secondary_T2_T4,300.0,0.05366666666666667,0.05366666666666667,0.0,0.99456,7.2329,4.237,2.8374,5.0993,SAFE,,,,,
770,0.24,7.4,17.9,25.299999999999997,450.0,0.056222222222222215,T15,Delta_766-772,1500.0,0.016866666666666665,0.011933333333333332,0.3,0.95059,44.5068,31.369,22.8385,38.8022,SAFE,,,,,
712,0.24,0.0,15.2,15.2,65.0,0.23384615384615384,T18,Branch_701-708,300.0,0.050666666666666665,0.050666666666666665,0.21666666666666667,0.95826,7.7724,4.5565,3.3703,5.6675,SAFE,,,,,
7641,0.24,5.5,9.9,15.4,0.0,15.4,T14,LV_secondary_T2_T4,150.0,0.10266666666666667,0.066,0.0,0.9365,42.617,29.4074,21.7473,36.5751,SAFE,,,,,
708,0.24,7.9,19.0,26.9,75.0,0.35866666666666663,T16,Branch_701-708,300.0,0.08966666666666666,0.06333333333333334,0.25,0.95801,6.2484,3.6185,2.8328,4.5954,SAFE,,,,,
716,0.48,9.6,17.1,26.700000000000003,15.85,1.6845425867507888,T24(HV),Branch_701-708,300.0,0.08900000000000001,0.057,0.05283333333333333,0.97763,0.9144,0.4676,0.2627,0.5363,SAFE,,,,,
6211,0.24,9.7,3.8,13.5,0.0,13.5,T2,LV_secondary_T2_T4,300.0,0.045,0.012666666666666666,0.0,0.99456,7.1414,4.1987,2.8231,5.0595,SAFE,,,,,
759,0.24,0.0,4.2,4.2,35.0,0.12000000000000001,T12,Branch_752-765,150.0,0.028,0.028,0.23333333333333334,0.93737,40.2701,27.7136,20.528,34.4883,SAFE,,,,,
712,0.24,1.5,11.2,12.7,65.0,0.19538461538461538,T18,Branch_701-708,300.0,0.042333333333333334,0.03733333333333333,0.21666666666666667,0.95826,7.7724,4.5565,3.3703,5.6675,SAFE,,,,,
721,0.24,0.0,17.8,17.8,0.0,17.8,-,Main_720-734,5000.0,0.0035600000000000002,0.0035600000000000002,0.0,0.99456,7.1414,4.1987,2.8231,5.0595,SAFE,,,,,
7643,0.24,0.0,14.7,14.7,0.0,14.7,T14,LV_secondary_T2_T4,150.0,0.09799999999999999,0.09799999999999999,0.0,0.9365,42.617,29.4074,21.7473,36.5751,SAFE,,,,,
7122,0.24,8.7,13.1,21.799999999999997,0.0,21.799999999999997,T18,LV_secondary_T2_T4,300.0,0.07266666666666666,0.043666666666666666,0.0,0.95826,7.7724,4.5565,3.3703,5.6675,SAFE,,,,,
728,0.24,0.0,18.7,18.7,38.0,0.4921052631578947,T3,Main_720-734,75.0,0.24933333333333332,0.24933333333333332,0.5066666666666667,0.93706,11.5824,7.8923,5.7834,9.7845,SAFE,,,,,
6332,0.24,0.0,16.4,16.4,0.0,16.4,T4,LV_secondary_T2_T4,150.0,0.10933333333333332,0.10933333333333332,0.0,0.91348,17.0383,11.6797,8.589,14.4978,SAFE,,,,,
7693,0.24,8.2,18.3,26.5,0.0,26.5,T22,LV_secondary_T2_T4,150.0,0.17666666666666667,0.12200000000000001,0.0,0.95405,44.5068,31.369,22.8385,38.8022,SAFE,,,,,
716,0.48,2.4,17.9,20.299999999999997,15.85,1.280757097791798,T24(HV),Branch_701-708,300.0,0.06766666666666665,0.05966666666666666,0.05283333333333333,0.97763,0.9144,0.4676,0.2627,0.5363,SAFE,,,,,
6321,0.24,3.4,7.5,10.9,0.0,10.9,T4,LV_secondary_T2_T4,150.0,0.07266666666666667,0.05,0.0,0.92105,16.9926,11.6578,8.5847,14.4776,SAFE,,,,,
6322,0.24,0.0,16.0,16.0,0.0,16.0,T4,LV_secondary_T2_T4,150.0,0.10666666666666667,0.10666666666666667,0.0,0.92105,16.9926,11.6578,8.5847,14.4776,SAFE,,,,,
622,0.24,0.0,12.8,12.8,0.0,12.8,T2,LV_secondary_T2_T4,300.0,0.04266666666666667,0.04266666666666667,0.0,0.99456,7.1872,4.2178,2.8303,5.0794,SAFE,,,,,
622,0.24,9.8,8.0,17.8,0.0,17.8,T2,LV_secondary_T2_T4,300.0,0.059333333333333335,0.02666666666666667,0.0,0.99456,7.1872,4.2178,2.8303,5.0794,SAFE,,,,,
7483,0.24,0.0,12.6,12.6,0.0,12.6,T8,LV_secondary_T2_T4,150.0,0.08399999999999999,0.08399999999999999,0.0,0.95585,27.31,18.8387,13.9267,23.4276,SAFE,,,,,
7481,0.24,0.0,7.0,7.0,0.0,7.0,T8,LV_secondary_T2_T4,150.0,0.04666666666666667,0.04666666666666667,0.0,0.95585,27.31,18.8387,13.9267,23.4276,SAFE,,,,,
6241,0.24,0.0,2.3,2.3,0.0,2.3,T2,LV_secondary_T2_T4,300.0,0.007666666666666666,0.007666666666666666,0.0,0.99456,7.1414,4.1987,2.8231,5.0595,SAFE,,,,,
7392,0.24,0.0,2.1,2.1,0.0,2.1,T6,LV_secondary_T2_T4,150.0,0.014,0.014,0.0,0.98477,24.6125,15.6519,11.8507,19.6321,SAFE,,,,,
728,0.24,0.0,5.5,5.5,38.0,0.14473684210526316,T3,Main_720-734,75.0,0.07333333333333333,0.07333333333333333,0.5066666666666667,0.93706,11.5824,7.8923,5.7834,9.7845,SAFE,,,,,
7691,0.24,8.4,8.6,17.0,0.0,17.0,T22,LV_secondary_T2_T4,150.0,0.11333333333333333,0.05733333333333333,0.0,0.95405,44.5068,31.369,22.8385,38.8022,SAFE,,,,,
6231,0.24,0.0,19.3,19.3,0.0,19.3,T2,LV_secondary_T2_T4,300.0,0.06433333333333334,0.06433333333333334,0.0,0.99456,7.2329,4.237,2.8374,5.0993,SAFE,,,,,
732,0.24,5.5,16.5,22.0,25.4,0.8661417322834646,T4,Main_720-734,150.0,0.14666666666666667,0.11,0.16933333333333334,0.92105,16.9926,11.6578,8.5847,14.4776,SAFE,,,,,
6232,0.24,8.7,18.1,26.8,0.0,26.8,T2,LV_secondary_T2_T4,300.0,0.08933333333333333,0.060333333333333336,0.0,0.99456,7.2329,4.237,2.8374,5.0993,SAFE,,,,,
716,0.48,6.8,7.3,14.1,15.85,0.889589905362776,T24(HV),Branch_701-708,300.0,0.047,0.024333333333333332,0.05283333333333333,0.97763,0.9144,0.4676,0.2627,0.5363,SAFE,,,,,
6251,0.24,0.0,4.6,4.6,0.0,4.6,T2,LV_secondary_T2_T4,300.0,0.015333333333333332,0.015333333333333332,0.0,0.99456,7.1872,4.2178,2.8303,5.0794,SAFE,,,,,
720,0.24,4.3,13.1,17.4,66.0,0.2636363636363636,T2,Main_720-734,300.0,0.057999999999999996,0.043666666666666666,0.22,0.99456,7.0957,4.1795,2.816,5.0396,SAFE,,,,,
7481,0.24,3.9,19.4,23.299999999999997,0.0,23.299999999999997,T8,LV_secondary_T2_T4,150.0,0.15533333333333332,0.12933333333333333,0.0,0.95585,27.31,18.8387,13.9267,23.4276,SAFE,,,,,
623,0.24,0.0,3.7,3.7,0.0,3.7,T2,LV_secondary_T2_T4,300.0,0.012333333333333333,0.012333333333333333,0.0,0.99456,7.2329,4.237,2.8374,5.0993,SAFE,,,,,
769,0.24,0.0,7.1,7.1,41.0,0.17317073170731706,T22,Delta_766-772,150.0,0.04733333333333333,0.04733333333333333,0.2733333333333333,0.95405,44.5068,31.369,22.8385,38.8022,SAFE,,,,,
751,0.48,0.0,11.5,11.5,0.0,11.5,T9,other,1500.0,0.007666666666666666,0.007666666666666666,0.0,0.9685,34.4789,23.8283,17.6385,29.6463,SAFE,,,,,
714,0.208,0.0,19.0,19.0,240.0,0.07916666666666666,T24,Branch_701-708,30.0,0.6333333333333333,0.6333333333333333,8.0,0.99083,0.9144,0.4676,0.2627,0.5363,SAFE,,,,,
723,0.24,0.0,18.4,18.4,0.0,18.4,-,Main_720-734,5000.0,0.0036799999999999997,0.0036799999999999997,0.0,0.99456,7.2329,4.237,2.8374,5.0993,SAFE,,,,,
622,0.24,0.0,7.9,7.9,0.0,7.9,T2,LV_secondary_T2_T4,300.0,0.026333333333333334,0.026333333333333334,0.0,0.99456,7.1872,4.2178,2.8303,5.0794,SAFE,,,,,
7482,0.24,4.0,6.1,10.1,0.0,10.1,T8,LV_secondary_T2_T4,150.0,0.06733333333333333,0.04066666666666666,0.0,0.95585,27.31,18.8387,13.9267,23.4276,SAFE,,,,,
772,0.208,5.5,14.3,19.8,100.0,0.198,T19,Delta_766-772,300.0,0.066,0.04766666666666667,0.3333333333333333,0.93424,43.184,29.887,22.1458,37.1977,SAFE,,,,,
623,0.24,7.3,11.7,19.0,0.0,19.0,T2,LV_secondary_T2_T4,300.0,0.06333333333333334,0.039,0.0,0.99456,7.2329,4.237,2.8374,5.0993,SAFE,,,,,
7483,0.24,0.0,9.7,9.7,0.0,9.7,T8,LV_secondary_T2_T4,150.0,0.06466666666666666,0.06466666666666666,0.0,0.95585,27.31,18.8387,13.9267,23.4276,SAFE,,,,,
633,0.24,0.0,6.9,6.9,0.0,6.9,T4,LV_secondary_T2_T4,150.0,0.046,0.046,0.0,0.91348,17.0383,11.6797,8.589,14.4978,SAFE,,,,,
6242,0.24,0.0,15.9,15.9,0.0,15.9,T2,LV_secondary_T2_T4,300.0,0.053,0.053,0.0,0.99456,7.1414,4.1987,2.8231,5.0595,SAFE,,,,,
726,0.24,0.0,15.8,15.8,0.0,15.8,-,Main_720-734,5000.0,0.00316,0.00316,0.0,0.99456,7.2329,4.237,2.8374,5.0993,SAFE,,,,,
7691,0.24,0.0,6.2,6.2,0.0,6.2,T22,LV_secondary_T2_T4,150.0,0.04133333333333333,0.04133333333333333,0.0,0.95405,44.5068,31.369,22.8385,38.8022,SAFE,,,,,
716,0.48,6.6,7.6,14.2,15.85,0.8958990536277602,T24(HV),Branch_701-708,300.0,0.04733333333333333,0.025333333333333333,0.05283333333333333,0.97763,0.9144,0.4676,0.2627,0.5363,SAFE,,,,,
708,0.24,7.5,7.9,15.4,75.0,0.20533333333333334,T16,Branch_701-708,300.0,0.051333333333333335,0.026333333333333334,0.25,0.95801,6.2484,3.6185,2.8328,4.5954,SAFE,,,,,
6262,0.24,9.3,19.5,28.8,0.0,28.8,T2,LV_secondary_T2_T4,300.0,0.096,0.065,0.0,0.99456,7.2329,4.237,2.8374,5.0993,SAFE,,,,,
722,0.24,0.0,7.0,7.0,0.0,7.0,-,Main_720-734,5000.0,0.0014,0.0014,0.0,0.99456,7.1872,4.2178,2.8303,5.0794,SAFE,,,,,
7483,0.24,7.9,18.5,26.4,0.0,26.4,T8,LV_secondary_T2_T4,150.0,0.176,0.12333333333333334,0.0,0.95585,27.31,18.8387,13.9267,23.4276,SAFE,,,,,
6332,0.24,8.1,12.6,20.7,0.0,20.7,T4,LV_secondary_T2_T4,150.0,0.13799999999999998,0.08399999999999999,0.0,0.91348,17.0383,11.6797,8.589,14.4978,SAFE,,,,,
6251,0.24,0.0,17.4,17.4,0.0,17.4,T2,LV_secondary_T2_T4,300.0,0.057999999999999996,0.057999999999999996,0.0,0.99456,7.1872,4.2178,2.8303,5.0794,SAFE,,,,,
720,0.24,0.0,5.7,5.7,66.0,0.08636363636363636,T2,Main_720-734,300.0,0.019,0.019,0.22,0.99456,7.0957,4.1795,2.816,5.0396,SAFE,,,,,
770,0.24,0.0,9.3,9.3,450.0,0.020666666666666667,T15,Delta_766-772,1500.0,0.006200000000000001,0.006200000000000001,0.3,0.95059,44.5068,31.369,22.8385,38.8022,SAFE,,,,,
7481,0.24,0.0,2.4,2.4,0.0,2.4,T8,LV_secondary_T2_T4,150.0,0.016,0.016,0.0,0.95585,27.31,18.8387,13.9267,23.4276,SAFE,,,,,
7483,0.24,5.0,9.1,14.1,0.0,14.1,T8,LV_secondary_T2_T4,150.0,0.094,0.06066666666666667,0.0,0.95585,27.31,18.8387,13.9267,23.4276,SAFE,,,,,
716,0.48,0.0,3.9,3.9,15.85,0.24605678233438485,T24(HV),Branch_701-708,300.0,0.013,0.013,0.05283333333333333,0.97763,0.9144,0.4676,0.2627,0.5363,SAFE,,,,,
772,0.208,0.0,4.9,4.9,100.0,0.049,T19,Delta_766-772,300.0,0.016333333333333335,0.016333333333333335,0.3333333333333333,0.93424,43.184,29.887,22.1458,37.1977,SAFE,,,,,
7641,0.24,0.0,16.7,16.7,0.0,16.7,T14,LV_secondary_T2_T4,150.0,0.11133333333333333,0.11133333333333333,0.0,0.9365,42.617,29.4074,21.7473,36.5751,SAFE,,,,,
6221,0.24,0.0,17.0,17.0,0.0,17.0,T2,LV_secondary_T2_T4,300.0,0.056666666666666664,0.056666666666666664,0.0,0.99456,7.1872,4.2178,2.8303,5.0794,SAFE,,,,,
6231,0.24,0.0,10.6,10.6,0.0,10.6,T2,LV_secondary_T2_T4,300.0,0.035333333333333335,0.035333333333333335,0.0,0.99456,7.2329,4.237,2.8374,5.0993,SAFE,,,,,
716,0.48,0.0,9.9,9.9,15.85,0.6246056782334385,T24(HV),Branch_701-708,300.0,0.033,0.033,0.05283333333333333,0.97763,0.9144,0.4676,0.2627,0.5363,SAFE,,,,,
6252,0.24,0.0,10.5,10.5,0.0,10.5,T2,LV_secondary_T2_T4,300.0,0.035,0.035,0.0,0.99456,7.1872,4.2178,2.8303,5.0794,SAFE,,,,,
762,0.48,0.0,2.9,2.9,45.0,0.06444444444444444,T13,Branch_752-765,150.0,0.019333333333333334,0.019333333333333334,0.3,0.93629,42.0074,28.9831,21.4317,36.0463,SAFE,,,,,
724,0.24,0.0,7.3,7.3,0.0,7.3,-,Main_720-734,5000.0,0.00146,0.00146,0.0,0.99456,7.1414,4.1987,2.8231,5.0595,SAFE,,,,,
722,0.24,6.8,15.6,22.4,0.0,22.4,-,Main_720-734,5000.0,0.00448,0.00312,0.0,0.99456,7.1872,4.2178,2.8303,5.0794,SAFE,,,,,
6222,0.24,0.0,19.5,19.5,0.0,19.5,T2,LV_secondary_T2_T4,300.0,0.065,0.065,0.0,0.99456,7.1872,4.2178,2.8303,5.0794,SAFE,,,,,
6332,0.24,0.0,2.5,2.5,0.0,2.5,T4,LV_secondary_T2_T4,150.0,0.016666666666666666,0.016666666666666666,0.0,0.91348,17.0383,11.6797,8.589,14.4978,SAFE,,,,,
621,0.24,8.6,19.4,28.0,0.0,28.0,T2,LV_secondary_T2_T4,300.0,0.09333333333333334,0.06466666666666666,0.0,0.99456,7.1414,4.1987,2.8231,5.0595,SAFE,,,,,
6202,0.24,5.9,13.7,19.6,0.0,19.6,T2,LV_secondary_T2_T4,300.0,0.06533333333333334,0.04566666666666666,0.0,0.99456,7.0957,4.1795,2.816,5.0396,SAFE,,,,,
728,0.24,0.0,3.0,3.0,38.0,0.07894736842105263,T3,Main_720-734,75.0,0.04,0.04,0.5066666666666667,0.93706,11.5824,7.8923,5.7834,9.7845,SAFE,,,,,
6251,0.24,0.0,10.4,10.4,0.0,10.4,T2,LV_secondary_T2_T4,300.0,0.034666666666666665,0.034666666666666665,0.0,0.99456,7.1872,4.2178,2.8303,5.0794,SAFE,,,,,
6251,0.24,8.6,7.7,16.3,0.0,16.3,T2,LV_secondary_T2_T4,300.0,0.05433333333333334,0.025666666666666667,0.0,0.99456,7.1872,4.2178,2.8303,5.0794,SAFE,,,,,
7641,0.24,3.9,3.7,7.6,0.0,7.6,T14,LV_secondary_T2_T4,150.0,0.050666666666666665,0.024666666666666667,0.0,0.9365,42.617,29.4074,21.7473,36.5751,SAFE,,,,,
6261,0.24,0.0,18.1,18.1,0.0,18.1,T2,LV_secondary_T2_T4,300.0,0.060333333333333336,0.060333333333333336,0.0,0.99456,7.2329,4.237,2.8374,5.0993,SAFE,,,,,
714,0.208,0.0,8.2,8.2,240.0,0.034166666666666665,T24,Branch_701-708,30.0,0.2733333333333333,0.2733333333333333,8.0,0.99083,0.9144,0.4676,0.2627,0.5363,SAFE,,,,,
622,0.24,0.0,15.2,15.2,0.0,15.2,T2,LV_secondary_T2_T4,300.0,0.050666666666666665,0.050666666666666665,0.0,0.99456,7.1872,4.2178,2.8303,5.0794,SAFE,,,,,
710,0.208,0.0,2.6,2.6,80.0,0.0325,T17,Branch_701-708,300.0,0.008666666666666666,0.008666666666666666,0.26666666666666666,0.95736,7.0104,4.008,2.9713,4.9893,SAFE,,,,,
623,0.24,0.0,10.5,10.5,0.0,10.5,T2,LV_secondary_T2_T4,300.0,0.035,0.035,0.0,0.99456,7.2329,4.237,2.8374,5.0993,SAFE,,,,,
7121,0.24,0.0,1.7,1.7,0.0,1.7,T18,LV_secondary_T2_T4,300.0,0.005666666666666666,0.005666666666666666,0.0,0.95826,7.7724,4.5565,3.3703,5.6675,SAFE,,,,,
6322,0.24,0.0,19.9,19.9,0.0,19.9,T4,LV_secondary_T2_T4,150.0,0.13266666666666665,0.13266666666666665,0.0,0.92105,16.9926,11.6578,8.5847,14.4776,SAFE,,,,,
721,0.24,0.0,11.8,11.8,0.0,11.8,-,Main_720-734,5000.0,0.00236,0.00236,0.0,0.99456,7.1414,4.1987,2.8231,5.0595,SAFE,,,,,
769,0.24,0.0,9.3,9.3,41.0,0.22682926829268293,T22,Delta_766-772,150.0,0.062000000000000006,0.062000000000000006,0.2733333333333333,0.95405,44.5068,31.369,22.8385,38.8022,SAFE,,,,,
6251,0.24,0.0,3.1,3.1,0.0,3.1,T2,LV_secondary_T2_T4,300.0,0.010333333333333333,0.010333333333333333,0.0,0.99456,7.1872,4.2178,2.8303,5.0794,SAFE,,,,,
7692,0.24,6.1,3.5,9.6,0.0,9.6,T22,LV_secondary_T2_T4,150.0,0.064,0.023333333333333334,0.0,0.95405,44.5068,31.369,22.8385,38.8022,SAFE,,,,,
6322,0.24,9.7,17.5,27.2,0.0,27.2,T4,LV_secondary_T2_T4,150.0,0.18133333333333332,0.11666666666666667,0.0,0.92105,16.9926,11.6578,8.5847,14.4776,SAFE,,,,,
7691,0.24,0.0,6.3,6.3,0.0,6.3,T22,LV_secondary_T2_T4,150.0,0.041999999999999996,0.041999999999999996,0.0,0.95405,44.5068,31.369,22.8385,38.8022,SAFE,,,,,
7121,0.24,0.0,12.3,12.3,0.0,12.3,T18,LV_secondary_T2_T4,300.0,0.041,0.041,0.0,0.95826,7.7724,4.5565,3.3703,5.6675,SAFE,,,,,
6202,0.24,0.0,12.3,12.3,0.0,12.3,T2,LV_secondary_T2_T4,300.0,0.041,0.041,0.0,0.99456,7.0957,4.1795,2.816,5.0396,SAFE,,,,,
633,0.24,0.0,13.1,13.1,0.0,13.1,T4,LV_secondary_T2_T4,150.0,0.08733333333333333,0.08733333333333333,0.0,0.91348,17.0383,11.6797,8.589,14.4978,SAFE,,,,,
7691,0.24,2.0,12.3,14.3,0.0,14.3,T22,LV_secondary_T2_T4,150.0,0.09533333333333334,0.082,0.0,0.95405,44.5068,31.369,22.8385,38.8022,SAFE,,,,,
7483,0.24,0.0,19.3,19.3,0.0,19.3,T8,LV_secondary_T2_T4,150.0,0.12866666666666668,0.12866666666666668,0.0,0.95585,27.31,18.8387,13.9267,23.4276,SAFE,,,,,
772,0.208,0.0,18.5,18.5,100.0,0.185,T19,Delta_766-772,300.0,0.06166666666666667,0.06166666666666667,0.3333333333333333,0.93424,43.184,29.887,22.1458,37.1977,SAFE,,,,,
6332,0.24,0.0,1.7,1.7,0.0,1.7,T4,LV_secondary_T2_T4,150.0,0.011333333333333332,0.011333333333333332,0.0,0.91348,17.0383,11.6797,8.589,14.4978,SAFE,,,,,
7121,0.24,0.0,12.4,12.4,0.0,12.4,T18,LV_secondary_T2_T4,300.0,0.04133333333333333,0.04133333333333333,0.0,0.95826,7.7724,4.5565,3.3703,5.6675,SAFE,,,,,
740,0.24,0.0,13.2,13.2,75.0,0.176,T5,Main_735-750,150.0,0.088,0.088,0.5,0.98202,23.0885,14.9212,11.4648,18.8171,SAFE,,,,,
7391,0.24,2.4,18.1,20.5,0.0,20.5,T6,LV_secondary_T2_T4,150.0,0.13666666666666666,0.12066666666666667,0.0,0.98477,24.6125,15.6519,11.8507,19.6321,SAFE,,,,,
626,0.24,9.5,3.9,13.4,0.0,13.4,T2,LV_secondary_T2_T4,300.0,0.04466666666666667,0.013,0.0,0.99456,7.2329,4.237,2.8374,5.0993,SAFE,,,,,
739,0.24,0.0,9.8,9.8,41.1,0.23844282238442824,T6,Main_735-750,150.0,0.06533333333333334,0.06533333333333334,0.274,0.98477,24.6125,15.6519,11.8507,19.6321,SAFE,,,,,
624,0.24,0.0,18.4,18.4,0.0,18.4,T2,LV_secondary_T2_T4,300.0,0.06133333333333333,0.06133333333333333,0.0,0.99456,7.1414,4.1987,2.8231,5.0595,SAFE,,,,,
6321,0.24,0.0,12.3,12.3,0.0,12.3,T4,LV_secondary_T2_T4,150.0,0.082,0.082,0.0,0.92105,16.9926,11.6578,8.5847,14.4776,SAFE,,,,,
7643,0.24,0.0,1.7,1.7,0.0,1.7,T14,LV_secondary_T2_T4,150.0,0.011333333333333332,0.011333333333333332,0.0,0.9365,42.617,29.4074,21.7473,36.5751,SAFE,,,,,
751,0.48,0.0,13.5,13.5,0.0,13.5,T9,other,1500.0,0.009,0.009,0.0,0.9685,34.4789,23.8283,17.6385,29.6463,SAFE,,,,,
6241,0.24,2.2,9.9,12.100000000000001,0.0,12.100000000000001,T2,LV_secondary_T2_T4,300.0,0.04033333333333334,0.033,0.0,0.99456,7.1414,4.1987,2.8231,5.0595,SAFE,,,,,
6322,0.24,1.0,13.5,14.5,0.0,14.5,T4,LV_secondary_T2_T4,150.0,0.09666666666666666,0.09,0.0,0.92105,16.9926,11.6578,8.5847,14.4776,SAFE,,,,,
740,0.24,0.0,1.4,1.4,75.0,0.018666666666666665,T5,Main_735-750,150.0,0.009333333333333332,0.009333333333333332,0.5,0.98202,23.0885,14.9212,11.4648,18.8171,SAFE,,,,,
770,0.24,2.6,11.8,14.4,450.0,0.032,T15,Delta_766-772,1500.0,0.009600000000000001,0.007866666666666668,0.3,0.95059,44.5068,31.369,22.8385,38.8022,SAFE,,,,,
6212,0.24,0.0,2.3,2.3,0.0,2.3,T2,LV_secondary_T2_T4,300.0,0.007666666666666666,0.007666666666666666,0.0,0.99456,7.1414,4.1987,2.8231,5.0595,SAFE,,,,,
740,0.24,0.0,3.7,3.7,75.0,0.04933333333333333,T5,Main_735-750,150.0,0.024666666666666667,0.024666666666666667,0.5,0.98202,23.0885,14.9212,11.4648,18.8171,SAFE,,,,,
7483,0.24,1.7,3.5,5.2,0.0,5.2,T8,LV_secondary_T2_T4,150.0,0.034666666666666665,0.023333333333333334,0.0,0.95585,27.31,18.8387,13.9267,23.4276,SAFE,,,,,
7482,0.24,0.0,17.9,17.9,0.0,17.9,T8,LV_secondary_T2_T4,150.0,0.11933333333333332,0.11933333333333332,0.0,0.95585,27.31,18.8387,13.9267,23.4276,SAFE,,,,,
721,0.24,8.9,18.7,27.6,0.0,27.6,-,Main_720-734,5000.0,0.005520000000000001,0.00374,0.0,0.99456,7.1414,4.1987,2.8231,5.0595,SAFE,,,,,
6322,0.24,0.0,6.8,6.8,0.0,6.8,T4,LV_secondary_T2_T4,150.0,0.04533333333333333,0.04533333333333333,0.0,0.92105,16.9926,11.6578,8.5847,14.4776,SAFE,,,,,
715,0.208,0.0,17.5,17.5,0.0,17.5,-,Branch_701-708,5000.0,0.0035,0.0035,0.0,0.99083,0.9144,0.4676,0.2627,0.5363,SAFE,,,,,
721,0.24,0.0,10.1,10.1,0.0,10.1,-,Main_720-734,5000.0,0.00202,0.00202,0.0,0.99456,7.1414,4.1987,2.8231,5.0595,SAFE,,,,,
626,0.24,0.0,6.3,6.3,0.0,6.3,T2,LV_secondary_T2_T4,300.0,0.020999999999999998,0.020999999999999998,0.0,0.99456,7.2329,4.237,2.8374,5.0993,SAFE,,,,,
720,0.24,0.0,1.9,1.9,66.0,0.028787878787878786,T2,Main_720-734,300.0,0.006333333333333333,0.006333333333333333,0.22,0.99456,7.0957,4.1795,2.816,5.0396,SAFE,,,,,
710,0.208,0.0,7.2,7.2,80.0,0.09,T17,Branch_701-708,300.0,0.024,0.024,0.26666666666666666,0.95736,7.0104,4.008,2.9713,4.9893,SAFE,,,,,
6232,0.24,3.2,2.7,5.9,0.0,5.9,T2,LV_secondary_T2_T4,300.0,0.01966666666666667,0.009000000000000001,0.0,0.99456,7.2329,4.237,2.8374,5.0993,SAFE,,,,,
6332,0.24,0.0,11.5,11.5,0.0,11.5,T4,LV_secondary_T2_T4,150.0,0.07666666666666666,0.07666666666666666,0.0,0.91348,17.0383,11.6797,8.589,14.4978,SAFE,,,,,
739,0.24,0.0,3.9,3.9,41.1,0.0948905109489051,T6,Main_735-750,150.0,0.026,0.026,0.274,0.98477,24.6125,15.6519,11.8507,19.6321,SAFE,,,,,
730,0.24,0.0,1.3,1.3,85.0,0.015294117647058824,T23,Main_720-734,300.0,0.004333333333333333,0.004333333333333333,0.2833333333333333,0.94696,11.8872,7.965,5.8252,9.8678,SAFE,,,,,
730,0.24,0.0,17.5,17.5,85.0,0.20588235294117646,T23,Main_720-734,300.0,0.058333333333333334,0.058333333333333334,0.2833333333333333,0.94696,11.8872,7.965,5.8252,9.8678,SAFE,,,,,
712,0.24,0.0,14.9,14.9,65.0,0.22923076923076924,T18,Branch_701-708,300.0,0.049666666666666665,0.049666666666666665,0.21666666666666667,0.95826,7.7724,4.5565,3.3703,5.6675,SAFE,,,,,
722,0.24,0.0,17.4,17.4,0.0,17.4,-,Main_720-734,5000.0,0.0034799999999999996,0.0034799999999999996,0.0,0.99456,7.1872,4.2178,2.8303,5.0794,SAFE,,,,,
743,0.24,8.7,15.7,24.4,240.0,0.10166666666666666,T7,Main_735-750,300.0,0.08133333333333333,0.05233333333333333,0.8,0.96367,21.8693,15.052,11.1097,18.708,SAFE,,,,,
748,0.24,0.0,12.2,12.2,76.88,0.1586888657648283,T8,Main_735-750,150.0,0.08133333333333333,0.08133333333333333,0.5125333333333333,0.95585,27.31,18.8387,13.9267,23.4276,SAFE,,,,,
716,0.48,6.5,1.6,8.1,15.85,0.5110410094637224,T24(HV),Branch_701-708,300.0,0.027,0.005333333333333334,0.05283333333333333,0.97763,0.9144,0.4676,0.2627,0.5363,SAFE,,,,,
725,0.24,4.5,7.9,12.4,0.0,12.4,-,Main_720-734,5000.0,0.00248,0.00158,0.0,0.99456,7.1872,4.2178,2.8303,5.0794,SAFE,,,,,
7393,0.24,0.0,3.0,3.0,0.0,3.0,T6,LV_secondary_T2_T4,150.0,0.02,0.02,0.0,0.98477,24.6125,15.6519,11.8507,19.6321,SAFE,,,,,
733,0.24,6.6,2.4,9.0,0.0,9.0,-,Main_720-734,5000.0,0.0018,0.00047999999999999996,0.0,0.91348,17.0383,11.6797,8.589,14.4978,SAFE,,,,,
632,0.24,3.1,9.3,12.4,0.0,12.4,T4,LV_secondary_T2_T4,150.0,0.08266666666666667,0.062000000000000006,0.0,0.92105,16.9926,11.6578,8.5847,14.4776,SAFE,,,,,
728,0.24,3.7,8.2,11.899999999999999,38.0,0.3131578947368421,T3,Main_720-734,75.0,0.15866666666666665,0.10933333333333332,0.5066666666666667,0.93706,11.5824,7.8923,5.7834,9.7845,SAFE,,,,,
769,0.24,7.1,1.3,8.4,41.0,0.20487804878048782,T22,Delta_766-772,150.0,0.056,0.008666666666666666,0.2733333333333333,0.95405,44.5068,31.369,22.8385,38.8022,SAFE,,,,,
625,0.24,0.0,17.3,17.3,0.0,17.3,T2,LV_secondary_T2_T4,300.0,0.05766666666666667,0.05766666666666667,0.0,0.99456,7.1872,4.2178,2.8303,5.0794,SAFE,,,,,
725,0.24,4.1,7.1,11.2,0.0,11.2,-,Main_720-734,5000.0,0.00224,0.0014199999999999998,0.0,0.99456,7.1872,4.2178,2.8303,5.0794,SAFE,,,,,
732,0.24,9.7,16.9,26.599999999999998,25.4,1.047244094488189,T4,Main_720-734,150.0,0.17733333333333332,0.11266666666666665,0.16933333333333334,0.92105,16.9926,11.6578,8.5847,14.4776,SAFE,,,,,
732,0.24,0.0,15.5,15.5,25.4,0.610236220472441,T4,Main_720-734,150.0,0.10333333333333333,0.10333333333333333,0.16933333333333334,0.92105,16.9926,11.6578,8.5847,14.4776,SAFE,,,,,
751,0.48,1.2,3.9,5.1,0.0,5.1,T9,other,1500.0,0.0034,0.0026,0.0,0.9685,34.4789,23.8283,17.6385,29.6463,SAFE,,,,,
620,0.24,0.0,6.4,6.4,0.0,6.4,T2,LV_secondary_T2_T4,300.0,0.021333333333333336,0.021333333333333336,0.0,0.99456,7.0957,4.1795,2.816,5.0396,SAFE,,,,,
6261,0.24,0.0,16.7,16.7,0.0,16.7,T2,LV_secondary_T2_T4,300.0,0.05566666666666666,0.05566666666666666,0.0,0.99456,7.2329,4.237,2.8374,5.0993,SAFE,,,,,
7483,0.24,0.0,9.9,9.9,0.0,9.9,T8,LV_secondary_T2_T4,150.0,0.066,0.066,0.0,0.95585,27.31,18.8387,13.9267,23.4276,SAFE,,,,,
6252,0.24,0.0,7.3,7.3,0.0,7.3,T2,LV_secondary_T2_T4,300.0,0.024333333333333332,0.024333333333333332,0.0,0.99456,7.1872,4.2178,2.8303,5.0794,SAFE,,,,,
756,0.208,3.8,5.4,9.2,155.0,0.059354838709677414,T11,Branch_752-765,300.0,0.030666666666666665,0.018000000000000002,0.5166666666666667,0.93609,39.8129,27.5407,20.4003,34.2734,SAFE,,,,,
6332,0.24,0.0,17.3,17.3,0.0,17.3,T4,LV_secondary_T2_T4,150.0,0.11533333333333334,0.11533333333333334,0.0,0.91348,17.0383,11.6797,8.589,14.4978,SAFE,,,,,
7393,0.24,0.0,12.1,12.1,0.0,12.1,T6,LV_secondary_T2_T4,150.0,0.08066666666666666,0.08066666666666666,0.0,0.98477,24.6125,15.6519,11.8507,19.6321,SAFE,,,,,
7482,0.24,0.0,1.5,1.5,0.0,1.5,T8,LV_secondary_T2_T4,150.0,0.01,0.01,0.0,0.95585,27.31,18.8387,13.9267,23.4276,SAFE,,,,,
762,0.48,0.0,10.4,10.4,45.0,0.23111111111111113,T13,Branch_752-765,150.0,0.06933333333333333,0.06933333333333333,0.3,0.93629,42.0074,28.9831,21.4317,36.0463,SAFE,,,,,
715,0.208,7.5,9.2,16.7,0.0,16.7,-,Branch_701-708,5000.0,0.0033399999999999997,0.0018399999999999998,0.0,0.99083,0.9144,0.4676,0.2627,0.5363,SAFE,,,,,
732,0.24,0.0,4.6,4.6,25.4,0.1811023622047244,T4,Main_720-734,150.0,0.030666666666666665,0.030666666666666665,0.16933333333333334,0.92105,16.9926,11.6578,8.5847,14.4776,SAFE,,,,,
720,0.24,3.1,19.7,22.8,66.0,0.34545454545454546,T2,Main_720-734,300.0,0.076,0.06566666666666666,0.22,0.99456,7.0957,4.1795,2.816,5.0396,SAFE,,,,,
7122,0.24,0.0,19.8,19.8,0.0,19.8,T18,LV_secondary_T2_T4,300.0,0.066,0.066,0.0,0.95826,7.7724,4.5565,3.3703,5.6675,SAFE,,,,,
710,0.208,0.0,12.1,12.1,80.0,0.15125,T17,Branch_701-708,300.0,0.04033333333333333,0.04033333333333333,0.26666666666666666,0.95736,7.0104,4.008,2.9713,4.9893,SAFE,,,,,
734,0.24,6.1,16.5,22.6,15.85,1.4258675078864353,-,Main_720-734,5000.0,0.004520000000000001,0.0033,0.00317,0.90591,17.084,11.7015,8.5933,14.5179,SAFE,,,,,
714,0.208,0.0,17.6,17.6,240.0,0.07333333333333333,T24,Branch_701-708,30.0,0.5866666666666667,0.5866666666666667,8.0,0.99083,0.9144,0.4676,0.2627,0.5363,SAFE,,,,,
633,0.24,8.9,5.0,13.9,0.0,13.9,T4,LV_secondary_T2_T4,150.0,0.09266666666666667,0.03333333333333333,0.0,0.91348,17.0383,11.6797,8.589,14.4978,SAFE,,,,,
7692,0.24,0.0,5.8,5.8,0.0,5.8,T22,LV_secondary_T2_T4,150.0,0.03866666666666667,0.03866666666666667,0.0,0.95405,44.5068,31.369,22.8385,38.8022,SAFE,,,,,
6232,0.24,2.4,10.7,13.1,0.0,13.1,T2,LV_secondary_T2_T4,300.0,0.043666666666666666,0.035666666666666666,0.0,0.99456,7.2329,4.237,2.8374,5.0993,SAFE,,,,,
7392,0.24,0.0,13.7,13.7,0.0,13.7,T6,LV_secondary_T2_T4,150.0,0.09133333333333332,0.09133333333333332,0.0,0.98477,24.6125,15.6519,11.8507,19.6321,SAFE,,,,,
626,0.24,8.5,18.3,26.8,0.0,26.8,T2,LV_secondary_T2_T4,300.0,0.08933333333333333,0.061000000000000006,0.0,0.99456,7.2329,4.237,2.8374,5.0993,SAFE,,,,,
7393,0.24,0.0,6.3,6.3,0.0,6.3,T6,LV_secondary_T2_T4,150.0,0.041999999999999996,0.041999999999999996,0.0,0.98477,24.6125,15.6519,11.8507,19.6321,SAFE,,,,,
710,0.208,0.0,10.6,10.6,80.0,0.1325,T17,Branch_701-708,300.0,0.035333333333333335,0.035333333333333335,0.26666666666666666,0.95736,7.0104,4.008,2.9713,4.9893,SAFE,,,,,
748,0.24,0.0,2.1,2.1,76.88,0.027315296566077008,T8,Main_735-750,150.0,0.014,0.014,0.5125333333333333,0.95585,27.31,18.8387,13.9267,23.4276,SAFE,,,,,
6241,0.24,0.0,11.5,11.5,0.0,11.5,T2,LV_secondary_T2_T4,300.0,0.03833333333333333,0.03833333333333333,0.0,0.99456,7.1414,4.1987,2.8231,5.0595,SAFE,,,,,
759,0.24,4.7,13.4,18.1,35.0,0.5171428571428572,T12,Branch_752-765,150.0,0.12066666666666667,0.08933333333333333,0.23333333333333334,0.93737,40.2701,27.7136,20.528,34.4883,SAFE,,,,,
762,0.48,0.0,1.6,1.6,45.0,0.035555555555555556,T13,Branch_752-765,150.0,0.010666666666666668,0.010666666666666668,0.3,0.93629,42.0074,28.9831,21.4317,36.0463,SAFE,,,,,
710,0.208,2.5,8.1,10.6,80.0,0.1325,T17,Branch_701-708,300.0,0.035333333333333335,0.027,0.26666666666666666,0.95736,7.0104,4.008,2.9713,4.9893,SAFE,,,,,
622,0.24,0.0,2.0,2.0,0.0,2.0,T2,LV_secondary_T2_T4,300.0,0.006666666666666667,0.006666666666666667,0.0,0.99456,7.1872,4.2178,2.8303,5.0794,SAFE,,,,,
734,0.24,7.4,12.2,19.6,15.85,1.2365930599369086,-,Main_720-734,5000.0,0.00392,0.00244,0.00317,0.90591,17.084,11.7015,8.5933,14.5179,SAFE,,,,,
6322,0.24,7.3,5.2,12.5,0.0,12.5,T4,LV_secondary_T2_T4,150.0,0.08333333333333333,0.034666666666666665,0.0,0.92105,16.9926,11.6578,8.5847,14.4776,SAFE,,,,,
748,0.24,7.1,11.8,18.9,76.88,0.245837669094693,T8,Main_735-750,150.0,0.126,0.07866666666666668,0.5125333333333333,0.95585,27.31,18.8387,13.9267,23.4276,SAFE,,,,,
623,0.24,0.0,7.1,7.1,0.0,7.1,T2,LV_secondary_T2_T4,300.0,0.023666666666666666,0.023666666666666666,0.0,0.99456,7.2329,4.237,2.8374,5.0993,SAFE,,,,,
748,0.24,8.3,17.4,25.7,76.88,0.3342872008324662,T8,Main_735-750,150.0,0.17133333333333334,0.11599999999999999,0.5125333333333333,0.95585,27.31,18.8387,13.9267,23.4276,SAFE,,,,,
733,0.24,0.0,4.3,4.3,0.0,4.3,-,Main_720-734,5000.0,0.00086,0.00086,0.0,0.91348,17.0383,11.6797,8.589,14.4978,SAFE,,,,,
759,0.24,0.0,10.6,10.6,35.0,0.3028571428571428,T12,Branch_752-765,150.0,0.07066666666666667,0.07066666666666667,0.23333333333333334,0.93737,40.2701,27.7136,20.528,34.4883,SAFE,,,,,
632,0.24,0.0,2.4,2.4,0.0,2.4,T4,LV_secondary_T2_T4,150.0,0.016,0.016,0.0,0.92105,16.9926,11.6578,8.5847,14.4776,SAFE,,,,,
7122,0.24,3.8,8.6,12.399999999999999,0.0,12.399999999999999,T18,LV_secondary_T2_T4,300.0,0.041333333333333326,0.028666666666666667,0.0,0.95826,7.7724,4.5565,3.3703,5.6675,SAFE,,,,,
724,0.24,1.6,18.3,19.900000000000002,0.0,19.900000000000002,-,Main_720-734,5000.0,0.00398,0.00366,0.0,0.99456,7.1414,4.1987,2.8231,5.0595,SAFE,,,,,
7642,0.24,0.0,8.4,8.4,0.0,8.4,T14,LV_secondary_T2_T4,150.0,0.056,0.056,0.0,0.9365,42.617,29.4074,21.7473,36.5751,SAFE,,,,,
6211,0.24,0.0,9.8,9.8,0.0,9.8,T2,LV_secondary_T2_T4,300.0,0.03266666666666667,0.03266666666666667,0.0,0.99456,7.1414,4.1987,2.8231,5.0595,SAFE,,,,,
730,0.24,0.0,15.3,15.3,85.0,0.18000000000000002,T23,Main_720-734,300.0,0.051000000000000004,0.051000000000000004,0.2833333333333333,0.94696,11.8872,7.965,5.8252,9.8678,SAFE,,,,,
743,0.24,4.6,16.6,21.200000000000003,240.0,0.08833333333333335,T7,Main_735-750,300.0,0.07066666666666667,0.05533333333333334,0.8,0.96367,21.8693,15.052,11.1097,18.708,SAFE,,,,,
6321,0.24,4.2,11.3,15.5,0.0,15.5,T4,LV_secondary_T2_T4,150.0,0.10333333333333333,0.07533333333333334,0.0,0.92105,16.9926,11.6578,8.5847,14.4776,SAFE,,,,,
632,0.24,0.0,19.3,19.3,0.0,19.3,T4,LV_secondary_T2_T4,150.0,0.12866666666666668,0.12866666666666668,0.0,0.92105,16.9926,11.6578,8.5847,14.4776,SAFE,,,,,
6212,0.24,0.0,6.3,6.3,0.0,6.3,T2,LV_secondary_T2_T4,300.0,0.020999999999999998,0.020999999999999998,0.0,0.99456,7.1414,4.1987,2.8231,5.0595,SAFE,,,,,
6332,0.24,3.7,19.0,22.7,0.0,22.7,T4,LV_secondary_T2_T4,150.0,0.15133333333333332,0.12666666666666668,0.0,0.91348,17.0383,11.6797,8.589,14.4978,SAFE,,,,,
6331,0.24,0.0,16.6,16.6,0.0,16.6,T4,LV_secondary_T2_T4,150.0,0.11066666666666668,0.11066666666666668,0.0,0.91348,17.0383,11.6797,8.589,14.4978,SAFE,,,,,
622,0.24,0.0,8.4,8.4,0.0,8.4,T2,LV_secondary_T2_T4,300.0,0.028,0.028,0.0,0.99456,7.1872,4.2178,2.8303,5.0794,SAFE,,,,,
762,0.48,4.4,4.0,8.4,45.0,0.18666666666666668,T13,Branch_752-765,150.0,0.056,0.02666666666666667,0.3,0.93629,42.0074,28.9831,21.4317,36.0463,SAFE,,,,,
