pv_bus,pv_bus_vn_kv,existing_pv_kw,new_pv_kw,total_pv_kw,existing_load_at_bus_kw,pv_penetration_ratio,transformer_association,feeder_section,transformer_sn_kva,pv_to_transformer_ratio,new_pv_to_transformer_ratio,load_to_transformer_ratio,base_voltage_pu,feeder_distance_km,upstream_r_ohm,upstream_x_ohm,upstream_z_ohm,label,constraint_type,delta_pv_bus_voltage_pu,pv_max_voltage_pu,pv_max_transformer_loading_pct,reverse_power_flow
728,0.24,0,237,237,38.0,6.2368421052631575,T3,Main_720-734,75.0,3.16,3.16,0.5066666666666667,0.93706,11.5824,7.8923,5.7834,9.7845,CONSTRAINED,transformer_loading,0.04304,1.00707,272.67,1
726,0.24,12,122,134,0.0,134.0,-,Main_720-734,5000.0,0.0268,0.0244,0.0,0.99456,7.2329,4.237,2.8374,5.0993,CONSTRAINED,voltage,0.10983,1.11666,92.64,1
6262,0.24,0,45,45,0.0,45.0,T2,LV_secondary_T2_T4,300.0,0.15,0.15,0.0,0.99456,7.2329,4.237,2.8374,5.0993,CAUTION,caution,0.04442,1.03899,92.74,0
6212,0.24,0,250,250,0.0,250.0,T2,LV_secondary_T2_T4,300.0,0.8333333333333334,0.8333333333333334,0.0,0.99456,7.1414,4.1987,2.8231,5.0595,CONSTRAINED,voltage,0.0834,1.07797,92.48,1
770,0.24,0,143,143,450.0,0.31777777777777777,T15,Delta_766-772,1500.0,0.09533333333333334,0.09533333333333334,0.3,0.95059,44.5068,31.369,22.8385,38.8022,SAFE,none,0.01765,1.00761,92.34,0
710,0.208,0,68,68,80.0,0.85,T17,Branch_701-708,300.0,0.22666666666666666,0.22666666666666666,0.26666666666666666,0.95736,7.0104,4.008,2.9713,4.9893,SAFE,none,0.00272,1.00576,92.75,0
726,0.24,0,167,167,0.0,167.0,-,Main_720-734,5000.0,0.0334,0.0334,0.0,0.99456,7.2329,4.237,2.8374,5.0993,CONSTRAINED,voltage,0.14827,1.14284,92.61,1
7693,0.24,0,61,61,0.0,61.0,T22,LV_secondary_T2_T4,150.0,0.4066666666666667,0.4066666666666667,0.0,0.95405,44.5068,31.369,22.8385,38.8022,CAUTION,caution,0.0095,1.00633,92.47,1
620,0.24,0,58,58,0.0,58.0,T2,LV_secondary_T2_T4,300.0,0.19333333333333333,0.19333333333333333,0.0,0.99456,7.0957,4.1795,2.816,5.0396,SAFE,none,0.00186,1.00576,92.71,0
748,0.24,0,170,170,76.88,2.211238293444329,T8,Main_735-750,150.0,1.1333333333333333,1.1333333333333333,0.5125333333333333,0.95585,27.31,18.8387,13.9267,23.4276,CAUTION,caution,0.01653,1.00745,92.36,1
7642,0.24,0,91,91,0.0,91.0,T14,LV_secondary_T2_T4,150.0,0.6066666666666667,0.6066666666666667,0.0,0.9365,42.617,29.4074,21.7473,36.5751,CAUTION,caution,0.01153,1.00668,92.43,1
6242,0.24,0,188,188,0.0,188.0,T2,LV_secondary_T2_T4,300.0,0.6266666666666667,0.6266666666666667,0.0,0.99456,7.1414,4.1987,2.8231,5.0595,CONSTRAINED,voltage,0.06408,1.05865,92.55,1
6261,0.24,0,146,146,0.0,146.0,T2,LV_secondary_T2_T4,300.0,0.4866666666666667,0.4866666666666667,0.0,0.99456,7.2329,4.237,2.8374,5.0993,CONSTRAINED,voltage,0.13175,1.12632,92.63,1
7483,0.24,0,132,132,0.0,132.0,T8,LV_secondary_T2_T4,150.0,0.88,0.88,0.0,0.95585,27.31,18.8387,13.9267,23.4276,CAUTION,caution,0.01296,1.00701,92.4,1
772,0.208,0,211,211,100.0,2.11,T19,Delta_766-772,300.0,0.7033333333333334,0.7033333333333334,0.3333333333333333,0.93424,43.184,29.887,22.1458,37.1977,CAUTION,caution,0.02214,1.00834,92.27,1
622,0.24,0,60,60,0.0,60.0,T2,LV_secondary_T2_T4,300.0,0.2,0.2,0.0,0.99456,7.1872,4.2178,2.8303,5.0794,CAUTION,caution,0.04025,1.03482,92.72,0
721,0.24,0,126,126,0.0,126.0,-,Main_720-734,5000.0,0.0252,0.0252,0.0,0.99456,7.1414,4.1987,2.8231,5.0595,CAUTION,caution,0.04394,1.03851,92.62,1
632,0.24,0,13,13,0.0,13.0,T4,LV_secondary_T2_T4,150.0,0.08666666666666667,0.08666666666666667,0.0,0.92105,16.9926,11.6578,8.5847,14.4776,SAFE,none,0.00098,1.0055,92.75,0
708,0.24,0,76,76,75.0,1.0133333333333334,T16,Branch_701-708,300.0,0.25333333333333335,0.25333333333333335,0.25,0.95801,6.2484,3.6185,2.8328,4.5954,SAFE,none,0.00283,1.0058,92.74,0
732,0.24,0,164,164,25.4,6.456692913385827,T4,Main_720-734,150.0,1.0933333333333333,1.0933333333333333,0.16933333333333334,0.92105,16.9926,11.6578,8.5847,14.4776,CAUTION,caution,0.01196,1.00695,92.41,1
726,0.24,3,110,113,0.0,113.0,-,Main_720-734,5000.0,0.0226,0.022,0.0,0.99456,7.2329,4.237,2.8374,5.0993,CONSTRAINED,voltage,0.10167,1.09934,92.66,1
7481,0.24,0,9,9,0.0,9.0,T8,LV_secondary_T2_T4,150.0,0.06,0.06,0.0,0.95585,27.31,18.8387,13.9267,23.4276,SAFE,none,0.00091,1.00548,92.76,0
723,0.24,0,112,112,0.0,112.0,-,Main_720-734,5000.0,0.0224,0.0224,0.0,0.99456,7.2329,4.237,2.8374,5.0993,CONSTRAINED,voltage,0.10393,1.0985,92.66,1
6331,0.24,0,99,99,0.0,99.0,T4,LV_secondary_T2_T4,150.0,0.66,0.66,0.0,0.91348,17.0383,11.6797,8.589,14.4978,CAUTION,caution,0.04651,1.00631,92.47,1
7122,0.24,9,50,59,0.0,59.0,T18,LV_secondary_T2_T4,300.0,0.19666666666666666,0.16666666666666666,0.0,0.95826,7.7724,4.5565,3.3703,5.6675,SAFE,none,0.00218,1.00571,92.76,0
764,0.24,0,101,101,46.0,2.1956521739130435,T14,Branch_752-765,150.0,0.6733333333333333,0.6733333333333333,0.30666666666666664,0.9365,42.617,29.4074,21.7473,36.5751,CAUTION,caution,0.01276,1.00682,92.42,1
7693,0.24,6,115,121,0.0,121.0,T22,LV_secondary_T2_T4,150.0,0.8066666666666666,0.7666666666666667,0.0,0.95405,44.5068,31.369,22.8385,38.8022,CAUTION,caution,0.01753,1.00721,92.38,1
739,0.24,12,229,241,41.1,5.86374695863747,T6,Main_735-750,150.0,1.6066666666666667,1.5266666666666666,0.274,0.98477,24.6125,15.6519,11.8507,19.6321,CONSTRAINED,transformer_loading,0.01869,1.00781,133.27,1
6332,0.24,4,234,238,0.0,238.0,T4,LV_secondary_T2_T4,150.0,1.5866666666666667,1.56,0.0,0.91348,17.0383,11.6797,8.589,14.4978,CONSTRAINED,voltage_rise,0.10262,1.0181,128.32,1
743,0.24,0,245,245,240.0,1.0208333333333333,T7,Main_735-750,300.0,0.8166666666666667,0.8166666666666667,0.8,0.96367,21.8693,15.052,11.1097,18.708,SAFE,none,0.01666,1.00824,92.28,0
6202,0.24,0,142,142,0.0,142.0,T2,LV_secondary_T2_T4,300.0,0.47333333333333333,0.47333333333333333,0.0,0.99456,7.0957,4.1795,2.816,5.0396,CAUTION,caution,0.0045,1.00631,92.59,1
7692,0.24,6,129,135,0.0,135.0,T22,LV_secondary_T2_T4,150.0,0.9,0.86,0.0,0.95405,44.5068,31.369,22.8385,38.8022,CAUTION,caution,0.01957,1.00741,92.36,1
6241,0.24,0,170,170,0.0,170.0,T2,LV_secondary_T2_T4,300.0,0.5666666666666667,0.5666666666666667,0.0,0.99456,7.1414,4.1987,2.8231,5.0595,CONSTRAINED,voltage,0.05832,1.05289,92.57,1
6321,0.24,0,36,36,0.0,36.0,T4,LV_secondary_T2_T4,150.0,0.24,0.24,0.0,0.92105,16.9926,11.6578,8.5847,14.4776,SAFE,none,0.00271,1.00573,92.67,0
6222,0.24,0,117,117,0.0,117.0,T2,LV_secondary_T2_T4,300.0,0.39,0.39,0.0,0.99456,7.1872,4.2178,2.8303,5.0794,CONSTRAINED,voltage,0.07558,1.07015,92.65,1
6332,0.24,5,154,159,0.0,159.0,T4,LV_secondary_T2_T4,150.0,1.06,1.0266666666666666,0.0,0.91348,17.0383,11.6797,8.589,14.4978,CONSTRAINED,voltage_rise,0.07,1.0068,92.42,1
733,0.24,0,22,22,0.0,22.0,-,Main_720-734,5000.0,0.0044,0.0044,0.0,0.91348,17.0383,11.6797,8.589,14.4978,SAFE,none,0.01079,1.00559,92.72,0
762,0.48,0,72,72,45.0,1.6,T13,Branch_752-765,150.0,0.48,0.48,0.3,0.93629,42.0074,28.9831,21.4317,36.0463,CAUTION,caution,0.00912,1.00641,92.46,1
6252,0.24,5,244,249,0.0,249.0,T2,LV_secondary_T2_T4,300.0,0.83,0.8133333333333334,0.0,0.99456,7.1872,4.2178,2.8303,5.0794,CONSTRAINED,voltage,0.14567,1.14373,92.51,1
714,0.208,0,93,93,240.0,0.3875,T24,Branch_701-708,30.0,3.1,3.1,8.0,0.99083,0.9144,0.4676,0.2627,0.5363,SAFE,none,0.00223,1.00592,92.73,0
7482,0.24,5,64,69,0.0,69.0,T8,LV_secondary_T2_T4,150.0,0.46,0.4266666666666667,0.0,0.95585,27.31,18.8387,13.9267,23.4276,SAFE,none,0.00638,1.00625,92.48,0
772,0.208,0,103,103,100.0,1.03,T19,Delta_766-772,300.0,0.3433333333333333,0.3433333333333333,0.3333333333333333,0.93424,43.184,29.887,22.1458,37.1977,SAFE,none,0.01107,1.00687,92.41,0
734,0.24,0,79,79,15.85,4.9842271293375395,-,Main_720-734,5000.0,0.0158,0.0158,0.00317,0.90591,17.084,11.7015,8.5933,14.5179,CONSTRAINED,voltage_rise,0.06804,1.00611,92.52,1
725,0.24,0,5,5,0.0,5.0,-,Main_720-734,5000.0,0.001,0.001,0.0,0.99456,7.1872,4.2178,2.8303,5.0794,SAFE,none,0.00349,1.0054,92.8,0
633,0.24,13,15,28,0.0,28.0,T4,LV_secondary_T2_T4,150.0,0.18666666666666668,0.1,0.0,0.91348,17.0383,11.6797,8.589,14.4978,SAFE,none,0.00727,1.00565,92.7,0
6262,0.24,7,226,233,0.0,233.0,T2,LV_secondary_T2_T4,300.0,0.7766666666666666,0.7533333333333333,0.0,0.99456,7.2329,4.237,2.8374,5.0993,CONSTRAINED,voltage,0.19012,1.19188,92.56,1
6331,0.24,15,167,182,0.0,182.0,T4,LV_secondary_T2_T4,150.0,1.2133333333333334,1.1133333333333333,0.0,0.91348,17.0383,11.6797,8.589,14.4978,CONSTRAINED,voltage_rise,0.07467,1.00697,94.36,1
708,0.24,0,231,231,75.0,3.08,T16,Branch_701-708,300.0,0.77,0.77,0.25,0.95801,6.2484,3.6185,2.8328,4.5954,CAUTION,caution,0.00835,1.00661,92.64,1
6221,0.24,0,107,107,0.0,107.0,T2,LV_secondary_T2_T4,300.0,0.3566666666666667,0.3566666666666667,0.0,0.99456,7.1872,4.2178,2.8303,5.0794,CONSTRAINED,voltage,0.06957,1.06413,92.66,1
6242,0.24,0,66,66,0.0,66.0,T2,LV_secondary_T2_T4,300.0,0.22,0.22,0.0,0.99456,7.1414,4.1987,2.8231,5.0595,SAFE,none,0.02356,1.01813,92.7,0
723,0.24,6,225,231,0.0,231.0,-,Main_720-734,5000.0,0.0462,0.045,0.0,0.99456,7.2329,4.237,2.8374,5.0993,CONSTRAINED,voltage,0.18971,1.19046,92.56,1
621,0.24,0,125,125,0.0,125.0,T2,LV_secondary_T2_T4,300.0,0.4166666666666667,0.4166666666666667,0.0,0.99456,7.1414,4.1987,2.8231,5.0595,CAUTION,caution,0.0436,1.03817,92.62,1
762,0.48,0,67,67,45.0,1.488888888888889,T13,Branch_752-765,150.0,0.44666666666666666,0.44666666666666666,0.3,0.93629,42.0074,28.9831,21.4317,36.0463,CAUTION,caution,0.0085,1.00634,92.47,1
730,0.24,10,87,97,85.0,1.1411764705882352,T23,Main_720-734,300.0,0.3233333333333333,0.29,0.2833333333333333,0.94696,11.8872,7.965,5.8252,9.8678,CAUTION,caution,0.00363,1.00619,92.54,1
6251,0.24,0,59,59,0.0,59.0,T2,LV_secondary_T2_T4,300.0,0.19666666666666666,0.19666666666666666,0.0,0.99456,7.1872,4.2178,2.8303,5.0794,CAUTION,caution,0.03961,1.03418,92.72,0
7691,0.24,5,123,128,0.0,128.0,T22,LV_secondary_T2_T4,150.0,0.8533333333333334,0.82,0.0,0.95405,44.5068,31.369,22.8385,38.8022,CAUTION,caution,0.01871,1.00731,92.37,1
751,0.48,0,48,48,0.0,48.0,T9,other,1500.0,0.032,0.032,0.0,0.9685,34.4789,23.8283,17.6385,29.6463,SAFE,none,0.00349,1.00596,92.57,0
626,0.24,0,100,100,0.0,100.0,T2,LV_secondary_T2_T4,300.0,0.3333333333333333,0.3333333333333333,0.0,0.99456,7.2329,4.237,2.8374,5.0993,CONSTRAINED,voltage,0.09376,1.08833,92.67,1
710,0.208,0,93,93,80.0,1.1625,T17,Branch_701-708,300.0,0.31,0.31,0.26666666666666666,0.95736,7.0104,4.008,2.9713,4.9893,CAUTION,caution,0.0037,1.0059,92.73,1
620,0.24,15,231,246,0.0,246.0,T2,LV_secondary_T2_T4,300.0,0.82,0.77,0.0,0.99456,7.0957,4.1795,2.816,5.0396,CAUTION,caution,0.00718,1.00695,92.43,1
6202,0.24,0,132,132,0.0,132.0,T2,LV_secondary_T2_T4,300.0,0.44,0.44,0.0,0.99456,7.0957,4.1795,2.816,5.0396,CAUTION,caution,0.00419,1.00624,92.6,1
7641,0.24,5,182,187,0.0,187.0,T14,LV_secondary_T2_T4,150.0,1.2466666666666666,1.2133333333333334,0.0,0.9365,42.617,29.4074,21.7473,36.5751,CAUTION,caution,0.02241,1.00795,99.47,1
724,0.24,0,180,180,0.0,180.0,-,Main_720-734,5000.0,0.036,0.036,0.0,0.99456,7.1414,4.1987,2.8231,5.0595,CONSTRAINED,voltage,0.06153,1.0561,92.56,1
6332,0.24,0,208,208,0.0,208.0,T4,LV_secondary_T2_T4,150.0,1.3866666666666667,1.3866666666666667,0.0,0.91348,17.0383,11.6797,8.589,14.4978,CONSTRAINED,voltage_rise,0.09266,1.00715,110.27,1
633,0.24,0,100,100,0.0,100.0,T4,LV_secondary_T2_T4,150.0,0.6666666666666666,0.6666666666666666,0.0,0.91348,17.0383,11.6797,8.589,14.4978,CAUTION,caution,0.04695,1.00632,92.47,1
7691,0.24,0,16,16,0.0,16.0,T22,LV_secondary_T2_T4,150.0,0.10666666666666667,0.10666666666666667,0.0,0.95405,44.5068,31.369,22.8385,38.8022,SAFE,none,0.00253,1.00562,92.71,0
6241,0.24,0,86,86,0.0,86.0,T2,LV_secondary_T2_T4,300.0,0.2866666666666667,0.2866666666666667,0.0,0.99456,7.1414,4.1987,2.8231,5.0595,CAUTION,caution,0.03045,1.02502,92.68,1
6251,0.24,15,215,230,0.0,230.0,T2,LV_secondary_T2_T4,300.0,0.7666666666666667,0.7166666666666667,0.0,0.99456,7.1872,4.2178,2.8303,5.0794,CONSTRAINED,voltage,0.12877,1.13374,92.53,1
714,0.208,0,143,143,240.0,0.5958333333333333,T24,Branch_701-708,30.0,4.766666666666667,4.766666666666667,8.0,0.99083,0.9144,0.4676,0.2627,0.5363,SAFE,none,0.00341,1.00621,92.69,0
6321,0.24,0,193,193,0.0,193.0,T4,LV_secondary_T2_T4,150.0,1.2866666666666666,1.2866666666666666,0.0,0.92105,16.9926,11.6578,8.5847,14.4776,CONSTRAINED,transformer_loading,0.01398,1.00721,109.02,1
625,0.24,0,212,212,0.0,212.0,T2,LV_secondary_T2_T4,300.0,0.7066666666666667,0.7066666666666667,0.0,0.99456,7.1872,4.2178,2.8303,5.0794,CONSTRAINED,voltage,0.12953,1.1241,92.55,1
7391,0.24,0,93,93,0.0,93.0,T6,LV_secondary_T2_T4,150.0,0.62,0.62,0.0,0.98477,24.6125,15.6519,11.8507,19.6321,CAUTION,caution,0.00787,1.00637,92.46,1
772,0.208,0,189,189,100.0,1.89,T19,Delta_766-772,300.0,0.63,0.63,0.3333333333333333,0.93424,43.184,29.887,22.1458,37.1977,CAUTION,caution,0.01993,1.00805,92.3,1
770,0.24,3,81,84,450.0,0.18666666666666668,T15,Delta_766-772,1500.0,0.056,0.054,0.3,0.95059,44.5068,31.369,22.8385,38.8022,SAFE,none,0.01012,1.00671,92.43,0
6221,0.24,0,215,215,0.0,215.0,T2,LV_secondary_T2_T4,300.0,0.7166666666666667,0.7166666666666667,0.0,0.99456,7.1872,4.2178,2.8303,5.0794,CONSTRAINED,voltage,0.13115,1.12572,92.54,1
625,0.24,0,117,117,0.0,117.0,T2,LV_secondary_T2_T4,300.0,0.39,0.39,0.0,0.99456,7.1872,4.2178,2.8303,5.0794,CONSTRAINED,voltage,0.07558,1.07015,92.65,1
751,0.48,0,185,185,0.0,185.0,T9,other,1500.0,0.12333333333333334,0.12333333333333334,0.0,0.9685,34.4789,23.8283,17.6385,29.6463,SAFE,none,0.01321,1.00757,92.34,0
626,0.24,0,113,113,0.0,113.0,T2,LV_secondary_T2_T4,300.0,0.37666666666666665,0.37666666666666665,0.0,0.99456,7.2329,4.237,2.8374,5.0993,CONSTRAINED,voltage,0.10477,1.09934,92.66,1
764,0.24,7,153,160,46.0,3.4782608695652173,T14,Branch_752-765,150.0,1.0666666666666667,1.02,0.30666666666666664,0.9365,42.617,29.4074,21.7473,36.5751,CAUTION,caution,0.01897,1.0076,92.34,1
720,0.24,9,182,191,66.0,2.893939393939394,T2,Main_720-734,300.0,0.6366666666666667,0.6066666666666667,0.22,0.99456,7.0957,4.1795,2.816,5.0396,CAUTION,caution,0.00571,1.00661,92.51,1
710,0.208,0,34,34,80.0,0.425,T17,Branch_701-708,300.0,0.11333333333333333,0.11333333333333333,0.26666666666666666,0.95736,7.0104,4.008,2.9713,4.9893,SAFE,none,0.00137,1.00557,92.78,0
720,0.24,0,44,44,66.0,0.6666666666666666,T2,Main_720-734,300.0,0.14666666666666667,0.14666666666666667,0.22,0.99456,7.0957,4.1795,2.816,5.0396,SAFE,none,0.00141,1.00567,92.73,0
6231,0.24,0,227,227,0.0,227.0,T2,LV_secondary_T2_T4,300.0,0.7566666666666667,0.7566666666666667,0.0,0.99456,7.2329,4.237,2.8374,5.0993,CONSTRAINED,voltage,0.19302,1.18759,92.56,1
7641,0.24,5,226,231,0.0,231.0,T14,LV_secondary_T2_T4,150.0,1.54,1.5066666666666666,0.0,0.9365,42.617,29.4074,21.7473,36.5751,CONSTRAINED,transformer_loading,0.0275,1.00849,128.99,1
633,0.24,11,201,212,0.0,212.0,T4,LV_secondary_T2_T4,150.0,1.4133333333333333,1.34,0.0,0.91348,17.0383,11.6797,8.589,14.4978,CONSTRAINED,voltage_rise,0.08884,1.00776,112.7,1
764,0.24,0,229,229,46.0,4.978260869565218,T14,Branch_752-765,150.0,1.5266666666666666,1.5266666666666666,0.30666666666666664,0.9365,42.617,29.4074,21.7473,36.5751,CONSTRAINED,transformer_loading,0.02792,1.00847,127.65,1
622,0.24,0,55,55,0.0,55.0,T2,LV_secondary_T2_T4,300.0,0.18333333333333332,0.18333333333333332,0.0,0.99456,7.1872,4.2178,2.8303,5.0794,CAUTION,caution,0.03703,1.0316,92.72,0
7121,0.24,0,173,173,0.0,173.0,T18,LV_secondary_T2_T4,300.0,0.5766666666666667,0.5766666666666667,0.0,0.95826,7.7724,4.5565,3.3703,5.6675,CAUTION,caution,0.00738,1.00632,92.68,1
624,0.24,4,136,140,0.0,140.0,T2,LV_secondary_T2_T4,300.0,0.4666666666666667,0.4533333333333333,0.0,0.99456,7.1414,4.1987,2.8231,5.0595,CAUTION,caution,0.0471,1.04313,92.61,1
7481,0.24,0,19,19,0.0,19.0,T8,LV_secondary_T2_T4,150.0,0.12666666666666668,0.12666666666666668,0.0,0.95585,27.31,18.8387,13.9267,23.4276,SAFE,none,0.00192,1.00561,92.71,0
723,0.24,4,16,20,0.0,20.0,-,Main_720-734,5000.0,0.004,0.0032,0.0,0.99456,7.2329,4.237,2.8374,5.0993,SAFE,none,0.01614,1.01483,92.77,0
6331,0.24,0,38,38,0.0,38.0,T4,LV_secondary_T2_T4,150.0,0.25333333333333335,0.25333333333333335,0.0,0.91348,17.0383,11.6797,8.589,14.4978,CAUTION,caution,0.01846,1.00575,92.66,1
7121,0.24,0,179,179,0.0,179.0,T18,LV_secondary_T2_T4,300.0,0.5966666666666667,0.5966666666666667,0.0,0.95826,7.7724,4.5565,3.3703,5.6675,CAUTION,caution,0.00763,1.00635,92.67,1
6201,0.24,15,64,79,0.0,79.0,T2,LV_secondary_T2_T4,300.0,0.2633333333333333,0.21333333333333335,0.0,0.99456,7.0957,4.1795,2.816,5.0396,CAUTION,caution,0.00204,1.0059,92.68,1
7393,0.24,0,141,141,0.0,141.0,T6,LV_secondary_T2_T4,150.0,0.94,0.94,0.0,0.98477,24.6125,15.6519,11.8507,19.6321,CAUTION,caution,0.01181,1.00686,92.42,1
6261,0.24,11,14,25,0.0,25.0,T2,LV_secondary_T2_T4,300.0,0.08333333333333333,0.04666666666666667,0.0,0.99456,7.2329,4.237,2.8374,5.0993,SAFE,none,0.01394,1.01976,92.77,0
740,0.24,13,116,129,75.0,1.72,T5,Main_735-750,150.0,0.86,0.7733333333333333,0.5,0.98202,23.0885,14.9212,11.4648,18.8171,CAUTION,caution,0.0097,1.00676,92.42,1
722,0.24,0,70,70,0.0,70.0,-,Main_720-734,5000.0,0.014,0.014,0.0,0.99456,7.1872,4.2178,2.8303,5.0794,CAUTION,caution,0.04664,1.04121,92.7,0
710,0.208,0,196,196,80.0,2.45,T17,Branch_701-708,300.0,0.6533333333333333,0.6533333333333333,0.26666666666666666,0.95736,7.0104,4.008,2.9713,4.9893,CAUTION,caution,0.00764,1.00644,92.66,1
762,0.48,0,101,101,45.0,2.2444444444444445,T13,Branch_752-765,150.0,0.6733333333333333,0.6733333333333333,0.3,0.93629,42.0074,28.9831,21.4317,36.0463,CAUTION,caution,0.01268,1.00682,92.42,1
748,0.24,4,180,184,76.88,2.393340270551509,T8,Main_735-750,150.0,1.2266666666666666,1.2,0.5125333333333333,0.95585,27.31,18.8387,13.9267,23.4276,CAUTION,caution,0.01743,1.00761,92.34,1
759,0.24,0,241,241,35.0,6.885714285714286,T12,Branch_752-765,150.0,1.6066666666666667,1.6066666666666667,0.23333333333333334,0.93737,40.2701,27.7136,20.528,34.4883,CONSTRAINED,transformer_loading,0.0283,1.00856,142.86,1
622,0.24,0,110,110,0.0,110.0,T2,LV_secondary_T2_T4,300.0,0.36666666666666664,0.36666666666666664,0.0,0.99456,7.1872,4.2178,2.8303,5.0794,CONSTRAINED,voltage,0.07138,1.06595,92.65,1
721,0.24,11,216,227,0.0,227.0,-,Main_720-734,5000.0,0.0454,0.0432,0.0,0.99456,7.1414,4.1987,2.8231,5.0595,CONSTRAINED,voltage,0.07231,1.07089,92.5,1
751,0.48,0,153,153,0.0,153.0,T9,other,1500.0,0.102,0.102,0.0,0.9685,34.4789,23.8283,17.6385,29.6463,SAFE,none,0.01097,1.00721,92.38,0
625,0.24,0,187,187,0.0,187.0,T2,LV_secondary_T2_T4,300.0,0.6233333333333333,0.6233333333333333,0.0,0.99456,7.1872,4.2178,2.8303,5.0794,CONSTRAINED,voltage,0.11586,1.11043,92.57,1
7693,0.24,0,176,176,0.0,176.0,T22,LV_secondary_T2_T4,150.0,1.1733333333333333,1.1733333333333333,0.0,0.95405,44.5068,31.369,22.8385,38.8022,CAUTION,caution,0.02641,1.00798,92.49,1
6322,0.24,0,181,181,0.0,181.0,T4,LV_secondary_T2_T4,150.0,1.2066666666666668,1.2066666666666668,0.0,0.92105,16.9926,11.6578,8.5847,14.4776,CONSTRAINED,transformer_loading,0.01315,1.0071,100.64,1
728,0.24,0,156,156,38.0,4.105263157894737,T3,Main_720-734,75.0,2.08,2.08,0.5066666666666667,0.93706,11.5824,7.8923,5.7834,9.7845,CONSTRAINED,transformer_loading,0.02922,1.00658,166.15,1
6241,0.24,11,194,205,0.0,205.0,T2,LV_secondary_T2_T4,300.0,0.6833333333333333,0.6466666666666666,0.0,0.99456,7.1414,4.1987,2.8231,5.0595,CONSTRAINED,voltage,0.06544,1.06403,92.53,1
6262,0.24,0,26,26,0.0,26.0,T2,LV_secondary_T2_T4,300.0,0.08666666666666667,0.08666666666666667,0.0,0.99456,7.2329,4.237,2.8374,5.0993,SAFE,none,0.02617,1.02074,92.76,0
712,0.24,0,35,35,65.0,0.5384615384615384,T18,Branch_701-708,300.0,0.11666666666666667,0.11666666666666667,0.21666666666666667,0.95826,7.7724,4.5565,3.3703,5.6675,SAFE,none,0.00153,1.00557,92.78,0
751,0.48,12,161,173,0.0,173.0,T9,other,1500.0,0.11533333333333333,0.10733333333333334,0.0,0.9685,34.4789,23.8283,17.6385,29.6463,SAFE,none,0.0115,1.00744,92.36,0
764,0.24,0,82,82,46.0,1.7826086956521738,T14,Branch_752-765,150.0,0.5466666666666666,0.5466666666666666,0.30666666666666664,0.9365,42.617,29.4074,21.7473,36.5751,CAUTION,caution,0.01041,1.00655,92.45,1
6212,0.24,0,130,130,0.0,130.0,T2,LV_secondary_T2_T4,300.0,0.43333333333333335,0.43333333333333335,0.0,0.99456,7.1414,4.1987,2.8231,5.0595,CAUTION,caution,0.04526,1.03983,92.62,1
716,0.48,0,192,192,15.85,12.113564668769717,T24(HV),Branch_701-708,300.0,0.64,0.64,0.05283333333333333,0.97763,0.9144,0.4676,0.2627,0.5363,CONSTRAINED,voltage,0.09642,1.07406,547.74,0
730,0.24,0,147,147,85.0,1.7294117647058824,T23,Main_720-734,300.0,0.49,0.49,0.2833333333333333,0.94696,11.8872,7.965,5.8252,9.8678,CAUTION,caution,0.00609,1.0066,92.44,1
7392,0.24,13,96,109,0.0,109.0,T6,LV_secondary_T2_T4,150.0,0.7266666666666667,0.64,0.0,0.98477,24.6125,15.6519,11.8507,19.6321,CAUTION,caution,0.00807,1.00653,92.45,1
725,0.24,0,182,182,0.0,182.0,-,Main_720-734,5000.0,0.0364,0.0364,0.0,0.99456,7.1872,4.2178,2.8303,5.0794,CONSTRAINED,voltage,0.11308,1.10765,92.58,1
623,0.24,0,141,141,0.0,141.0,T2,LV_secondary_T2_T4,300.0,0.47,0.47,0.0,0.99456,7.2329,4.237,2.8374,5.0993,CONSTRAINED,voltage,0.12775,1.12232,92.63,1
7122,0.24,0,191,191,0.0,191.0,T18,LV_secondary_T2_T4,300.0,0.6366666666666667,0.6366666666666667,0.0,0.95826,7.7724,4.5565,3.3703,5.6675,CAUTION,caution,0.00812,1.00641,92.66,1
723,0.24,0,79,79,0.0,79.0,-,Main_720-734,5000.0,0.0158,0.0158,0.0,0.99456,7.2329,4.237,2.8374,5.0993,CONSTRAINED,voltage,0.07548,1.07005,92.7,0
6202,0.24,0,162,162,0.0,162.0,T2,LV_secondary_T2_T4,300.0,0.54,0.54,0.0,0.99456,7.0957,4.1795,2.816,5.0396,CAUTION,caution,0.00511,1.00643,92.56,1
6262,0.24,0,40,40,0.0,40.0,T2,LV_secondary_T2_T4,300.0,0.13333333333333333,0.13333333333333333,0.0,0.99456,7.2329,4.237,2.8374,5.0993,CAUTION,caution,0.03969,1.03425,92.74,0
623,0.24,10,137,147,0.0,147.0,T2,LV_secondary_T2_T4,300.0,0.49,0.45666666666666667,0.0,0.99456,7.2329,4.237,2.8374,5.0993,CONSTRAINED,voltage,0.12231,1.12712,92.62,1
714,0.208,0,74,74,240.0,0.30833333333333335,T24,Branch_701-708,30.0,2.466666666666667,2.466666666666667,8.0,0.99083,0.9144,0.4676,0.2627,0.5363,SAFE,none,0.00178,1.00581,92.74,0
626,0.24,0,16,16,0.0,16.0,T2,LV_secondary_T2_T4,300.0,0.05333333333333334,0.05333333333333334,0.0,0.99456,7.2329,4.237,2.8374,5.0993,SAFE,none,0.01628,1.01085,92.78,0
7641,0.24,13,213,226,0.0,226.0,T14,LV_secondary_T2_T4,150.0,1.5066666666666666,1.42,0.0,0.9365,42.617,29.4074,21.7473,36.5751,CONSTRAINED,transformer_loading,0.02589,1.00843,125.64,1
6321,0.24,0,205,205,0.0,205.0,T4,LV_secondary_T2_T4,150.0,1.3666666666666667,1.3666666666666667,0.0,0.92105,16.9926,11.6578,8.5847,14.4776,CONSTRAINED,transformer_loading,0.01481,1.00731,117.39,1
6242,0.24,14,83,97,0.0,97.0,T2,LV_secondary_T2_T4,300.0,0.3233333333333333,0.27666666666666667,0.0,0.99456,7.1414,4.1987,2.8231,5.0595,CAUTION,caution,0.0291,1.02877,92.66,1
6232,0.24,0,239,239,0.0,239.0,T2,LV_secondary_T2_T4,300.0,0.7966666666666666,0.7966666666666666,0.0,0.99456,7.2329,4.237,2.8374,5.0993,CONSTRAINED,voltage,0.20158,1.19615,92.55,1
7392,0.24,0,197,197,0.0,197.0,T6,LV_secondary_T2_T4,150.0,1.3133333333333332,1.3133333333333332,0.0,0.98477,24.6125,15.6519,11.8507,19.6321,CONSTRAINED,transformer_loading,0.01629,1.0074,104.61,1
6332,0.24,0,59,59,0.0,59.0,T4,LV_secondary_T2_T4,150.0,0.3933333333333333,0.3933333333333333,0.0,0.91348,17.0383,11.6797,8.589,14.4978,CAUTION,caution,0.02832,1.00595,92.58,1
7482,0.24,5,38,43,0.0,43.0,T8,LV_secondary_T2_T4,150.0,0.2866666666666667,0.25333333333333335,0.0,0.95585,27.31,18.8387,13.9267,23.4276,SAFE,none,0.00381,1.00592,92.58,0
6212,0.24,0,110,110,0.0,110.0,T2,LV_secondary_T2_T4,300.0,0.36666666666666664,0.36666666666666664,0.0,0.99456,7.1414,4.1987,2.8231,5.0595,CAUTION,caution,0.03859,1.03316,92.64,1
6251,0.24,0,114,114,0.0,114.0,T2,LV_secondary_T2_T4,300.0,0.38,0.38,0.0,0.99456,7.1872,4.2178,2.8303,5.0794,CONSTRAINED,voltage,0.07379,1.06835,92.65,1
7693,0.24,0,171,171,0.0,171.0,T22,LV_secondary_T2_T4,150.0,1.14,1.14,0.0,0.95405,44.5068,31.369,22.8385,38.8022,CAUTION,caution,0.0257,1.00791,92.31,1
7643,0.24,12,87,99,0.0,99.0,T14,LV_secondary_T2_T4,150.0,0.66,0.58,0.0,0.9365,42.617,29.4074,21.7473,36.5751,CAUTION,caution,0.01096,1.00679,92.42,1
7642,0.24,12,149,161,0.0,161.0,T14,LV_secondary_T2_T4,150.0,1.0733333333333333,0.9933333333333333,0.0,0.9365,42.617,29.4074,21.7473,36.5751,CAUTION,caution,0.01844,1.00761,92.34,1
625,0.24,0,184,184,0.0,184.0,T2,LV_secondary_T2_T4,300.0,0.6133333333333333,0.6133333333333333,0.0,0.99456,7.1872,4.2178,2.8303,5.0794,CONSTRAINED,voltage,0.11419,1.10876,92.57,1
764,0.24,0,97,97,46.0,2.108695652173913,T14,Branch_752-765,150.0,0.6466666666666666,0.6466666666666666,0.30666666666666664,0.9365,42.617,29.4074,21.7473,36.5751,CAUTION,caution,0.01227,1.00676,92.43,1
626,0.24,0,89,89,0.0,89.0,T2,LV_secondary_T2_T4,300.0,0.2966666666666667,0.2966666666666667,0.0,0.99456,7.2329,4.237,2.8374,5.0993,CONSTRAINED,voltage,0.08427,1.07883,92.68,1
6261,0.24,7,218,225,0.0,225.0,T2,LV_secondary_T2_T4,300.0,0.75,0.7266666666666667,0.0,0.99456,7.2329,4.237,2.8374,5.0993,CONSTRAINED,voltage,0.18439,1.18615,92.56,1
7483,0.24,0,98,98,0.0,98.0,T8,LV_secondary_T2_T4,150.0,0.6533333333333333,0.6533333333333333,0.0,0.95585,27.31,18.8387,13.9267,23.4276,CAUTION,caution,0.0097,1.0066,92.44,1
772,0.208,0,106,106,100.0,1.06,T19,Delta_766-772,300.0,0.35333333333333333,0.35333333333333333,0.3333333333333333,0.93424,43.184,29.887,22.1458,37.1977,SAFE,none,0.01139,1.00692,92.41,0
7121,0.24,0,66,66,0.0,66.0,T18,LV_secondary_T2_T4,300.0,0.22,0.22,0.0,0.95826,7.7724,4.5565,3.3703,5.6675,SAFE,none,0.00287,1.00575,92.75,0
764,0.24,0,123,123,46.0,2.6739130434782608,T14,Branch_752-765,150.0,0.82,0.82,0.30666666666666664,0.9365,42.617,29.4074,21.7473,36.5751,CAUTION,caution,0.01544,1.00711,92.39,1
723,0.24,0,232,232,0.0,232.0,-,Main_720-734,5000.0,0.0464,0.0464,0.0,0.99456,7.2329,4.237,2.8374,5.0993,CONSTRAINED,voltage,0.1966,1.19117,92.56,1
756,0.208,0,175,175,155.0,1.1290322580645162,T11,Branch_752-765,300.0,0.5833333333333334,0.5833333333333334,0.5166666666666667,0.93609,39.8129,27.5407,20.4003,34.2734,CAUTION,caution,0.01868,1.00786,92.32,1
722,0.24,0,66,66,0.0,66.0,-,Main_720-734,5000.0,0.0132,0.0132,0.0,0.99456,7.1872,4.2178,2.8303,5.0794,CAUTION,caution,0.0441,1.03866,92.71,0
7692,0.24,0,106,106,0.0,106.0,T22,LV_secondary_T2_T4,150.0,0.7066666666666667,0.7066666666666667,0.0,0.95405,44.5068,31.369,22.8385,38.8022,CAUTION,caution,0.01627,1.007,92.4,1
7122,0.24,0,196,196,0.0,196.0,T18,LV_secondary_T2_T4,300.0,0.6533333333333333,0.6533333333333333,0.0,0.95826,7.7724,4.5565,3.3703,5.6675,CAUTION,caution,0.00833,1.00643,92.66,1
764,0.24,0,137,137,46.0,2.9782608695652173,T14,Branch_752-765,150.0,0.9133333333333333,0.9133333333333333,0.30666666666666664,0.9365,42.617,29.4074,21.7473,36.5751,CAUTION,caution,0.01713,1.0073,92.37,1
751,0.48,0,95,95,0.0,95.0,T9,other,1500.0,0.06333333333333334,0.06333333333333334,0.0,0.9685,34.4789,23.8283,17.6385,29.6463,SAFE,none,0.00687,1.00652,92.45,0
772,0.208,0,45,45,100.0,0.45,T19,Delta_766-772,300.0,0.15,0.15,0.3333333333333333,0.93424,43.184,29.887,22.1458,37.1977,SAFE,none,0.0049,1.00604,92.55,0
770,0.24,0,6,6,450.0,0.013333333333333334,T15,Delta_766-772,1500.0,0.004,0.004,0.3,0.95059,44.5068,31.369,22.8385,38.8022,SAFE,none,0.00076,1.00546,92.77,0
6241,0.24,0,119,119,0.0,119.0,T2,LV_secondary_T2_T4,300.0,0.39666666666666667,0.39666666666666667,0.0,0.99456,7.1414,4.1987,2.8231,5.0595,CAUTION,caution,0.04161,1.03617,92.63,1
751,0.48,7,201,208,0.0,208.0,T9,other,1500.0,0.13866666666666666,0.134,0.0,0.9685,34.4789,23.8283,17.6385,29.6463,SAFE,none,0.0143,1.00784,92.32,0
6241,0.24,0,140,140,0.0,140.0,T2,LV_secondary_T2_T4,300.0,0.4666666666666667,0.4666666666666667,0.0,0.99456,7.1414,4.1987,2.8231,5.0595,CAUTION,caution,0.04856,1.04313,92.61,1
6252,0.24,0,90,90,0.0,90.0,T2,LV_secondary_T2_T4,300.0,0.3,0.3,0.0,0.99456,7.1872,4.2178,2.8303,5.0794,CONSTRAINED,voltage,0.05916,1.05373,92.68,1
716,0.48,0,145,145,15.85,9.14826498422713,T24(HV),Branch_701-708,300.0,0.48333333333333334,0.48333333333333334,0.05283333333333333,0.97763,0.9144,0.4676,0.2627,0.5363,CONSTRAINED,voltage,0.07518,1.05282,410.39,0
724,0.24,4,111,115,0.0,115.0,-,Main_720-734,5000.0,0.023,0.0222,0.0,0.99456,7.1414,4.1987,2.8231,5.0595,CAUTION,caution,0.0388,1.03484,92.64,1
734,0.24,0,40,40,15.85,2.5236593059936907,-,Main_720-734,5000.0,0.008,0.008,0.00317,0.90591,17.084,11.7015,8.5933,14.5179,CAUTION,caution,0.03573,1.00577,92.65,1
6221,0.24,0,60,60,0.0,60.0,T2,LV_secondary_T2_T4,300.0,0.2,0.2,0.0,0.99456,7.1872,4.2178,2.8303,5.0794,CAUTION,caution,0.04025,1.03482,92.72,0
624,0.24,0,110,110,0.0,110.0,T2,LV_secondary_T2_T4,300.0,0.36666666666666664,0.36666666666666664,0.0,0.99456,7.1414,4.1987,2.8231,5.0595,CAUTION,caution,0.03859,1.03316,92.64,1
6202,0.24,0,21,21,0.0,21.0,T2,LV_secondary_T2_T4,300.0,0.07,0.07,0.0,0.99456,7.0957,4.1795,2.816,5.0396,SAFE,none,0.00068,1.00551,92.77,0
740,0.24,0,95,95,75.0,1.2666666666666666,T5,Main_735-750,150.0,0.6333333333333333,0.6333333333333333,0.5,0.98202,23.0885,14.9212,11.4648,18.8171,CAUTION,caution,0.00803,1.00641,92.46,1
626,0.24,0,168,168,0.0,168.0,T2,LV_secondary_T2_T4,300.0,0.56,0.56,0.0,0.99456,7.2329,4.237,2.8374,5.0993,CONSTRAINED,voltage,0.14904,1.14361,92.61,1
626,0.24,9,40,49,0.0,49.0,T2,LV_secondary_T2_T4,300.0,0.16333333333333333,0.13333333333333333,0.0,0.99456,7.2329,4.237,2.8374,5.0993,CAUTION,caution,0.03895,1.04275,92.73,0
6201,0.24,0,146,146,0.0,146.0,T2,LV_secondary_T2_T4,300.0,0.4866666666666667,0.4866666666666667,0.0,0.99456,7.0957,4.1795,2.816,5.0396,CAUTION,caution,0.00462,1.00633,92.58,1
734,0.24,9,183,192,15.85,12.113564668769717,-,Main_720-734,5000.0,0.0384,0.0366,0.00317,0.90591,17.084,11.7015,8.5933,14.5179,CONSTRAINED,voltage,0.14299,1.05722,94.38,1
6331,0.24,0,215,215,0.0,215.0,T4,LV_secondary_T2_T4,150.0,1.4333333333333333,1.4333333333333333,0.0,0.91348,17.0383,11.6797,8.589,14.4978,CONSTRAINED,voltage_rise,0.09547,1.00896,114.52,1
623,0.24,0,18,18,0.0,18.0,T2,LV_secondary_T2_T4,300.0,0.06,0.06,0.0,0.99456,7.2329,4.237,2.8374,5.0993,SAFE,none,0.01828,1.01284,92.78,0
723,0.24,0,40,40,0.0,40.0,-,Main_720-734,5000.0,0.008,0.008,0.0,0.99456,7.2329,4.237,2.8374,5.0993,CAUTION,caution,0.03969,1.03425,92.74,0
6332,0.24,0,24,24,0.0,24.0,T4,LV_secondary_T2_T4,150.0,0.16,0.16,0.0,0.91348,17.0383,11.6797,8.589,14.4978,SAFE,none,0.01175,1.00561,92.71,0
622,0.24,0,37,37,0.0,37.0,T2,LV_secondary_T2_T4,300.0,0.12333333333333334,0.12333333333333334,0.0,0.99456,7.1872,4.2178,2.8303,5.0794,SAFE,none,0.02523,1.0198,92.75,0
728,0.24,3,146,149,38.0,3.9210526315789473,T3,Main_720-734,75.0,1.9866666666666666,1.9466666666666668,0.5066666666666667,0.93706,11.5824,7.8923,5.7834,9.7845,CONSTRAINED,transformer_loading,0.02738,1.00654,156.9,1
625,0.24,5,19,24,0.0,24.0,T2,LV_secondary_T2_T4,300.0,0.08,0.06333333333333334,0.0,0.99456,7.1872,4.2178,2.8303,5.0794,SAFE,none,0.01303,1.01109,92.77,0
732,0.24,0,189,189,25.4,7.440944881889764,T4,Main_720-734,150.0,1.26,1.26,0.16933333333333334,0.92105,16.9926,11.6578,8.5847,14.4776,CONSTRAINED,transformer_loading,0.0137,1.00717,106.22,1
6231,0.24,15,113,128,0.0,128.0,T2,LV_secondary_T2_T4,300.0,0.4266666666666667,0.37666666666666665,0.0,0.99456,7.2329,4.237,2.8374,5.0993,CONSTRAINED,voltage,0.10192,1.11177,92.64,1
725,0.24,0,246,246,0.0,246.0,-,Main_720-734,5000.0,0.0492,0.0492,0.0,0.99456,7.1872,4.2178,2.8303,5.0794,CONSTRAINED,voltage,0.1476,1.14217,92.52,1
6241,0.24,0,110,110,0.0,110.0,T2,LV_secondary_T2_T4,300.0,0.36666666666666664,0.36666666666666664,0.0,0.99456,7.1414,4.1987,2.8231,5.0595,CAUTION,caution,0.03859,1.03316,92.64,1
6242,0.24,0,80,80,0.0,80.0,T2,LV_secondary_T2_T4,300.0,0.26666666666666666,0.26666666666666666,0.0,0.99456,7.1414,4.1987,2.8231,5.0595,CAUTION,caution,0.0284,1.02297,92.68,1
716,0.48,0,65,65,15.85,4.100946372239748,T24(HV),Branch_701-708,300.0,0.21666666666666667,0.21666666666666667,0.05283333333333333,0.97763,0.9144,0.4676,0.2627,0.5363,CONSTRAINED,transformer_loading,0.03576,1.0134,165.7,0
743,0.24,14,152,166,240.0,0.6916666666666667,T7,Main_735-750,300.0,0.5533333333333333,0.5066666666666667,0.8,0.96367,21.8693,15.052,11.1097,18.708,SAFE,none,0.01046,1.00736,92.37,0
6211,0.24,13,85,98,0.0,98.0,T2,LV_secondary_T2_T4,300.0,0.32666666666666666,0.2833333333333333,0.0,0.99456,7.1414,4.1987,2.8231,5.0595,CAUTION,caution,0.0298,1.02911,92.66,1
714,0.208,11,230,241,240.0,1.0041666666666667,T24,Branch_701-708,30.0,8.033333333333333,7.666666666666667,8.0,0.99083,0.9144,0.4676,0.2627,0.5363,SAFE,none,0.00539,1.00675,92.62,0
759,0.24,0,182,182,35.0,5.2,T12,Branch_752-765,150.0,1.2133333333333334,1.2133333333333334,0.23333333333333334,0.93737,40.2701,27.7136,20.528,34.4883,CONSTRAINED,transformer_loading,0.02171,1.00785,103.1,1
625,0.24,0,61,61,0.0,61.0,T2,LV_secondary_T2_T4,300.0,0.20333333333333334,0.20333333333333334,0.0,0.99456,7.1872,4.2178,2.8303,5.0794,CAUTION,caution,0.0409,1.03547,92.71,0
712,0.24,0,120,120,65.0,1.8461538461538463,T18,Branch_701-708,300.0,0.4,0.4,0.21666666666666667,0.95826,7.7724,4.5565,3.3703,5.6675,CAUTION,caution,0.00517,1.00604,92.71,1
625,0.24,0,114,114,0.0,114.0,T2,LV_secondary_T2_T4,300.0,0.38,0.38,0.0,0.99456,7.1872,4.2178,2.8303,5.0794,CONSTRAINED,voltage,0.07379,1.06835,92.65,1
632,0.24,0,100,100,0.0,100.0,T4,LV_secondary_T2_T4,150.0,0.6666666666666666,0.6666666666666666,0.0,0.92105,16.9926,11.6578,8.5847,14.4776,CAUTION,caution,0.00741,1.00636,92.46,1
728,0.24,0,130,130,38.0,3.4210526315789473,T3,Main_720-734,75.0,1.7333333333333334,1.7333333333333334,0.5066666666666667,0.93706,11.5824,7.8923,5.7834,9.7845,CONSTRAINED,transformer_loading,0.0246,1.00641,131.82,1
623,0.24,0,65,65,0.0,65.0,T2,LV_secondary_T2_T4,300.0,0.21666666666666667,0.21666666666666667,0.0,0.99456,7.2329,4.237,2.8374,5.0993,CONSTRAINED,voltage,0.06292,1.05749,92.71,0
625,0.24,0,158,158,0.0,158.0,T2,LV_secondary_T2_T4,300.0,0.5266666666666666,0.5266666666666666,0.0,0.99456,7.1872,4.2178,2.8303,5.0794,CONSTRAINED,voltage,0.09955,1.09412,92.6,1
726,0.24,0,40,40,0.0,40.0,-,Main_720-734,5000.0,0.008,0.008,0.0,0.99456,7.2329,4.237,2.8374,5.0993,CAUTION,caution,0.03969,1.03425,92.74,0
6222,0.24,0,70,70,0.0,70.0,T2,LV_secondary_T2_T4,300.0,0.23333333333333334,0.23333333333333334,0.0,0.99456,7.1872,4.2178,2.8303,5.0794,CAUTION,caution,0.04664,1.04121,92.7,0
759,0.24,0,201,201,35.0,5.742857142857143,T12,Branch_752-765,150.0,1.34,1.34,0.23333333333333334,0.93737,40.2701,27.7136,20.528,34.4883,CONSTRAINED,transformer_loading,0.02385,1.00808,115.94,1
7643,0.24,0,176,176,0.0,176.0,T14,LV_secondary_T2_T4,150.0,1.1733333333333333,1.1733333333333333,0.0,0.9365,42.617,29.4074,21.7473,36.5751,CAUTION,caution,0.02177,1.00781,92.32,1
6231,0.24,0,97,97,0.0,97.0,T2,LV_secondary_T2_T4,300.0,0.3233333333333333,0.3233333333333333,0.0,0.99456,7.2329,4.237,2.8374,5.0993,CONSTRAINED,voltage,0.09119,1.08576,92.68,1
710,0.208,0,118,118,80.0,1.475,T17,Branch_701-708,300.0,0.3933333333333333,0.3933333333333333,0.26666666666666666,0.95736,7.0104,4.008,2.9713,4.9893,CAUTION,caution,0.00467,1.00604,92.71,1
770,0.24,0,35,35,450.0,0.07777777777777778,T15,Delta_766-772,1500.0,0.023333333333333334,0.023333333333333334,0.3,0.95059,44.5068,31.369,22.8385,38.8022,SAFE,none,0.00443,1.00594,92.59,0
772,0.208,0,77,77,100.0,0.77,T19,Delta_766-772,300.0,0.25666666666666665,0.25666666666666665,0.3333333333333333,0.93424,43.184,29.887,22.1458,37.1977,SAFE,none,0.00833,1.0065,92.45,0
716,0.48,0,100,100,15.85,6.309148264984227,T24(HV),Branch_701-708,300.0,0.3333333333333333,0.3333333333333333,0.05283333333333333,0.97763,0.9144,0.4676,0.2627,0.5363,CONSTRAINED,voltage_rise,0.05356,1.0312,274.35,0
722,0.24,0,90,90,0.0,90.0,-,Main_720-734,5000.0,0.018,0.018,0.0,0.99456,7.1872,4.2178,2.8303,5.0794,CONSTRAINED,voltage,0.05916,1.05373,92.68,1
6212,0.24,0,150,150,0.0,150.0,T2,LV_secondary_T2_T4,300.0,0.5,0.5,0.0,0.99456,7.1414,4.1987,2.8231,5.0595,CONSTRAINED,voltage_rise,0.05184,1.04641,92.59,1
726,0.24,0,70,70,0.0,70.0,-,Main_720-734,5000.0,0.014,0.014,0.0,0.99456,7.2329,4.237,2.8374,5.0993,CONSTRAINED,voltage,0.06744,1.06201,92.71,0
722,0.24,0,184,184,0.0,184.0,-,Main_720-734,5000.0,0.0368,0.0368,0.0,0.99456,7.1872,4.2178,2.8303,5.0794,CONSTRAINED,voltage,0.11419,1.10876,92.57,1
733,0.24,0,39,39,0.0,39.0,-,Main_720-734,5000.0,0.0078,0.0078,0.0,0.91348,17.0383,11.6797,8.589,14.4978,CAUTION,caution,0.01893,1.00576,92.66,1
751,0.48,0,156,156,0.0,156.0,T9,other,1500.0,0.104,0.104,0.0,0.9685,34.4789,23.8283,17.6385,29.6463,SAFE,none,0.01119,1.00724,92.38,0
734,0.24,6,180,186,15.85,11.735015772870662,-,Main_720-734,5000.0,0.0372,0.036,0.00317,0.90591,17.084,11.7015,8.5933,14.5179,CONSTRAINED,voltage,0.14164,1.05311,92.41,1
734,0.24,0,60,60,15.85,3.7854889589905363,-,Main_720-734,5000.0,0.012,0.012,0.00317,0.90591,17.084,11.7015,8.5933,14.5179,CONSTRAINED,voltage_rise,0.05257,1.00595,92.58,1
733,0.24,14,144,158,0.0,158.0,-,Main_720-734,5000.0,0.0316,0.0288,0.0,0.91348,17.0383,11.6797,8.589,14.4978,CONSTRAINED,voltage_rise,0.06516,1.00679,92.42,1
7121,0.24,0,99,99,0.0,99.0,T18,LV_secondary_T2_T4,300.0,0.33,0.33,0.0,0.95826,7.7724,4.5565,3.3703,5.6675,CAUTION,caution,0.00428,1.00593,92.73,1
7392,0.24,0,40,40,0.0,40.0,T6,LV_secondary_T2_T4,150.0,0.26666666666666666,0.26666666666666666,0.0,0.98477,24.6125,15.6519,11.8507,19.6321,SAFE,none,0.00343,1.00581,92.63,0
7122,0.24,0,242,242,0.0,242.0,T18,LV_secondary_T2_T4,300.0,0.8066666666666666,0.8066666666666666,0.0,0.95826,7.7724,4.5565,3.3703,5.6675,CAUTION,caution,0.01019,1.00666,92.63,1
708,0.24,3,222,225,75.0,3.0,T16,Branch_701-708,300.0,0.75,0.74,0.25,0.95801,6.2484,3.6185,2.8328,4.5954,CAUTION,caution,0.00803,1.00658,92.64,1
732,0.24,0,187,187,25.4,7.362204724409449,T4,Main_720-734,150.0,1.2466666666666666,1.2466666666666666,0.16933333333333334,0.92105,16.9926,11.6578,8.5847,14.4776,CONSTRAINED,transformer_loading,0.01357,1.00715,104.83,1
626,0.24,0,60,60,0.0,60.0,T2,LV_secondary_T2_T4,300.0,0.2,0.2,0.0,0.99456,7.2329,4.237,2.8374,5.0993,CONSTRAINED,voltage,0.05836,1.05293,92.72,0
7691,0.24,0,192,192,0.0,192.0,T22,LV_secondary_T2_T4,150.0,1.28,1.28,0.0,0.95405,44.5068,31.369,22.8385,38.8022,CONSTRAINED,transformer_loading,0.02867,1.00819,103.05,1
725,0.24,0,125,125,0.0,125.0,-,Main_720-734,5000.0,0.025,0.025,0.0,0.99456,7.1872,4.2178,2.8303,5.0794,CONSTRAINED,voltage,0.08035,1.07492,92.64,1
7481,0.24,0,94,94,0.0,94.0,T8,LV_secondary_T2_T4,150.0,0.6266666666666667,0.6266666666666667,0.0,0.95585,27.31,18.8387,13.9267,23.4276,CAUTION,caution,0.00932,1.00656,92.45,1
708,0.24,0,235,235,75.0,3.1333333333333333,T16,Branch_701-708,300.0,0.7833333333333333,0.7833333333333333,0.25,0.95801,6.2484,3.6185,2.8328,4.5954,CAUTION,caution,0.00849,1.00663,92.63,1
714,0.208,0,197,197,240.0,0.8208333333333333,T24,Branch_701-708,30.0,6.566666666666666,6.566666666666666,8.0,0.99083,0.9144,0.4676,0.2627,0.5363,SAFE,none,0.00465,1.00651,92.65,0
772,0.208,12,211,223,100.0,2.23,T19,Delta_766-772,300.0,0.7433333333333333,0.7033333333333334,0.3333333333333333,0.93424,43.184,29.887,22.1458,37.1977,CAUTION,caution,0.02202,1.00849,92.26,1
6231,0.24,0,60,60,0.0,60.0,T2,LV_secondary_T2_T4,300.0,0.2,0.2,0.0,0.99456,7.2329,4.237,2.8374,5.0993,CONSTRAINED,voltage,0.05836,1.05293,92.72,0
6261,0.24,0,55,55,0.0,55.0,T2,LV_secondary_T2_T4,300.0,0.18333333333333332,0.18333333333333332,0.0,0.99456,7.2329,4.237,2.8374,5.0993,CONSTRAINED,voltage_rise,0.05376,1.04833,92.73,0
733,0.24,9,176,185,0.0,185.0,-,Main_720-734,5000.0,0.037,0.0352,0.0,0.91348,17.0383,11.6797,8.589,14.4978,CONSTRAINED,voltage_rise,0.07884,1.00699,96.21,1
7483,0.24,0,74,74,0.0,74.0,T8,LV_secondary_T2_T4,150.0,0.49333333333333335,0.49333333333333335,0.0,0.95585,27.31,18.8387,13.9267,23.4276,SAFE,none,0.00737,1.00631,92.47,0
715,0.208,0,160,160,0.0,160.0,-,Branch_701-708,5000.0,0.032,0.032,0.0,0.99083,0.9144,0.4676,0.2627,0.5363,SAFE,none,0.0038,1.00631,92.68,0
6212,0.24,0,31,31,0.0,31.0,T2,LV_secondary_T2_T4,300.0,0.10333333333333333,0.10333333333333333,0.0,0.99456,7.1414,4.1987,2.8231,5.0595,SAFE,none,0.01122,1.00579,92.76,0
7393,0.24,0,102,102,0.0,102.0,T6,LV_secondary_T2_T4,150.0,0.68,0.68,0.0,0.98477,24.6125,15.6519,11.8507,19.6321,CAUTION,caution,0.00862,1.00646,92.45,1
6222,0.24,7,103,110,0.0,110.0,T2,LV_secondary_T2_T4,300.0,0.36666666666666664,0.3433333333333333,0.0,0.99456,7.1872,4.2178,2.8303,5.0794,CONSTRAINED,voltage,0.0665,1.06595,92.65,1
720,0.24,0,205,205,66.0,3.106060606060606,T2,Main_720-734,300.0,0.6833333333333333,0.6833333333333333,0.22,0.99456,7.0957,4.1795,2.816,5.0396,CAUTION,caution,0.00643,1.0067,92.49,1
724,0.24,0,163,163,0.0,163.0,-,Main_720-734,5000.0,0.0326,0.0326,0.0,0.99456,7.1414,4.1987,2.8231,5.0595,CONSTRAINED,voltage,0.05606,1.05063,92.58,1
728,0.24,0,19,19,38.0,0.5,T3,Main_720-734,75.0,0.25333333333333335,0.25333333333333335,0.5066666666666667,0.93706,11.5824,7.8923,5.7834,9.7845,SAFE,none,0.00376,1.00553,92.75,0
772,0.208,4,29,33,100.0,0.33,T19,Delta_766-772,300.0,0.11,0.09666666666666666,0.3333333333333333,0.93424,43.184,29.887,22.1458,37.1977,SAFE,none,0.00317,1.00586,92.62,0
632,0.24,0,82,82,0.0,82.0,T4,LV_secondary_T2_T4,150.0,0.5466666666666666,0.5466666666666666,0.0,0.92105,16.9926,11.6578,8.5847,14.4776,CAUTION,caution,0.0061,1.00619,92.49,1
733,0.24,11,56,67,0.0,67.0,-,Main_720-734,5000.0,0.0134,0.0112,0.0,0.91348,17.0383,11.6797,8.589,14.4978,CAUTION,caution,0.02659,1.00603,92.55,1
739,0.24,0,190,190,41.1,4.622871046228711,T6,Main_735-750,150.0,1.2666666666666666,1.2666666666666666,0.274,0.98477,24.6125,15.6519,11.8507,19.6321,CONSTRAINED,transformer_loading,0.01573,1.00734,100.04,1
764,0.24,0,187,187,46.0,4.065217391304348,T14,Branch_752-765,150.0,1.2466666666666666,1.2466666666666666,0.30666666666666664,0.9365,42.617,29.4074,21.7473,36.5751,CAUTION,caution,0.02306,1.00795,99.47,1
7643,0.24,3,189,192,0.0,192.0,T14,LV_secondary_T2_T4,150.0,1.28,1.26,0.0,0.9365,42.617,29.4074,21.7473,36.5751,CONSTRAINED,transformer_loading,0.02326,1.00801,102.83,1
623,0.24,0,176,176,0.0,176.0,T2,LV_secondary_T2_T4,300.0,0.5866666666666667,0.5866666666666667,0.0,0.99456,7.2329,4.237,2.8374,5.0993,CONSTRAINED,voltage,0.1552,1.14977,92.6,1
739,0.24,14,232,246,41.1,5.985401459854014,T6,Main_735-750,150.0,1.64,1.5466666666666666,0.274,0.98477,24.6125,15.6519,11.8507,19.6321,CONSTRAINED,transformer_loading,0.01891,1.00786,136.52,1
716,0.48,0,54,54,15.85,3.406940063091483,T24(HV),Branch_701-708,300.0,0.18,0.18,0.05283333333333333,0.97763,0.9144,0.4676,0.2627,0.5363,CONSTRAINED,transformer_loading,0.02997,1.0076,131.4,0
6332,0.24,0,85,85,0.0,85.0,T4,LV_secondary_T2_T4,150.0,0.5666666666666667,0.5666666666666667,0.0,0.91348,17.0383,11.6797,8.589,14.4978,CAUTION,caution,0.04023,1.00619,92.49,1
740,0.24,0,75,75,75.0,1.0,T5,Main_735-750,150.0,0.5,0.5,0.5,0.98202,23.0885,14.9212,11.4648,18.8171,SAFE,none,0.00637,1.0062,92.49,0
6212,0.24,0,241,241,0.0,241.0,T2,LV_secondary_T2_T4,300.0,0.8033333333333333,0.8033333333333333,0.0,0.99456,7.1414,4.1987,2.8231,5.0595,CONSTRAINED,voltage,0.08064,1.07521,92.49,1
7392,0.24,0,7,7,0.0,7.0,T6,LV_secondary_T2_T4,150.0,0.04666666666666667,0.04666666666666667,0.0,0.98477,24.6125,15.6519,11.8507,19.6321,SAFE,none,0.0006,1.00544,92.77,0
6262,0.24,0,65,65,0.0,65.0,T2,LV_secondary_T2_T4,300.0,0.21666666666666667,0.21666666666666667,0.0,0.99456,7.2329,4.237,2.8374,5.0993,CONSTRAINED,voltage,0.06292,1.05749,92.71,0
740,0.24,5,135,140,75.0,1.8666666666666667,T5,Main_735-750,150.0,0.9333333333333333,0.9,0.5,0.98202,23.0885,14.9212,11.4648,18.8171,CAUTION,caution,0.01128,1.00687,92.41,1
6211,0.24,0,208,208,0.0,208.0,T2,LV_secondary_T2_T4,300.0,0.6933333333333334,0.6933333333333334,0.0,0.99456,7.1414,4.1987,2.8231,5.0595,CONSTRAINED,voltage,0.0704,1.06497,92.52,1
726,0.24,0,65,65,0.0,65.0,-,Main_720-734,5000.0,0.013,0.013,0.0,0.99456,7.2329,4.237,2.8374,5.0993,CONSTRAINED,voltage,0.06292,1.05749,92.71,0
720,0.24,15,40,55,66.0,0.8333333333333334,T2,Main_720-734,300.0,0.18333333333333332,0.13333333333333333,0.22,0.99456,7.0957,4.1795,2.816,5.0396,SAFE,none,0.00128,1.00574,92.72,0
7481,0.24,0,72,72,0.0,72.0,T8,LV_secondary_T2_T4,150.0,0.48,0.48,0.0,0.95585,27.31,18.8387,13.9267,23.4276,SAFE,none,0.00718,1.00629,92.47,0
724,0.24,0,247,247,0.0,247.0,-,Main_720-734,5000.0,0.0494,0.0494,0.0,0.99456,7.1414,4.1987,2.8231,5.0595,CONSTRAINED,voltage,0.08248,1.07705,92.48,1
751,0.48,15,149,164,0.0,164.0,T9,other,1500.0,0.10933333333333334,0.09933333333333333,0.0,0.9685,34.4789,23.8283,17.6385,29.6463,SAFE,none,0.01065,1.00733,92.37,0
725,0.24,0,89,89,0.0,89.0,-,Main_720-734,5000.0,0.0178,0.0178,0.0,0.99456,7.1872,4.2178,2.8303,5.0794,CONSTRAINED,voltage,0.05855,1.05311,92.68,1
626,0.24,0,183,183,0.0,183.0,T2,LV_secondary_T2_T4,300.0,0.61,0.61,0.0,0.99456,7.2329,4.237,2.8374,5.0993,CONSTRAINED,voltage,0.16054,1.15511,92.59,1
710,0.208,0,129,129,80.0,1.6125,T17,Branch_701-708,300.0,0.43,0.43,0.26666666666666666,0.95736,7.0104,4.008,2.9713,4.9893,CAUTION,caution,0.00509,1.0061,92.71,1
728,0.24,0,186,186,38.0,4.894736842105263,T3,Main_720-734,75.0,2.48,2.48,0.5066666666666667,0.93706,11.5824,7.8923,5.7834,9.7845,CONSTRAINED,transformer_loading,0.03443,1.00677,205.77,1
6212,0.24,0,8,8,0.0,8.0,T2,LV_secondary_T2_T4,300.0,0.02666666666666667,0.02666666666666667,0.0,0.99456,7.1414,4.1987,2.8231,5.0595,SAFE,none,0.00292,1.00542,92.79,0
6221,0.24,15,17,32,0.0,32.0,T2,LV_secondary_T2_T4,300.0,0.10666666666666667,0.056666666666666664,0.0,0.99456,7.1872,4.2178,2.8303,5.0794,SAFE,none,0.0115,1.01647,92.76,0
726,0.24,15,108,123,0.0,123.0,-,Main_720-734,5000.0,0.0246,0.0216,0.0,0.99456,7.2329,4.237,2.8374,5.0993,CONSTRAINED,voltage,0.09781,1.10766,92.65,1
743,0.24,0,220,220,240.0,0.9166666666666666,T7,Main_735-750,300.0,0.7333333333333333,0.7333333333333333,0.8,0.96367,21.8693,15.052,11.1097,18.708,SAFE,none,0.01503,1.00796,92.31,0
7483,0.24,0,142,142,0.0,142.0,T8,LV_secondary_T2_T4,150.0,0.9466666666666667,0.9466666666666667,0.0,0.95585,27.31,18.8387,13.9267,23.4276,CAUTION,caution,0.01391,1.00713,92.39,1
7122,0.24,3,171,174,0.0,174.0,T18,LV_secondary_T2_T4,300.0,0.58,0.57,0.0,0.95826,7.7724,4.5565,3.3703,5.6675,CAUTION,caution,0.00729,1.00632,92.67,1
751,0.48,0,103,103,0.0,103.0,T9,other,1500.0,0.06866666666666667,0.06866666666666667,0.0,0.9685,34.4789,23.8283,17.6385,29.6463,SAFE,none,0.00744,1.00662,92.44,0
621,0.24,0,53,53,0.0,53.0,T2,LV_secondary_T2_T4,300.0,0.17666666666666667,0.17666666666666667,0.0,0.99456,7.1414,4.1987,2.8231,5.0595,SAFE,none,0.01902,1.01359,92.72,0
622,0.24,0,34,34,0.0,34.0,T2,LV_secondary_T2_T4,300.0,0.11333333333333333,0.11333333333333333,0.0,0.99456,7.1872,4.2178,2.8303,5.0794,SAFE,none,0.02324,1.01781,92.75,0
6222,0.24,12,166,178,0.0,178.0,T2,LV_secondary_T2_T4,300.0,0.5933333333333334,0.5533333333333333,0.0,0.99456,7.1872,4.2178,2.8303,5.0794,CONSTRAINED,voltage,0.10251,1.10542,92.58,1
6252,0.24,0,174,174,0.0,174.0,T2,LV_secondary_T2_T4,300.0,0.58,0.58,0.0,0.99456,7.1872,4.2178,2.8303,5.0794,CONSTRAINED,voltage,0.10861,1.10318,92.58,1
6261,0.24,0,40,40,0.0,40.0,T2,LV_secondary_T2_T4,300.0,0.13333333333333333,0.13333333333333333,0.0,0.99456,7.2329,4.237,2.8374,5.0993,CAUTION,caution,0.03969,1.03425,92.74,0
621,0.24,0,36,36,0.0,36.0,T2,LV_secondary_T2_T4,300.0,0.12,0.12,0.0,0.99456,7.1414,4.1987,2.8231,5.0595,SAFE,none,0.01301,1.00758,92.75,0
620,0.24,0,225,225,0.0,225.0,T2,LV_secondary_T2_T4,300.0,0.75,0.75,0.0,0.99456,7.0957,4.1795,2.816,5.0396,CAUTION,caution,0.00703,1.00682,92.46,1
6231,0.24,0,225,225,0.0,225.0,T2,LV_secondary_T2_T4,300.0,0.75,0.75,0.0,0.99456,7.2329,4.237,2.8374,5.0993,CONSTRAINED,voltage,0.19158,1.18615,92.56,1
633,0.24,0,207,207,0.0,207.0,T4,LV_secondary_T2_T4,150.0,1.38,1.38,0.0,0.91348,17.0383,11.6797,8.589,14.4978,CONSTRAINED,voltage_rise,0.09225,1.00715,109.67,1
715,0.208,0,242,242,0.0,242.0,-,Branch_701-708,5000.0,0.0484,0.0484,0.0,0.99083,0.9144,0.4676,0.2627,0.5363,SAFE,none,0.00568,1.00676,92.62,0
6322,0.24,11,32,43,0.0,43.0,T4,LV_secondary_T2_T4,150.0,0.2866666666666667,0.21333333333333335,0.0,0.92105,16.9926,11.6578,8.5847,14.4776,SAFE,none,0.0024,1.0058,92.64,0
723,0.24,11,61,72,0.0,72.0,-,Main_720-734,5000.0,0.0144,0.0122,0.0,0.99456,7.2329,4.237,2.8374,5.0993,CONSTRAINED,voltage,0.05799,1.06381,92.7,0
6252,0.24,0,80,80,0.0,80.0,T2,LV_secondary_T2_T4,300.0,0.26666666666666666,0.26666666666666666,0.0,0.99456,7.1872,4.2178,2.8303,5.0794,CONSTRAINED,voltage_rise,0.05294,1.04751,92.69,1
732,0.24,0,69,69,25.4,2.716535433070866,T4,Main_720-734,150.0,0.46,0.46,0.16933333333333334,0.92105,16.9926,11.6578,8.5847,14.4776,CAUTION,caution,0.00515,1.00606,92.54,1
7643,0.24,0,91,91,0.0,91.0,T14,LV_secondary_T2_T4,150.0,0.6066666666666667,0.6066666666666667,0.0,0.9365,42.617,29.4074,21.7473,36.5751,CAUTION,caution,0.01153,1.00668,92.43,1
715,0.208,11,222,233,0.0,233.0,-,Branch_701-708,5000.0,0.0466,0.0444,0.0,0.99083,0.9144,0.4676,0.2627,0.5363,SAFE,none,0.00521,1.00671,92.62,0
6222,0.24,0,90,90,0.0,90.0,T2,LV_secondary_T2_T4,300.0,0.3,0.3,0.0,0.99456,7.1872,4.2178,2.8303,5.0794,CONSTRAINED,voltage,0.05916,1.05373,92.68,1
743,0.24,0,173,173,240.0,0.7208333333333333,T7,Main_735-750,300.0,0.5766666666666667,0.5766666666666667,0.8,0.96367,21.8693,15.052,11.1097,18.708,SAFE,none,0.01192,1.00744,92.36,0
6231,0.24,0,134,134,0.0,134.0,T2,LV_secondary_T2_T4,300.0,0.44666666666666666,0.44666666666666666,0.0,0.99456,7.2329,4.237,2.8374,5.0993,CONSTRAINED,voltage,0.12209,1.11666,92.64,1
751,0.48,12,222,234,0.0,234.0,T9,other,1500.0,0.156,0.148,0.0,0.9685,34.4789,23.8283,17.6385,29.6463,SAFE,none,0.01573,1.00813,92.29,0
6251,0.24,0,231,231,0.0,231.0,T2,LV_secondary_T2_T4,300.0,0.77,0.77,0.0,0.99456,7.1872,4.2178,2.8303,5.0794,CONSTRAINED,voltage,0.1397,1.13427,92.53,1
7481,0.24,15,27,42,0.0,42.0,T8,LV_secondary_T2_T4,150.0,0.28,0.18,0.0,0.95585,27.31,18.8387,13.9267,23.4276,SAFE,none,0.0027,1.00591,92.59,0
721,0.24,0,63,63,0.0,63.0,-,Main_720-734,5000.0,0.0126,0.0126,0.0,0.99456,7.1414,4.1987,2.8231,5.0595,SAFE,none,0.02251,1.01708,92.71,0
6331,0.24,0,90,90,0.0,90.0,T4,LV_secondary_T2_T4,150.0,0.6,0.6,0.0,0.91348,17.0383,11.6797,8.589,14.4978,CAUTION,caution,0.04248,1.00623,92.48,1
721,0.24,0,209,209,0.0,209.0,-,Main_720-734,5000.0,0.0418,0.0418,0.0,0.99456,7.1414,4.1987,2.8231,5.0595,CONSTRAINED,voltage,0.07071,1.06528,92.52,1
743,0.24,0,93,93,240.0,0.3875,T7,Main_735-750,300.0,0.31,0.31,0.8,0.96367,21.8693,15.052,11.1097,18.708,SAFE,none,0.0065,1.00651,92.45,0
7122,0.24,11,128,139,0.0,139.0,T18,LV_secondary_T2_T4,300.0,0.4633333333333333,0.4266666666666667,0.0,0.95826,7.7724,4.5565,3.3703,5.6675,CAUTION,caution,0.00548,1.00614,92.7,1
6321,0.24,0,233,233,0.0,233.0,T4,LV_secondary_T2_T4,150.0,1.5533333333333332,1.5533333333333332,0.0,0.92105,16.9926,11.6578,8.5847,14.4776,CONSTRAINED,transformer_loading,0.01672,1.00755,136.91,1
770,0.24,0,73,73,450.0,0.1622222222222222,T15,Delta_766-772,1500.0,0.048666666666666664,0.048666666666666664,0.3,0.95059,44.5068,31.369,22.8385,38.8022,SAFE,none,0.00915,1.00654,92.45,0
620,0.24,15,178,193,0.0,193.0,T2,LV_secondary_T2_T4,300.0,0.6433333333333333,0.5933333333333334,0.0,0.99456,7.0957,4.1795,2.816,5.0396,CAUTION,caution,0.00558,1.00663,92.51,1
764,0.24,0,151,151,46.0,3.282608695652174,T14,Branch_752-765,150.0,1.0066666666666666,1.0066666666666666,0.30666666666666664,0.9365,42.617,29.4074,21.7473,36.5751,CAUTION,caution,0.01881,1.00748,92.35,1
7643,0.24,3,49,52,0.0,52.0,T14,LV_secondary_T2_T4,150.0,0.3466666666666667,0.32666666666666666,0.0,0.9365,42.617,29.4074,21.7473,36.5751,SAFE,none,0.00627,1.00613,92.51,0
6222,0.24,0,205,205,0.0,205.0,T2,LV_secondary_T2_T4,300.0,0.6833333333333333,0.6833333333333333,0.0,0.99456,7.1872,4.2178,2.8303,5.0794,CONSTRAINED,voltage,0.12574,1.1203,92.55,1
716,0.48,7,50,57,15.85,3.5962145110410098,T24(HV),Branch_701-708,300.0,0.19,0.16666666666666666,0.05283333333333333,0.97763,0.9144,0.4676,0.2627,0.5363,CONSTRAINED,transformer_loading,0.02752,1.00919,140.74,0
6262,0.24,0,207,207,0.0,207.0,T2,LV_secondary_T2_T4,300.0,0.69,0.69,0.0,0.99456,7.2329,4.237,2.8374,5.0993,CONSTRAINED,voltage,0.17847,1.17304,92.57,1
770,0.24,0,39,39,450.0,0.08666666666666667,T15,Delta_766-772,1500.0,0.026,0.026,0.3,0.95059,44.5068,31.369,22.8385,38.8022,SAFE,none,0.00493,1.006,92.57,0
6201,0.24,10,130,140,0.0,140.0,T2,LV_secondary_T2_T4,300.0,0.4666666666666667,0.43333333333333335,0.0,0.99456,7.0957,4.1795,2.816,5.0396,CAUTION,caution,0.00411,1.0063,92.59,1
7121,0.24,9,91,100,0.0,100.0,T18,LV_secondary_T2_T4,300.0,0.3333333333333333,0.30333333333333334,0.0,0.95826,7.7724,4.5565,3.3703,5.6675,CAUTION,caution,0.00393,1.00593,92.73,1
633,0.24,7,94,101,0.0,101.0,T4,LV_secondary_T2_T4,150.0,0.6733333333333333,0.6266666666666667,0.0,0.91348,17.0383,11.6797,8.589,14.4978,CAUTION,caution,0.04394,1.00633,92.47,1
764,0.24,0,125,125,46.0,2.717391304347826,T14,Branch_752-765,150.0,0.8333333333333334,0.8333333333333334,0.30666666666666664,0.9365,42.617,29.4074,21.7473,36.5751,CAUTION,caution,0.01568,1.00714,92.39,1
6202,0.24,8,107,115,0.0,115.0,T2,LV_secondary_T2_T4,300.0,0.38333333333333336,0.3566666666666667,0.0,0.99456,7.0957,4.1795,2.816,5.0396,CAUTION,caution,0.0034,1.00613,92.63,1
6231,0.24,8,76,84,0.0,84.0,T2,LV_secondary_T2_T4,300.0,0.28,0.25333333333333335,0.0,0.99456,7.2329,4.237,2.8374,5.0993,CONSTRAINED,voltage,0.07168,1.07446,92.69,1
6261,0.24,8,208,216,0.0,216.0,T2,LV_secondary_T2_T4,300.0,0.72,0.6933333333333334,0.0,0.99456,7.2329,4.237,2.8374,5.0993,CONSTRAINED,voltage,0.17685,1.17963,92.57,1
6212,0.24,0,115,115,0.0,115.0,T2,LV_secondary_T2_T4,300.0,0.38333333333333336,0.38333333333333336,0.0,0.99456,7.1414,4.1987,2.8231,5.0595,CAUTION,caution,0.04027,1.03484,92.64,1
633,0.24,0,116,116,0.0,116.0,T4,LV_secondary_T2_T4,150.0,0.7733333333333333,0.7733333333333333,0.0,0.91348,17.0383,11.6797,8.589,14.4978,CONSTRAINED,voltage_rise,0.05402,1.00645,92.45,1
6262,0.24,0,195,195,0.0,195.0,T2,LV_secondary_T2_T4,300.0,0.65,0.65,0.0,0.99456,7.2329,4.237,2.8374,5.0993,CONSTRAINED,voltage,0.16957,1.16414,92.58,1
721,0.24,0,10,10,0.0,10.0,-,Main_720-734,5000.0,0.002,0.002,0.0,0.99456,7.1414,4.1987,2.8231,5.0595,SAFE,none,0.00365,1.00543,92.79,0
7642,0.24,0,71,71,0.0,71.0,T14,LV_secondary_T2_T4,150.0,0.47333333333333333,0.47333333333333333,0.0,0.9365,42.617,29.4074,21.7473,36.5751,CAUTION,caution,0.00905,1.0064,92.46,1
710,0.208,0,245,245,80.0,3.0625,T17,Branch_701-708,300.0,0.8166666666666667,0.8166666666666667,0.26666666666666666,0.95736,7.0104,4.008,2.9713,4.9893,CAUTION,caution,0.00947,1.00668,92.63,1
6211,0.24,0,59,59,0.0,59.0,T2,LV_secondary_T2_T4,300.0,0.19666666666666666,0.19666666666666666,0.0,0.99456,7.1414,4.1987,2.8231,5.0595,SAFE,none,0.02112,1.01569,92.71,0
740,0.24,9,120,129,75.0,1.72,T5,Main_735-750,150.0,0.86,0.8,0.5,0.98202,23.0885,14.9212,11.4648,18.8171,CAUTION,caution,0.01004,1.00676,92.42,1
732,0.24,11,134,145,25.4,5.708661417322835,T4,Main_720-734,150.0,0.9666666666666667,0.8933333333333333,0.16933333333333334,0.92105,16.9926,11.6578,8.5847,14.4776,CAUTION,caution,0.00979,1.00678,92.42,1
6242,0.24,0,236,236,0.0,236.0,T2,LV_secondary_T2_T4,300.0,0.7866666666666666,0.7866666666666666,0.0,0.99456,7.1414,4.1987,2.8231,5.0595,CONSTRAINED,voltage,0.07911,1.07368,92.49,1
6321,0.24,0,208,208,0.0,208.0,T4,LV_secondary_T2_T4,150.0,1.3866666666666667,1.3866666666666667,0.0,0.92105,16.9926,11.6578,8.5847,14.4776,CONSTRAINED,transformer_loading,0.01501,1.00734,119.48,1
728,0.24,11,62,73,38.0,1.9210526315789473,T3,Main_720-734,75.0,0.9733333333333334,0.8266666666666667,0.5066666666666667,0.93706,11.5824,7.8923,5.7834,9.7845,CAUTION,caution,0.01195,1.00598,92.61,1
7693,0.24,12,128,140,0.0,140.0,T22,LV_secondary_T2_T4,150.0,0.9333333333333333,0.8533333333333334,0.0,0.95405,44.5068,31.369,22.8385,38.8022,CAUTION,caution,0.01935,1.00748,92.36,1
7121,0.24,0,145,145,0.0,145.0,T18,LV_secondary_T2_T4,300.0,0.48333333333333334,0.48333333333333334,0.0,0.95826,7.7724,4.5565,3.3703,5.6675,CAUTION,caution,0.00622,1.00617,92.69,1
7122,0.24,3,27,30,0.0,30.0,T18,LV_secondary_T2_T4,300.0,0.1,0.09,0.0,0.95826,7.7724,4.5565,3.3703,5.6675,SAFE,none,0.00118,1.00554,92.78,0
710,0.208,0,142,142,80.0,1.775,T17,Branch_701-708,300.0,0.47333333333333333,0.47333333333333333,0.26666666666666666,0.95736,7.0104,4.008,2.9713,4.9893,CAUTION,caution,0.00559,1.00616,92.7,1
721,0.24,0,221,221,0.0,221.0,-,Main_720-734,5000.0,0.0442,0.0442,0.0,0.99456,7.1414,4.1987,2.8231,5.0595,CONSTRAINED,voltage,0.07446,1.06903,92.51,1
6252,0.24,7,193,200,0.0,200.0,T2,LV_secondary_T2_T4,300.0,0.6666666666666666,0.6433333333333333,0.0,0.99456,7.1872,4.2178,2.8303,5.0794,CONSTRAINED,voltage,0.11813,1.11758,92.56,1
724,0.24,13,24,37,0.0,37.0,-,Main_720-734,5000.0,0.0074,0.0048,0.0,0.99456,7.1414,4.1987,2.8231,5.0595,SAFE,none,0.00862,1.00793,92.75,0
748,0.24,0,193,193,76.88,2.5104058272632677,T8,Main_735-750,150.0,1.2866666666666666,1.2866666666666666,0.5125333333333333,0.95585,27.31,18.8387,13.9267,23.4276,CAUTION,caution,0.01867,1.00771,92.33,1
708,0.24,0,234,234,75.0,3.12,T16,Branch_701-708,300.0,0.78,0.78,0.25,0.95801,6.2484,3.6185,2.8328,4.5954,CAUTION,caution,0.00845,1.00663,92.63,1
730,0.24,0,142,142,85.0,1.6705882352941177,T23,Main_720-734,300.0,0.47333333333333333,0.47333333333333333,0.2833333333333333,0.94696,11.8872,7.965,5.8252,9.8678,CAUTION,caution,0.00589,1.00656,92.44,1
715,0.208,0,177,177,0.0,177.0,-,Branch_701-708,5000.0,0.0354,0.0354,0.0,0.99083,0.9144,0.4676,0.2627,0.5363,SAFE,none,0.00419,1.0064,92.66,0
726,0.24,0,45,45,0.0,45.0,-,Main_720-734,5000.0,0.009,0.009,0.0,0.99456,7.2329,4.237,2.8374,5.0993,CAUTION,caution,0.04442,1.03899,92.74,0
622,0.24,0,80,80,0.0,80.0,T2,LV_secondary_T2_T4,300.0,0.26666666666666666,0.26666666666666666,0.0,0.99456,7.1872,4.2178,2.8303,5.0794,CONSTRAINED,voltage_rise,0.05294,1.04751,92.69,1
726,0.24,0,50,50,0.0,50.0,-,Main_720-734,5000.0,0.01,0.01,0.0,0.99456,7.2329,4.237,2.8374,5.0993,CAUTION,caution,0.04911,1.04368,92.73,0
621,0.24,0,121,121,0.0,121.0,T2,LV_secondary_T2_T4,300.0,0.4033333333333333,0.4033333333333333,0.0,0.99456,7.1414,4.1987,2.8231,5.0595,CAUTION,caution,0.04227,1.03684,92.63,1
769,0.24,0,117,117,41.0,2.8536585365853657,T22,Delta_766-772,150.0,0.78,0.78,0.2733333333333333,0.95405,44.5068,31.369,22.8385,38.8022,CAUTION,caution,0.01789,1.00716,92.39,1
730,0.24,0,22,22,85.0,0.25882352941176473,T23,Main_720-734,300.0,0.07333333333333333,0.07333333333333333,0.2833333333333333,0.94696,11.8872,7.965,5.8252,9.8678,SAFE,none,0.00093,1.00556,92.74,0
734,0.24,0,128,128,15.85,8.07570977917981,-,Main_720-734,5000.0,0.0256,0.0256,0.00317,0.90591,17.084,11.7015,8.5933,14.5179,CONSTRAINED,voltage_rise,0.10579,1.01172,92.45,1
764,0.24,0,90,90,46.0,1.9565217391304348,T14,Branch_752-765,150.0,0.6,0.6,0.30666666666666664,0.9365,42.617,29.4074,21.7473,36.5751,CAUTION,caution,0.0114,1.00666,92.44,1
620,0.24,0,40,40,0.0,40.0,T2,LV_secondary_T2_T4,300.0,0.13333333333333333,0.13333333333333333,0.0,0.99456,7.0957,4.1795,2.816,5.0396,SAFE,none,0.00129,1.00564,92.74,0
722,0.24,0,76,76,0.0,76.0,-,Main_720-734,5000.0,0.0152,0.0152,0.0,0.99456,7.1872,4.2178,2.8303,5.0794,CONSTRAINED,voltage_rise,0.05043,1.045,92.7,0
6261,0.24,0,179,179,0.0,179.0,T2,LV_secondary_T2_T4,300.0,0.5966666666666667,0.5966666666666667,0.0,0.99456,7.2329,4.237,2.8374,5.0993,CONSTRAINED,voltage,0.15749,1.15206,92.6,1
7121,0.24,0,169,169,0.0,169.0,T18,LV_secondary_T2_T4,300.0,0.5633333333333334,0.5633333333333334,0.0,0.95826,7.7724,4.5565,3.3703,5.6675,CAUTION,caution,0.00722,1.0063,92.68,1
6221,0.24,0,85,85,0.0,85.0,T2,LV_secondary_T2_T4,300.0,0.2833333333333333,0.2833333333333333,0.0,0.99456,7.1872,4.2178,2.8303,5.0794,CONSTRAINED,voltage,0.05606,1.05063,92.68,1
6262,0.24,0,161,161,0.0,161.0,T2,LV_secondary_T2_T4,300.0,0.5366666666666666,0.5366666666666666,0.0,0.99456,7.2329,4.237,2.8374,5.0993,CONSTRAINED,voltage,0.1436,1.13817,92.61,1
7392,0.24,0,241,241,0.0,241.0,T6,LV_secondary_T2_T4,150.0,1.6066666666666667,1.6066666666666667,0.0,0.98477,24.6125,15.6519,11.8507,19.6321,CONSTRAINED,transformer_loading,0.01973,1.00781,133.27,1
740,0.24,0,216,216,75.0,2.88,T5,Main_735-750,150.0,1.44,1.44,0.5,0.98202,23.0885,14.9212,11.4648,18.8171,CAUTION,caution,0.01776,1.00762,96.86,1
740,0.24,11,104,115,75.0,1.5333333333333334,T5,Main_735-750,150.0,0.7666666666666667,0.6933333333333334,0.5,0.98202,23.0885,14.9212,11.4648,18.8171,CAUTION,caution,0.00873,1.00662,92.44,1
6232,0.24,15,83,98,0.0,98.0,T2,LV_secondary_T2_T4,300.0,0.32666666666666666,0.27666666666666667,0.0,0.99456,7.2329,4.237,2.8374,5.0993,CONSTRAINED,voltage,0.07677,1.08662,92.67,1
6202,0.24,0,186,186,0.0,186.0,T2,LV_secondary_T2_T4,300.0,0.62,0.62,0.0,0.99456,7.0957,4.1795,2.816,5.0396,CAUTION,caution,0.00585,1.00658,92.52,1
7122,0.24,0,215,215,0.0,215.0,T18,LV_secondary_T2_T4,300.0,0.7166666666666667,0.7166666666666667,0.0,0.95826,7.7724,4.5565,3.3703,5.6675,CAUTION,caution,0.0091,1.00653,92.65,1
772,0.208,10,203,213,100.0,2.13,T19,Delta_766-772,300.0,0.71,0.6766666666666666,0.3333333333333333,0.93424,43.184,29.887,22.1458,37.1977,CAUTION,caution,0.02124,1.00836,92.27,1
6211,0.24,11,53,64,0.0,64.0,T2,LV_secondary_T2_T4,300.0,0.21333333333333335,0.17666666666666667,0.0,0.99456,7.1414,4.1987,2.8231,5.0595,SAFE,none,0.01885,1.01743,92.71,0
733,0.24,0,150,150,0.0,150.0,-,Main_720-734,5000.0,0.03,0.03,0.0,0.91348,17.0383,11.6797,8.589,14.4978,CONSTRAINED,voltage_rise,0.06867,1.00673,92.43,1
721,0.24,14,211,225,0.0,225.0,-,Main_720-734,5000.0,0.045,0.0422,0.0,0.99456,7.1414,4.1987,2.8231,5.0595,CONSTRAINED,voltage,0.0706,1.07027,92.5,1
728,0.24,0,226,226,38.0,5.947368421052632,T3,Main_720-734,75.0,3.013333333333333,3.013333333333333,0.5066666666666667,0.93706,11.5824,7.8923,5.7834,9.7845,CONSTRAINED,transformer_loading,0.04121,1.00701,258.3,1
6241,0.24,11,207,218,0.0,218.0,T2,LV_secondary_T2_T4,300.0,0.7266666666666667,0.69,0.0,0.99456,7.1414,4.1987,2.8231,5.0595,CONSTRAINED,voltage,0.06951,1.0681,92.51,1
6262,0.24,15,137,152,0.0,152.0,T2,LV_secondary_T2_T4,300.0,0.5066666666666667,0.45666666666666667,0.0,0.99456,7.2329,4.237,2.8374,5.0993,CONSTRAINED,voltage,0.12124,1.13109,92.62,1
743,0.24,0,54,54,240.0,0.225,T7,Main_735-750,300.0,0.18,0.18,0.8,0.96367,21.8693,15.052,11.1097,18.708,SAFE,none,0.0038,1.00603,92.5,0
772,0.208,5,211,216,100.0,2.16,T19,Delta_766-772,300.0,0.72,0.7033333333333334,0.3333333333333333,0.93424,43.184,29.887,22.1458,37.1977,CAUTION,caution,0.02209,1.0084,92.26,1
7483,0.24,14,112,126,0.0,126.0,T8,LV_secondary_T2_T4,150.0,0.84,0.7466666666666667,0.0,0.95585,27.31,18.8387,13.9267,23.4276,CAUTION,caution,0.01097,1.00694,92.41,1
6252,0.24,0,55,55,0.0,55.0,T2,LV_secondary_T2_T4,300.0,0.18333333333333332,0.18333333333333332,0.0,0.99456,7.1872,4.2178,2.8303,5.0794,CAUTION,caution,0.03703,1.0316,92.72,0
6321,0.24,0,81,81,0.0,81.0,T4,LV_secondary_T2_T4,150.0,0.54,0.54,0.0,0.92105,16.9926,11.6578,8.5847,14.4776,CAUTION,caution,0.00603,1.00618,92.5,1
7391,0.24,0,241,241,0.0,241.0,T6,LV_secondary_T2_T4,150.0,1.6066666666666667,1.6066666666666667,0.0,0.98477,24.6125,15.6519,11.8507,19.6321,CONSTRAINED,transformer_loading,0.01973,1.00781,133.27,1
743,0.24,10,207,217,240.0,0.9041666666666667,T7,Main_735-750,300.0,0.7233333333333334,0.69,0.8,0.96367,21.8693,15.052,11.1097,18.708,SAFE,none,0.01412,1.00793,92.31,0
721,0.24,7,45,52,0.0,52.0,-,Main_720-734,5000.0,0.0104,0.009,0.0,0.99456,7.1414,4.1987,2.8231,5.0595,SAFE,none,0.01611,1.01324,92.72,0
6331,0.24,0,95,95,0.0,95.0,T4,LV_secondary_T2_T4,150.0,0.6333333333333333,0.6333333333333333,0.0,0.91348,17.0383,11.6797,8.589,14.4978,CAUTION,caution,0.04472,1.00628,92.47,1
6211,0.24,0,203,203,0.0,203.0,T2,LV_secondary_T2_T4,300.0,0.6766666666666666,0.6766666666666666,0.0,0.99456,7.1414,4.1987,2.8231,5.0595,CONSTRAINED,voltage,0.06883,1.0634,92.53,1
6202,0.24,0,34,34,0.0,34.0,T2,LV_secondary_T2_T4,300.0,0.11333333333333333,0.11333333333333333,0.0,0.99456,7.0957,4.1795,2.816,5.0396,SAFE,none,0.00109,1.0056,92.75,0
751,0.48,0,15,15,0.0,15.0,T9,other,1500.0,0.01,0.01,0.0,0.9685,34.4789,23.8283,17.6385,29.6463,SAFE,none,0.0011,1.00555,92.73,0
6231,0.24,10,39,49,0.0,49.0,T2,LV_secondary_T2_T4,300.0,0.16333333333333333,0.13,0.0,0.99456,7.2329,4.237,2.8374,5.0993,CAUTION,caution,0.03793,1.04275,92.73,0
7692,0.24,0,195,195,0.0,195.0,T22,LV_secondary_T2_T4,150.0,1.3,1.3,0.0,0.95405,44.5068,31.369,22.8385,38.8022,CONSTRAINED,transformer_loading,0.02909,1.00823,105.03,1
762,0.48,0,74,74,45.0,1.6444444444444444,T13,Branch_752-765,150.0,0.49333333333333335,0.49333333333333335,0.3,0.93629,42.0074,28.9831,21.4317,36.0463,CAUTION,caution,0.00937,1.00644,92.46,1
6241,0.24,0,168,168,0.0,168.0,T2,LV_secondary_T2_T4,300.0,0.56,0.56,0.0,0.99456,7.1414,4.1987,2.8231,5.0595,CONSTRAINED,voltage,0.05768,1.05225,92.57,1
6321,0.24,0,179,179,0.0,179.0,T4,LV_secondary_T2_T4,150.0,1.1933333333333334,1.1933333333333334,0.0,0.92105,16.9926,11.6578,8.5847,14.4776,CAUTION,caution,0.01301,1.00708,99.24,1
7392,0.24,0,202,202,0.0,202.0,T6,LV_secondary_T2_T4,150.0,1.3466666666666667,1.3466666666666667,0.0,0.98477,24.6125,15.6519,11.8507,19.6321,CONSTRAINED,transformer_loading,0.01668,1.00745,107.87,1
6252,0.24,0,114,114,0.0,114.0,T2,LV_secondary_T2_T4,300.0,0.38,0.38,0.0,0.99456,7.1872,4.2178,2.8303,5.0794,CONSTRAINED,voltage,0.07379,1.06835,92.65,1
6202,0.24,0,202,202,0.0,202.0,T2,LV_secondary_T2_T4,300.0,0.6733333333333333,0.6733333333333333,0.0,0.99456,7.0957,4.1795,2.816,5.0396,CAUTION,caution,0.00634,1.00668,92.5,1
6252,0.24,0,186,186,0.0,186.0,T2,LV_secondary_T2_T4,300.0,0.62,0.62,0.0,0.99456,7.1872,4.2178,2.8303,5.0794,CONSTRAINED,voltage,0.1153,1.10987,92.57,1
6202,0.24,10,161,171,0.0,171.0,T2,LV_secondary_T2_T4,300.0,0.57,0.5366666666666666,0.0,0.99456,7.0957,4.1795,2.816,5.0396,CAUTION,caution,0.00507,1.00649,92.54,1
6252,0.24,8,12,20,0.0,20.0,T2,LV_secondary_T2_T4,300.0,0.06666666666666667,0.04,0.0,0.99456,7.1872,4.2178,2.8303,5.0794,SAFE,none,0.00824,1.00838,92.77,0
748,0.24,0,105,105,76.88,1.3657648283038502,T8,Main_735-750,150.0,0.7,0.7,0.5125333333333333,0.95585,27.31,18.8387,13.9267,23.4276,CAUTION,caution,0.01038,1.00669,92.43,1
6221,0.24,0,178,178,0.0,178.0,T2,LV_secondary_T2_T4,300.0,0.5933333333333334,0.5933333333333334,0.0,0.99456,7.1872,4.2178,2.8303,5.0794,CONSTRAINED,voltage,0.11085,1.10542,92.58,1
623,0.24,0,50,50,0.0,50.0,T2,LV_secondary_T2_T4,300.0,0.16666666666666666,0.16666666666666666,0.0,0.99456,7.2329,4.237,2.8374,5.0993,CAUTION,caution,0.04911,1.04368,92.73,0
740,0.24,10,44,54,75.0,0.72,T5,Main_735-750,150.0,0.36,0.29333333333333333,0.5,0.98202,23.0885,14.9212,11.4648,18.8171,SAFE,none,0.00375,1.00597,92.57,0
739,0.24,0,157,157,41.1,3.8199513381995134,T6,Main_735-750,150.0,1.0466666666666666,1.0466666666666666,0.274,0.98477,24.6125,15.6519,11.8507,19.6321,CAUTION,caution,0.0131,1.00702,92.4,1
725,0.24,0,85,85,0.0,85.0,-,Main_720-734,5000.0,0.017,0.017,0.0,0.99456,7.1872,4.2178,2.8303,5.0794,CONSTRAINED,voltage,0.05606,1.05063,92.68,1
723,0.24,0,240,240,0.0,240.0,-,Main_720-734,5000.0,0.048,0.048,0.0,0.99456,7.2329,4.237,2.8374,5.0993,CONSTRAINED,voltage,0.20229,1.19686,92.55,1
633,0.24,0,166,166,0.0,166.0,T4,LV_secondary_T2_T4,150.0,1.1066666666666667,1.1066666666666667,0.0,0.91348,17.0383,11.6797,8.589,14.4978,CONSTRAINED,voltage_rise,0.07541,1.00685,92.42,1
751,0.48,0,157,157,0.0,157.0,T9,other,1500.0,0.10466666666666667,0.10466666666666667,0.0,0.9685,34.4789,23.8283,17.6385,29.6463,SAFE,none,0.01126,1.00725,92.38,0
620,0.24,0,42,42,0.0,42.0,T2,LV_secondary_T2_T4,300.0,0.14,0.14,0.0,0.99456,7.0957,4.1795,2.816,5.0396,SAFE,none,0.00135,1.00565,92.74,0
6251,0.24,0,70,70,0.0,70.0,T2,LV_secondary_T2_T4,300.0,0.23333333333333334,0.23333333333333334,0.0,0.99456,7.1872,4.2178,2.8303,5.0794,CAUTION,caution,0.04664,1.04121,92.7,0
724,0.24,13,30,43,0.0,43.0,-,Main_720-734,5000.0,0.0086,0.006,0.0,0.99456,7.1414,4.1987,2.8231,5.0595,SAFE,none,0.01075,1.01006,92.74,0
739,0.24,0,227,227,41.1,5.523114355231144,T6,Main_735-750,150.0,1.5133333333333334,1.5133333333333334,0.274,0.98477,24.6125,15.6519,11.8507,19.6321,CONSTRAINED,transformer_loading,0.01864,1.00768,124.16,1
7482,0.24,0,28,28,0.0,28.0,T8,LV_secondary_T2_T4,150.0,0.18666666666666668,0.18666666666666668,0.0,0.95585,27.31,18.8387,13.9267,23.4276,SAFE,none,0.00282,1.00573,92.66,0
6211,0.24,0,138,138,0.0,138.0,T2,LV_secondary_T2_T4,300.0,0.46,0.46,0.0,0.99456,7.1414,4.1987,2.8231,5.0595,CAUTION,caution,0.0479,1.04247,92.61,1
772,0.208,0,137,137,100.0,1.37,T19,Delta_766-772,300.0,0.45666666666666667,0.45666666666666667,0.3333333333333333,0.93424,43.184,29.887,22.1458,37.1977,CAUTION,caution,0.01461,1.00735,92.37,1
716,0.48,0,70,70,15.85,4.416403785488959,T24(HV),Branch_701-708,300.0,0.23333333333333334,0.23333333333333334,0.05283333333333333,0.97763,0.9144,0.4676,0.2627,0.5363,CONSTRAINED,transformer_loading,0.03836,1.016,181.32,0
732,0.24,0,119,119,25.4,4.685039370078741,T4,Main_720-734,150.0,0.7933333333333333,0.7933333333333333,0.16933333333333334,0.92105,16.9926,11.6578,8.5847,14.4776,CAUTION,caution,0.00877,1.00654,92.45,1
7692,0.24,0,101,101,0.0,101.0,T22,LV_secondary_T2_T4,150.0,0.6733333333333333,0.6733333333333333,0.0,0.95405,44.5068,31.369,22.8385,38.8022,CAUTION,caution,0.01553,1.00692,92.41,1
6251,0.24,0,55,55,0.0,55.0,T2,LV_secondary_T2_T4,300.0,0.18333333333333332,0.18333333333333332,0.0,0.99456,7.1872,4.2178,2.8303,5.0794,CAUTION,caution,0.03703,1.0316,92.72,0
6221,0.24,0,55,55,0.0,55.0,T2,LV_secondary_T2_T4,300.0,0.18333333333333332,0.18333333333333332,0.0,0.99456,7.1872,4.2178,2.8303,5.0794,CAUTION,caution,0.03703,1.0316,92.72,0
730,0.24,12,173,185,85.0,2.176470588235294,T23,Main_720-734,300.0,0.6166666666666667,0.5766666666666667,0.2833333333333333,0.94696,11.8872,7.965,5.8252,9.8678,CAUTION,caution,0.00711,1.00691,92.41,1
734,0.24,0,197,197,15.85,12.429022082018928,-,Main_720-734,5000.0,0.0394,0.0394,0.00317,0.90591,17.084,11.7015,8.5933,14.5179,CONSTRAINED,voltage,0.15469,1.06062,97.14,1
6211,0.24,3,79,82,0.0,82.0,T2,LV_secondary_T2_T4,300.0,0.2733333333333333,0.2633333333333333,0.0,0.99456,7.1414,4.1987,2.8231,5.0595,CAUTION,caution,0.02798,1.02365,92.68,1
739,0.24,9,218,227,41.1,5.523114355231144,T6,Main_735-750,150.0,1.5133333333333334,1.4533333333333334,0.274,0.98477,24.6125,15.6519,11.8507,19.6321,CONSTRAINED,transformer_loading,0.01787,1.00768,124.16,1
6261,0.24,0,194,194,0.0,194.0,T2,LV_secondary_T2_T4,300.0,0.6466666666666666,0.6466666666666666,0.0,0.99456,7.2329,4.237,2.8374,5.0993,CONSTRAINED,voltage,0.16883,1.16339,92.58,1
633,0.24,0,180,180,0.0,180.0,T4,LV_secondary_T2_T4,150.0,1.2,1.2,0.0,0.91348,17.0383,11.6797,8.589,14.4978,CONSTRAINED,voltage_rise,0.08123,1.00695,93.12,1
710,0.208,0,154,154,80.0,1.925,T17,Branch_701-708,300.0,0.5133333333333333,0.5133333333333333,0.26666666666666666,0.95736,7.0104,4.008,2.9713,4.9893,CAUTION,caution,0.00605,1.00623,92.69,1
621,0.24,4,132,136,0.0,136.0,T2,LV_secondary_T2_T4,300.0,0.4533333333333333,0.44,0.0,0.99456,7.1414,4.1987,2.8231,5.0595,CAUTION,caution,0.04578,1.04181,92.61,1
733,0.24,8,188,196,0.0,196.0,-,Main_720-734,5000.0,0.0392,0.0376,0.0,0.91348,17.0383,11.6797,8.589,14.4978,CONSTRAINED,voltage_rise,0.08384,1.00707,102.96,1
732,0.24,0,225,225,25.4,8.858267716535433,T4,Main_720-734,150.0,1.5,1.5,0.16933333333333334,0.92105,16.9926,11.6578,8.5847,14.4776,CONSTRAINED,transformer_loading,0.01618,1.00748,131.34,1
622,0.24,0,70,70,0.0,70.0,T2,LV_secondary_T2_T4,300.0,0.23333333333333334,0.23333333333333334,0.0,0.99456,7.1872,4.2178,2.8303,5.0794,CAUTION,caution,0.04664,1.04121,92.7,0
6252,0.24,0,152,152,0.0,152.0,T2,LV_secondary_T2_T4,300.0,0.5066666666666667,0.5066666666666667,0.0,0.99456,7.1872,4.2178,2.8303,5.0794,CONSTRAINED,voltage,0.09611,1.09068,92.61,1
708,0.24,0,109,109,75.0,1.4533333333333334,T16,Branch_701-708,300.0,0.36333333333333334,0.36333333333333334,0.25,0.95801,6.2484,3.6185,2.8328,4.5954,CAUTION,caution,0.00403,1.00599,92.72,1
743,0.24,4,68,72,240.0,0.3,T7,Main_735-750,300.0,0.24,0.22666666666666666,0.8,0.96367,21.8693,15.052,11.1097,18.708,SAFE,none,0.00477,1.00625,92.48,0
6331,0.24,0,161,161,0.0,161.0,T4,LV_secondary_T2_T4,150.0,1.0733333333333333,1.0733333333333333,0.0,0.91348,17.0383,11.6797,8.589,14.4978,CONSTRAINED,voltage_rise,0.07332,1.00681,92.42,1
770,0.24,14,23,37,450.0,0.08222222222222222,T15,Delta_766-772,1500.0,0.024666666666666667,0.015333333333333332,0.3,0.95059,44.5068,31.369,22.8385,38.8022,SAFE,none,0.0029,1.00597,92.58,0
7393,0.24,0,146,146,0.0,146.0,T6,LV_secondary_T2_T4,150.0,0.9733333333333334,0.9733333333333334,0.0,0.98477,24.6125,15.6519,11.8507,19.6321,CAUTION,caution,0.01221,1.00691,92.41,1
739,0.24,15,19,34,41.1,0.8272506082725061,T6,Main_735-750,150.0,0.22666666666666666,0.12666666666666668,0.274,0.98477,24.6125,15.6519,11.8507,19.6321,SAFE,none,0.00163,1.00574,92.66,0
7643,0.24,0,214,214,0.0,214.0,T14,LV_secondary_T2_T4,150.0,1.4266666666666667,1.4266666666666667,0.0,0.9365,42.617,29.4074,21.7473,36.5751,CONSTRAINED,transformer_loading,0.0262,1.00828,117.6,1
725,0.24,0,239,239,0.0,239.0,-,Main_720-734,5000.0,0.0478,0.0478,0.0,0.99456,7.1872,4.2178,2.8303,5.0794,CONSTRAINED,voltage,0.14392,1.13849,92.52,1
622,0.24,0,90,90,0.0,90.0,T2,LV_secondary_T2_T4,300.0,0.3,0.3,0.0,0.99456,7.1872,4.2178,2.8303,5.0794,CONSTRAINED,voltage,0.05916,1.05373,92.68,1
633,0.24,0,23,23,0.0,23.0,T4,LV_secondary_T2_T4,150.0,0.15333333333333332,0.15333333333333332,0.0,0.91348,17.0383,11.6797,8.589,14.4978,SAFE,none,0.01127,1.0056,92.71,0
6231,0.24,8,66,74,0.0,74.0,T2,LV_secondary_T2_T4,300.0,0.24666666666666667,0.22,0.0,0.99456,7.2329,4.237,2.8374,5.0993,CONSTRAINED,voltage,0.06282,1.0656,92.7,0
733,0.24,0,90,90,0.0,90.0,-,Main_720-734,5000.0,0.018,0.018,0.0,0.91348,17.0383,11.6797,8.589,14.4978,CAUTION,caution,0.04248,1.00623,92.48,1
7483,0.24,5,70,75,0.0,75.0,T8,LV_secondary_T2_T4,150.0,0.5,0.4666666666666667,0.0,0.95585,27.31,18.8387,13.9267,23.4276,SAFE,none,0.00696,1.00632,92.47,0
725,0.24,0,249,249,0.0,249.0,-,Main_720-734,5000.0,0.0498,0.0498,0.0,0.99456,7.1872,4.2178,2.8303,5.0794,CONSTRAINED,voltage,0.14916,1.14373,92.51,1
6241,0.24,11,73,84,0.0,84.0,T2,LV_secondary_T2_T4,300.0,0.28,0.24333333333333335,0.0,0.99456,7.1414,4.1987,2.8231,5.0595,CAUTION,caution,0.02575,1.02434,92.68,1
7393,0.24,0,155,155,0.0,155.0,T6,LV_secondary_T2_T4,150.0,1.0333333333333334,1.0333333333333334,0.0,0.98477,24.6125,15.6519,11.8507,19.6321,CAUTION,caution,0.01294,1.007,92.4,1
7482,0.24,0,93,93,0.0,93.0,T8,LV_secondary_T2_T4,150.0,0.62,0.62,0.0,0.95585,27.31,18.8387,13.9267,23.4276,CAUTION,caution,0.00922,1.00654,92.45,1
6242,0.24,0,63,63,0.0,63.0,T2,LV_secondary_T2_T4,300.0,0.21,0.21,0.0,0.99456,7.1414,4.1987,2.8231,5.0595,SAFE,none,0.02251,1.01708,92.71,0
708,0.24,0,54,54,75.0,0.72,T16,Branch_701-708,300.0,0.18,0.18,0.25,0.95801,6.2484,3.6185,2.8328,4.5954,SAFE,none,0.00202,1.00568,92.76,0
625,0.24,0,170,170,0.0,170.0,T2,LV_secondary_T2_T4,300.0,0.5666666666666667,0.5666666666666667,0.0,0.99456,7.1872,4.2178,2.8303,5.0794,CONSTRAINED,voltage,0.10636,1.10092,92.59,1
714,0.208,0,59,59,240.0,0.24583333333333332,T24,Branch_701-708,30.0,1.9666666666666666,1.9666666666666666,8.0,0.99083,0.9144,0.4676,0.2627,0.5363,SAFE,none,0.00142,1.00572,92.76,0
6211,0.24,6,170,176,0.0,176.0,T2,LV_secondary_T2_T4,300.0,0.5866666666666667,0.5666666666666667,0.0,0.99456,7.1414,4.1987,2.8231,5.0595,CONSTRAINED,voltage,0.05805,1.05482,92.56,1
739,0.24,0,248,248,41.1,6.034063260340632,T6,Main_735-750,150.0,1.6533333333333333,1.6533333333333333,0.274,0.98477,24.6125,15.6519,11.8507,19.6321,CONSTRAINED,transformer_loading,0.02027,1.00788,137.82,1
725,0.24,0,75,75,0.0,75.0,-,Main_720-734,5000.0,0.015,0.015,0.0,0.99456,7.1872,4.2178,2.8303,5.0794,CAUTION,caution,0.0498,1.04437,92.7,0
722,0.24,0,55,55,0.0,55.0,-,Main_720-734,5000.0,0.011,0.011,0.0,0.99456,7.1872,4.2178,2.8303,5.0794,CAUTION,caution,0.03703,1.0316,92.72,0
6241,0.24,0,130,130,0.0,130.0,T2,LV_secondary_T2_T4,300.0,0.43333333333333335,0.43333333333333335,0.0,0.99456,7.1414,4.1987,2.8231,5.0595,CAUTION,caution,0.04526,1.03983,92.62,1
626,0.24,12,84,96,0.0,96.0,T2,LV_secondary_T2_T4,300.0,0.32,0.28,0.0,0.99456,7.2329,4.237,2.8374,5.0993,CONSTRAINED,voltage,0.07806,1.0849,92.68,1
6261,0.24,0,60,60,0.0,60.0,T2,LV_secondary_T2_T4,300.0,0.2,0.2,0.0,0.99456,7.2329,4.237,2.8374,5.0993,CONSTRAINED,voltage,0.05836,1.05293,92.72,0
7482,0.24,0,9,9,0.0,9.0,T8,LV_secondary_T2_T4,150.0,0.06,0.06,0.0,0.95585,27.31,18.8387,13.9267,23.4276,SAFE,none,0.00091,1.00548,92.76,0
625,0.24,0,238,238,0.0,238.0,T2,LV_secondary_T2_T4,300.0,0.7933333333333333,0.7933333333333333,0.0,0.99456,7.1872,4.2178,2.8303,5.0794,CONSTRAINED,voltage,0.1434,1.13797,92.52,1
6211,0.24,15,95,110,0.0,110.0,T2,LV_secondary_T2_T4,300.0,0.36666666666666664,0.31666666666666665,0.0,0.99456,7.1414,4.1987,2.8231,5.0595,CAUTION,caution,0.03312,1.03316,92.64,1
6252,0.24,0,66,66,0.0,66.0,T2,LV_secondary_T2_T4,300.0,0.22,0.22,0.0,0.99456,7.1872,4.2178,2.8303,5.0794,CAUTION,caution,0.0441,1.03866,92.71,0
7121,0.24,0,80,80,0.0,80.0,T18,LV_secondary_T2_T4,300.0,0.26666666666666666,0.26666666666666666,0.0,0.95826,7.7724,4.5565,3.3703,5.6675,CAUTION,caution,0.00347,1.00582,92.74,1
7392,0.24,5,61,66,0.0,66.0,T6,LV_secondary_T2_T4,150.0,0.44,0.4066666666666667,0.0,0.98477,24.6125,15.6519,11.8507,19.6321,CAUTION,caution,0.00519,1.00609,92.53,1
759,0.24,0,69,69,35.0,1.9714285714285715,T12,Branch_752-765,150.0,0.46,0.46,0.23333333333333334,0.93737,40.2701,27.7136,20.528,34.4883,CAUTION,caution,0.00849,1.00636,92.47,1
6252,0.24,7,46,53,0.0,53.0,T2,LV_secondary_T2_T4,300.0,0.17666666666666667,0.15333333333333332,0.0,0.99456,7.1872,4.2178,2.8303,5.0794,CAUTION,caution,0.03085,1.0303,92.73,0
716,0.48,0,90,90,15.85,5.678233438485805,T24(HV),Branch_701-708,300.0,0.3,0.3,0.05283333333333333,0.97763,0.9144,0.4676,0.2627,0.5363,CONSTRAINED,transformer_loading,0.04857,1.0262,243.51,0
6242,0.24,0,179,179,0.0,179.0,T2,LV_secondary_T2_T4,300.0,0.5966666666666667,0.5966666666666667,0.0,0.99456,7.1414,4.1987,2.8231,5.0595,CONSTRAINED,voltage,0.06121,1.05578,92.56,1
723,0.24,0,60,60,0.0,60.0,-,Main_720-734,5000.0,0.012,0.012,0.0,0.99456,7.2329,4.237,2.8374,5.0993,CONSTRAINED,voltage,0.05836,1.05293,92.72,0
740,0.24,15,10,25,75.0,0.3333333333333333,T5,Main_735-750,150.0,0.16666666666666666,0.06666666666666667,0.5,0.98202,23.0885,14.9212,11.4648,18.8171,SAFE,none,0.00086,1.00565,92.7,0
6241,0.24,3,146,149,0.0,149.0,T2,LV_secondary_T2_T4,300.0,0.49666666666666665,0.4866666666666667,0.0,0.99456,7.1414,4.1987,2.8231,5.0595,CONSTRAINED,voltage_rise,0.05041,1.04608,92.59,1
7693,0.24,0,56,56,0.0,56.0,T22,LV_secondary_T2_T4,150.0,0.37333333333333335,0.37333333333333335,0.0,0.95405,44.5068,31.369,22.8385,38.8022,CAUTION,caution,0.00874,1.00625,92.48,1
6221,0.24,0,116,116,0.0,116.0,T2,LV_secondary_T2_T4,300.0,0.38666666666666666,0.38666666666666666,0.0,0.99456,7.1872,4.2178,2.8303,5.0794,CONSTRAINED,voltage,0.07499,1.06955,92.65,1
6232,0.24,0,221,221,0.0,221.0,T2,LV_secondary_T2_T4,300.0,0.7366666666666667,0.7366666666666667,0.0,0.99456,7.2329,4.237,2.8374,5.0993,CONSTRAINED,voltage,0.18869,1.18326,92.56,1
720,0.24,12,205,217,66.0,3.287878787878788,T2,Main_720-734,300.0,0.7233333333333334,0.6833333333333333,0.22,0.99456,7.0957,4.1795,2.816,5.0396,CAUTION,caution,0.0064,1.00677,92.48,1
730,0.24,0,132,132,85.0,1.5529411764705883,T23,Main_720-734,300.0,0.44,0.44,0.2833333333333333,0.94696,11.8872,7.965,5.8252,9.8678,CAUTION,caution,0.00548,1.00648,92.45,1
708,0.24,12,114,126,75.0,1.68,T16,Branch_701-708,300.0,0.42,0.38,0.25,0.95801,6.2484,3.6185,2.8328,4.5954,CAUTION,caution,0.00419,1.00608,92.71,1
772,0.208,0,160,160,100.0,1.6,T19,Delta_766-772,300.0,0.5333333333333333,0.5333333333333333,0.3333333333333333,0.93424,43.184,29.887,22.1458,37.1977,CAUTION,caution,0.01698,1.00766,92.34,1
7122,0.24,0,183,183,0.0,183.0,T18,LV_secondary_T2_T4,300.0,0.61,0.61,0.0,0.95826,7.7724,4.5565,3.3703,5.6675,CAUTION,caution,0.00779,1.00637,92.67,1
620,0.24,0,117,117,0.0,117.0,T2,LV_secondary_T2_T4,300.0,0.39,0.39,0.0,0.99456,7.0957,4.1795,2.816,5.0396,CAUTION,caution,0.00372,1.00615,92.62,1
732,0.24,0,78,78,25.4,3.070866141732284,T4,Main_720-734,150.0,0.52,0.52,0.16933333333333334,0.92105,16.9926,11.6578,8.5847,14.4776,CAUTION,caution,0.00581,1.00615,92.51,1
6201,0.24,0,213,213,0.0,213.0,T2,LV_secondary_T2_T4,300.0,0.71,0.71,0.0,0.99456,7.0957,4.1795,2.816,5.0396,CAUTION,caution,0.00667,1.00675,92.48,1
740,0.24,0,23,23,75.0,0.30666666666666664,T5,Main_735-750,150.0,0.15333333333333332,0.15333333333333332,0.5,0.98202,23.0885,14.9212,11.4648,18.8171,SAFE,none,0.00198,1.00562,92.7,0
743,0.24,12,127,139,240.0,0.5791666666666667,T7,Main_735-750,300.0,0.4633333333333333,0.42333333333333334,0.8,0.96367,21.8693,15.052,11.1097,18.708,SAFE,none,0.00878,1.00705,92.4,0
723,0.24,14,205,219,0.0,219.0,-,Main_720-734,5000.0,0.0438,0.041,0.0,0.99456,7.2329,4.237,2.8374,5.0993,CONSTRAINED,voltage,0.17297,1.18181,92.57,1
723,0.24,0,179,179,0.0,179.0,-,Main_720-734,5000.0,0.0358,0.0358,0.0,0.99456,7.2329,4.237,2.8374,5.0993,CONSTRAINED,voltage,0.15749,1.15206,92.6,1
7391,0.24,0,83,83,0.0,83.0,T6,LV_secondary_T2_T4,150.0,0.5533333333333333,0.5533333333333333,0.0,0.98477,24.6125,15.6519,11.8507,19.6321,CAUTION,caution,0.00704,1.00626,92.47,1
721,0.24,5,68,73,0.0,73.0,-,Main_720-734,5000.0,0.0146,0.0136,0.0,0.99456,7.1414,4.1987,2.8231,5.0595,SAFE,none,0.02415,1.02055,92.69,0
6251,0.24,0,83,83,0.0,83.0,T2,LV_secondary_T2_T4,300.0,0.27666666666666667,0.27666666666666667,0.0,0.99456,7.1872,4.2178,2.8303,5.0794,CONSTRAINED,voltage_rise,0.05482,1.04939,92.69,1
712,0.24,0,108,108,65.0,1.6615384615384616,T18,Branch_701-708,300.0,0.36,0.36,0.21666666666666667,0.95826,7.7724,4.5565,3.3703,5.6675,CAUTION,caution,0.00466,1.00598,92.72,1
748,0.24,0,62,62,76.88,0.8064516129032259,T8,Main_735-750,150.0,0.41333333333333333,0.41333333333333333,0.5125333333333333,0.95585,27.31,18.8387,13.9267,23.4276,SAFE,none,0.0062,1.00616,92.49,0
7122,0.24,0,219,219,0.0,219.0,T18,LV_secondary_T2_T4,300.0,0.73,0.73,0.0,0.95826,7.7724,4.5565,3.3703,5.6675,CAUTION,caution,0.00927,1.00655,92.64,1
623,0.24,0,60,60,0.0,60.0,T2,LV_secondary_T2_T4,300.0,0.2,0.2,0.0,0.99456,7.2329,4.237,2.8374,5.0993,CONSTRAINED,voltage,0.05836,1.05293,92.72,0
623,0.24,0,247,247,0.0,247.0,T2,LV_secondary_T2_T4,300.0,0.8233333333333334,0.8233333333333334,0.0,0.99456,7.2329,4.237,2.8374,5.0993,CONSTRAINED,voltage,0.20722,1.20179,92.55,1
6332,0.24,0,130,130,0.0,130.0,T4,LV_secondary_T2_T4,150.0,0.8666666666666667,0.8666666666666667,0.0,0.91348,17.0383,11.6797,8.589,14.4978,CONSTRAINED,voltage_rise,0.06011,1.00657,92.44,1
7693,0.24,14,193,207,0.0,207.0,T22,LV_secondary_T2_T4,150.0,1.38,1.2866666666666666,0.0,0.95405,44.5068,31.369,22.8385,38.8022,CONSTRAINED,transformer_loading,0.02855,1.00839,112.93,1
770,0.24,0,100,100,450.0,0.2222222222222222,T15,Delta_766-772,1500.0,0.06666666666666667,0.06666666666666667,0.3,0.95059,44.5068,31.369,22.8385,38.8022,SAFE,none,0.01246,1.00696,92.41,0
7691,0.24,0,169,169,0.0,169.0,T22,LV_secondary_T2_T4,150.0,1.1266666666666667,1.1266666666666667,0.0,0.95405,44.5068,31.369,22.8385,38.8022,CAUTION,caution,0.02542,1.00788,92.32,1
7692,0.24,12,211,223,0.0,223.0,T22,LV_secondary_T2_T4,150.0,1.4866666666666666,1.4066666666666667,0.0,0.95405,44.5068,31.369,22.8385,38.8022,CONSTRAINED,transformer_loading,0.03108,1.0086,123.43,1
625,0.24,6,210,216,0.0,216.0,T2,LV_secondary_T2_T4,300.0,0.72,0.7,0.0,0.99456,7.1872,4.2178,2.8303,5.0794,CONSTRAINED,voltage,0.1275,1.12626,92.54,1
7393,0.24,0,212,212,0.0,212.0,T6,LV_secondary_T2_T4,150.0,1.4133333333333333,1.4133333333333333,0.0,0.98477,24.6125,15.6519,11.8507,19.6321,CONSTRAINED,transformer_loading,0.01747,1.00754,114.39,1
6261,0.24,0,50,50,0.0,50.0,T2,LV_secondary_T2_T4,300.0,0.16666666666666666,0.16666666666666666,0.0,0.99456,7.2329,4.237,2.8374,5.0993,CAUTION,caution,0.04911,1.04368,92.73,0
7122,0.24,11,139,150,0.0,150.0,T18,LV_secondary_T2_T4,300.0,0.5,0.4633333333333333,0.0,0.95826,7.7724,4.5565,3.3703,5.6675,CAUTION,caution,0.00594,1.0062,92.69,1
7481,0.24,0,250,250,0.0,250.0,T8,LV_secondary_T2_T4,150.0,1.6666666666666667,1.6666666666666667,0.0,0.95585,27.31,18.8387,13.9267,23.4276,CONSTRAINED,transformer_loading,0.02385,1.00833,121.9,1
772,0.208,0,134,134,100.0,1.34,T19,Delta_766-772,300.0,0.44666666666666666,0.44666666666666666,0.3333333333333333,0.93424,43.184,29.887,22.1458,37.1977,CAUTION,caution,0.0143,1.00731,92.37,1
7642,0.24,13,163,176,0.0,176.0,T14,LV_secondary_T2_T4,150.0,1.1733333333333333,1.0866666666666667,0.0,0.9365,42.617,29.4074,21.7473,36.5751,CAUTION,caution,0.02009,1.00781,92.32,1
722,0.24,14,170,184,0.0,184.0,-,Main_720-734,5000.0,0.0368,0.034,0.0,0.99456,7.1872,4.2178,2.8303,5.0794,CONSTRAINED,voltage,0.10448,1.10876,92.57,1
6222,0.24,0,60,60,0.0,60.0,T2,LV_secondary_T2_T4,300.0,0.2,0.2,0.0,0.99456,7.1872,4.2178,2.8303,5.0794,CAUTION,caution,0.04025,1.03482,92.72,0
7483,0.24,14,202,216,0.0,216.0,T8,LV_secondary_T2_T4,150.0,1.44,1.3466666666666667,0.0,0.95585,27.31,18.8387,13.9267,23.4276,CONSTRAINED,transformer_loading,0.01936,1.00796,100.05,1
712,0.24,10,167,177,65.0,2.723076923076923,T18,Branch_701-708,300.0,0.59,0.5566666666666666,0.21666666666666667,0.95826,7.7724,4.5565,3.3703,5.6675,CAUTION,caution,0.00711,1.00634,92.67,1
6261,0.24,11,88,99,0.0,99.0,T2,LV_secondary_T2_T4,300.0,0.33,0.29333333333333333,0.0,0.99456,7.2329,4.237,2.8374,5.0993,CONSTRAINED,voltage,0.08165,1.08747,92.67,1
769,0.24,0,201,201,41.0,4.902439024390244,T22,Delta_766-772,150.0,1.34,1.34,0.2733333333333333,0.95405,44.5068,31.369,22.8385,38.8022,CONSTRAINED,transformer_loading,0.02993,1.00831,108.98,1
624,0.24,0,168,168,0.0,168.0,T2,LV_secondary_T2_T4,300.0,0.56,0.56,0.0,0.99456,7.1414,4.1987,2.8231,5.0595,CONSTRAINED,voltage,0.05768,1.05225,92.57,1
7122,0.24,8,144,152,0.0,152.0,T18,LV_secondary_T2_T4,300.0,0.5066666666666667,0.48,0.0,0.95826,7.7724,4.5565,3.3703,5.6675,CAUTION,caution,0.00616,1.00621,92.69,1
722,0.24,3,169,172,0.0,172.0,-,Main_720-734,5000.0,0.0344,0.0338,0.0,0.99456,7.1872,4.2178,2.8303,5.0794,CONSTRAINED,voltage,0.10538,1.10205,92.59,1
633,0.24,0,79,79,0.0,79.0,T4,LV_secondary_T2_T4,150.0,0.5266666666666666,0.5266666666666666,0.0,0.91348,17.0383,11.6797,8.589,14.4978,CAUTION,caution,0.03751,1.00614,92.51,1
708,0.24,0,246,246,75.0,3.28,T16,Branch_701-708,300.0,0.82,0.82,0.25,0.95801,6.2484,3.6185,2.8328,4.5954,CAUTION,caution,0.00886,1.00668,92.63,1
6321,0.24,0,39,39,0.0,39.0,T4,LV_secondary_T2_T4,150.0,0.26,0.26,0.0,0.92105,16.9926,11.6578,8.5847,14.4776,SAFE,none,0.00293,1.00576,92.65,0
632,0.24,9,134,143,0.0,143.0,T4,LV_secondary_T2_T4,150.0,0.9533333333333334,0.8933333333333333,0.0,0.92105,16.9926,11.6578,8.5847,14.4776,CAUTION,caution,0.0098,1.00676,92.42,1
721,0.24,0,156,156,0.0,156.0,-,Main_720-734,5000.0,0.0312,0.0312,0.0,0.99456,7.1414,4.1987,2.8231,5.0595,CONSTRAINED,voltage_rise,0.05379,1.04836,92.59,1
756,0.208,0,44,44,155.0,0.2838709677419355,T11,Branch_752-765,300.0,0.14666666666666667,0.14666666666666667,0.5166666666666667,0.93609,39.8129,27.5407,20.4003,34.2734,SAFE,none,0.00485,1.00603,92.56,0
7122,0.24,0,148,148,0.0,148.0,T18,LV_secondary_T2_T4,300.0,0.49333333333333335,0.49333333333333335,0.0,0.95826,7.7724,4.5565,3.3703,5.6675,CAUTION,caution,0.00634,1.00619,92.69,1
724,0.24,12,180,192,0.0,192.0,-,Main_720-734,5000.0,0.0384,0.036,0.0,0.99456,7.1414,4.1987,2.8231,5.0595,CONSTRAINED,voltage,0.06097,1.05992,92.54,1
769,0.24,10,23,33,41.0,0.8048780487804879,T22,Delta_766-772,150.0,0.22,0.15333333333333332,0.2733333333333333,0.95405,44.5068,31.369,22.8385,38.8022,SAFE,none,0.0036,1.00589,92.61,0
623,0.24,0,72,72,0.0,72.0,T2,LV_secondary_T2_T4,300.0,0.24,0.24,0.0,0.99456,7.2329,4.237,2.8374,5.0993,CONSTRAINED,voltage,0.06924,1.06381,92.7,0
6321,0.24,0,218,218,0.0,218.0,T4,LV_secondary_T2_T4,150.0,1.4533333333333334,1.4533333333333334,0.0,0.92105,16.9926,11.6578,8.5847,14.4776,CONSTRAINED,transformer_loading,0.0157,1.00742,126.46,1
6221,0.24,0,70,70,0.0,70.0,T2,LV_secondary_T2_T4,300.0,0.23333333333333334,0.23333333333333334,0.0,0.99456,7.1872,4.2178,2.8303,5.0794,CAUTION,caution,0.04664,1.04121,92.7,0
6332,0.24,13,185,198,0.0,198.0,T4,LV_secondary_T2_T4,150.0,1.32,1.2333333333333334,0.0,0.91348,17.0383,11.6797,8.589,14.4978,CONSTRAINED,voltage_rise,0.0822,1.00708,104.18,1
6212,0.24,0,72,72,0.0,72.0,T2,LV_secondary_T2_T4,300.0,0.24,0.24,0.0,0.99456,7.1414,4.1987,2.8231,5.0595,SAFE,none,0.02564,1.02021,92.7,0
7642,0.24,4,69,73,0.0,73.0,T14,LV_secondary_T2_T4,150.0,0.4866666666666667,0.46,0.0,0.9365,42.617,29.4074,21.7473,36.5751,CAUTION,caution,0.00878,1.00643,92.46,1
751,0.48,9,136,145,0.0,145.0,T9,other,1500.0,0.09666666666666666,0.09066666666666667,0.0,0.9685,34.4789,23.8283,17.6385,29.6463,SAFE,none,0.00975,1.00711,92.39,0
724,0.24,8,97,105,0.0,105.0,-,Main_720-734,5000.0,0.021,0.0194,0.0,0.99456,7.1414,4.1987,2.8231,5.0595,CAUTION,caution,0.03398,1.03148,92.65,1
770,0.24,13,158,171,450.0,0.38,T15,Delta_766-772,1500.0,0.114,0.10533333333333333,0.3,0.95059,44.5068,31.369,22.8385,38.8022,SAFE,none,0.01932,1.00803,92.3,0
722,0.24,0,159,159,0.0,159.0,-,Main_720-734,5000.0,0.0318,0.0318,0.0,0.99456,7.1872,4.2178,2.8303,5.0794,CONSTRAINED,voltage,0.10012,1.09469,92.6,1
726,0.24,0,51,51,0.0,51.0,-,Main_720-734,5000.0,0.0102,0.0102,0.0,0.99456,7.2329,4.237,2.8374,5.0993,CONSTRAINED,voltage_rise,0.05004,1.04461,92.73,0
724,0.24,15,101,116,0.0,116.0,-,Main_720-734,5000.0,0.0232,0.0202,0.0,0.99456,7.1414,4.1987,2.8231,5.0595,CAUTION,caution,0.03514,1.03517,92.64,1
620,0.24,0,206,206,0.0,206.0,T2,LV_secondary_T2_T4,300.0,0.6866666666666666,0.6866666666666666,0.0,0.99456,7.0957,4.1795,2.816,5.0396,CAUTION,caution,0.00646,1.00671,92.49,1
734,0.24,0,66,66,15.85,4.16403785488959,-,Main_720-734,5000.0,0.0132,0.0132,0.00317,0.90591,17.084,11.7015,8.5933,14.5179,CONSTRAINED,voltage_rise,0.05751,1.006,92.56,1
6202,0.24,0,110,110,0.0,110.0,T2,LV_secondary_T2_T4,300.0,0.36666666666666664,0.36666666666666664,0.0,0.99456,7.0957,4.1795,2.816,5.0396,CAUTION,caution,0.0035,1.0061,92.63,1
710,0.208,5,45,50,80.0,0.625,T17,Branch_701-708,300.0,0.16666666666666666,0.15,0.26666666666666666,0.95736,7.0104,4.008,2.9713,4.9893,SAFE,none,0.0018,1.00566,92.76,0
7693,0.24,0,60,60,0.0,60.0,T22,LV_secondary_T2_T4,150.0,0.4,0.4,0.0,0.95405,44.5068,31.369,22.8385,38.8022,CAUTION,caution,0.00935,1.00631,92.47,1
7693,0.24,0,205,205,0.0,205.0,T22,LV_secondary_T2_T4,150.0,1.3666666666666667,1.3666666666666667,0.0,0.95405,44.5068,31.369,22.8385,38.8022,CONSTRAINED,transformer_loading,0.03049,1.00836,111.61,1
623,0.24,0,96,96,0.0,96.0,T2,LV_secondary_T2_T4,300.0,0.32,0.32,0.0,0.99456,7.2329,4.237,2.8374,5.0993,CONSTRAINED,voltage,0.09033,1.0849,92.68,1
708,0.24,0,86,86,75.0,1.1466666666666667,T16,Branch_701-708,300.0,0.2866666666666667,0.2866666666666667,0.25,0.95801,6.2484,3.6185,2.8328,4.5954,CAUTION,caution,0.0032,1.00586,92.74,1
6212,0.24,0,237,237,0.0,237.0,T2,LV_secondary_T2_T4,300.0,0.79,0.79,0.0,0.99456,7.1414,4.1987,2.8231,5.0595,CONSTRAINED,voltage,0.07941,1.07398,92.49,1
708,0.24,0,140,140,75.0,1.8666666666666667,T16,Branch_701-708,300.0,0.4666666666666667,0.4666666666666667,0.25,0.95801,6.2484,3.6185,2.8328,4.5954,CAUTION,caution,0.00515,1.00615,92.7,1
6232,0.24,8,185,193,0.0,193.0,T2,LV_secondary_T2_T4,300.0,0.6433333333333333,0.6166666666666667,0.0,0.99456,7.2329,4.237,2.8374,5.0993,CONSTRAINED,voltage,0.15986,1.16265,92.59,1
7121,0.24,0,235,235,0.0,235.0,T18,LV_secondary_T2_T4,300.0,0.7833333333333333,0.7833333333333333,0.0,0.95826,7.7724,4.5565,3.3703,5.6675,CAUTION,caution,0.00991,1.00662,92.63,1
759,0.24,0,157,157,35.0,4.485714285714286,T12,Branch_752-765,150.0,1.0466666666666666,1.0466666666666666,0.23333333333333334,0.93737,40.2701,27.7136,20.528,34.4883,CAUTION,caution,0.01885,1.00753,92.35,1
7692,0.24,3,139,142,0.0,142.0,T22,LV_secondary_T2_T4,150.0,0.9466666666666667,0.9266666666666666,0.0,0.95405,44.5068,31.369,22.8385,38.8022,CAUTION,caution,0.02107,1.00751,92.35,1
725,0.24,0,90,90,0.0,90.0,-,Main_720-734,5000.0,0.018,0.018,0.0,0.99456,7.1872,4.2178,2.8303,5.0794,CONSTRAINED,voltage,0.05916,1.05373,92.68,1
720,0.24,0,173,173,66.0,2.621212121212121,T2,Main_720-734,300.0,0.5766666666666667,0.5766666666666667,0.22,0.99456,7.0957,4.1795,2.816,5.0396,CAUTION,caution,0.00545,1.0065,92.54,1
6222,0.24,0,236,236,0.0,236.0,T2,LV_secondary_T2_T4,300.0,0.7866666666666666,0.7866666666666666,0.0,0.99456,7.1872,4.2178,2.8303,5.0794,CONSTRAINED,voltage,0.14234,1.13691,92.53,1
6211,0.24,0,110,110,0.0,110.0,T2,LV_secondary_T2_T4,300.0,0.36666666666666664,0.36666666666666664,0.0,0.99456,7.1414,4.1987,2.8231,5.0595,CAUTION,caution,0.03859,1.03316,92.64,1
6222,0.24,0,80,80,0.0,80.0,T2,LV_secondary_T2_T4,300.0,0.26666666666666666,0.26666666666666666,0.0,0.99456,7.1872,4.2178,2.8303,5.0794,CONSTRAINED,voltage_rise,0.05294,1.04751,92.69,1
733,0.24,0,146,146,0.0,146.0,-,Main_720-734,5000.0,0.0292,0.0292,0.0,0.91348,17.0383,11.6797,8.589,14.4978,CONSTRAINED,voltage_rise,0.06697,1.0067,92.43,1
764,0.24,14,180,194,46.0,4.217391304347826,T14,Branch_752-765,150.0,1.2933333333333332,1.2,0.30666666666666664,0.9365,42.617,29.4074,21.7473,36.5751,CONSTRAINED,transformer_loading,0.02207,1.00803,104.17,1
6222,0.24,0,142,142,0.0,142.0,T2,LV_secondary_T2_T4,300.0,0.47333333333333333,0.47333333333333333,0.0,0.99456,7.1872,4.2178,2.8303,5.0794,CONSTRAINED,voltage,0.09033,1.0849,92.62,1
716,0.48,0,88,88,15.85,5.55205047318612,T24(HV),Branch_701-708,300.0,0.29333333333333333,0.29333333333333333,0.05283333333333333,0.97763,0.9144,0.4676,0.2627,0.5363,CONSTRAINED,transformer_loading,0.04756,1.0252,237.32,0
751,0.48,0,132,132,0.0,132.0,T9,other,1500.0,0.088,0.088,0.0,0.9685,34.4789,23.8283,17.6385,29.6463,SAFE,none,0.0095,1.00696,92.41,0
626,0.24,14,55,69,0.0,69.0,T2,LV_secondary_T2_T4,300.0,0.23,0.18333333333333332,0.0,0.99456,7.2329,4.237,2.8374,5.0993,CONSTRAINED,voltage,0.05227,1.06111,92.71,0
6211,0.24,0,187,187,0.0,187.0,T2,LV_secondary_T2_T4,300.0,0.6233333333333333,0.6233333333333333,0.0,0.99456,7.1414,4.1987,2.8231,5.0595,CONSTRAINED,voltage,0.06376,1.05833,92.55,1
726,0.24,0,183,183,0.0,183.0,-,Main_720-734,5000.0,0.0366,0.0366,0.0,0.99456,7.2329,4.237,2.8374,5.0993,CONSTRAINED,voltage,0.16054,1.15511,92.59,1
759,0.24,0,144,144,35.0,4.114285714285714,T12,Branch_752-765,150.0,0.96,0.96,0.23333333333333334,0.93737,40.2701,27.7136,20.528,34.4883,CAUTION,caution,0.01735,1.00736,92.37,1
769,0.24,6,160,166,41.0,4.048780487804878,T22,Delta_766-772,150.0,1.1066666666666667,1.0666666666666667,0.2733333333333333,0.95405,44.5068,31.369,22.8385,38.8022,CAUTION,caution,0.02404,1.00784,92.32,1
6262,0.24,0,20,20,0.0,20.0,T2,LV_secondary_T2_T4,300.0,0.06666666666666667,0.06666666666666667,0.0,0.99456,7.2329,4.237,2.8374,5.0993,SAFE,none,0.02026,1.01483,92.77,0
740,0.24,8,221,229,75.0,3.0533333333333332,T5,Main_735-750,150.0,1.5266666666666666,1.4733333333333334,0.5,0.98202,23.0885,14.9212,11.4648,18.8171,CONSTRAINED,transformer_loading,0.01809,1.00775,105.19,1
715,0.208,0,180,180,0.0,180.0,-,Branch_701-708,5000.0,0.036,0.036,0.0,0.99083,0.9144,0.4676,0.2627,0.5363,SAFE,none,0.00426,1.00642,92.66,0
7392,0.24,0,143,143,0.0,143.0,T6,LV_secondary_T2_T4,150.0,0.9533333333333334,0.9533333333333334,0.0,0.98477,24.6125,15.6519,11.8507,19.6321,CAUTION,caution,0.01197,1.00688,92.41,1
6241,0.24,0,160,160,0.0,160.0,T2,LV_secondary_T2_T4,300.0,0.5333333333333333,0.5333333333333333,0.0,0.99456,7.1414,4.1987,2.8231,5.0595,CONSTRAINED,voltage_rise,0.05509,1.04966,92.58,1
708,0.24,14,236,250,75.0,3.3333333333333335,T16,Branch_701-708,300.0,0.8333333333333334,0.7866666666666666,0.25,0.95801,6.2484,3.6185,2.8328,4.5954,CAUTION,caution,0.00847,1.0067,92.62,1
721,0.24,0,100,100,0.0,100.0,-,Main_720-734,5000.0,0.02,0.02,0.0,0.99456,7.1414,4.1987,2.8231,5.0595,CAUTION,caution,0.03522,1.02979,92.66,1
756,0.208,0,159,159,155.0,1.0258064516129033,T11,Branch_752-765,300.0,0.53,0.53,0.5166666666666667,0.93609,39.8129,27.5407,20.4003,34.2734,SAFE,none,0.01704,1.00765,92.34,0
7481,0.24,0,166,166,0.0,166.0,T8,LV_secondary_T2_T4,150.0,1.1066666666666667,1.1066666666666667,0.0,0.95585,27.31,18.8387,13.9267,23.4276,CAUTION,caution,0.01616,1.00741,92.36,1
733,0.24,0,120,120,0.0,120.0,-,Main_720-734,5000.0,0.024,0.024,0.0,0.91348,17.0383,11.6797,8.589,14.4978,CONSTRAINED,voltage_rise,0.05577,1.00649,92.45,1
622,0.24,15,152,167,0.0,167.0,T2,LV_secondary_T2_T4,300.0,0.5566666666666666,0.5066666666666667,0.0,0.99456,7.1872,4.2178,2.8303,5.0794,CONSTRAINED,voltage,0.09426,1.09923,92.59,1
7391,0.24,0,138,138,0.0,138.0,T6,LV_secondary_T2_T4,150.0,0.92,0.92,0.0,0.98477,24.6125,15.6519,11.8507,19.6321,CAUTION,caution,0.01156,1.00683,92.42,1
7483,0.24,0,18,18,0.0,18.0,T8,LV_secondary_T2_T4,150.0,0.12,0.12,0.0,0.95585,27.31,18.8387,13.9267,23.4276,SAFE,none,0.00182,1.0056,92.71,0
7483,0.24,0,144,144,0.0,144.0,T8,LV_secondary_T2_T4,150.0,0.96,0.96,0.0,0.95585,27.31,18.8387,13.9267,23.4276,CAUTION,caution,0.0141,1.00715,92.39,1
721,0.24,0,167,167,0.0,167.0,-,Main_720-734,5000.0,0.0334,0.0334,0.0,0.99456,7.1414,4.1987,2.8231,5.0595,CONSTRAINED,voltage,0.05736,1.05192,92.57,1
6201,0.24,0,100,100,0.0,100.0,T2,LV_secondary_T2_T4,300.0,0.3333333333333333,0.3333333333333333,0.0,0.99456,7.0957,4.1795,2.816,5.0396,CAUTION,caution,0.00319,1.00604,92.65,1
733,0.24,10,212,222,0.0,222.0,-,Main_720-734,5000.0,0.0444,0.0424,0.0,0.91348,17.0383,11.6797,8.589,14.4978,CONSTRAINED,voltage_rise,0.09333,1.01176,118.74,1
710,0.208,0,102,102,80.0,1.275,T17,Branch_701-708,300.0,0.34,0.34,0.26666666666666666,0.95736,7.0104,4.008,2.9713,4.9893,CAUTION,caution,0.00405,1.00595,92.73,1
633,0.24,0,55,55,0.0,55.0,T4,LV_secondary_T2_T4,150.0,0.36666666666666664,0.36666666666666664,0.0,0.91348,17.0383,11.6797,8.589,14.4978,CAUTION,caution,0.02646,1.00592,92.6,1
732,0.24,0,97,97,25.4,3.818897637795276,T4,Main_720-734,150.0,0.6466666666666666,0.6466666666666666,0.16933333333333334,0.92105,16.9926,11.6578,8.5847,14.4776,CAUTION,caution,0.00719,1.00633,92.47,1
633,0.24,0,90,90,0.0,90.0,T4,LV_secondary_T2_T4,150.0,0.6,0.6,0.0,0.91348,17.0383,11.6797,8.589,14.4978,CAUTION,caution,0.04248,1.00623,92.48,1
770,0.24,0,249,249,450.0,0.5533333333333333,T15,Delta_766-772,1500.0,0.166,0.166,0.3,0.95059,44.5068,31.369,22.8385,38.8022,CAUTION,caution,0.03004,1.00914,92.19,0
633,0.24,0,204,204,0.0,204.0,T4,LV_secondary_T2_T4,150.0,1.36,1.36,0.0,0.91348,17.0383,11.6797,8.589,14.4978,CONSTRAINED,voltage_rise,0.09104,1.00712,107.84,1
7121,0.24,0,208,208,0.0,208.0,T18,LV_secondary_T2_T4,300.0,0.6933333333333334,0.6933333333333334,0.0,0.95826,7.7724,4.5565,3.3703,5.6675,CAUTION,caution,0.00882,1.00649,92.65,1
6212,0.24,10,30,40,0.0,40.0,T2,LV_secondary_T2_T4,300.0,0.13333333333333333,0.1,0.0,0.99456,7.1414,4.1987,2.8231,5.0595,SAFE,none,0.01078,1.009,92.74,0
6212,0.24,10,177,187,0.0,187.0,T2,LV_secondary_T2_T4,300.0,0.6233333333333333,0.59,0.0,0.99456,7.1414,4.1987,2.8231,5.0595,CONSTRAINED,voltage,0.06011,1.05833,92.55,1
6211,0.24,0,229,229,0.0,229.0,T2,LV_secondary_T2_T4,300.0,0.7633333333333333,0.7633333333333333,0.0,0.99456,7.1414,4.1987,2.8231,5.0595,CONSTRAINED,voltage,0.07694,1.07151,92.5,1
7481,0.24,0,242,242,0.0,242.0,T8,LV_secondary_T2_T4,150.0,1.6133333333333333,1.6133333333333333,0.0,0.95585,27.31,18.8387,13.9267,23.4276,CONSTRAINED,transformer_loading,0.02313,1.00825,116.74,1
621,0.24,0,93,93,0.0,93.0,T2,LV_secondary_T2_T4,300.0,0.31,0.31,0.0,0.99456,7.1414,4.1987,2.8231,5.0595,CAUTION,caution,0.03284,1.02741,92.67,1
6211,0.24,0,227,227,0.0,227.0,T2,LV_secondary_T2_T4,300.0,0.7566666666666667,0.7566666666666667,0.0,0.99456,7.1414,4.1987,2.8231,5.0595,CONSTRAINED,voltage,0.07632,1.07089,92.5,1
723,0.24,0,78,78,0.0,78.0,-,Main_720-734,5000.0,0.0156,0.0156,0.0,0.99456,7.2329,4.237,2.8374,5.0993,CONSTRAINED,voltage,0.07459,1.06916,92.7,0
6332,0.24,0,22,22,0.0,22.0,T4,LV_secondary_T2_T4,150.0,0.14666666666666667,0.14666666666666667,0.0,0.91348,17.0383,11.6797,8.589,14.4978,SAFE,none,0.01079,1.00559,92.72,0
764,0.24,0,34,34,46.0,0.7391304347826086,T14,Branch_752-765,150.0,0.22666666666666666,0.22666666666666666,0.30666666666666664,0.9365,42.617,29.4074,21.7473,36.5751,SAFE,none,0.00438,1.00587,92.61,0
7482,0.24,15,55,70,0.0,70.0,T8,LV_secondary_T2_T4,150.0,0.4666666666666667,0.36666666666666664,0.0,0.95585,27.31,18.8387,13.9267,23.4276,SAFE,none,0.00546,1.00626,92.47,0
733,0.24,0,100,100,0.0,100.0,-,Main_720-734,5000.0,0.02,0.02,0.0,0.91348,17.0383,11.6797,8.589,14.4978,CAUTION,caution,0.04695,1.00632,92.47,1
764,0.24,0,239,239,46.0,5.195652173913044,T14,Branch_752-765,150.0,1.5933333333333333,1.5933333333333333,0.30666666666666664,0.9365,42.617,29.4074,21.7473,36.5751,CONSTRAINED,transformer_loading,0.02906,1.00859,134.34,1
714,0.208,3,63,66,240.0,0.275,T24,Branch_701-708,30.0,2.2,2.1,8.0,0.99083,0.9144,0.4676,0.2627,0.5363,SAFE,none,0.00152,1.00576,92.75,0
748,0.24,7,146,153,76.88,1.990114464099896,T8,Main_735-750,150.0,1.02,0.9733333333333334,0.5125333333333333,0.95585,27.31,18.8387,13.9267,23.4276,CAUTION,caution,0.01423,1.00726,92.38,1
772,0.208,0,242,242,100.0,2.42,T19,Delta_766-772,300.0,0.8066666666666666,0.8066666666666666,0.3333333333333333,0.93424,43.184,29.887,22.1458,37.1977,CAUTION,caution,0.02522,1.00874,92.23,1
748,0.24,0,213,213,76.88,2.7705515088449535,T8,Main_735-750,150.0,1.42,1.42,0.5125333333333333,0.95585,27.31,18.8387,13.9267,23.4276,CAUTION,caution,0.0205,1.00793,98.13,1
7481,0.24,0,40,40,0.0,40.0,T8,LV_secondary_T2_T4,150.0,0.26666666666666666,0.26666666666666666,0.0,0.95585,27.31,18.8387,13.9267,23.4276,SAFE,none,0.00402,1.00588,92.6,0
769,0.24,0,152,152,41.0,3.707317073170732,T22,Delta_766-772,150.0,1.0133333333333334,1.0133333333333334,0.2733333333333333,0.95405,44.5068,31.369,22.8385,38.8022,CAUTION,caution,0.02299,1.00765,92.34,1
7483,0.24,3,217,220,0.0,220.0,T8,LV_secondary_T2_T4,150.0,1.4666666666666666,1.4466666666666668,0.0,0.95585,27.31,18.8387,13.9267,23.4276,CONSTRAINED,transformer_loading,0.02083,1.00801,102.6,1
710,0.208,0,57,57,80.0,0.7125,T17,Branch_701-708,300.0,0.19,0.19,0.26666666666666666,0.95736,7.0104,4.008,2.9713,4.9893,SAFE,none,0.00228,1.0057,92.76,0
6242,0.24,0,110,110,0.0,110.0,T2,LV_secondary_T2_T4,300.0,0.36666666666666664,0.36666666666666664,0.0,0.99456,7.1414,4.1987,2.8231,5.0595,CAUTION,caution,0.03859,1.03316,92.64,1
710,0.208,0,108,108,80.0,1.35,T17,Branch_701-708,300.0,0.36,0.36,0.26666666666666666,0.95736,7.0104,4.008,2.9713,4.9893,CAUTION,caution,0.00428,1.00598,92.72,1
7392,0.24,15,102,117,0.0,117.0,T6,LV_secondary_T2_T4,150.0,0.78,0.68,0.0,0.98477,24.6125,15.6519,11.8507,19.6321,CAUTION,caution,0.00856,1.00662,92.44,1
6221,0.24,7,84,91,0.0,91.0,T2,LV_secondary_T2_T4,300.0,0.30333333333333334,0.28,0.0,0.99456,7.1872,4.2178,2.8303,5.0794,CONSTRAINED,voltage,0.0549,1.05435,92.68,1
7392,0.24,14,191,205,0.0,205.0,T6,LV_secondary_T2_T4,150.0,1.3666666666666667,1.2733333333333334,0.0,0.98477,24.6125,15.6519,11.8507,19.6321,CONSTRAINED,transformer_loading,0.01571,1.00748,109.83,1
714,0.208,0,85,85,240.0,0.3541666666666667,T24,Branch_701-708,30.0,2.8333333333333335,2.8333333333333335,8.0,0.99083,0.9144,0.4676,0.2627,0.5363,SAFE,none,0.00204,1.00588,92.74,0
6222,0.24,0,85,85,0.0,85.0,T2,LV_secondary_T2_T4,300.0,0.2833333333333333,0.2833333333333333,0.0,0.99456,7.1872,4.2178,2.8303,5.0794,CONSTRAINED,voltage,0.05606,1.05063,92.68,1
722,0.24,0,65,65,0.0,65.0,-,Main_720-734,5000.0,0.013,0.013,0.0,0.99456,7.1872,4.2178,2.8303,5.0794,CAUTION,caution,0.04346,1.03803,92.71,0
6212,0.24,0,246,246,0.0,246.0,T2,LV_secondary_T2_T4,300.0,0.82,0.82,0.0,0.99456,7.1414,4.1987,2.8231,5.0595,CONSTRAINED,voltage,0.08218,1.07675,92.48,1
6241,0.24,0,196,196,0.0,196.0,T2,LV_secondary_T2_T4,300.0,0.6533333333333333,0.6533333333333333,0.0,0.99456,7.1414,4.1987,2.8231,5.0595,CONSTRAINED,voltage,0.06662,1.06119,92.54,1
620,0.24,0,166,166,0.0,166.0,T2,LV_secondary_T2_T4,300.0,0.5533333333333333,0.5533333333333333,0.0,0.99456,7.0957,4.1795,2.816,5.0396,CAUTION,caution,0.00524,1.00646,92.55,1
715,0.208,0,65,65,0.0,65.0,-,Branch_701-708,5000.0,0.013,0.013,0.0,0.99083,0.9144,0.4676,0.2627,0.5363,SAFE,none,0.00157,1.00576,92.75,0
6322,0.24,0,103,103,0.0,103.0,T4,LV_secondary_T2_T4,150.0,0.6866666666666666,0.6866666666666666,0.0,0.92105,16.9926,11.6578,8.5847,14.4776,CAUTION,caution,0.00762,1.00639,92.46,1
769,0.24,0,124,124,41.0,3.024390243902439,T22,Delta_766-772,150.0,0.8266666666666667,0.8266666666666667,0.2733333333333333,0.95405,44.5068,31.369,22.8385,38.8022,CAUTION,caution,0.01892,1.00726,92.38,1
7641,0.24,0,19,19,0.0,19.0,T14,LV_secondary_T2_T4,150.0,0.12666666666666668,0.12666666666666668,0.0,0.9365,42.617,29.4074,21.7473,36.5751,SAFE,none,0.00246,1.00565,92.7,0
7483,0.24,0,237,237,0.0,237.0,T8,LV_secondary_T2_T4,150.0,1.58,1.58,0.0,0.95585,27.31,18.8387,13.9267,23.4276,CONSTRAINED,transformer_loading,0.02268,1.00819,113.52,1
772,0.208,0,34,34,100.0,0.34,T19,Delta_766-772,300.0,0.11333333333333333,0.11333333333333333,0.3333333333333333,0.93424,43.184,29.887,22.1458,37.1977,SAFE,none,0.00371,1.00588,92.61,0
739,0.24,5,15,20,41.1,0.48661800486618,T6,Main_735-750,150.0,0.13333333333333333,0.1,0.274,0.98477,24.6125,15.6519,11.8507,19.6321,SAFE,none,0.00129,1.00559,92.72,0
6252,0.24,0,94,94,0.0,94.0,T2,LV_secondary_T2_T4,300.0,0.31333333333333335,0.31333333333333335,0.0,0.99456,7.1872,4.2178,2.8303,5.0794,CONSTRAINED,voltage,0.06163,1.0562,92.67,1
6261,0.24,0,210,210,0.0,210.0,T2,LV_secondary_T2_T4,300.0,0.7,0.7,0.0,0.99456,7.2329,4.237,2.8374,5.0993,CONSTRAINED,voltage,0.18068,1.17525,92.57,1
621,0.24,3,199,202,0.0,202.0,T2,LV_secondary_T2_T4,300.0,0.6733333333333333,0.6633333333333333,0.0,0.99456,7.1414,4.1987,2.8231,5.0595,CONSTRAINED,voltage,0.06741,1.06308,92.53,1
6221,0.24,12,156,168,0.0,168.0,T2,LV_secondary_T2_T4,300.0,0.56,0.52,0.0,0.99456,7.1872,4.2178,2.8303,5.0794,CONSTRAINED,voltage,0.09689,1.0998,92.59,1
6232,0.24,0,18,18,0.0,18.0,T2,LV_secondary_T2_T4,300.0,0.06,0.06,0.0,0.99456,7.2329,4.237,2.8374,5.0993,SAFE,none,0.01828,1.01284,92.78,0
7643,0.24,0,210,210,0.0,210.0,T14,LV_secondary_T2_T4,150.0,1.4,1.4,0.0,0.9365,42.617,29.4074,21.7473,36.5751,CONSTRAINED,transformer_loading,0.02574,1.00823,114.91,1
733,0.24,0,72,72,0.0,72.0,-,Main_720-734,5000.0,0.0144,0.0144,0.0,0.91348,17.0383,11.6797,8.589,14.4978,CAUTION,caution,0.03432,1.00607,92.54,1
7691,0.24,0,154,154,0.0,154.0,T22,LV_secondary_T2_T4,150.0,1.0266666666666666,1.0266666666666666,0.0,0.95405,44.5068,31.369,22.8385,38.8022,CAUTION,caution,0.02327,1.00768,92.34,1
723,0.24,0,198,198,0.0,198.0,-,Main_720-734,5000.0,0.0396,0.0396,0.0,0.99456,7.2329,4.237,2.8374,5.0993,CONSTRAINED,voltage,0.17181,1.16638,92.58,1
7641,0.24,0,204,204,0.0,204.0,T14,LV_secondary_T2_T4,150.0,1.36,1.36,0.0,0.9365,42.617,29.4074,21.7473,36.5751,CONSTRAINED,transformer_loading,0.02504,1.00816,110.89,1
7641,0.24,0,115,115,0.0,115.0,T14,LV_secondary_T2_T4,150.0,0.7666666666666667,0.7666666666666667,0.0,0.9365,42.617,29.4074,21.7473,36.5751,CAUTION,caution,0.01447,1.00701,92.4,1
7693,0.24,0,164,164,0.0,164.0,T22,LV_secondary_T2_T4,150.0,1.0933333333333333,1.0933333333333333,0.0,0.95405,44.5068,31.369,22.8385,38.8022,CAUTION,caution,0.02471,1.00781,92.32,1
716,0.48,0,174,174,15.85,10.977917981072556,T24(HV),Branch_701-708,300.0,0.58,0.58,0.05283333333333333,0.97763,0.9144,0.4676,0.2627,0.5363,CONSTRAINED,voltage,0.08844,1.06608,495.69,0
623,0.24,0,45,45,0.0,45.0,T2,LV_secondary_T2_T4,300.0,0.15,0.15,0.0,0.99456,7.2329,4.237,2.8374,5.0993,CAUTION,caution,0.04442,1.03899,92.74,0
6332,0.24,0,110,110,0.0,110.0,T4,LV_secondary_T2_T4,150.0,0.7333333333333333,0.7333333333333333,0.0,0.91348,17.0383,11.6797,8.589,14.4978,CONSTRAINED,voltage_rise,0.05138,1.0064,92.46,1
715,0.208,0,14,14,0.0,14.0,-,Branch_701-708,5000.0,0.0028,0.0028,0.0,0.99083,0.9144,0.4676,0.2627,0.5363,SAFE,none,0.00034,1.00545,92.79,0
723,0.24,0,42,42,0.0,42.0,-,Main_720-734,5000.0,0.0084,0.0084,0.0,0.99456,7.2329,4.237,2.8374,5.0993,CAUTION,caution,0.04159,1.03615,92.74,0
6232,0.24,0,149,149,0.0,149.0,T2,LV_secondary_T2_T4,300.0,0.49666666666666665,0.49666666666666665,0.0,0.99456,7.2329,4.237,2.8374,5.0993,CONSTRAINED,voltage,0.13414,1.12871,92.62,1
734,0.24,0,55,55,15.85,3.470031545741325,-,Main_720-734,5000.0,0.011,0.011,0.00317,0.90591,17.084,11.7015,8.5933,14.5179,CAUTION,caution,0.04842,1.00591,92.6,1
756,0.208,6,56,62,155.0,0.4,T11,Branch_752-765,300.0,0.20666666666666667,0.18666666666666668,0.5166666666666667,0.93609,39.8129,27.5407,20.4003,34.2734,SAFE,none,0.00614,1.00629,92.47,0
759,0.24,0,59,59,35.0,1.6857142857142857,T12,Branch_752-765,150.0,0.3933333333333333,0.3933333333333333,0.23333333333333334,0.93737,40.2701,27.7136,20.528,34.4883,CAUTION,caution,0.00728,1.00622,92.48,1
728,0.24,0,108,108,38.0,2.8421052631578947,T3,Main_720-734,75.0,1.44,1.44,0.5066666666666667,0.93706,11.5824,7.8923,5.7834,9.7845,CONSTRAINED,transformer_loading,0.02061,1.00625,103.02,1
743,0.24,15,207,222,240.0,0.925,T7,Main_735-750,300.0,0.74,0.69,0.8,0.96367,21.8693,15.052,11.1097,18.708,SAFE,none,0.0141,1.00798,92.3,0
6231,0.24,0,45,45,0.0,45.0,T2,LV_secondary_T2_T4,300.0,0.15,0.15,0.0,0.99456,7.2329,4.237,2.8374,5.0993,CAUTION,caution,0.04442,1.03899,92.74,0
6222,0.24,0,32,32,0.0,32.0,T2,LV_secondary_T2_T4,300.0,0.10666666666666667,0.10666666666666667,0.0,0.99456,7.1872,4.2178,2.8303,5.0794,SAFE,none,0.0219,1.01647,92.76,0
7642,0.24,0,179,179,0.0,179.0,T14,LV_secondary_T2_T4,150.0,1.1933333333333334,1.1933333333333334,0.0,0.9365,42.617,29.4074,21.7473,36.5751,CAUTION,caution,0.02212,1.00785,94.09,1
6251,0.24,0,127,127,0.0,127.0,T2,LV_secondary_T2_T4,300.0,0.42333333333333334,0.42333333333333334,0.0,0.99456,7.1872,4.2178,2.8303,5.0794,CONSTRAINED,voltage,0.08153,1.0761,92.63,1
730,0.24,0,135,135,85.0,1.588235294117647,T23,Main_720-734,300.0,0.45,0.45,0.2833333333333333,0.94696,11.8872,7.965,5.8252,9.8678,CAUTION,caution,0.00561,1.00651,92.45,1
6251,0.24,0,205,205,0.0,205.0,T2,LV_secondary_T2_T4,300.0,0.6833333333333333,0.6833333333333333,0.0,0.99456,7.1872,4.2178,2.8303,5.0794,CONSTRAINED,voltage,0.12574,1.1203,92.55,1
721,0.24,0,56,56,0.0,56.0,-,Main_720-734,5000.0,0.0112,0.0112,0.0,0.99456,7.1414,4.1987,2.8231,5.0595,SAFE,none,0.02007,1.01464,92.72,0
772,0.208,12,26,38,100.0,0.38,T19,Delta_766-772,300.0,0.12666666666666668,0.08666666666666667,0.3333333333333333,0.93424,43.184,29.887,22.1458,37.1977,SAFE,none,0.00283,1.00594,92.59,0
6321,0.24,0,231,231,0.0,231.0,T4,LV_secondary_T2_T4,150.0,1.54,1.54,0.0,0.92105,16.9926,11.6578,8.5847,14.4776,CONSTRAINED,transformer_loading,0.01659,1.00753,135.52,1
772,0.208,0,9,9,100.0,0.09,T19,Delta_766-772,300.0,0.03,0.03,0.3333333333333333,0.93424,43.184,29.887,22.1458,37.1977,SAFE,none,0.00099,1.0055,92.75,0
6331,0.24,0,184,184,0.0,184.0,T4,LV_secondary_T2_T4,150.0,1.2266666666666666,1.2266666666666666,0.0,0.91348,17.0383,11.6797,8.589,14.4978,CONSTRAINED,voltage_rise,0.08288,1.00698,95.59,1
7693,0.24,0,108,108,0.0,108.0,T22,LV_secondary_T2_T4,150.0,0.72,0.72,0.0,0.95405,44.5068,31.369,22.8385,38.8022,CAUTION,caution,0.01656,1.00703,92.4,1
7691,0.24,0,202,202,0.0,202.0,T22,LV_secondary_T2_T4,150.0,1.3466666666666667,1.3466666666666667,0.0,0.95405,44.5068,31.369,22.8385,38.8022,CONSTRAINED,transformer_loading,0.03007,1.00832,109.64,1
739,0.24,0,121,121,41.1,2.944038929440389,T6,Main_735-750,150.0,0.8066666666666666,0.8066666666666666,0.274,0.98477,24.6125,15.6519,11.8507,19.6321,CAUTION,caution,0.01018,1.00666,92.44,1
740,0.24,11,201,212,75.0,2.8266666666666667,T5,Main_735-750,150.0,1.4133333333333333,1.34,0.5,0.98202,23.0885,14.9212,11.4648,18.8171,CAUTION,caution,0.0165,1.00758,94.3,1
621,0.24,0,28,28,0.0,28.0,T2,LV_secondary_T2_T4,300.0,0.09333333333333334,0.09333333333333334,0.0,0.99456,7.1414,4.1987,2.8231,5.0595,SAFE,none,0.01015,1.00555,92.76,0
6252,0.24,0,243,243,0.0,243.0,T2,LV_secondary_T2_T4,300.0,0.81,0.81,0.0,0.99456,7.1872,4.2178,2.8303,5.0794,CONSTRAINED,voltage,0.14603,1.14059,92.52,1
772,0.208,10,191,201,100.0,2.01,T19,Delta_766-772,300.0,0.67,0.6366666666666667,0.3333333333333333,0.93424,43.184,29.887,22.1458,37.1977,CAUTION,caution,0.02004,1.00821,92.28,1
6322,0.24,9,97,106,0.0,106.0,T4,LV_secondary_T2_T4,150.0,0.7066666666666667,0.6466666666666666,0.0,0.92105,16.9926,11.6578,8.5847,14.4776,CAUTION,caution,0.00716,1.00642,92.46,1
725,0.24,0,236,236,0.0,236.0,-,Main_720-734,5000.0,0.0472,0.0472,0.0,0.99456,7.1872,4.2178,2.8303,5.0794,CONSTRAINED,voltage,0.14234,1.13691,92.53,1
621,0.24,0,214,214,0.0,214.0,T2,LV_secondary_T2_T4,300.0,0.7133333333333334,0.7133333333333334,0.0,0.99456,7.1414,4.1987,2.8231,5.0595,CONSTRAINED,voltage,0.07228,1.06685,92.52,1
6241,0.24,0,42,42,0.0,42.0,T2,LV_secondary_T2_T4,300.0,0.14,0.14,0.0,0.99456,7.1414,4.1987,2.8231,5.0595,SAFE,none,0.01514,1.00971,92.74,0
6321,0.24,0,107,107,0.0,107.0,T4,LV_secondary_T2_T4,150.0,0.7133333333333334,0.7133333333333334,0.0,0.92105,16.9926,11.6578,8.5847,14.4776,CAUTION,caution,0.00791,1.00643,92.46,1
7481,0.24,3,163,166,0.0,166.0,T8,LV_secondary_T2_T4,150.0,1.1066666666666667,1.0866666666666667,0.0,0.95585,27.31,18.8387,13.9267,23.4276,CAUTION,caution,0.01586,1.00741,92.36,1
6332,0.24,0,80,80,0.0,80.0,T4,LV_secondary_T2_T4,150.0,0.5333333333333333,0.5333333333333333,0.0,0.91348,17.0383,11.6797,8.589,14.4978,CAUTION,caution,0.03796,1.00614,92.51,1
7692,0.24,0,219,219,0.0,219.0,T22,LV_secondary_T2_T4,150.0,1.46,1.46,0.0,0.95405,44.5068,31.369,22.8385,38.8022,CONSTRAINED,transformer_loading,0.03243,1.00855,120.8,1
7642,0.24,0,147,147,0.0,147.0,T14,LV_secondary_T2_T4,150.0,0.98,0.98,0.0,0.9365,42.617,29.4074,21.7473,36.5751,CAUTION,caution,0.01833,1.00743,92.36,1
726,0.24,0,55,55,0.0,55.0,-,Main_720-734,5000.0,0.011,0.011,0.0,0.99456,7.2329,4.237,2.8374,5.0993,CONSTRAINED,voltage_rise,0.05376,1.04833,92.73,0
7483,0.24,0,104,104,0.0,104.0,T8,LV_secondary_T2_T4,150.0,0.6933333333333334,0.6933333333333334,0.0,0.95585,27.31,18.8387,13.9267,23.4276,CAUTION,caution,0.01028,1.00668,92.43,1
7121,0.24,0,226,226,0.0,226.0,T18,LV_secondary_T2_T4,300.0,0.7533333333333333,0.7533333333333333,0.0,0.95826,7.7724,4.5565,3.3703,5.6675,CAUTION,caution,0.00955,1.00658,92.64,1
626,0.24,0,145,145,0.0,145.0,T2,LV_secondary_T2_T4,300.0,0.48333333333333334,0.48333333333333334,0.0,0.99456,7.2329,4.237,2.8374,5.0993,CONSTRAINED,voltage,0.13095,1.12552,92.63,1
6332,0.24,0,215,215,0.0,215.0,T4,LV_secondary_T2_T4,150.0,1.4333333333333333,1.4333333333333333,0.0,0.91348,17.0383,11.6797,8.589,14.4978,CONSTRAINED,voltage_rise,0.09547,1.00896,114.52,1
708,0.24,0,8,8,75.0,0.10666666666666667,T16,Branch_701-708,300.0,0.02666666666666667,0.02666666666666667,0.25,0.95801,6.2484,3.6185,2.8328,4.5954,SAFE,none,0.0003,1.00541,92.8,0
7641,0.24,10,30,40,0.0,40.0,T14,LV_secondary_T2_T4,150.0,0.26666666666666666,0.2,0.0,0.9365,42.617,29.4074,21.7473,36.5751,SAFE,none,0.00385,1.00596,92.58,0
7483,0.24,0,48,48,0.0,48.0,T8,LV_secondary_T2_T4,150.0,0.32,0.32,0.0,0.95585,27.31,18.8387,13.9267,23.4276,SAFE,none,0.00481,1.00599,92.56,0
722,0.24,0,113,113,0.0,113.0,-,Main_720-734,5000.0,0.0226,0.0226,0.0,0.99456,7.1872,4.2178,2.8303,5.0794,CONSTRAINED,voltage,0.07319,1.06775,92.65,1
6242,0.24,0,142,142,0.0,142.0,T2,LV_secondary_T2_T4,300.0,0.47333333333333333,0.47333333333333333,0.0,0.99456,7.1414,4.1987,2.8231,5.0595,CAUTION,caution,0.04922,1.04379,92.6,1
6332,0.24,0,95,95,0.0,95.0,T4,LV_secondary_T2_T4,150.0,0.6333333333333333,0.6333333333333333,0.0,0.91348,17.0383,11.6797,8.589,14.4978,CAUTION,caution,0.04472,1.00628,92.47,1
6251,0.24,0,143,143,0.0,143.0,T2,LV_secondary_T2_T4,300.0,0.4766666666666667,0.4766666666666667,0.0,0.99456,7.1872,4.2178,2.8303,5.0794,CONSTRAINED,voltage,0.09091,1.08548,92.62,1
6261,0.24,9,91,100,0.0,100.0,T2,LV_secondary_T2_T4,300.0,0.3333333333333333,0.30333333333333334,0.0,0.99456,7.2329,4.237,2.8374,5.0993,CONSTRAINED,voltage,0.08453,1.08833,92.67,1
759,0.24,6,161,167,35.0,4.771428571428571,T12,Branch_752-765,150.0,1.1133333333333333,1.0733333333333333,0.23333333333333334,0.93737,40.2701,27.7136,20.528,34.4883,CAUTION,caution,0.01925,1.00766,92.95,1
732,0.24,6,219,225,25.4,8.858267716535433,T4,Main_720-734,150.0,1.5,1.46,0.16933333333333334,0.92105,16.9926,11.6578,8.5847,14.4776,CONSTRAINED,transformer_loading,0.01572,1.00748,131.34,1
6222,0.24,0,31,31,0.0,31.0,T2,LV_secondary_T2_T4,300.0,0.10333333333333333,0.10333333333333333,0.0,0.99456,7.1872,4.2178,2.8303,5.0794,SAFE,none,0.02124,1.0158,92.76,0
6212,0.24,0,154,154,0.0,154.0,T2,LV_secondary_T2_T4,300.0,0.5133333333333333,0.5133333333333333,0.0,0.99456,7.1414,4.1987,2.8231,5.0595,CONSTRAINED,voltage_rise,0.05314,1.04771,92.59,1
723,0.24,0,188,188,0.0,188.0,-,Main_720-734,5000.0,0.0376,0.0376,0.0,0.99456,7.2329,4.237,2.8374,5.0993,CONSTRAINED,voltage,0.16432,1.15889,92.59,1
620,0.24,3,64,67,0.0,67.0,T2,LV_secondary_T2_T4,300.0,0.22333333333333333,0.21333333333333335,0.0,0.99456,7.0957,4.1795,2.816,5.0396,SAFE,none,0.00205,1.00582,92.7,0
7693,0.24,0,45,45,0.0,45.0,T22,LV_secondary_T2_T4,150.0,0.3,0.3,0.0,0.95405,44.5068,31.369,22.8385,38.8022,SAFE,none,0.00705,1.00608,92.54,0
724,0.24,0,154,154,0.0,154.0,-,Main_720-734,5000.0,0.0308,0.0308,0.0,0.99456,7.1414,4.1987,2.8231,5.0595,CONSTRAINED,voltage_rise,0.05314,1.04771,92.59,1
6231,0.24,0,184,184,0.0,184.0,T2,LV_secondary_T2_T4,300.0,0.6133333333333333,0.6133333333333333,0.0,0.99456,7.2329,4.237,2.8374,5.0993,CONSTRAINED,voltage,0.1613,1.15586,92.59,1
723,0.24,7,86,93,0.0,93.0,-,Main_720-734,5000.0,0.0186,0.0172,0.0,0.99456,7.2329,4.237,2.8374,5.0993,CONSTRAINED,voltage,0.08054,1.08231,92.68,1
7391,0.24,0,35,35,0.0,35.0,T6,LV_secondary_T2_T4,150.0,0.23333333333333334,0.23333333333333334,0.0,0.98477,24.6125,15.6519,11.8507,19.6321,SAFE,none,0.003,1.00575,92.66,0
626,0.24,0,71,71,0.0,71.0,T2,LV_secondary_T2_T4,300.0,0.23666666666666666,0.23666666666666666,0.0,0.99456,7.2329,4.237,2.8374,5.0993,CONSTRAINED,voltage,0.06834,1.06291,92.71,0
6242,0.24,0,124,124,0.0,124.0,T2,LV_secondary_T2_T4,300.0,0.41333333333333333,0.41333333333333333,0.0,0.99456,7.1414,4.1987,2.8231,5.0595,CAUTION,caution,0.04327,1.03784,92.63,1
756,0.208,0,227,227,155.0,1.4645161290322581,T11,Branch_752-765,300.0,0.7566666666666667,0.7566666666666667,0.5166666666666667,0.93609,39.8129,27.5407,20.4003,34.2734,CAUTION,caution,0.02394,1.00854,92.25,1
6252,0.24,0,149,149,0.0,149.0,T2,LV_secondary_T2_T4,300.0,0.49666666666666665,0.49666666666666665,0.0,0.99456,7.1872,4.2178,2.8303,5.0794,CONSTRAINED,voltage,0.09438,1.08895,92.61,1
6242,0.24,0,241,241,0.0,241.0,T2,LV_secondary_T2_T4,300.0,0.8033333333333333,0.8033333333333333,0.0,0.99456,7.1414,4.1987,2.8231,5.0595,CONSTRAINED,voltage,0.08064,1.07521,92.49,1
725,0.24,0,136,136,0.0,136.0,-,Main_720-734,5000.0,0.0272,0.0272,0.0,0.99456,7.1872,4.2178,2.8303,5.0794,CONSTRAINED,voltage,0.08683,1.0814,92.62,1
6232,0.24,0,50,50,0.0,50.0,T2,LV_secondary_T2_T4,300.0,0.16666666666666666,0.16666666666666666,0.0,0.99456,7.2329,4.237,2.8374,5.0993,CAUTION,caution,0.04911,1.04368,92.73,0
6221,0.24,0,90,90,0.0,90.0,T2,LV_secondary_T2_T4,300.0,0.3,0.3,0.0,0.99456,7.1872,4.2178,2.8303,5.0794,CONSTRAINED,voltage,0.05916,1.05373,92.68,1
6332,0.24,0,155,155,0.0,155.0,T4,LV_secondary_T2_T4,150.0,1.0333333333333334,1.0333333333333334,0.0,0.91348,17.0383,11.6797,8.589,14.4978,CONSTRAINED,voltage_rise,0.07079,1.00677,92.42,1
6232,0.24,0,55,55,0.0,55.0,T2,LV_secondary_T2_T4,300.0,0.18333333333333332,0.18333333333333332,0.0,0.99456,7.2329,4.237,2.8374,5.0993,CONSTRAINED,voltage_rise,0.05376,1.04833,92.73,0
759,0.24,0,215,215,35.0,6.142857142857143,T12,Branch_752-765,150.0,1.4333333333333333,1.4333333333333333,0.23333333333333334,0.93737,40.2701,27.7136,20.528,34.4883,CONSTRAINED,transformer_loading,0.02542,1.00825,125.38,1
621,0.24,0,110,110,0.0,110.0,T2,LV_secondary_T2_T4,300.0,0.36666666666666664,0.36666666666666664,0.0,0.99456,7.1414,4.1987,2.8231,5.0595,CAUTION,caution,0.03859,1.03316,92.64,1
7692,0.24,0,113,113,0.0,113.0,T22,LV_secondary_T2_T4,150.0,0.7533333333333333,0.7533333333333333,0.0,0.95405,44.5068,31.369,22.8385,38.8022,CAUTION,caution,0.0173,1.0071,92.39,1
724,0.24,0,110,110,0.0,110.0,-,Main_720-734,5000.0,0.022,0.022,0.0,0.99456,7.1414,4.1987,2.8231,5.0595,CAUTION,caution,0.03859,1.03316,92.64,1
725,0.24,0,247,247,0.0,247.0,-,Main_720-734,5000.0,0.0494,0.0494,0.0,0.99456,7.1872,4.2178,2.8303,5.0794,CONSTRAINED,voltage,0.14812,1.14269,92.52,1
769,0.24,0,133,133,41.0,3.2439024390243905,T22,Delta_766-772,150.0,0.8866666666666667,0.8866666666666667,0.2733333333333333,0.95405,44.5068,31.369,22.8385,38.8022,CAUTION,caution,0.02023,1.00738,92.36,1
6251,0.24,0,80,80,0.0,80.0,T2,LV_secondary_T2_T4,300.0,0.26666666666666666,0.26666666666666666,0.0,0.99456,7.1872,4.2178,2.8303,5.0794,CONSTRAINED,voltage_rise,0.05294,1.04751,92.69,1
6232,0.24,6,159,165,0.0,165.0,T2,LV_secondary_T2_T4,300.0,0.55,0.53,0.0,0.99456,7.2329,4.237,2.8374,5.0993,CONSTRAINED,voltage,0.14054,1.14128,92.61,1
734,0.24,0,70,70,15.85,4.416403785488959,-,Main_720-734,5000.0,0.014,0.014,0.00317,0.90591,17.084,11.7015,8.5933,14.5179,CONSTRAINED,voltage_rise,0.06078,1.00604,92.55,1
712,0.24,0,134,134,65.0,2.0615384615384613,T18,Branch_701-708,300.0,0.44666666666666666,0.44666666666666666,0.21666666666666667,0.95826,7.7724,4.5565,3.3703,5.6675,CAUTION,caution,0.00576,1.00612,92.7,1
6321,0.24,14,200,214,0.0,214.0,T4,LV_secondary_T2_T4,150.0,1.4266666666666667,1.3333333333333333,0.0,0.92105,16.9926,11.6578,8.5847,14.4776,CONSTRAINED,transformer_loading,0.01437,1.00739,123.67,1
7392,0.24,0,167,167,0.0,167.0,T6,LV_secondary_T2_T4,150.0,1.1133333333333333,1.1133333333333333,0.0,0.98477,24.6125,15.6519,11.8507,19.6321,CAUTION,caution,0.0139,1.00711,92.39,1
751,0.48,0,202,202,0.0,202.0,T9,other,1500.0,0.13466666666666666,0.13466666666666666,0.0,0.9685,34.4789,23.8283,17.6385,29.6463,SAFE,none,0.01439,1.00777,92.33,0
7642,0.24,4,111,115,0.0,115.0,T14,LV_secondary_T2_T4,150.0,0.7666666666666667,0.74,0.0,0.9365,42.617,29.4074,21.7473,36.5751,CAUTION,caution,0.01395,1.00701,92.4,1
7122,0.24,0,56,56,0.0,56.0,T18,LV_secondary_T2_T4,300.0,0.18666666666666668,0.18666666666666668,0.0,0.95826,7.7724,4.5565,3.3703,5.6675,SAFE,none,0.00244,1.00569,92.76,0
623,0.24,8,247,255,0.0,255.0,T2,LV_secondary_T2_T4,300.0,0.85,0.8233333333333334,0.0,0.99456,7.2329,4.237,2.8374,5.0993,CONSTRAINED,voltage,0.2046,1.20739,92.54,1
733,0.24,0,114,114,0.0,114.0,-,Main_720-734,5000.0,0.0228,0.0228,0.0,0.91348,17.0383,11.6797,8.589,14.4978,CONSTRAINED,voltage_rise,0.05314,1.00644,92.46,1
712,0.24,0,62,62,65.0,0.9538461538461539,T18,Branch_701-708,300.0,0.20666666666666667,0.20666666666666667,0.21666666666666667,0.95826,7.7724,4.5565,3.3703,5.6675,SAFE,none,0.0027,1.00572,92.76,0
6221,0.24,4,68,72,0.0,72.0,T2,LV_secondary_T2_T4,300.0,0.24,0.22666666666666666,0.0,0.99456,7.1872,4.2178,2.8303,5.0794,CAUTION,caution,0.04511,1.04248,92.7,0
6221,0.24,0,80,80,0.0,80.0,T2,LV_secondary_T2_T4,300.0,0.26666666666666666,0.26666666666666666,0.0,0.99456,7.1872,4.2178,2.8303,5.0794,CONSTRAINED,voltage_rise,0.05294,1.04751,92.69,1
721,0.24,0,197,197,0.0,197.0,-,Main_720-734,5000.0,0.0394,0.0394,0.0,0.99456,7.1414,4.1987,2.8231,5.0595,CONSTRAINED,voltage,0.06693,1.0615,92.54,1
7691,0.24,0,239,239,0.0,239.0,T22,LV_secondary_T2_T4,150.0,1.5933333333333333,1.5933333333333333,0.0,0.95405,44.5068,31.369,22.8385,38.8022,CONSTRAINED,transformer_loading,0.03518,1.0088,133.89,1
6211,0.24,5,56,61,0.0,61.0,T2,LV_secondary_T2_T4,300.0,0.20333333333333334,0.18666666666666668,0.0,0.99456,7.1414,4.1987,2.8231,5.0595,SAFE,none,0.01999,1.01639,92.71,0
6251,0.24,0,160,160,0.0,160.0,T2,LV_secondary_T2_T4,300.0,0.5333333333333333,0.5333333333333333,0.0,0.99456,7.1872,4.2178,2.8303,5.0794,CONSTRAINED,voltage,0.10069,1.09526,92.6,1
6212,0.24,0,29,29,0.0,29.0,T2,LV_secondary_T2_T4,300.0,0.09666666666666666,0.09666666666666666,0.0,0.99456,7.1414,4.1987,2.8231,5.0595,SAFE,none,0.01051,1.00556,92.76,0
6242,0.24,0,100,100,0.0,100.0,T2,LV_secondary_T2_T4,300.0,0.3333333333333333,0.3333333333333333,0.0,0.99456,7.1414,4.1987,2.8231,5.0595,CAUTION,caution,0.03522,1.02979,92.66,1
726,0.24,0,189,189,0.0,189.0,-,Main_720-734,5000.0,0.0378,0.0378,0.0,0.99456,7.2329,4.237,2.8374,5.0993,CONSTRAINED,voltage,0.16507,1.15964,92.59,1
7122,0.24,0,202,202,0.0,202.0,T18,LV_secondary_T2_T4,300.0,0.6733333333333333,0.6733333333333333,0.0,0.95826,7.7724,4.5565,3.3703,5.6675,CAUTION,caution,0.00857,1.00646,92.66,1
624,0.24,0,102,102,0.0,102.0,T2,LV_secondary_T2_T4,300.0,0.34,0.34,0.0,0.99456,7.1414,4.1987,2.8231,5.0595,CAUTION,caution,0.0359,1.03046,92.65,1
7483,0.24,0,213,213,0.0,213.0,T8,LV_secondary_T2_T4,150.0,1.42,1.42,0.0,0.95585,27.31,18.8387,13.9267,23.4276,CAUTION,caution,0.0205,1.00793,98.13,1
7641,0.24,0,98,98,0.0,98.0,T14,LV_secondary_T2_T4,150.0,0.6533333333333333,0.6533333333333333,0.0,0.9365,42.617,29.4074,21.7473,36.5751,CAUTION,caution,0.01239,1.00677,92.42,1
6241,0.24,11,249,260,0.0,260.0,T2,LV_secondary_T2_T4,300.0,0.8666666666666667,0.83,0.0,0.99456,7.1414,4.1987,2.8231,5.0595,CONSTRAINED,voltage,0.08243,1.08101,92.47,1
6232,0.24,0,95,95,0.0,95.0,T2,LV_secondary_T2_T4,300.0,0.31666666666666665,0.31666666666666665,0.0,0.99456,7.2329,4.237,2.8374,5.0993,CONSTRAINED,voltage,0.08947,1.08404,92.68,1
7391,0.24,0,213,213,0.0,213.0,T6,LV_secondary_T2_T4,150.0,1.42,1.42,0.0,0.98477,24.6125,15.6519,11.8507,19.6321,CONSTRAINED,transformer_loading,0.01755,1.00755,115.04,1
6202,0.24,6,75,81,0.0,81.0,T2,LV_secondary_T2_T4,300.0,0.27,0.25,0.0,0.99456,7.0957,4.1795,2.816,5.0396,CAUTION,caution,0.0024,1.00591,92.68,1
728,0.24,0,162,162,38.0,4.2631578947368425,T3,Main_720-734,75.0,2.16,2.16,0.5066666666666667,0.93706,11.5824,7.8923,5.7834,9.7845,CONSTRAINED,transformer_loading,0.03027,1.00662,174.08,1
734,0.24,0,110,110,15.85,6.94006309148265,-,Main_720-734,5000.0,0.022,0.022,0.00317,0.90591,17.084,11.7015,8.5933,14.5179,CONSTRAINED,voltage_rise,0.09225,1.00636,92.46,1
7392,0.24,0,217,217,0.0,217.0,T6,LV_secondary_T2_T4,150.0,1.4466666666666668,1.4466666666666668,0.0,0.98477,24.6125,15.6519,11.8507,19.6321,CONSTRAINED,transformer_loading,0.01786,1.00759,117.65,1
748,0.24,3,97,100,76.88,1.3007284079084287,T8,Main_735-750,150.0,0.6666666666666666,0.6466666666666666,0.5125333333333333,0.95585,27.31,18.8387,13.9267,23.4276,CAUTION,caution,0.00959,1.00663,92.44,1
6261,0.24,0,143,143,0.0,143.0,T2,LV_secondary_T2_T4,300.0,0.4766666666666667,0.4766666666666667,0.0,0.99456,7.2329,4.237,2.8374,5.0993,CONSTRAINED,voltage,0.12935,1.12392,92.63,1
6241,0.24,0,64,64,0.0,64.0,T2,LV_secondary_T2_T4,300.0,0.21333333333333335,0.21333333333333335,0.0,0.99456,7.1414,4.1987,2.8231,5.0595,SAFE,none,0.02286,1.01743,92.71,0
6212,0.24,0,60,60,0.0,60.0,T2,LV_secondary_T2_T4,300.0,0.2,0.2,0.0,0.99456,7.1414,4.1987,2.8231,5.0595,SAFE,none,0.02147,1.01604,92.71,0
6332,0.24,0,197,197,0.0,197.0,T4,LV_secondary_T2_T4,150.0,1.3133333333333332,1.3133333333333332,0.0,0.91348,17.0383,11.6797,8.589,14.4978,CONSTRAINED,voltage_rise,0.0882,1.00708,103.57,1
708,0.24,0,62,62,75.0,0.8266666666666667,T16,Branch_701-708,300.0,0.20666666666666667,0.20666666666666667,0.25,0.95801,6.2484,3.6185,2.8328,4.5954,SAFE,none,0.00231,1.00572,92.76,0
625,0.24,6,179,185,0.0,185.0,T2,LV_secondary_T2_T4,300.0,0.6166666666666667,0.5966666666666667,0.0,0.99456,7.1872,4.2178,2.8303,5.0794,CONSTRAINED,voltage,0.11056,1.10932,92.57,1
6251,0.24,0,65,65,0.0,65.0,T2,LV_secondary_T2_T4,300.0,0.21666666666666667,0.21666666666666667,0.0,0.99456,7.1872,4.2178,2.8303,5.0794,CAUTION,caution,0.04346,1.03803,92.71,0
6332,0.24,0,15,15,0.0,15.0,T4,LV_secondary_T2_T4,150.0,0.1,0.1,0.0,0.91348,17.0383,11.6797,8.589,14.4978,SAFE,none,0.00738,1.00552,92.75,0
739,0.24,0,25,25,41.1,0.6082725060827251,T6,Main_735-750,150.0,0.16666666666666666,0.16666666666666666,0.274,0.98477,24.6125,15.6519,11.8507,19.6321,SAFE,none,0.00215,1.00564,92.7,0
6232,0.24,0,45,45,0.0,45.0,T2,LV_secondary_T2_T4,300.0,0.15,0.15,0.0,0.99456,7.2329,4.237,2.8374,5.0993,CAUTION,caution,0.04442,1.03899,92.74,0
725,0.24,0,92,92,0.0,92.0,-,Main_720-734,5000.0,0.0184,0.0184,0.0,0.99456,7.1872,4.2178,2.8303,5.0794,CONSTRAINED,voltage,0.0604,1.05497,92.67,1
715,0.208,0,174,174,0.0,174.0,-,Branch_701-708,5000.0,0.0348,0.0348,0.0,0.99083,0.9144,0.4676,0.2627,0.5363,SAFE,none,0.00413,1.00639,92.67,0
632,0.24,0,121,121,0.0,121.0,T4,LV_secondary_T2_T4,150.0,0.8066666666666666,0.8066666666666666,0.0,0.92105,16.9926,11.6578,8.5847,14.4776,CAUTION,caution,0.00892,1.00656,92.44,1
7393,0.24,0,75,75,0.0,75.0,T6,LV_secondary_T2_T4,150.0,0.5,0.5,0.0,0.98477,24.6125,15.6519,11.8507,19.6321,CAUTION,caution,0.00638,1.00618,92.49,1
751,0.48,0,174,174,0.0,174.0,T9,other,1500.0,0.116,0.116,0.0,0.9685,34.4789,23.8283,17.6385,29.6463,SAFE,none,0.01245,1.00745,92.36,0
733,0.24,0,223,223,0.0,223.0,-,Main_720-734,5000.0,0.0446,0.0446,0.0,0.91348,17.0383,11.6797,8.589,14.4978,CONSTRAINED,voltage_rise,0.09867,1.01216,119.34,1
632,0.24,11,58,69,0.0,69.0,T4,LV_secondary_T2_T4,150.0,0.46,0.38666666666666666,0.0,0.92105,16.9926,11.6578,8.5847,14.4776,CAUTION,caution,0.00432,1.00606,92.54,1
7483,0.24,0,5,5,0.0,5.0,T8,LV_secondary_T2_T4,150.0,0.03333333333333333,0.03333333333333333,0.0,0.95585,27.31,18.8387,13.9267,23.4276,SAFE,none,0.00051,1.00543,92.78,0
620,0.24,12,105,117,0.0,117.0,T2,LV_secondary_T2_T4,300.0,0.39,0.35,0.0,0.99456,7.0957,4.1795,2.816,5.0396,CAUTION,caution,0.00333,1.00615,92.62,1
710,0.208,0,158,158,80.0,1.975,T17,Branch_701-708,300.0,0.5266666666666666,0.5266666666666666,0.26666666666666666,0.95736,7.0104,4.008,2.9713,4.9893,CAUTION,caution,0.00621,1.00625,92.68,1
626,0.24,5,40,45,0.0,45.0,T2,LV_secondary_T2_T4,300.0,0.15,0.13333333333333333,0.0,0.99456,7.2329,4.237,2.8374,5.0993,CAUTION,caution,0.03927,1.03899,92.74,0
6202,0.24,0,148,148,0.0,148.0,T2,LV_secondary_T2_T4,300.0,0.49333333333333335,0.49333333333333335,0.0,0.99456,7.0957,4.1795,2.816,5.0396,CAUTION,caution,0.00468,1.00635,92.58,1
772,0.208,0,203,203,100.0,2.03,T19,Delta_766-772,300.0,0.6766666666666666,0.6766666666666666,0.3333333333333333,0.93424,43.184,29.887,22.1458,37.1977,CAUTION,caution,0.02134,1.00823,92.28,1
7122,0.24,0,199,199,0.0,199.0,T18,LV_secondary_T2_T4,300.0,0.6633333333333333,0.6633333333333333,0.0,0.95826,7.7724,4.5565,3.3703,5.6675,CAUTION,caution,0.00845,1.00645,92.66,1
740,0.24,0,178,178,75.0,2.3733333333333335,T5,Main_735-750,150.0,1.1866666666666668,1.1866666666666668,0.5,0.98202,23.0885,14.9212,11.4648,18.8171,CAUTION,caution,0.01476,1.00725,92.38,1
6221,0.24,0,18,18,0.0,18.0,T2,LV_secondary_T2_T4,300.0,0.06,0.06,0.0,0.99456,7.1872,4.2178,2.8303,5.0794,SAFE,none,0.01245,1.00702,92.78,0
632,0.24,0,168,168,0.0,168.0,T4,LV_secondary_T2_T4,150.0,1.12,1.12,0.0,0.92105,16.9926,11.6578,8.5847,14.4776,CAUTION,caution,0.01224,1.00699,92.4,1
715,0.208,6,50,56,0.0,56.0,-,Branch_701-708,5000.0,0.0112,0.01,0.0,0.99083,0.9144,0.4676,0.2627,0.5363,SAFE,none,0.00121,1.0057,92.76,0
6241,0.24,0,200,200,0.0,200.0,T2,LV_secondary_T2_T4,300.0,0.6666666666666666,0.6666666666666666,0.0,0.99456,7.1414,4.1987,2.8231,5.0595,CONSTRAINED,voltage,0.06788,1.06245,92.53,1
7692,0.24,4,242,246,0.0,246.0,T22,LV_secondary_T2_T4,150.0,1.64,1.6133333333333333,0.0,0.95405,44.5068,31.369,22.8385,38.8022,CONSTRAINED,transformer_loading,0.0355,1.00889,138.46,1
7483,0.24,11,45,56,0.0,56.0,T8,LV_secondary_T2_T4,150.0,0.37333333333333335,0.3,0.0,0.95585,27.31,18.8387,13.9267,23.4276,SAFE,none,0.00449,1.00609,92.52,0
6211,0.24,12,157,169,0.0,169.0,T2,LV_secondary_T2_T4,300.0,0.5633333333333334,0.5233333333333333,0.0,0.99456,7.1414,4.1987,2.8231,5.0595,CONSTRAINED,voltage,0.05362,1.05257,92.57,1
7641,0.24,0,163,163,0.0,163.0,T14,LV_secondary_T2_T4,150.0,1.0866666666666667,1.0866666666666667,0.0,0.9365,42.617,29.4074,21.7473,36.5751,CAUTION,caution,0.02023,1.00764,92.34,1
6211,0.24,0,120,120,0.0,120.0,T2,LV_secondary_T2_T4,300.0,0.4,0.4,0.0,0.99456,7.1414,4.1987,2.8231,5.0595,CAUTION,caution,0.04194,1.03651,92.63,1
624,0.24,0,86,86,0.0,86.0,T2,LV_secondary_T2_T4,300.0,0.2866666666666667,0.2866666666666667,0.0,0.99456,7.1414,4.1987,2.8231,5.0595,CAUTION,caution,0.03045,1.02502,92.68,1
625,0.24,4,10,14,0.0,14.0,T2,LV_secondary_T2_T4,300.0,0.04666666666666667,0.03333333333333333,0.0,0.99456,7.1872,4.2178,2.8303,5.0794,SAFE,none,0.00692,1.00546,92.78,0
621,0.24,13,139,152,0.0,152.0,T2,LV_secondary_T2_T4,300.0,0.5066666666666667,0.4633333333333333,0.0,0.99456,7.1414,4.1987,2.8231,5.0595,CAUTION,caution,0.04775,1.04706,92.59,1
7483,0.24,0,11,11,0.0,11.0,T8,LV_secondary_T2_T4,150.0,0.07333333333333333,0.07333333333333333,0.0,0.95585,27.31,18.8387,13.9267,23.4276,SAFE,none,0.00111,1.00551,92.75,0
7481,0.24,0,53,53,0.0,53.0,T8,LV_secondary_T2_T4,150.0,0.35333333333333333,0.35333333333333333,0.0,0.95585,27.31,18.8387,13.9267,23.4276,SAFE,none,0.00531,1.00605,92.53,0
723,0.24,0,146,146,0.0,146.0,-,Main_720-734,5000.0,0.0292,0.0292,0.0,0.99456,7.2329,4.237,2.8374,5.0993,CONSTRAINED,voltage,0.13175,1.12632,92.63,1
6251,0.24,3,159,162,0.0,162.0,T2,LV_secondary_T2_T4,300.0,0.54,0.53,0.0,0.99456,7.1872,4.2178,2.8303,5.0794,CONSTRAINED,voltage,0.09973,1.09639,92.6,1
728,0.24,8,9,17,38.0,0.4473684210526316,T3,Main_720-734,75.0,0.22666666666666666,0.12,0.5066666666666667,0.93706,11.5824,7.8923,5.7834,9.7845,SAFE,none,0.00178,1.00552,92.76,0
625,0.24,4,229,233,0.0,233.0,T2,LV_secondary_T2_T4,300.0,0.7766666666666666,0.7633333333333333,0.0,0.99456,7.1872,4.2178,2.8303,5.0794,CONSTRAINED,voltage,0.13796,1.13533,92.53,1
734,0.24,0,207,207,15.85,13.05993690851735,-,Main_720-734,5000.0,0.0414,0.0414,0.00317,0.90591,17.084,11.7015,8.5933,14.5179,CONSTRAINED,voltage,0.16143,1.06736,102.62,1
6221,0.24,12,15,27,0.0,27.0,T2,LV_secondary_T2_T4,300.0,0.09,0.05,0.0,0.99456,7.1872,4.2178,2.8303,5.0794,SAFE,none,0.01021,1.01312,92.76,0
7481,0.24,15,67,82,0.0,82.0,T8,LV_secondary_T2_T4,150.0,0.5466666666666666,0.44666666666666666,0.0,0.95585,27.31,18.8387,13.9267,23.4276,SAFE,none,0.00664,1.00641,92.46,0
621,0.24,0,100,100,0.0,100.0,T2,LV_secondary_T2_T4,300.0,0.3333333333333333,0.3333333333333333,0.0,0.99456,7.1414,4.1987,2.8231,5.0595,CAUTION,caution,0.03522,1.02979,92.66,1
716,0.48,14,146,160,15.85,10.094637223974763,T24(HV),Branch_701-708,300.0,0.5333333333333333,0.4866666666666667,0.05283333333333333,0.97763,0.9144,0.4676,0.2627,0.5363,CONSTRAINED,voltage,0.07407,1.05974,454.74,0
6231,0.24,0,55,55,0.0,55.0,T2,LV_secondary_T2_T4,300.0,0.18333333333333332,0.18333333333333332,0.0,0.99456,7.2329,4.237,2.8374,5.0993,CONSTRAINED,voltage_rise,0.05376,1.04833,92.73,0
743,0.24,9,104,113,240.0,0.4708333333333333,T7,Main_735-750,300.0,0.37666666666666665,0.3466666666666667,0.8,0.96367,21.8693,15.052,11.1097,18.708,SAFE,none,0.00723,1.00674,92.43,0
728,0.24,13,131,144,38.0,3.789473684210526,T3,Main_720-734,75.0,1.92,1.7466666666666666,0.5066666666666667,0.93706,11.5824,7.8923,5.7834,9.7845,CONSTRAINED,transformer_loading,0.02452,1.0065,150.29,1
723,0.24,0,5,5,0.0,5.0,-,Main_720-734,5000.0,0.001,0.001,0.0,0.99456,7.2329,4.237,2.8374,5.0993,SAFE,none,0.00515,1.0054,92.8,0
6232,0.24,9,48,57,0.0,57.0,T2,LV_secondary_T2_T4,300.0,0.19,0.16,0.0,0.99456,7.2329,4.237,2.8374,5.0993,CONSTRAINED,voltage,0.04638,1.05017,92.72,0
726,0.24,0,116,116,0.0,116.0,-,Main_720-734,5000.0,0.0232,0.0232,0.0,0.99456,7.2329,4.237,2.8374,5.0993,CONSTRAINED,voltage,0.10728,1.10185,92.66,1
6232,0.24,0,171,171,0.0,171.0,T2,LV_secondary_T2_T4,300.0,0.57,0.57,0.0,0.99456,7.2329,4.237,2.8374,5.0993,CONSTRAINED,voltage,0.15136,1.14593,92.6,1
6251,0.24,0,75,75,0.0,75.0,T2,LV_secondary_T2_T4,300.0,0.25,0.25,0.0,0.99456,7.1872,4.2178,2.8303,5.0794,CAUTION,caution,0.0498,1.04437,92.7,0
6211,0.24,0,21,21,0.0,21.0,T2,LV_secondary_T2_T4,300.0,0.07,0.07,0.0,0.99456,7.1414,4.1987,2.8231,5.0595,SAFE,none,0.00764,1.00551,92.77,0
723,0.24,0,172,172,0.0,172.0,-,Main_720-734,5000.0,0.0344,0.0344,0.0,0.99456,7.2329,4.237,2.8374,5.0993,CONSTRAINED,voltage,0.15213,1.1467,92.6,1
6222,0.24,0,128,128,0.0,128.0,T2,LV_secondary_T2_T4,300.0,0.4266666666666667,0.4266666666666667,0.0,0.99456,7.1872,4.2178,2.8303,5.0794,CONSTRAINED,voltage,0.08212,1.07669,92.63,1
6332,0.24,0,60,60,0.0,60.0,T4,LV_secondary_T2_T4,150.0,0.4,0.4,0.0,0.91348,17.0383,11.6797,8.589,14.4978,CAUTION,caution,0.02879,1.00596,92.58,1
6321,0.24,0,209,209,0.0,209.0,T4,LV_secondary_T2_T4,150.0,1.3933333333333333,1.3933333333333333,0.0,0.92105,16.9926,11.6578,8.5847,14.4776,CONSTRAINED,transformer_loading,0.01508,1.00735,120.18,1
714,0.208,3,7,10,240.0,0.041666666666666664,T24,Branch_701-708,30.0,0.3333333333333333,0.23333333333333334,8.0,0.99083,0.9144,0.4676,0.2627,0.5363,SAFE,none,0.00017,1.00543,92.8,0
621,0.24,0,189,189,0.0,189.0,T2,LV_secondary_T2_T4,300.0,0.63,0.63,0.0,0.99456,7.1414,4.1987,2.8231,5.0595,CONSTRAINED,voltage,0.0644,1.05897,92.55,1
625,0.24,0,55,55,0.0,55.0,T2,LV_secondary_T2_T4,300.0,0.18333333333333332,0.18333333333333332,0.0,0.99456,7.1872,4.2178,2.8303,5.0794,CAUTION,caution,0.03703,1.0316,92.72,0
716,0.48,13,229,242,15.85,15.26813880126183,T24(HV),Branch_701-708,300.0,0.8066666666666666,0.7633333333333333,0.05283333333333333,0.97763,0.9144,0.4676,0.2627,0.5363,CONSTRAINED,voltage,0.11024,1.09534,689.03,0
7691,0.24,6,200,206,0.0,206.0,T22,LV_secondary_T2_T4,150.0,1.3733333333333333,1.3333333333333333,0.0,0.95405,44.5068,31.369,22.8385,38.8022,CONSTRAINED,transformer_loading,0.02968,1.00838,112.27,1
7121,0.24,0,115,115,0.0,115.0,T18,LV_secondary_T2_T4,300.0,0.38333333333333336,0.38333333333333336,0.0,0.95826,7.7724,4.5565,3.3703,5.6675,CAUTION,caution,0.00496,1.00602,92.72,1
730,0.24,0,206,206,85.0,2.4235294117647057,T23,Main_720-734,300.0,0.6866666666666666,0.6866666666666666,0.2833333333333333,0.94696,11.8872,7.965,5.8252,9.8678,CAUTION,caution,0.00846,1.00707,92.39,1
6201,0.24,0,28,28,0.0,28.0,T2,LV_secondary_T2_T4,300.0,0.09333333333333334,0.09333333333333334,0.0,0.99456,7.0957,4.1795,2.816,5.0396,SAFE,none,0.0009,1.00556,92.76,0
715,0.208,14,198,212,0.0,212.0,-,Branch_701-708,5000.0,0.0424,0.0396,0.0,0.99083,0.9144,0.4676,0.2627,0.5363,SAFE,none,0.00466,1.00659,92.64,0
624,0.24,4,246,250,0.0,250.0,T2,LV_secondary_T2_T4,300.0,0.8333333333333334,0.82,0.0,0.99456,7.1414,4.1987,2.8231,5.0595,CONSTRAINED,voltage,0.08194,1.07797,92.48,1
748,0.24,0,118,118,76.88,1.534859521331946,T8,Main_735-750,150.0,0.7866666666666666,0.7866666666666666,0.5125333333333333,0.95585,27.31,18.8387,13.9267,23.4276,CAUTION,caution,0.01163,1.00685,92.42,1
751,0.48,0,172,172,0.0,172.0,T9,other,1500.0,0.11466666666666667,0.11466666666666667,0.0,0.9685,34.4789,23.8283,17.6385,29.6463,SAFE,none,0.01231,1.00743,92.36,0
748,0.24,0,9,9,76.88,0.1170655567117586,T8,Main_735-750,150.0,0.06,0.06,0.5125333333333333,0.95585,27.31,18.8387,13.9267,23.4276,SAFE,none,0.00091,1.00548,92.76,0
7121,0.24,0,230,230,0.0,230.0,T18,LV_secondary_T2_T4,300.0,0.7666666666666667,0.7666666666666667,0.0,0.95826,7.7724,4.5565,3.3703,5.6675,CAUTION,caution,0.00971,1.0066,92.64,1
748,0.24,0,229,229,76.88,2.978668054110302,T8,Main_735-750,150.0,1.5266666666666666,1.5266666666666666,0.5125333333333333,0.95585,27.31,18.8387,13.9267,23.4276,CONSTRAINED,transformer_loading,0.02195,1.00811,108.37,1
7641,0.24,0,188,188,0.0,188.0,T14,LV_secondary_T2_T4,150.0,1.2533333333333334,1.2533333333333334,0.0,0.9365,42.617,29.4074,21.7473,36.5751,CONSTRAINED,transformer_loading,0.02318,1.00796,100.14,1
710,0.208,0,140,140,80.0,1.75,T17,Branch_701-708,300.0,0.4666666666666667,0.4666666666666667,0.26666666666666666,0.95736,7.0104,4.008,2.9713,4.9893,CAUTION,caution,0.00552,1.00615,92.7,1
6211,0.24,0,103,103,0.0,103.0,T2,LV_secondary_T2_T4,300.0,0.3433333333333333,0.3433333333333333,0.0,0.99456,7.1414,4.1987,2.8231,5.0595,CAUTION,caution,0.03623,1.0308,92.65,1
7642,0.24,7,162,169,0.0,169.0,T14,LV_secondary_T2_T4,150.0,1.1266666666666667,1.08,0.0,0.9365,42.617,29.4074,21.7473,36.5751,CAUTION,caution,0.02004,1.00772,92.33,1
6231,0.24,0,189,189,0.0,189.0,T2,LV_secondary_T2_T4,300.0,0.63,0.63,0.0,0.99456,7.2329,4.237,2.8374,5.0993,CONSTRAINED,voltage,0.16507,1.15964,92.59,1
626,0.24,0,64,64,0.0,64.0,T2,LV_secondary_T2_T4,300.0,0.21333333333333335,0.21333333333333335,0.0,0.99456,7.2329,4.237,2.8374,5.0993,CONSTRAINED,voltage,0.06201,1.05658,92.71,0
720,0.24,0,200,200,66.0,3.0303030303030303,T2,Main_720-734,300.0,0.6666666666666666,0.6666666666666666,0.22,0.99456,7.0957,4.1795,2.816,5.0396,CAUTION,caution,0.00628,1.00667,92.5,1
712,0.24,0,28,28,65.0,0.4307692307692308,T18,Branch_701-708,300.0,0.09333333333333334,0.09333333333333334,0.21666666666666667,0.95826,7.7724,4.5565,3.3703,5.6675,SAFE,none,0.00123,1.00553,92.78,0
708,0.24,0,48,48,75.0,0.64,T16,Branch_701-708,300.0,0.16,0.16,0.25,0.95801,6.2484,3.6185,2.8328,4.5954,SAFE,none,0.0018,1.00565,92.77,0
620,0.24,12,23,35,0.0,35.0,T2,LV_secondary_T2_T4,300.0,0.11666666666666667,0.07666666666666666,0.0,0.99456,7.0957,4.1795,2.816,5.0396,SAFE,none,0.00074,1.0056,92.75,0
720,0.24,0,68,68,66.0,1.0303030303030303,T2,Main_720-734,300.0,0.22666666666666666,0.22666666666666666,0.22,0.99456,7.0957,4.1795,2.816,5.0396,SAFE,none,0.00218,1.00583,92.7,0
7482,0.24,0,246,246,0.0,246.0,T8,LV_secondary_T2_T4,150.0,1.64,1.64,0.0,0.95585,27.31,18.8387,13.9267,23.4276,CONSTRAINED,transformer_loading,0.02349,1.00829,119.32,1
7643,0.24,0,89,89,0.0,89.0,T14,LV_secondary_T2_T4,150.0,0.5933333333333334,0.5933333333333334,0.0,0.9365,42.617,29.4074,21.7473,36.5751,CAUTION,caution,0.01128,1.00665,92.44,1
6322,0.24,0,163,163,0.0,163.0,T4,LV_secondary_T2_T4,150.0,1.0866666666666667,1.0866666666666667,0.0,0.92105,16.9926,11.6578,8.5847,14.4776,CAUTION,caution,0.01189,1.00694,92.41,1
716,0.48,0,80,80,15.85,5.047318611987381,T24(HV),Branch_701-708,300.0,0.26666666666666666,0.26666666666666666,0.05283333333333333,0.97763,0.9144,0.4676,0.2627,0.5363,CONSTRAINED,transformer_loading,0.0435,1.02114,212.49,0
756,0.208,12,17,29,155.0,0.1870967741935484,T11,Branch_752-765,300.0,0.09666666666666666,0.056666666666666664,0.5166666666666667,0.93609,39.8129,27.5407,20.4003,34.2734,SAFE,none,0.00188,1.0058,92.64,0
739,0.24,0,128,128,41.1,3.114355231143552,T6,Main_735-750,150.0,0.8533333333333334,0.8533333333333334,0.274,0.98477,24.6125,15.6519,11.8507,19.6321,CAUTION,caution,0.01075,1.00673,92.43,1
6252,0.24,0,91,91,0.0,91.0,T2,LV_secondary_T2_T4,300.0,0.30333333333333334,0.30333333333333334,0.0,0.99456,7.1872,4.2178,2.8303,5.0794,CONSTRAINED,voltage,0.05978,1.05435,92.68,1
6242,0.24,0,130,130,0.0,130.0,T2,LV_secondary_T2_T4,300.0,0.43333333333333335,0.43333333333333335,0.0,0.99456,7.1414,4.1987,2.8231,5.0595,CAUTION,caution,0.04526,1.03983,92.62,1
712,0.24,0,29,29,65.0,0.4461538461538462,T18,Branch_701-708,300.0,0.09666666666666666,0.09666666666666666,0.21666666666666667,0.95826,7.7724,4.5565,3.3703,5.6675,SAFE,none,0.00127,1.00554,92.78,0
624,0.24,11,133,144,0.0,144.0,T2,LV_secondary_T2_T4,300.0,0.48,0.44333333333333336,0.0,0.99456,7.1414,4.1987,2.8231,5.0595,CAUTION,caution,0.04586,1.04444,92.6,1
6331,0.24,0,89,89,0.0,89.0,T4,LV_secondary_T2_T4,150.0,0.5933333333333334,0.5933333333333334,0.0,0.91348,17.0383,11.6797,8.589,14.4978,CAUTION,caution,0.04203,1.00622,92.48,1
623,0.24,0,140,140,0.0,140.0,T2,LV_secondary_T2_T4,300.0,0.4666666666666667,0.4666666666666667,0.0,0.99456,7.2329,4.237,2.8374,5.0993,CONSTRAINED,voltage,0.12694,1.12151,92.63,1
7393,0.24,11,244,255,0.0,255.0,T6,LV_secondary_T2_T4,150.0,1.7,1.6266666666666667,0.0,0.98477,24.6125,15.6519,11.8507,19.6321,CONSTRAINED,transformer_loading,0.01986,1.00794,142.37,1
733,0.24,0,80,80,0.0,80.0,-,Main_720-734,5000.0,0.016,0.016,0.0,0.91348,17.0383,11.6797,8.589,14.4978,CAUTION,caution,0.03796,1.00614,92.51,1
715,0.208,8,77,85,0.0,85.0,-,Branch_701-708,5000.0,0.017,0.0154,0.0,0.99083,0.9144,0.4676,0.2627,0.5363,SAFE,none,0.00185,1.00588,92.74,0
6252,0.24,0,70,70,0.0,70.0,T2,LV_secondary_T2_T4,300.0,0.23333333333333334,0.23333333333333334,0.0,0.99456,7.1872,4.2178,2.8303,5.0794,CAUTION,caution,0.04664,1.04121,92.7,0
624,0.24,0,5,5,0.0,5.0,T2,LV_secondary_T2_T4,300.0,0.016666666666666666,0.016666666666666666,0.0,0.99456,7.1414,4.1987,2.8231,5.0595,SAFE,none,0.00183,1.0054,92.8,0
6231,0.24,15,141,156,0.0,156.0,T2,LV_secondary_T2_T4,300.0,0.52,0.47,0.0,0.99456,7.2329,4.237,2.8374,5.0993,CONSTRAINED,voltage,0.1244,1.13424,92.62,1
7121,0.24,0,47,47,0.0,47.0,T18,LV_secondary_T2_T4,300.0,0.15666666666666668,0.15666666666666668,0.0,0.95826,7.7724,4.5565,3.3703,5.6675,SAFE,none,0.00205,1.00564,92.77,0
730,0.24,0,125,125,85.0,1.4705882352941178,T23,Main_720-734,300.0,0.4166666666666667,0.4166666666666667,0.2833333333333333,0.94696,11.8872,7.965,5.8252,9.8678,CAUTION,caution,0.0052,1.00642,92.47,1
722,0.24,0,145,145,0.0,145.0,-,Main_720-734,5000.0,0.029,0.029,0.0,0.99456,7.1872,4.2178,2.8303,5.0794,CONSTRAINED,voltage,0.09207,1.08664,92.61,1
770,0.24,0,191,191,450.0,0.42444444444444446,T15,Delta_766-772,1500.0,0.12733333333333333,0.12733333333333333,0.3,0.95059,44.5068,31.369,22.8385,38.8022,SAFE,none,0.02332,1.00832,92.27,0
721,0.24,11,148,159,0.0,159.0,-,Main_720-734,5000.0,0.0318,0.0296,0.0,0.99456,7.1414,4.1987,2.8231,5.0595,CONSTRAINED,voltage_rise,0.05075,1.04934,92.58,1
770,0.24,6,226,232,450.0,0.5155555555555555,T15,Delta_766-772,1500.0,0.15466666666666667,0.15066666666666667,0.3,0.95059,44.5068,31.369,22.8385,38.8022,SAFE,none,0.02732,1.0089,92.22,0
764,0.24,0,207,207,46.0,4.5,T14,Branch_752-765,150.0,1.38,1.38,0.30666666666666664,0.9365,42.617,29.4074,21.7473,36.5751,CONSTRAINED,transformer_loading,0.02539,1.0082,112.9,1
730,0.24,10,90,100,85.0,1.1764705882352942,T23,Main_720-734,300.0,0.3333333333333333,0.3,0.2833333333333333,0.94696,11.8872,7.965,5.8252,9.8678,CAUTION,caution,0.00375,1.00622,92.53,1
6222,0.24,0,65,65,0.0,65.0,T2,LV_secondary_T2_T4,300.0,0.21666666666666667,0.21666666666666667,0.0,0.99456,7.1872,4.2178,2.8303,5.0794,CAUTION,caution,0.04346,1.03803,92.71,0
6252,0.24,0,223,223,0.0,223.0,T2,LV_secondary_T2_T4,300.0,0.7433333333333333,0.7433333333333333,0.0,0.99456,7.1872,4.2178,2.8303,5.0794,CONSTRAINED,voltage,0.13544,1.13001,92.54,1
724,0.24,0,244,244,0.0,244.0,-,Main_720-734,5000.0,0.0488,0.0488,0.0,0.99456,7.1414,4.1987,2.8231,5.0595,CONSTRAINED,voltage,0.08157,1.07613,92.48,1
625,0.24,0,85,85,0.0,85.0,T2,LV_secondary_T2_T4,300.0,0.2833333333333333,0.2833333333333333,0.0,0.99456,7.1872,4.2178,2.8303,5.0794,CONSTRAINED,voltage,0.05606,1.05063,92.68,1
769,0.24,0,32,32,41.0,0.7804878048780488,T22,Delta_766-772,150.0,0.21333333333333335,0.21333333333333335,0.2733333333333333,0.95405,44.5068,31.369,22.8385,38.8022,SAFE,none,0.00503,1.00588,92.61,0
6242,0.24,0,248,248,0.0,248.0,T2,LV_secondary_T2_T4,300.0,0.8266666666666667,0.8266666666666667,0.0,0.99456,7.1414,4.1987,2.8231,5.0595,CONSTRAINED,voltage,0.08279,1.07736,92.48,1
712,0.24,12,168,180,65.0,2.769230769230769,T18,Branch_701-708,300.0,0.6,0.56,0.21666666666666667,0.95826,7.7724,4.5565,3.3703,5.6675,CAUTION,caution,0.00714,1.00635,92.67,1
6232,0.24,0,198,198,0.0,198.0,T2,LV_secondary_T2_T4,300.0,0.66,0.66,0.0,0.99456,7.2329,4.237,2.8374,5.0993,CONSTRAINED,voltage,0.17181,1.16638,92.58,1
722,0.24,0,75,75,0.0,75.0,-,Main_720-734,5000.0,0.015,0.015,0.0,0.99456,7.1872,4.2178,2.8303,5.0794,CAUTION,caution,0.0498,1.04437,92.7,0
6222,0.24,15,42,57,0.0,57.0,T2,LV_secondary_T2_T4,300.0,0.19,0.14,0.0,0.99456,7.1872,4.2178,2.8303,5.0794,CAUTION,caution,0.02792,1.03289,92.72,0
7692,0.24,0,239,239,0.0,239.0,T22,LV_secondary_T2_T4,150.0,1.5933333333333333,1.5933333333333333,0.0,0.95405,44.5068,31.369,22.8385,38.8022,CONSTRAINED,transformer_loading,0.03518,1.0088,133.89,1
7483,0.24,0,204,204,0.0,204.0,T8,LV_secondary_T2_T4,150.0,1.36,1.36,0.0,0.95585,27.31,18.8387,13.9267,23.4276,CAUTION,caution,0.01968,1.00783,92.41,1
756,0.208,0,235,235,155.0,1.5161290322580645,T11,Branch_752-765,300.0,0.7833333333333333,0.7833333333333333,0.5166666666666667,0.93609,39.8129,27.5407,20.4003,34.2734,CAUTION,caution,0.02473,1.00864,92.24,1
6231,0.24,0,75,75,0.0,75.0,T2,LV_secondary_T2_T4,300.0,0.25,0.25,0.0,0.99456,7.2329,4.237,2.8374,5.0993,CONSTRAINED,voltage,0.07192,1.06649,92.7,0
726,0.24,0,77,77,0.0,77.0,-,Main_720-734,5000.0,0.0154,0.0154,0.0,0.99456,7.2329,4.237,2.8374,5.0993,CONSTRAINED,voltage,0.0737,1.06827,92.7,0
772,0.208,0,246,246,100.0,2.46,T19,Delta_766-772,300.0,0.82,0.82,0.3333333333333333,0.93424,43.184,29.887,22.1458,37.1977,CAUTION,caution,0.02562,1.00879,92.23,1
7122,0.24,0,188,188,0.0,188.0,T18,LV_secondary_T2_T4,300.0,0.6266666666666667,0.6266666666666667,0.0,0.95826,7.7724,4.5565,3.3703,5.6675,CAUTION,caution,0.008,1.00639,92.67,1
626,0.24,14,132,146,0.0,146.0,T2,LV_secondary_T2_T4,300.0,0.4866666666666667,0.44,0.0,0.99456,7.2329,4.237,2.8374,5.0993,CONSTRAINED,voltage,0.11748,1.12632,92.63,1
6251,0.24,0,146,146,0.0,146.0,T2,LV_secondary_T2_T4,300.0,0.4866666666666667,0.4866666666666667,0.0,0.99456,7.1872,4.2178,2.8303,5.0794,CONSTRAINED,voltage,0.09265,1.08722,92.61,1
6212,0.24,9,210,219,0.0,219.0,T2,LV_secondary_T2_T4,300.0,0.73,0.7,0.0,0.99456,7.1414,4.1987,2.8231,5.0595,CONSTRAINED,voltage,0.07055,1.06841,92.51,1
772,0.208,0,68,68,100.0,0.68,T19,Delta_766-772,300.0,0.22666666666666666,0.22666666666666666,0.3333333333333333,0.93424,43.184,29.887,22.1458,37.1977,SAFE,none,0.00737,1.00637,92.46,0
770,0.24,0,78,78,450.0,0.17333333333333334,T15,Delta_766-772,1500.0,0.052,0.052,0.3,0.95059,44.5068,31.369,22.8385,38.8022,SAFE,none,0.00977,1.00662,92.44,0
722,0.24,14,190,204,0.0,204.0,-,Main_720-734,5000.0,0.0408,0.038,0.0,0.99456,7.1872,4.2178,2.8303,5.0794,CONSTRAINED,voltage,0.11548,1.11976,92.55,1
6252,0.24,0,65,65,0.0,65.0,T2,LV_secondary_T2_T4,300.0,0.21666666666666667,0.21666666666666667,0.0,0.99456,7.1872,4.2178,2.8303,5.0794,CAUTION,caution,0.04346,1.03803,92.71,0
733,0.24,0,110,110,0.0,110.0,-,Main_720-734,5000.0,0.022,0.022,0.0,0.91348,17.0383,11.6797,8.589,14.4978,CONSTRAINED,voltage_rise,0.05138,1.0064,92.46,1
6321,0.24,0,25,25,0.0,25.0,T4,LV_secondary_T2_T4,150.0,0.16666666666666666,0.16666666666666666,0.0,0.92105,16.9926,11.6578,8.5847,14.4776,SAFE,none,0.00189,1.00562,92.71,0
6241,0.24,0,76,76,0.0,76.0,T2,LV_secondary_T2_T4,300.0,0.25333333333333335,0.25333333333333335,0.0,0.99456,7.1414,4.1987,2.8231,5.0595,SAFE,none,0.02702,1.02159,92.69,0
715,0.208,0,246,246,0.0,246.0,-,Branch_701-708,5000.0,0.0492,0.0492,0.0,0.99083,0.9144,0.4676,0.2627,0.5363,SAFE,none,0.00577,1.00678,92.61,0
6242,0.24,0,171,171,0.0,171.0,T2,LV_secondary_T2_T4,300.0,0.57,0.57,0.0,0.99456,7.1414,4.1987,2.8231,5.0595,CONSTRAINED,voltage,0.05864,1.05321,92.57,1
622,0.24,0,214,214,0.0,214.0,T2,LV_secondary_T2_T4,300.0,0.7133333333333334,0.7133333333333334,0.0,0.99456,7.1872,4.2178,2.8303,5.0794,CONSTRAINED,voltage,0.13061,1.12518,92.55,1
726,0.24,14,67,81,0.0,81.0,-,Main_720-734,5000.0,0.0162,0.0134,0.0,0.99456,7.2329,4.237,2.8374,5.0993,CONSTRAINED,voltage,0.06297,1.07182,92.69,0
740,0.24,0,220,220,75.0,2.933333333333333,T5,Main_735-750,150.0,1.4666666666666666,1.4666666666666666,0.5,0.98202,23.0885,14.9212,11.4648,18.8171,CAUTION,caution,0.01808,1.00766,99.42,1
716,0.48,0,152,152,15.85,9.589905362776026,T24(HV),Branch_701-708,300.0,0.5066666666666667,0.5066666666666667,0.05283333333333333,0.97763,0.9144,0.4676,0.2627,0.5363,CONSTRAINED,voltage,0.07843,1.05606,431.15,0
715,0.208,0,124,124,0.0,124.0,-,Branch_701-708,5000.0,0.0248,0.0248,0.0,0.99083,0.9144,0.4676,0.2627,0.5363,SAFE,none,0.00296,1.0061,92.7,0
6241,0.24,0,176,176,0.0,176.0,T2,LV_secondary_T2_T4,300.0,0.5866666666666667,0.5866666666666667,0.0,0.99456,7.1414,4.1987,2.8231,5.0595,CONSTRAINED,voltage,0.06025,1.05482,92.56,1
6261,0.24,0,166,166,0.0,166.0,T2,LV_secondary_T2_T4,300.0,0.5533333333333333,0.5533333333333333,0.0,0.99456,7.2329,4.237,2.8374,5.0993,CONSTRAINED,voltage,0.14749,1.14206,92.61,1
759,0.24,0,180,180,35.0,5.142857142857143,T12,Branch_752-765,150.0,1.2,1.2,0.23333333333333334,0.93737,40.2701,27.7136,20.528,34.4883,CONSTRAINED,transformer_loading,0.02148,1.00782,101.75,1
728,0.24,7,97,104,38.0,2.736842105263158,T3,Main_720-734,75.0,1.3866666666666667,1.2933333333333332,0.5066666666666667,0.93706,11.5824,7.8923,5.7834,9.7845,CAUTION,caution,0.01849,1.00622,97.85,1
726,0.24,5,192,197,0.0,197.0,-,Main_720-734,5000.0,0.0394,0.0384,0.0,0.99456,7.2329,4.237,2.8374,5.0993,CONSTRAINED,voltage,0.16592,1.16563,92.58,1
769,0.24,14,28,42,41.0,1.024390243902439,T22,Delta_766-772,150.0,0.28,0.18666666666666668,0.2733333333333333,0.95405,44.5068,31.369,22.8385,38.8022,SAFE,none,0.00437,1.00603,92.56,0
708,0.24,0,225,225,75.0,3.0,T16,Branch_701-708,300.0,0.75,0.75,0.25,0.95801,6.2484,3.6185,2.8328,4.5954,CAUTION,caution,0.00814,1.00658,92.64,1
7481,0.24,0,89,89,0.0,89.0,T8,LV_secondary_T2_T4,150.0,0.5933333333333334,0.5933333333333334,0.0,0.95585,27.31,18.8387,13.9267,23.4276,CAUTION,caution,0.00883,1.0065,92.45,1
772,0.208,0,115,115,100.0,1.15,T19,Delta_766-772,300.0,0.38333333333333336,0.38333333333333336,0.3333333333333333,0.93424,43.184,29.887,22.1458,37.1977,CAUTION,caution,0.01233,1.00704,92.4,1
734,0.24,0,200,200,15.85,12.618296529968454,-,Main_720-734,5000.0,0.04,0.04,0.00317,0.90591,17.084,11.7015,8.5933,14.5179,CONSTRAINED,voltage,0.15672,1.06265,98.79,1
6241,0.24,11,20,31,0.0,31.0,T2,LV_secondary_T2_T4,300.0,0.10333333333333333,0.06666666666666667,0.0,0.99456,7.1414,4.1987,2.8231,5.0595,SAFE,none,0.00721,1.00579,92.76,0
6322,0.24,0,127,127,0.0,127.0,T4,LV_secondary_T2_T4,150.0,0.8466666666666667,0.8466666666666667,0.0,0.92105,16.9926,11.6578,8.5847,14.4776,CAUTION,caution,0.00935,1.00661,92.44,1
714,0.208,6,39,45,240.0,0.1875,T24,Branch_701-708,30.0,1.5,1.3,8.0,0.99083,0.9144,0.4676,0.2627,0.5363,SAFE,none,0.00094,1.00564,92.77,0
770,0.24,0,133,133,450.0,0.29555555555555557,T15,Delta_766-772,1500.0,0.08866666666666667,0.08866666666666667,0.3,0.95059,44.5068,31.369,22.8385,38.8022,SAFE,none,0.01645,1.00746,92.36,0
762,0.48,4,202,206,45.0,4.5777777777777775,T13,Branch_752-765,150.0,1.3733333333333333,1.3466666666666667,0.3,0.93629,42.0074,28.9831,21.4317,36.0463,CONSTRAINED,transformer_loading,0.02461,1.00818,113.28,1
7483,0.24,13,81,94,0.0,94.0,T8,LV_secondary_T2_T4,150.0,0.6266666666666667,0.54,0.0,0.95585,27.31,18.8387,13.9267,23.4276,CAUTION,caution,0.008,1.00656,92.45,1
733,0.24,0,181,181,0.0,181.0,-,Main_720-734,5000.0,0.0362,0.0362,0.0,0.91348,17.0383,11.6797,8.589,14.4978,CONSTRAINED,voltage_rise,0.08164,1.00696,93.74,1
724,0.24,0,14,14,0.0,14.0,-,Main_720-734,5000.0,0.0028,0.0028,0.0,0.99456,7.1414,4.1987,2.8231,5.0595,SAFE,none,0.00511,1.00546,92.78,0
728,0.24,0,114,114,38.0,3.0,T3,Main_720-734,75.0,1.52,1.52,0.5066666666666667,0.93706,11.5824,7.8923,5.7834,9.7845,CONSTRAINED,transformer_loading,0.02171,1.00629,110.83,1
633,0.24,0,147,147,0.0,147.0,T4,LV_secondary_T2_T4,150.0,0.98,0.98,0.0,0.91348,17.0383,11.6797,8.589,14.4978,CONSTRAINED,voltage_rise,0.0674,1.0067,92.43,1
715,0.208,0,217,217,0.0,217.0,-,Branch_701-708,5000.0,0.0434,0.0434,0.0,0.99083,0.9144,0.4676,0.2627,0.5363,SAFE,none,0.00511,1.00662,92.64,0
740,0.24,0,237,237,75.0,3.16,T5,Main_735-750,150.0,1.58,1.58,0.5,0.98202,23.0885,14.9212,11.4648,18.8171,CONSTRAINED,transformer_loading,0.0194,1.00782,110.32,1
723,0.24,0,65,65,0.0,65.0,-,Main_720-734,5000.0,0.013,0.013,0.0,0.99456,7.2329,4.237,2.8374,5.0993,CONSTRAINED,voltage,0.06292,1.05749,92.71,0
748,0.24,0,163,163,76.88,2.120187304890739,T8,Main_735-750,150.0,1.0866666666666667,1.0866666666666667,0.5125333333333333,0.95585,27.31,18.8387,13.9267,23.4276,CAUTION,caution,0.01588,1.00737,92.37,1
725,0.24,0,70,70,0.0,70.0,-,Main_720-734,5000.0,0.014,0.014,0.0,0.99456,7.1872,4.2178,2.8303,5.0794,CAUTION,caution,0.04664,1.04121,92.7,0
708,0.24,0,135,135,75.0,1.8,T16,Branch_701-708,300.0,0.45,0.45,0.25,0.95801,6.2484,3.6185,2.8328,4.5954,CAUTION,caution,0.00497,1.00612,92.7,1
751,0.48,0,193,193,0.0,193.0,T9,other,1500.0,0.12866666666666668,0.12866666666666668,0.0,0.9685,34.4789,23.8283,17.6385,29.6463,SAFE,none,0.01377,1.00767,92.34,0
6202,0.24,0,120,120,0.0,120.0,T2,LV_secondary_T2_T4,300.0,0.4,0.4,0.0,0.99456,7.0957,4.1795,2.816,5.0396,CAUTION,caution,0.00381,1.00617,92.62,1
621,0.24,0,38,38,0.0,38.0,T2,LV_secondary_T2_T4,300.0,0.12666666666666668,0.12666666666666668,0.0,0.99456,7.1414,4.1987,2.8231,5.0595,SAFE,none,0.01372,1.00829,92.75,0
732,0.24,0,101,101,25.4,3.9763779527559056,T4,Main_720-734,150.0,0.6733333333333333,0.6733333333333333,0.16933333333333334,0.92105,16.9926,11.6578,8.5847,14.4776,CAUTION,caution,0.00748,1.00637,92.46,1
7482,0.24,4,197,201,0.0,201.0,T8,LV_secondary_T2_T4,150.0,1.34,1.3133333333333332,0.0,0.95585,27.31,18.8387,13.9267,23.4276,CAUTION,caution,0.019,1.0078,92.32,1
622,0.24,0,185,185,0.0,185.0,T2,LV_secondary_T2_T4,300.0,0.6166666666666667,0.6166666666666667,0.0,0.99456,7.1872,4.2178,2.8303,5.0794,CONSTRAINED,voltage,0.11475,1.10932,92.57,1
6201,0.24,0,237,237,0.0,237.0,T2,LV_secondary_T2_T4,300.0,0.79,0.79,0.0,0.99456,7.0957,4.1795,2.816,5.0396,CAUTION,caution,0.0074,1.00689,92.45,1
708,0.24,0,164,164,75.0,2.1866666666666665,T16,Branch_701-708,300.0,0.5466666666666666,0.5466666666666666,0.25,0.95801,6.2484,3.6185,2.8328,4.5954,CAUTION,caution,0.006,1.00628,92.68,1
721,0.24,11,11,22,0.0,22.0,-,Main_720-734,5000.0,0.0044,0.0022,0.0,0.99456,7.1414,4.1987,2.8231,5.0595,SAFE,none,0.00398,1.00551,92.77,0
6251,0.24,0,219,219,0.0,219.0,T2,LV_secondary_T2_T4,300.0,0.73,0.73,0.0,0.99456,7.1872,4.2178,2.8303,5.0794,CONSTRAINED,voltage,0.1333,1.12787,92.54,1
7392,0.24,0,126,126,0.0,126.0,T6,LV_secondary_T2_T4,150.0,0.84,0.84,0.0,0.98477,24.6125,15.6519,11.8507,19.6321,CAUTION,caution,0.01059,1.00671,92.43,1
740,0.24,0,105,105,75.0,1.4,T5,Main_735-750,150.0,0.7,0.7,0.5,0.98202,23.0885,14.9212,11.4648,18.8171,CAUTION,caution,0.00886,1.00651,92.45,1
622,0.24,0,191,191,0.0,191.0,T2,LV_secondary_T2_T4,300.0,0.6366666666666667,0.6366666666666667,0.0,0.99456,7.1872,4.2178,2.8303,5.0794,CONSTRAINED,voltage,0.11807,1.11264,92.57,1
748,0.24,0,38,38,76.88,0.49427679500520294,T8,Main_735-750,150.0,0.25333333333333335,0.25333333333333335,0.5125333333333333,0.95585,27.31,18.8387,13.9267,23.4276,SAFE,none,0.00382,1.00586,92.61,0
7693,0.24,14,143,157,0.0,157.0,T22,LV_secondary_T2_T4,150.0,1.0466666666666666,0.9533333333333334,0.0,0.95405,44.5068,31.369,22.8385,38.8022,CAUTION,caution,0.02149,1.00772,92.33,1
728,0.24,3,50,53,38.0,1.394736842105263,T3,Main_720-734,75.0,0.7066666666666667,0.6666666666666666,0.5066666666666667,0.93706,11.5824,7.8923,5.7834,9.7845,CAUTION,caution,0.00975,1.00582,92.66,1
759,0.24,4,45,49,35.0,1.4,T12,Branch_752-765,150.0,0.32666666666666666,0.3,0.23333333333333334,0.93737,40.2701,27.7136,20.528,34.4883,CAUTION,caution,0.00556,1.00607,92.53,1
6262,0.24,10,20,30,0.0,30.0,T2,LV_secondary_T2_T4,300.0,0.1,0.06666666666666667,0.0,0.99456,7.2329,4.237,2.8374,5.0993,SAFE,none,0.01983,1.02464,92.76,0
769,0.24,14,185,199,41.0,4.853658536585366,T22,Delta_766-772,150.0,1.3266666666666667,1.2333333333333334,0.2733333333333333,0.95405,44.5068,31.369,22.8385,38.8022,CONSTRAINED,transformer_loading,0.02744,1.00828,107.66,1
633,0.24,0,130,130,0.0,130.0,T4,LV_secondary_T2_T4,150.0,0.8666666666666667,0.8666666666666667,0.0,0.91348,17.0383,11.6797,8.589,14.4978,CONSTRAINED,voltage_rise,0.06011,1.00657,92.44,1
7122,0.24,7,72,79,0.0,79.0,T18,LV_secondary_T2_T4,300.0,0.2633333333333333,0.24,0.0,0.95826,7.7724,4.5565,3.3703,5.6675,CAUTION,caution,0.00312,1.00582,92.74,1
769,0.24,0,170,170,41.0,4.146341463414634,T22,Delta_766-772,150.0,1.1333333333333333,1.1333333333333333,0.2733333333333333,0.95405,44.5068,31.369,22.8385,38.8022,CAUTION,caution,0.02556,1.0079,92.31,1
625,0.24,0,80,80,0.0,80.0,T2,LV_secondary_T2_T4,300.0,0.26666666666666666,0.26666666666666666,0.0,0.99456,7.1872,4.2178,2.8303,5.0794,CONSTRAINED,voltage_rise,0.05294,1.04751,92.69,1
725,0.24,12,189,201,0.0,201.0,-,Main_720-734,5000.0,0.0402,0.0378,0.0,0.99456,7.1872,4.2178,2.8303,5.0794,CONSTRAINED,voltage,0.11522,1.11812,92.56,1
740,0.24,0,215,215,75.0,2.8666666666666667,T5,Main_735-750,150.0,1.4333333333333333,1.4333333333333333,0.5,0.98202,23.0885,14.9212,11.4648,18.8171,CAUTION,caution,0.01769,1.00761,96.22,1
7121,0.24,0,132,132,0.0,132.0,T18,LV_secondary_T2_T4,300.0,0.44,0.44,0.0,0.95826,7.7724,4.5565,3.3703,5.6675,CAUTION,caution,0.00568,1.00611,92.7,1
622,0.24,14,174,188,0.0,188.0,T2,LV_secondary_T2_T4,300.0,0.6266666666666667,0.58,0.0,0.99456,7.1872,4.2178,2.8303,5.0794,CONSTRAINED,voltage,0.1067,1.11098,92.57,1
6231,0.24,0,50,50,0.0,50.0,T2,LV_secondary_T2_T4,300.0,0.16666666666666666,0.16666666666666666,0.0,0.99456,7.2329,4.237,2.8374,5.0993,CAUTION,caution,0.04911,1.04368,92.73,0
6261,0.24,0,14,14,0.0,14.0,T2,LV_secondary_T2_T4,300.0,0.04666666666666667,0.04666666666666667,0.0,0.99456,7.2329,4.237,2.8374,5.0993,SAFE,none,0.01428,1.00885,92.78,0
714,0.208,6,165,171,240.0,0.7125,T24,Branch_701-708,30.0,5.7,5.5,8.0,0.99083,0.9144,0.4676,0.2627,0.5363,SAFE,none,0.00391,1.00637,92.67,0
721,0.24,0,120,120,0.0,120.0,-,Main_720-734,5000.0,0.024,0.024,0.0,0.99456,7.1414,4.1987,2.8231,5.0595,CAUTION,caution,0.04194,1.03651,92.63,1
748,0.24,0,157,157,76.88,2.042143600416233,T8,Main_735-750,150.0,1.0466666666666666,1.0466666666666666,0.5125333333333333,0.95585,27.31,18.8387,13.9267,23.4276,CAUTION,caution,0.01532,1.0073,92.37,1
732,0.24,0,186,186,25.4,7.322834645669292,T4,Main_720-734,150.0,1.24,1.24,0.16933333333333334,0.92105,16.9926,11.6578,8.5847,14.4776,CONSTRAINED,transformer_loading,0.0135,1.00715,104.13,1
6202,0.24,0,161,161,0.0,161.0,T2,LV_secondary_T2_T4,300.0,0.5366666666666666,0.5366666666666666,0.0,0.99456,7.0957,4.1795,2.816,5.0396,CAUTION,caution,0.00508,1.00643,92.56,1
6322,0.24,0,9,9,0.0,9.0,T4,LV_secondary_T2_T4,150.0,0.06,0.06,0.0,0.92105,16.9926,11.6578,8.5847,14.4776,SAFE,none,0.00068,1.00546,92.77,0
7392,0.24,0,146,146,0.0,146.0,T6,LV_secondary_T2_T4,150.0,0.9733333333333334,0.9733333333333334,0.0,0.98477,24.6125,15.6519,11.8507,19.6321,CAUTION,caution,0.01221,1.00691,92.41,1
7482,0.24,11,79,90,0.0,90.0,T8,LV_secondary_T2_T4,150.0,0.6,0.5266666666666666,0.0,0.95585,27.31,18.8387,13.9267,23.4276,CAUTION,caution,0.00782,1.00651,92.45,1
715,0.208,0,99,99,0.0,99.0,-,Branch_701-708,5000.0,0.0198,0.0198,0.0,0.99083,0.9144,0.4676,0.2627,0.5363,SAFE,none,0.00237,1.00596,92.72,0
6201,0.24,14,169,183,0.0,183.0,T2,LV_secondary_T2_T4,300.0,0.61,0.5633333333333334,0.0,0.99456,7.0957,4.1795,2.816,5.0396,CAUTION,caution,0.00531,1.00657,92.53,1
6331,0.24,5,92,97,0.0,97.0,T4,LV_secondary_T2_T4,150.0,0.6466666666666666,0.6133333333333333,0.0,0.91348,17.0383,11.6797,8.589,14.4978,CAUTION,caution,0.04314,1.00629,92.47,1
7691,0.24,10,116,126,0.0,126.0,T22,LV_secondary_T2_T4,150.0,0.84,0.7733333333333333,0.0,0.95405,44.5068,31.369,22.8385,38.8022,CAUTION,caution,0.01763,1.00728,92.37,1
6242,0.24,0,172,172,0.0,172.0,T2,LV_secondary_T2_T4,300.0,0.5733333333333334,0.5733333333333334,0.0,0.99456,7.1414,4.1987,2.8231,5.0595,CONSTRAINED,voltage,0.05897,1.05353,92.57,1
751,0.48,13,231,244,0.0,244.0,T9,other,1500.0,0.16266666666666665,0.154,0.0,0.9685,34.4789,23.8283,17.6385,29.6463,SAFE,none,0.01634,1.00824,92.28,0
708,0.24,0,133,133,75.0,1.7733333333333334,T16,Branch_701-708,300.0,0.44333333333333336,0.44333333333333336,0.25,0.95801,6.2484,3.6185,2.8328,4.5954,CAUTION,caution,0.0049,1.00611,92.7,1
722,0.24,0,14,14,0.0,14.0,-,Main_720-734,5000.0,0.0028,0.0028,0.0,0.99456,7.1872,4.2178,2.8303,5.0794,SAFE,none,0.00971,1.00546,92.78,0
6251,0.24,0,216,216,0.0,216.0,T2,LV_secondary_T2_T4,300.0,0.72,0.72,0.0,0.99456,7.1872,4.2178,2.8303,5.0794,CONSTRAINED,voltage,0.13169,1.12626,92.54,1
748,0.24,0,25,25,76.88,0.3251821019771072,T8,Main_735-750,150.0,0.16666666666666666,0.16666666666666666,0.5125333333333333,0.95585,27.31,18.8387,13.9267,23.4276,SAFE,none,0.00252,1.00569,92.68,0
7692,0.24,0,225,225,0.0,225.0,T22,LV_secondary_T2_T4,150.0,1.5,1.5,0.0,0.95405,44.5068,31.369,22.8385,38.8022,CONSTRAINED,transformer_loading,0.03326,1.00862,124.74,1
7121,0.24,0,247,247,0.0,247.0,T18,LV_secondary_T2_T4,300.0,0.8233333333333334,0.8233333333333334,0.0,0.95826,7.7724,4.5565,3.3703,5.6675,CAUTION,caution,0.0104,1.00668,92.63,1
756,0.208,0,152,152,155.0,0.9806451612903225,T11,Branch_752-765,300.0,0.5066666666666667,0.5066666666666667,0.5166666666666667,0.93609,39.8129,27.5407,20.4003,34.2734,SAFE,none,0.01632,1.00755,92.35,0
6252,0.24,15,147,162,0.0,162.0,T2,LV_secondary_T2_T4,300.0,0.54,0.49,0.0,0.99456,7.1872,4.2178,2.8303,5.0794,CONSTRAINED,voltage,0.09143,1.09639,92.6,1
7641,0.24,8,148,156,0.0,156.0,T14,LV_secondary_T2_T4,150.0,1.04,0.9866666666666667,0.0,0.9365,42.617,29.4074,21.7473,36.5751,CAUTION,caution,0.01837,1.00755,92.35,1
7642,0.24,0,7,7,0.0,7.0,T14,LV_secondary_T2_T4,150.0,0.04666666666666667,0.04666666666666667,0.0,0.9365,42.617,29.4074,21.7473,36.5751,SAFE,none,0.00091,1.00547,92.76,0
759,0.24,14,122,136,35.0,3.8857142857142857,T12,Branch_752-765,150.0,0.9066666666666666,0.8133333333333334,0.23333333333333334,0.93737,40.2701,27.7136,20.528,34.4883,CAUTION,caution,0.01468,1.00726,92.38,1
728,0.24,10,155,165,38.0,4.342105263157895,T3,Main_720-734,75.0,2.2,2.066666666666667,0.5066666666666667,0.93706,11.5824,7.8923,5.7834,9.7845,CONSTRAINED,transformer_loading,0.02881,1.00664,178.04,1
7481,0.24,0,245,245,0.0,245.0,T8,LV_secondary_T2_T4,150.0,1.6333333333333333,1.6333333333333333,0.0,0.95585,27.31,18.8387,13.9267,23.4276,CONSTRAINED,transformer_loading,0.0234,1.00828,118.68,1
759,0.24,0,73,73,35.0,2.085714285714286,T12,Branch_752-765,150.0,0.4866666666666667,0.4866666666666667,0.23333333333333334,0.93737,40.2701,27.7136,20.528,34.4883,CAUTION,caution,0.00897,1.00641,92.46,1
759,0.24,0,37,37,35.0,1.0571428571428572,T12,Branch_752-765,150.0,0.24666666666666667,0.24666666666666667,0.23333333333333334,0.93737,40.2701,27.7136,20.528,34.4883,SAFE,none,0.0046,1.0059,92.6,0
6232,0.24,0,40,40,0.0,40.0,T2,LV_secondary_T2_T4,300.0,0.13333333333333333,0.13333333333333333,0.0,0.99456,7.2329,4.237,2.8374,5.0993,CAUTION,caution,0.03969,1.03425,92.74,0
733,0.24,0,75,75,0.0,75.0,-,Main_720-734,5000.0,0.015,0.015,0.0,0.91348,17.0383,11.6797,8.589,14.4978,CAUTION,caution,0.03569,1.0061,92.53,1
734,0.24,0,123,123,15.85,7.7602523659306,-,Main_720-734,5000.0,0.0246,0.0246,0.00317,0.90591,17.084,11.7015,8.5933,14.5179,CONSTRAINED,voltage_rise,0.10207,1.00799,92.45,1
725,0.24,0,60,60,0.0,60.0,-,Main_720-734,5000.0,0.012,0.012,0.0,0.99456,7.1872,4.2178,2.8303,5.0794,CAUTION,caution,0.04025,1.03482,92.72,0
6211,0.24,0,118,118,0.0,118.0,T2,LV_secondary_T2_T4,300.0,0.3933333333333333,0.3933333333333333,0.0,0.99456,7.1414,4.1987,2.8231,5.0595,CAUTION,caution,0.04127,1.03584,92.63,1
715,0.208,0,233,233,0.0,233.0,-,Branch_701-708,5000.0,0.0466,0.0466,0.0,0.99083,0.9144,0.4676,0.2627,0.5363,SAFE,none,0.00547,1.00671,92.62,0
626,0.24,0,244,244,0.0,244.0,T2,LV_secondary_T2_T4,300.0,0.8133333333333334,0.8133333333333334,0.0,0.99456,7.2329,4.237,2.8374,5.0993,CONSTRAINED,voltage,0.20511,1.19968,92.55,1
708,0.24,0,35,35,75.0,0.4666666666666667,T16,Branch_701-708,300.0,0.11666666666666667,0.11666666666666667,0.25,0.95801,6.2484,3.6185,2.8328,4.5954,SAFE,none,0.00131,1.00557,92.78,0
716,0.48,5,84,89,15.85,5.615141955835962,T24(HV),Branch_701-708,300.0,0.2966666666666667,0.28,0.05283333333333333,0.97763,0.9144,0.4676,0.2627,0.5363,CONSTRAINED,transformer_loading,0.04517,1.0257,240.42,0
748,0.24,0,33,33,76.88,0.4292403746097815,T8,Main_735-750,150.0,0.22,0.22,0.5125333333333333,0.95585,27.31,18.8387,13.9267,23.4276,SAFE,none,0.00332,1.00579,92.64,0
6232,0.24,0,106,106,0.0,106.0,T2,LV_secondary_T2_T4,300.0,0.35333333333333333,0.35333333333333333,0.0,0.99456,7.2329,4.237,2.8374,5.0993,CONSTRAINED,voltage,0.09887,1.09344,92.67,1
714,0.208,0,36,36,240.0,0.15,T24,Branch_701-708,30.0,1.2,1.2,8.0,0.99083,0.9144,0.4676,0.2627,0.5363,SAFE,none,0.00087,1.00558,92.77,0
7692,0.24,0,13,13,0.0,13.0,T22,LV_secondary_T2_T4,150.0,0.08666666666666667,0.08666666666666667,0.0,0.95405,44.5068,31.369,22.8385,38.8022,SAFE,none,0.00206,1.00557,92.73,0
714,0.208,13,64,77,240.0,0.32083333333333336,T24,Branch_701-708,30.0,2.566666666666667,2.1333333333333333,8.0,0.99083,0.9144,0.4676,0.2627,0.5363,SAFE,none,0.00154,1.00583,92.74,0
739,0.24,4,193,197,41.1,4.793187347931873,T6,Main_735-750,150.0,1.3133333333333332,1.2866666666666666,0.274,0.98477,24.6125,15.6519,11.8507,19.6321,CONSTRAINED,transformer_loading,0.01594,1.0074,104.61,1
7392,0.24,8,188,196,0.0,196.0,T6,LV_secondary_T2_T4,150.0,1.3066666666666666,1.2533333333333334,0.0,0.98477,24.6125,15.6519,11.8507,19.6321,CONSTRAINED,transformer_loading,0.01552,1.00739,103.96,1
6232,0.24,0,248,248,0.0,248.0,T2,LV_secondary_T2_T4,300.0,0.8266666666666667,0.8266666666666667,0.0,0.99456,7.2329,4.237,2.8374,5.0993,CONSTRAINED,voltage,0.20793,1.2025,92.55,1
7121,0.24,3,111,114,0.0,114.0,T18,LV_secondary_T2_T4,300.0,0.38,0.37,0.0,0.95826,7.7724,4.5565,3.3703,5.6675,CAUTION,caution,0.00479,1.00601,92.72,1
7122,0.24,0,225,225,0.0,225.0,T18,LV_secondary_T2_T4,300.0,0.75,0.75,0.0,0.95826,7.7724,4.5565,3.3703,5.6675,CAUTION,caution,0.00951,1.00658,92.64,1
625,0.24,13,138,151,0.0,151.0,T2,LV_secondary_T2_T4,300.0,0.5033333333333333,0.46,0.0,0.99456,7.1872,4.2178,2.8303,5.0794,CONSTRAINED,voltage,0.08651,1.0901,92.61,1
621,0.24,0,174,174,0.0,174.0,T2,LV_secondary_T2_T4,300.0,0.58,0.58,0.0,0.99456,7.1414,4.1987,2.8231,5.0595,CONSTRAINED,voltage,0.05961,1.05418,92.56,1
6262,0.24,0,208,208,0.0,208.0,T2,LV_secondary_T2_T4,300.0,0.6933333333333334,0.6933333333333334,0.0,0.99456,7.2329,4.237,2.8374,5.0993,CONSTRAINED,voltage,0.17921,1.17378,92.57,1
722,0.24,5,132,137,0.0,137.0,-,Main_720-734,5000.0,0.0274,0.0264,0.0,0.99456,7.1872,4.2178,2.8303,5.0794,CONSTRAINED,voltage,0.08392,1.08198,92.62,1
6201,0.24,15,125,140,0.0,140.0,T2,LV_secondary_T2_T4,300.0,0.4666666666666667,0.4166666666666667,0.0,0.99456,7.0957,4.1795,2.816,5.0396,CAUTION,caution,0.00395,1.0063,92.59,1
624,0.24,0,120,120,0.0,120.0,T2,LV_secondary_T2_T4,300.0,0.4,0.4,0.0,0.99456,7.1414,4.1987,2.8231,5.0595,CAUTION,caution,0.04194,1.03651,92.63,1
7693,0.24,9,157,166,0.0,166.0,T22,LV_secondary_T2_T4,150.0,1.1066666666666667,1.0466666666666666,0.0,0.95405,44.5068,31.369,22.8385,38.8022,CAUTION,caution,0.02357,1.00784,92.32,1
7393,0.24,7,196,203,0.0,203.0,T6,LV_secondary_T2_T4,150.0,1.3533333333333333,1.3066666666666666,0.0,0.98477,24.6125,15.6519,11.8507,19.6321,CONSTRAINED,transformer_loading,0.01616,1.00746,108.52,1
7481,0.24,0,80,80,0.0,80.0,T8,LV_secondary_T2_T4,150.0,0.5333333333333333,0.5333333333333333,0.0,0.95585,27.31,18.8387,13.9267,23.4276,SAFE,none,0.00796,1.00638,92.46,0
632,0.24,0,111,111,0.0,111.0,T4,LV_secondary_T2_T4,150.0,0.74,0.74,0.0,0.92105,16.9926,11.6578,8.5847,14.4776,CAUTION,caution,0.0082,1.00646,92.45,1
7481,0.24,10,142,152,0.0,152.0,T8,LV_secondary_T2_T4,150.0,1.0133333333333334,0.9466666666666667,0.0,0.95585,27.31,18.8387,13.9267,23.4276,CAUTION,caution,0.01384,1.00724,92.38,1
733,0.24,0,85,85,0.0,85.0,-,Main_720-734,5000.0,0.017,0.017,0.0,0.91348,17.0383,11.6797,8.589,14.4978,CAUTION,caution,0.04023,1.00619,92.49,1
7691,0.24,0,12,12,0.0,12.0,T22,LV_secondary_T2_T4,150.0,0.08,0.08,0.0,0.95405,44.5068,31.369,22.8385,38.8022,SAFE,none,0.0019,1.00556,92.73,0
6231,0.24,0,106,106,0.0,106.0,T2,LV_secondary_T2_T4,300.0,0.35333333333333333,0.35333333333333333,0.0,0.99456,7.2329,4.237,2.8374,5.0993,CONSTRAINED,voltage,0.09887,1.09344,92.67,1
6252,0.24,0,85,85,0.0,85.0,T2,LV_secondary_T2_T4,300.0,0.2833333333333333,0.2833333333333333,0.0,0.99456,7.1872,4.2178,2.8303,5.0794,CONSTRAINED,voltage,0.05606,1.05063,92.68,1
721,0.24,8,140,148,0.0,148.0,-,Main_720-734,5000.0,0.0296,0.028,0.0,0.99456,7.1414,4.1987,2.8231,5.0595,CAUTION,caution,0.04826,1.04575,92.6,1
6262,0.24,0,60,60,0.0,60.0,T2,LV_secondary_T2_T4,300.0,0.2,0.2,0.0,0.99456,7.2329,4.237,2.8374,5.0993,CONSTRAINED,voltage,0.05836,1.05293,92.72,0
712,0.24,0,40,40,65.0,0.6153846153846154,T18,Branch_701-708,300.0,0.13333333333333333,0.13333333333333333,0.21666666666666667,0.95826,7.7724,4.5565,3.3703,5.6675,SAFE,none,0.00175,1.0056,92.77,0
626,0.24,0,74,74,0.0,74.0,T2,LV_secondary_T2_T4,300.0,0.24666666666666667,0.24666666666666667,0.0,0.99456,7.2329,4.237,2.8374,5.0993,CONSTRAINED,voltage,0.07103,1.0656,92.7,0
6321,0.24,0,206,206,0.0,206.0,T4,LV_secondary_T2_T4,150.0,1.3733333333333333,1.3733333333333333,0.0,0.92105,16.9926,11.6578,8.5847,14.4776,CONSTRAINED,transformer_loading,0.01488,1.00732,118.09,1
762,0.48,0,128,128,45.0,2.8444444444444446,T13,Branch_752-765,150.0,0.8533333333333334,0.8533333333333334,0.3,0.93629,42.0074,28.9831,21.4317,36.0463,CAUTION,caution,0.01595,1.00718,92.38,1
7641,0.24,0,186,186,0.0,186.0,T14,LV_secondary_T2_T4,150.0,1.24,1.24,0.0,0.9365,42.617,29.4074,21.7473,36.5751,CAUTION,caution,0.02294,1.00793,98.8,1
725,0.24,15,59,74,0.0,74.0,-,Main_720-734,5000.0,0.0148,0.0118,0.0,0.99456,7.1872,4.2178,2.8303,5.0794,CAUTION,caution,0.03877,1.04374,92.7,0
6202,0.24,0,135,135,0.0,135.0,T2,LV_secondary_T2_T4,300.0,0.45,0.45,0.0,0.99456,7.0957,4.1795,2.816,5.0396,CAUTION,caution,0.00428,1.00626,92.6,1
734,0.24,10,28,38,15.85,2.3974763406940065,-,Main_720-734,5000.0,0.0076,0.0056,0.00317,0.90591,17.084,11.7015,8.5933,14.5179,SAFE,none,0.0248,1.00575,92.66,0
6252,0.24,0,216,216,0.0,216.0,T2,LV_secondary_T2_T4,300.0,0.72,0.72,0.0,0.99456,7.1872,4.2178,2.8303,5.0794,CONSTRAINED,voltage,0.13169,1.12626,92.54,1
6212,0.24,0,190,190,0.0,190.0,T2,LV_secondary_T2_T4,300.0,0.6333333333333333,0.6333333333333333,0.0,0.99456,7.1414,4.1987,2.8231,5.0595,CONSTRAINED,voltage,0.06472,1.05929,92.54,1
6261,0.24,0,65,65,0.0,65.0,T2,LV_secondary_T2_T4,300.0,0.21666666666666667,0.21666666666666667,0.0,0.99456,7.2329,4.237,2.8374,5.0993,CONSTRAINED,voltage,0.06292,1.05749,92.71,0
7482,0.24,0,33,33,0.0,33.0,T8,LV_secondary_T2_T4,150.0,0.22,0.22,0.0,0.95585,27.31,18.8387,13.9267,23.4276,SAFE,none,0.00332,1.00579,92.64,0
728,0.24,0,7,7,38.0,0.18421052631578946,T3,Main_720-734,75.0,0.09333333333333334,0.09333333333333334,0.5066666666666667,0.93706,11.5824,7.8923,5.7834,9.7845,SAFE,none,0.00139,1.00543,92.78,0
7481,0.24,0,126,126,0.0,126.0,T8,LV_secondary_T2_T4,150.0,0.84,0.84,0.0,0.95585,27.31,18.8387,13.9267,23.4276,CAUTION,caution,0.01239,1.00694,92.41,1
6221,0.24,0,95,95,0.0,95.0,T2,LV_secondary_T2_T4,300.0,0.31666666666666665,0.31666666666666665,0.0,0.99456,7.1872,4.2178,2.8303,5.0794,CONSTRAINED,voltage,0.06225,1.05681,92.67,1
7483,0.24,0,243,243,0.0,243.0,T8,LV_secondary_T2_T4,150.0,1.62,1.62,0.0,0.95585,27.31,18.8387,13.9267,23.4276,CONSTRAINED,transformer_loading,0.02322,1.00826,117.38,1
708,0.24,0,120,120,75.0,1.6,T16,Branch_701-708,300.0,0.4,0.4,0.25,0.95801,6.2484,3.6185,2.8328,4.5954,CAUTION,caution,0.00443,1.00604,92.71,1
7692,0.24,0,14,14,0.0,14.0,T22,LV_secondary_T2_T4,150.0,0.09333333333333334,0.09333333333333334,0.0,0.95405,44.5068,31.369,22.8385,38.8022,SAFE,none,0.00222,1.00559,92.72,0
756,0.208,0,189,189,155.0,1.2193548387096773,T11,Branch_752-765,300.0,0.63,0.63,0.5166666666666667,0.93609,39.8129,27.5407,20.4003,34.2734,CAUTION,caution,0.02011,1.00805,92.3,1
748,0.24,0,129,129,76.88,1.6779396462018732,T8,Main_735-750,150.0,0.86,0.86,0.5125333333333333,0.95585,27.31,18.8387,13.9267,23.4276,CAUTION,caution,0.01267,1.00698,92.4,1
715,0.208,5,72,77,0.0,77.0,-,Branch_701-708,5000.0,0.0154,0.0144,0.0,0.99083,0.9144,0.4676,0.2627,0.5363,SAFE,none,0.00173,1.00583,92.74,0
7393,0.24,0,156,156,0.0,156.0,T6,LV_secondary_T2_T4,150.0,1.04,1.04,0.0,0.98477,24.6125,15.6519,11.8507,19.6321,CAUTION,caution,0.01302,1.00701,92.4,1
6321,0.24,9,131,140,0.0,140.0,T4,LV_secondary_T2_T4,150.0,0.9333333333333333,0.8733333333333333,0.0,0.92105,16.9926,11.6578,8.5847,14.4776,CAUTION,caution,0.00959,1.00673,92.43,1
6331,0.24,5,32,37,0.0,37.0,T4,LV_secondary_T2_T4,150.0,0.24666666666666667,0.21333333333333335,0.0,0.91348,17.0383,11.6797,8.589,14.4978,CAUTION,caution,0.01551,1.00574,92.66,1
730,0.24,0,173,173,85.0,2.0352941176470587,T23,Main_720-734,300.0,0.5766666666666667,0.5766666666666667,0.2833333333333333,0.94696,11.8872,7.965,5.8252,9.8678,CAUTION,caution,0.00714,1.00681,92.42,1
7121,0.24,4,142,146,0.0,146.0,T18,LV_secondary_T2_T4,300.0,0.4866666666666667,0.47333333333333333,0.0,0.95826,7.7724,4.5565,3.3703,5.6675,CAUTION,caution,0.00608,1.00618,92.69,1
769,0.24,0,226,226,41.0,5.512195121951219,T22,Delta_766-772,150.0,1.5066666666666666,1.5066666666666666,0.2733333333333333,0.95405,44.5068,31.369,22.8385,38.8022,CONSTRAINED,transformer_loading,0.0334,1.00864,125.39,1
728,0.24,0,192,192,38.0,5.052631578947368,T3,Main_720-734,75.0,2.56,2.56,0.5066666666666667,0.93706,11.5824,7.8923,5.7834,9.7845,CONSTRAINED,transformer_loading,0.03546,1.00681,213.67,1
772,0.208,14,159,173,100.0,1.73,T19,Delta_766-772,300.0,0.5766666666666667,0.53,0.3333333333333333,0.93424,43.184,29.887,22.1458,37.1977,CAUTION,caution,0.01677,1.00784,92.32,1
725,0.24,0,65,65,0.0,65.0,-,Main_720-734,5000.0,0.013,0.013,0.0,0.99456,7.1872,4.2178,2.8303,5.0794,CAUTION,caution,0.04346,1.03803,92.71,0
6231,0.24,0,205,205,0.0,205.0,T2,LV_secondary_T2_T4,300.0,0.6833333333333333,0.6833333333333333,0.0,0.99456,7.2329,4.237,2.8374,5.0993,CONSTRAINED,voltage,0.177,1.17157,92.58,1
708,0.24,0,49,49,75.0,0.6533333333333333,T16,Branch_701-708,300.0,0.16333333333333333,0.16333333333333333,0.25,0.95801,6.2484,3.6185,2.8328,4.5954,SAFE,none,0.00183,1.00565,92.77,0
769,0.24,0,130,130,41.0,3.1707317073170733,T22,Delta_766-772,150.0,0.8666666666666667,0.8666666666666667,0.2733333333333333,0.95405,44.5068,31.369,22.8385,38.8022,CAUTION,caution,0.0198,1.00734,92.37,1
7641,0.24,0,116,116,0.0,116.0,T14,LV_secondary_T2_T4,150.0,0.7733333333333333,0.7733333333333333,0.0,0.9365,42.617,29.4074,21.7473,36.5751,CAUTION,caution,0.01459,1.00702,92.4,1
748,0.24,0,27,27,76.88,0.3511966701352758,T8,Main_735-750,150.0,0.18,0.18,0.5125333333333333,0.95585,27.31,18.8387,13.9267,23.4276,SAFE,none,0.00272,1.00572,92.67,0
7641,0.24,0,11,11,0.0,11.0,T14,LV_secondary_T2_T4,150.0,0.07333333333333333,0.07333333333333333,0.0,0.9365,42.617,29.4074,21.7473,36.5751,SAFE,none,0.00143,1.00553,92.74,0
6222,0.24,6,99,105,0.0,105.0,T2,LV_secondary_T2_T4,300.0,0.35,0.33,0.0,0.99456,7.1872,4.2178,2.8303,5.0794,CONSTRAINED,voltage,0.06416,1.06292,92.66,1
6331,0.24,0,85,85,0.0,85.0,T4,LV_secondary_T2_T4,150.0,0.5666666666666667,0.5666666666666667,0.0,0.91348,17.0383,11.6797,8.589,14.4978,CAUTION,caution,0.04023,1.00619,92.49,1
740,0.24,0,129,129,75.0,1.72,T5,Main_735-750,150.0,0.86,0.86,0.5,0.98202,23.0885,14.9212,11.4648,18.8171,CAUTION,caution,0.01082,1.00676,92.42,1
7641,0.24,0,52,52,0.0,52.0,T14,LV_secondary_T2_T4,150.0,0.3466666666666667,0.3466666666666667,0.0,0.9365,42.617,29.4074,21.7473,36.5751,SAFE,none,0.00666,1.00613,92.51,0
6212,0.24,0,95,95,0.0,95.0,T2,LV_secondary_T2_T4,300.0,0.31666666666666665,0.31666666666666665,0.0,0.99456,7.1414,4.1987,2.8231,5.0595,CAUTION,caution,0.03352,1.02809,92.66,1
7482,0.24,5,222,227,0.0,227.0,T8,LV_secondary_T2_T4,150.0,1.5133333333333334,1.48,0.0,0.95585,27.31,18.8387,13.9267,23.4276,CONSTRAINED,transformer_loading,0.02127,1.00808,107.09,1
715,0.208,0,230,230,0.0,230.0,-,Branch_701-708,5000.0,0.046,0.046,0.0,0.99083,0.9144,0.4676,0.2627,0.5363,SAFE,none,0.0054,1.00669,92.63,0
759,0.24,0,196,196,35.0,5.6,T12,Branch_752-765,150.0,1.3066666666666666,1.3066666666666666,0.23333333333333334,0.93737,40.2701,27.7136,20.528,34.4883,CONSTRAINED,transformer_loading,0.02329,1.00802,112.56,1
740,0.24,0,245,245,75.0,3.2666666666666666,T5,Main_735-750,150.0,1.6333333333333333,1.6333333333333333,0.5,0.98202,23.0885,14.9212,11.4648,18.8171,CONSTRAINED,transformer_loading,0.02002,1.00789,115.46,1
7693,0.24,0,77,77,0.0,77.0,T22,LV_secondary_T2_T4,150.0,0.5133333333333333,0.5133333333333333,0.0,0.95405,44.5068,31.369,22.8385,38.8022,CAUTION,caution,0.01193,1.00657,92.44,1
732,0.24,0,224,224,25.4,8.818897637795276,T4,Main_720-734,150.0,1.4933333333333334,1.4933333333333334,0.16933333333333334,0.92105,16.9926,11.6578,8.5847,14.4776,CONSTRAINED,transformer_loading,0.01611,1.00747,130.64,1
626,0.24,0,55,55,0.0,55.0,T2,LV_secondary_T2_T4,300.0,0.18333333333333332,0.18333333333333332,0.0,0.99456,7.2329,4.237,2.8374,5.0993,CONSTRAINED,voltage_rise,0.05376,1.04833,92.73,0
626,0.24,0,157,157,0.0,157.0,T2,LV_secondary_T2_T4,300.0,0.5233333333333333,0.5233333333333333,0.0,0.99456,7.2329,4.237,2.8374,5.0993,CONSTRAINED,voltage,0.14046,1.13503,92.62,1
624,0.24,5,111,116,0.0,116.0,T2,LV_secondary_T2_T4,300.0,0.38666666666666666,0.37,0.0,0.99456,7.1414,4.1987,2.8231,5.0595,CAUTION,caution,0.03877,1.03517,92.64,1
6212,0.24,13,184,197,0.0,197.0,T2,LV_secondary_T2_T4,300.0,0.6566666666666666,0.6133333333333333,0.0,0.99456,7.1414,4.1987,2.8231,5.0595,CONSTRAINED,voltage,0.06219,1.0615,92.54,1
723,0.24,0,53,53,0.0,53.0,-,Main_720-734,5000.0,0.0106,0.0106,0.0,0.99456,7.2329,4.237,2.8374,5.0993,CONSTRAINED,voltage_rise,0.0519,1.04647,92.73,0
6202,0.24,0,249,249,0.0,249.0,T2,LV_secondary_T2_T4,300.0,0.83,0.83,0.0,0.99456,7.0957,4.1795,2.816,5.0396,CAUTION,caution,0.00776,1.00697,92.43,1
769,0.24,0,36,36,41.0,0.8780487804878049,T22,Delta_766-772,150.0,0.24,0.24,0.2733333333333333,0.95405,44.5068,31.369,22.8385,38.8022,SAFE,none,0.00565,1.00594,92.59,0
6212,0.24,0,100,100,0.0,100.0,T2,LV_secondary_T2_T4,300.0,0.3333333333333333,0.3333333333333333,0.0,0.99456,7.1414,4.1987,2.8231,5.0595,CAUTION,caution,0.03522,1.02979,92.66,1
6201,0.24,0,44,44,0.0,44.0,T2,LV_secondary_T2_T4,300.0,0.14666666666666667,0.14666666666666667,0.0,0.99456,7.0957,4.1795,2.816,5.0396,SAFE,none,0.00141,1.00567,92.73,0
633,0.24,0,75,75,0.0,75.0,T4,LV_secondary_T2_T4,150.0,0.5,0.5,0.0,0.91348,17.0383,11.6797,8.589,14.4978,CAUTION,caution,0.03569,1.0061,92.53,1
6251,0.24,0,211,211,0.0,211.0,T2,LV_secondary_T2_T4,300.0,0.7033333333333334,0.7033333333333334,0.0,0.99456,7.1872,4.2178,2.8303,5.0794,CONSTRAINED,voltage,0.12899,1.12356,92.55,1
7692,0.24,9,205,214,0.0,214.0,T22,LV_secondary_T2_T4,150.0,1.4266666666666667,1.3666666666666667,0.0,0.95405,44.5068,31.369,22.8385,38.8022,CONSTRAINED,transformer_loading,0.03031,1.00848,117.53,1
7692,0.24,0,102,102,0.0,102.0,T22,LV_secondary_T2_T4,150.0,0.68,0.68,0.0,0.95405,44.5068,31.369,22.8385,38.8022,CAUTION,caution,0.01567,1.00694,92.41,1
625,0.24,0,205,205,0.0,205.0,T2,LV_secondary_T2_T4,300.0,0.6833333333333333,0.6833333333333333,0.0,0.99456,7.1872,4.2178,2.8303,5.0794,CONSTRAINED,voltage,0.12574,1.1203,92.55,1
723,0.24,0,6,6,0.0,6.0,-,Main_720-734,5000.0,0.0012,0.0012,0.0,0.99456,7.2329,4.237,2.8374,5.0993,SAFE,none,0.00617,1.00541,92.79,0
6222,0.24,0,75,75,0.0,75.0,T2,LV_secondary_T2_T4,300.0,0.25,0.25,0.0,0.99456,7.1872,4.2178,2.8303,5.0794,CAUTION,caution,0.0498,1.04437,92.7,0
624,0.24,0,60,60,0.0,60.0,T2,LV_secondary_T2_T4,300.0,0.2,0.2,0.0,0.99456,7.1414,4.1987,2.8231,5.0595,SAFE,none,0.02147,1.01604,92.71,0
6321,0.24,10,198,208,0.0,208.0,T4,LV_secondary_T2_T4,150.0,1.3866666666666667,1.32,0.0,0.92105,16.9926,11.6578,8.5847,14.4776,CONSTRAINED,transformer_loading,0.01426,1.00734,119.48,1
6331,0.24,0,130,130,0.0,130.0,T4,LV_secondary_T2_T4,150.0,0.8666666666666667,0.8666666666666667,0.0,0.91348,17.0383,11.6797,8.589,14.4978,CONSTRAINED,voltage_rise,0.06011,1.00657,92.44,1
625,0.24,3,85,88,0.0,88.0,T2,LV_secondary_T2_T4,300.0,0.29333333333333333,0.2833333333333333,0.0,0.99456,7.1872,4.2178,2.8303,5.0794,CONSTRAINED,voltage,0.05583,1.05249,92.68,1
748,0.24,0,246,246,76.88,3.199791883454735,T8,Main_735-750,150.0,1.64,1.64,0.5125333333333333,0.95585,27.31,18.8387,13.9267,23.4276,CONSTRAINED,transformer_loading,0.02349,1.00829,119.32,1
6211,0.24,0,111,111,0.0,111.0,T2,LV_secondary_T2_T4,300.0,0.37,0.37,0.0,0.99456,7.1414,4.1987,2.8231,5.0595,CAUTION,caution,0.03893,1.0335,92.64,1
7691,0.24,0,94,94,0.0,94.0,T22,LV_secondary_T2_T4,150.0,0.6266666666666667,0.6266666666666667,0.0,0.95405,44.5068,31.369,22.8385,38.8022,CAUTION,caution,0.01448,1.00682,92.42,1
728,0.24,8,20,28,38.0,0.7368421052631579,T3,Main_720-734,75.0,0.37333333333333335,0.26666666666666666,0.5066666666666667,0.93706,11.5824,7.8923,5.7834,9.7845,SAFE,none,0.00393,1.00561,92.73,0
6212,0.24,11,102,113,0.0,113.0,T2,LV_secondary_T2_T4,300.0,0.37666666666666665,0.34,0.0,0.99456,7.1414,4.1987,2.8231,5.0595,CAUTION,caution,0.03558,1.03417,92.64,1
7692,0.24,0,198,198,0.0,198.0,T22,LV_secondary_T2_T4,150.0,1.32,1.32,0.0,0.95405,44.5068,31.369,22.8385,38.8022,CONSTRAINED,transformer_loading,0.02951,1.00827,107.01,1
6221,0.24,0,102,102,0.0,102.0,T2,LV_secondary_T2_T4,300.0,0.34,0.34,0.0,0.99456,7.1872,4.2178,2.8303,5.0794,CONSTRAINED,voltage,0.06653,1.0611,92.66,1
764,0.24,0,78,78,46.0,1.6956521739130435,T14,Branch_752-765,150.0,0.52,0.52,0.30666666666666664,0.9365,42.617,29.4074,21.7473,36.5751,CAUTION,caution,0.00992,1.0065,92.45,1
708,0.24,0,101,101,75.0,1.3466666666666667,T16,Branch_701-708,300.0,0.33666666666666667,0.33666666666666667,0.25,0.95801,6.2484,3.6185,2.8328,4.5954,CAUTION,caution,0.00374,1.00594,92.73,1
7481,0.24,0,168,168,0.0,168.0,T8,LV_secondary_T2_T4,150.0,1.12,1.12,0.0,0.95585,27.31,18.8387,13.9267,23.4276,CAUTION,caution,0.01635,1.00743,92.36,1
7391,0.24,0,122,122,0.0,122.0,T6,LV_secondary_T2_T4,150.0,0.8133333333333334,0.8133333333333334,0.0,0.98477,24.6125,15.6519,11.8507,19.6321,CAUTION,caution,0.01026,1.00667,92.43,1
7391,0.24,12,181,193,0.0,193.0,T6,LV_secondary_T2_T4,150.0,1.2866666666666666,1.2066666666666668,0.0,0.98477,24.6125,15.6519,11.8507,19.6321,CONSTRAINED,transformer_loading,0.01494,1.00736,102.0,1
7481,0.24,8,37,45,0.0,45.0,T8,LV_secondary_T2_T4,150.0,0.3,0.24666666666666667,0.0,0.95585,27.31,18.8387,13.9267,23.4276,SAFE,none,0.00371,1.00595,92.57,0
7692,0.24,6,43,49,0.0,49.0,T22,LV_secondary_T2_T4,150.0,0.32666666666666666,0.2866666666666667,0.0,0.95405,44.5068,31.369,22.8385,38.8022,SAFE,none,0.00671,1.00614,92.52,0
734,0.24,0,85,85,15.85,5.3627760252365935,-,Main_720-734,5000.0,0.017,0.017,0.00317,0.90591,17.084,11.7015,8.5933,14.5179,CONSTRAINED,voltage_rise,0.07282,1.00616,92.5,1
6201,0.24,6,90,96,0.0,96.0,T2,LV_secondary_T2_T4,300.0,0.32,0.3,0.0,0.99456,7.0957,4.1795,2.816,5.0396,CAUTION,caution,0.00287,1.00601,92.65,1
722,0.24,0,105,105,0.0,105.0,-,Main_720-734,5000.0,0.021,0.021,0.0,0.99456,7.1872,4.2178,2.8303,5.0794,CONSTRAINED,voltage,0.06835,1.06292,92.66,1
6211,0.24,0,214,214,0.0,214.0,T2,LV_secondary_T2_T4,300.0,0.7133333333333334,0.7133333333333334,0.0,0.99456,7.1414,4.1987,2.8231,5.0595,CONSTRAINED,voltage,0.07228,1.06685,92.52,1
730,0.24,0,26,26,85.0,0.3058823529411765,T23,Main_720-734,300.0,0.08666666666666667,0.08666666666666667,0.2833333333333333,0.94696,11.8872,7.965,5.8252,9.8678,SAFE,none,0.0011,1.00559,92.73,0
6211,0.24,0,130,130,0.0,130.0,T2,LV_secondary_T2_T4,300.0,0.43333333333333335,0.43333333333333335,0.0,0.99456,7.1414,4.1987,2.8231,5.0595,CAUTION,caution,0.04526,1.03983,92.62,1
710,0.208,5,233,238,80.0,2.975,T17,Branch_701-708,300.0,0.7933333333333333,0.7766666666666666,0.26666666666666666,0.95736,7.0104,4.008,2.9713,4.9893,CAUTION,caution,0.00901,1.00665,92.63,1
625,0.24,0,224,224,0.0,224.0,T2,LV_secondary_T2_T4,300.0,0.7466666666666667,0.7466666666666667,0.0,0.99456,7.1872,4.2178,2.8303,5.0794,CONSTRAINED,voltage,0.13597,1.13054,92.54,1
6201,0.24,0,199,199,0.0,199.0,T2,LV_secondary_T2_T4,300.0,0.6633333333333333,0.6633333333333333,0.0,0.99456,7.0957,4.1795,2.816,5.0396,CAUTION,caution,0.00625,1.00666,92.5,1
623,0.24,0,177,177,0.0,177.0,T2,LV_secondary_T2_T4,300.0,0.59,0.59,0.0,0.99456,7.2329,4.237,2.8374,5.0993,CONSTRAINED,voltage,0.15597,1.15053,92.6,1
7483,0.24,0,241,241,0.0,241.0,T8,LV_secondary_T2_T4,150.0,1.6066666666666667,1.6066666666666667,0.0,0.95585,27.31,18.8387,13.9267,23.4276,CONSTRAINED,transformer_loading,0.02304,1.00824,116.09,1
7483,0.24,0,20,20,0.0,20.0,T8,LV_secondary_T2_T4,150.0,0.13333333333333333,0.13333333333333333,0.0,0.95585,27.31,18.8387,13.9267,23.4276,SAFE,none,0.00202,1.00563,92.7,0
716,0.48,0,144,144,15.85,9.085173501577287,T24(HV),Branch_701-708,300.0,0.48,0.48,0.05283333333333333,0.97763,0.9144,0.4676,0.2627,0.5363,CONSTRAINED,voltage,0.07471,1.05235,407.42,0
724,0.24,0,100,100,0.0,100.0,-,Main_720-734,5000.0,0.02,0.02,0.0,0.99456,7.1414,4.1987,2.8231,5.0595,CAUTION,caution,0.03522,1.02979,92.66,1
708,0.24,0,21,21,75.0,0.28,T16,Branch_701-708,300.0,0.07,0.07,0.25,0.95801,6.2484,3.6185,2.8328,4.5954,SAFE,none,0.00079,1.00549,92.79,0
720,0.24,0,29,29,66.0,0.4393939393939394,T2,Main_720-734,300.0,0.09666666666666666,0.09666666666666666,0.22,0.99456,7.0957,4.1795,2.816,5.0396,SAFE,none,0.00093,1.00556,92.76,0
714,0.208,0,249,249,240.0,1.0375,T24,Branch_701-708,30.0,8.3,8.3,8.0,0.99083,0.9144,0.4676,0.2627,0.5363,SAFE,none,0.00583,1.00679,92.61,0
769,0.24,0,17,17,41.0,0.4146341463414634,T22,Delta_766-772,150.0,0.11333333333333333,0.11333333333333333,0.2733333333333333,0.95405,44.5068,31.369,22.8385,38.8022,SAFE,none,0.00269,1.00564,92.7,0
632,0.24,9,114,123,0.0,123.0,T4,LV_secondary_T2_T4,150.0,0.82,0.76,0.0,0.92105,16.9926,11.6578,8.5847,14.4776,CAUTION,caution,0.00838,1.00658,92.44,1
622,0.24,0,95,95,0.0,95.0,T2,LV_secondary_T2_T4,300.0,0.31666666666666665,0.31666666666666665,0.0,0.99456,7.1872,4.2178,2.8303,5.0794,CONSTRAINED,voltage,0.06225,1.05681,92.67,1
622,0.24,0,85,85,0.0,85.0,T2,LV_secondary_T2_T4,300.0,0.2833333333333333,0.2833333333333333,0.0,0.99456,7.1872,4.2178,2.8303,5.0794,CONSTRAINED,voltage,0.05606,1.05063,92.68,1
6242,0.24,0,246,246,0.0,246.0,T2,LV_secondary_T2_T4,300.0,0.82,0.82,0.0,0.99456,7.1414,4.1987,2.8231,5.0595,CONSTRAINED,voltage,0.08218,1.07675,92.48,1
723,0.24,6,199,205,0.0,205.0,-,Main_720-734,5000.0,0.041,0.0398,0.0,0.99456,7.2329,4.237,2.8374,5.0993,CONSTRAINED,voltage,0.17083,1.17157,92.58,1
6201,0.24,0,168,168,0.0,168.0,T2,LV_secondary_T2_T4,300.0,0.56,0.56,0.0,0.99456,7.0957,4.1795,2.816,5.0396,CAUTION,caution,0.0053,1.00647,92.55,1
769,0.24,12,153,165,41.0,4.024390243902439,T22,Delta_766-772,150.0,1.1,1.02,0.2733333333333333,0.95405,44.5068,31.369,22.8385,38.8022,CAUTION,caution,0.02295,1.00783,92.32,1
7392,0.24,8,239,247,0.0,247.0,T6,LV_secondary_T2_T4,150.0,1.6466666666666667,1.5933333333333333,0.0,0.98477,24.6125,15.6519,11.8507,19.6321,CONSTRAINED,transformer_loading,0.0195,1.00787,137.17,1
7121,0.24,0,81,81,0.0,81.0,T18,LV_secondary_T2_T4,300.0,0.27,0.27,0.0,0.95826,7.7724,4.5565,3.3703,5.6675,CAUTION,caution,0.00352,1.00583,92.74,1
751,0.48,0,247,247,0.0,247.0,T9,other,1500.0,0.16466666666666666,0.16466666666666666,0.0,0.9685,34.4789,23.8283,17.6385,29.6463,SAFE,none,0.0175,1.00827,92.28,0
7122,0.24,12,100,112,0.0,112.0,T18,LV_secondary_T2_T4,300.0,0.37333333333333335,0.3333333333333333,0.0,0.95826,7.7724,4.5565,3.3703,5.6675,CAUTION,caution,0.00431,1.006,92.72,1
6262,0.24,0,50,50,0.0,50.0,T2,LV_secondary_T2_T4,300.0,0.16666666666666666,0.16666666666666666,0.0,0.99456,7.2329,4.237,2.8374,5.0993,CAUTION,caution,0.04911,1.04368,92.73,0
724,0.24,0,84,84,0.0,84.0,-,Main_720-734,5000.0,0.0168,0.0168,0.0,0.99456,7.1414,4.1987,2.8231,5.0595,CAUTION,caution,0.02977,1.02434,92.68,1
769,0.24,0,137,137,41.0,3.341463414634146,T22,Delta_766-772,150.0,0.9133333333333333,0.9133333333333333,0.2733333333333333,0.95405,44.5068,31.369,22.8385,38.8022,CAUTION,caution,0.02082,1.00744,92.36,1
7481,0.24,13,194,207,0.0,207.0,T8,LV_secondary_T2_T4,150.0,1.38,1.2933333333333332,0.0,0.95585,27.31,18.8387,13.9267,23.4276,CAUTION,caution,0.01864,1.00787,94.32,1
770,0.24,0,82,82,450.0,0.18222222222222223,T15,Delta_766-772,1500.0,0.05466666666666667,0.05466666666666667,0.3,0.95059,44.5068,31.369,22.8385,38.8022,SAFE,none,0.01026,1.00668,92.43,0
6242,0.24,0,163,163,0.0,163.0,T2,LV_secondary_T2_T4,300.0,0.5433333333333333,0.5433333333333333,0.0,0.99456,7.1414,4.1987,2.8231,5.0595,CONSTRAINED,voltage,0.05606,1.05063,92.58,1
739,0.24,12,193,205,41.1,4.987834549878345,T6,Main_735-750,150.0,1.3666666666666667,1.2866666666666666,0.274,0.98477,24.6125,15.6519,11.8507,19.6321,CONSTRAINED,transformer_loading,0.01588,1.00748,109.83,1
7392,0.24,0,56,56,0.0,56.0,T6,LV_secondary_T2_T4,150.0,0.37333333333333335,0.37333333333333335,0.0,0.98477,24.6125,15.6519,11.8507,19.6321,CAUTION,caution,0.00478,1.00598,92.57,1
712,0.24,0,59,59,65.0,0.9076923076923077,T18,Branch_701-708,300.0,0.19666666666666666,0.19666666666666666,0.21666666666666667,0.95826,7.7724,4.5565,3.3703,5.6675,SAFE,none,0.00257,1.00571,92.76,0
6222,0.24,0,95,95,0.0,95.0,T2,LV_secondary_T2_T4,300.0,0.31666666666666665,0.31666666666666665,0.0,0.99456,7.1872,4.2178,2.8303,5.0794,CONSTRAINED,voltage,0.06225,1.05681,92.67,1
739,0.24,0,70,70,41.1,1.70316301703163,T6,Main_735-750,150.0,0.4666666666666667,0.4666666666666667,0.274,0.98477,24.6125,15.6519,11.8507,19.6321,CAUTION,caution,0.00596,1.00613,92.51,1
633,0.24,0,123,123,0.0,123.0,T4,LV_secondary_T2_T4,150.0,0.82,0.82,0.0,0.91348,17.0383,11.6797,8.589,14.4978,CONSTRAINED,voltage_rise,0.05707,1.00651,92.45,1
6321,0.24,10,130,140,0.0,140.0,T4,LV_secondary_T2_T4,150.0,0.9333333333333333,0.8666666666666667,0.0,0.92105,16.9926,11.6578,8.5847,14.4776,CAUTION,caution,0.00951,1.00673,92.43,1
723,0.24,0,50,50,0.0,50.0,-,Main_720-734,5000.0,0.01,0.01,0.0,0.99456,7.2329,4.237,2.8374,5.0993,CAUTION,caution,0.04911,1.04368,92.73,0
728,0.24,0,182,182,38.0,4.7894736842105265,T3,Main_720-734,75.0,2.4266666666666667,2.4266666666666667,0.5066666666666667,0.93706,11.5824,7.8923,5.7834,9.7845,CONSTRAINED,transformer_loading,0.03375,1.00675,200.49,1
7391,0.24,13,144,157,0.0,157.0,T6,LV_secondary_T2_T4,150.0,1.0466666666666666,0.96,0.0,0.98477,24.6125,15.6519,11.8507,19.6321,CAUTION,caution,0.01198,1.00702,92.4,1
710,0.208,0,60,60,80.0,0.75,T17,Branch_701-708,300.0,0.2,0.2,0.26666666666666666,0.95736,7.0104,4.008,2.9713,4.9893,SAFE,none,0.0024,1.00571,92.76,0
7482,0.24,0,130,130,0.0,130.0,T8,LV_secondary_T2_T4,150.0,0.8666666666666667,0.8666666666666667,0.0,0.95585,27.31,18.8387,13.9267,23.4276,CAUTION,caution,0.01277,1.00699,92.4,1
6331,0.24,0,75,75,0.0,75.0,T4,LV_secondary_T2_T4,150.0,0.5,0.5,0.0,0.91348,17.0383,11.6797,8.589,14.4978,CAUTION,caution,0.03569,1.0061,92.53,1
6251,0.24,0,60,60,0.0,60.0,T2,LV_secondary_T2_T4,300.0,0.2,0.2,0.0,0.99456,7.1872,4.2178,2.8303,5.0794,CAUTION,caution,0.04025,1.03482,92.72,0
724,0.24,0,191,191,0.0,191.0,-,Main_720-734,5000.0,0.0382,0.0382,0.0,0.99456,7.1414,4.1987,2.8231,5.0595,CONSTRAINED,voltage,0.06503,1.0596,92.54,1
7392,0.24,0,65,65,0.0,65.0,T6,LV_secondary_T2_T4,150.0,0.43333333333333335,0.43333333333333335,0.0,0.98477,24.6125,15.6519,11.8507,19.6321,CAUTION,caution,0.00554,1.00607,92.53,1
7392,0.24,8,10,18,0.0,18.0,T6,LV_secondary_T2_T4,150.0,0.12,0.06666666666666667,0.0,0.98477,24.6125,15.6519,11.8507,19.6321,SAFE,none,0.00086,1.00557,92.73,0
748,0.24,0,73,73,76.88,0.949531737773153,T8,Main_735-750,150.0,0.4866666666666667,0.4866666666666667,0.5125333333333333,0.95585,27.31,18.8387,13.9267,23.4276,SAFE,none,0.00727,1.0063,92.47,0
7481,0.24,0,192,192,0.0,192.0,T8,LV_secondary_T2_T4,150.0,1.28,1.28,0.0,0.95585,27.31,18.8387,13.9267,23.4276,CAUTION,caution,0.01857,1.0077,92.33,1
716,0.48,0,120,120,15.85,7.570977917981073,T24(HV),Branch_701-708,300.0,0.4,0.4,0.05283333333333333,0.97763,0.9144,0.4676,0.2627,0.5363,CONSTRAINED,voltage_rise,0.06333,1.04097,335.37,0
633,0.24,10,13,23,0.0,23.0,T4,LV_secondary_T2_T4,150.0,0.15333333333333332,0.08666666666666667,0.0,0.91348,17.0383,11.6797,8.589,14.4978,SAFE,none,0.00633,1.0056,92.71,0
6221,0.24,0,75,75,0.0,75.0,T2,LV_secondary_T2_T4,300.0,0.25,0.25,0.0,0.99456,7.1872,4.2178,2.8303,5.0794,CAUTION,caution,0.0498,1.04437,92.7,0
708,0.24,0,158,158,75.0,2.1066666666666665,T16,Branch_701-708,300.0,0.5266666666666666,0.5266666666666666,0.25,0.95801,6.2484,3.6185,2.8328,4.5954,CAUTION,caution,0.00579,1.00625,92.69,1
759,0.24,15,50,65,35.0,1.8571428571428572,T12,Branch_752-765,150.0,0.43333333333333335,0.3333333333333333,0.23333333333333334,0.93737,40.2701,27.7136,20.528,34.4883,CAUTION,caution,0.00613,1.0063,92.47,1
743,0.24,0,190,190,240.0,0.7916666666666666,T7,Main_735-750,300.0,0.6333333333333333,0.6333333333333333,0.8,0.96367,21.8693,15.052,11.1097,18.708,SAFE,none,0.01305,1.00763,92.34,0
769,0.24,0,203,203,41.0,4.951219512195122,T22,Delta_766-772,150.0,1.3533333333333333,1.3533333333333333,0.2733333333333333,0.95405,44.5068,31.369,22.8385,38.8022,CONSTRAINED,transformer_loading,0.03021,1.00834,110.3,1
716,0.48,0,95,95,15.85,5.993690851735016,T24(HV),Branch_701-708,300.0,0.31666666666666665,0.31666666666666665,0.05283333333333333,0.97763,0.9144,0.4676,0.2627,0.5363,CONSTRAINED,voltage_rise,0.05107,1.02871,258.95,0
712,0.24,6,214,220,65.0,3.3846153846153846,T18,Branch_701-708,300.0,0.7333333333333333,0.7133333333333334,0.21666666666666667,0.95826,7.7724,4.5565,3.3703,5.6675,CAUTION,caution,0.00904,1.00655,92.64,1
721,0.24,0,44,44,0.0,44.0,-,Main_720-734,5000.0,0.0088,0.0088,0.0,0.99456,7.1414,4.1987,2.8231,5.0595,SAFE,none,0.01585,1.01042,92.74,0
6252,0.24,0,247,247,0.0,247.0,T2,LV_secondary_T2_T4,300.0,0.8233333333333334,0.8233333333333334,0.0,0.99456,7.1872,4.2178,2.8303,5.0794,CONSTRAINED,voltage,0.14812,1.14269,92.52,1
751,0.48,0,81,81,0.0,81.0,T9,other,1500.0,0.054,0.054,0.0,0.9685,34.4789,23.8283,17.6385,29.6463,SAFE,none,0.00587,1.00636,92.47,0
762,0.48,0,200,200,45.0,4.444444444444445,T13,Branch_752-765,150.0,1.3333333333333333,1.3333333333333333,0.3,0.93629,42.0074,28.9831,21.4317,36.0463,CONSTRAINED,transformer_loading,0.02444,1.00811,109.26,1
734,0.24,0,65,65,15.85,4.100946372239748,-,Main_720-734,5000.0,0.013,0.013,0.00317,0.90591,17.084,11.7015,8.5933,14.5179,CONSTRAINED,voltage_rise,0.05669,1.006,92.57,1
720,0.24,0,82,82,66.0,1.2424242424242424,T2,Main_720-734,300.0,0.2733333333333333,0.2733333333333333,0.22,0.99456,7.0957,4.1795,2.816,5.0396,CAUTION,caution,0.00262,1.00592,92.68,1
7483,0.24,0,44,44,0.0,44.0,T8,LV_secondary_T2_T4,150.0,0.29333333333333333,0.29333333333333333,0.0,0.95585,27.31,18.8387,13.9267,23.4276,SAFE,none,0.00442,1.00593,92.58,0
733,0.24,0,50,50,0.0,50.0,-,Main_720-734,5000.0,0.01,0.01,0.0,0.91348,17.0383,11.6797,8.589,14.4978,CAUTION,caution,0.02412,1.00587,92.62,1
7641,0.24,0,190,190,0.0,190.0,T14,LV_secondary_T2_T4,150.0,1.2666666666666666,1.2666666666666666,0.0,0.9365,42.617,29.4074,21.7473,36.5751,CONSTRAINED,transformer_loading,0.02341,1.00798,101.48,1
6221,0.24,0,65,65,0.0,65.0,T2,LV_secondary_T2_T4,300.0,0.21666666666666667,0.21666666666666667,0.0,0.99456,7.1872,4.2178,2.8303,5.0794,CAUTION,caution,0.04346,1.03803,92.71,0
7691,0.24,0,245,245,0.0,245.0,T22,LV_secondary_T2_T4,150.0,1.6333333333333333,1.6333333333333333,0.0,0.95405,44.5068,31.369,22.8385,38.8022,CONSTRAINED,transformer_loading,0.036,1.00888,137.8,1
624,0.24,0,192,192,0.0,192.0,T2,LV_secondary_T2_T4,300.0,0.64,0.64,0.0,0.99456,7.1414,4.1987,2.8231,5.0595,CONSTRAINED,voltage,0.06535,1.05992,92.54,1
6211,0.24,0,100,100,0.0,100.0,T2,LV_secondary_T2_T4,300.0,0.3333333333333333,0.3333333333333333,0.0,0.99456,7.1414,4.1987,2.8231,5.0595,CAUTION,caution,0.03522,1.02979,92.66,1
724,0.24,0,97,97,0.0,97.0,-,Main_720-734,5000.0,0.0194,0.0194,0.0,0.99456,7.1414,4.1987,2.8231,5.0595,CAUTION,caution,0.0342,1.02877,92.66,1
622,0.24,0,165,165,0.0,165.0,T2,LV_secondary_T2_T4,300.0,0.55,0.55,0.0,0.99456,7.1872,4.2178,2.8303,5.0794,CONSTRAINED,voltage,0.10353,1.0981,92.59,1
712,0.24,0,162,162,65.0,2.4923076923076923,T18,Branch_701-708,300.0,0.54,0.54,0.21666666666666667,0.95826,7.7724,4.5565,3.3703,5.6675,CAUTION,caution,0.00693,1.00626,92.68,1
6332,0.24,0,100,100,0.0,100.0,T4,LV_secondary_T2_T4,150.0,0.6666666666666666,0.6666666666666666,0.0,0.91348,17.0383,11.6797,8.589,14.4978,CAUTION,caution,0.04695,1.00632,92.47,1
6331,0.24,0,83,83,0.0,83.0,T4,LV_secondary_T2_T4,150.0,0.5533333333333333,0.5533333333333333,0.0,0.91348,17.0383,11.6797,8.589,14.4978,CAUTION,caution,0.03932,1.00617,92.5,1
6222,0.24,7,168,175,0.0,175.0,T2,LV_secondary_T2_T4,300.0,0.5833333333333334,0.56,0.0,0.99456,7.1872,4.2178,2.8303,5.0794,CONSTRAINED,voltage,0.10428,1.10374,92.58,1
715,0.208,13,190,203,0.0,203.0,-,Branch_701-708,5000.0,0.0406,0.038,0.0,0.99083,0.9144,0.4676,0.2627,0.5363,SAFE,none,0.00447,1.00655,92.65,0
6202,0.24,0,232,232,0.0,232.0,T2,LV_secondary_T2_T4,300.0,0.7733333333333333,0.7733333333333333,0.0,0.99456,7.0957,4.1795,2.816,5.0396,CAUTION,caution,0.00725,1.00686,92.45,1
6331,0.24,0,241,241,0.0,241.0,T4,LV_secondary_T2_T4,150.0,1.6066666666666667,1.6066666666666667,0.0,0.91348,17.0383,11.6797,8.589,14.4978,CONSTRAINED,voltage_rise,0.10578,1.01928,130.11,1
7483,0.24,0,176,176,0.0,176.0,T8,LV_secondary_T2_T4,150.0,1.1733333333333333,1.1733333333333333,0.0,0.95585,27.31,18.8387,13.9267,23.4276,CAUTION,caution,0.01709,1.00752,92.35,1
7692,0.24,0,169,169,0.0,169.0,T22,LV_secondary_T2_T4,150.0,1.1266666666666667,1.1266666666666667,0.0,0.95405,44.5068,31.369,22.8385,38.8022,CAUTION,caution,0.02542,1.00788,92.32,1
6261,0.24,9,79,88,0.0,88.0,T2,LV_secondary_T2_T4,300.0,0.29333333333333333,0.2633333333333333,0.0,0.99456,7.2329,4.237,2.8374,5.0993,CONSTRAINED,voltage,0.07417,1.07796,92.69,1
6322,0.24,0,40,40,0.0,40.0,T4,LV_secondary_T2_T4,150.0,0.26666666666666666,0.26666666666666666,0.0,0.92105,16.9926,11.6578,8.5847,14.4776,SAFE,none,0.00301,1.00577,92.65,0
733,0.24,3,233,236,0.0,236.0,-,Main_720-734,5000.0,0.0472,0.0466,0.0,0.91348,17.0383,11.6797,8.589,14.4978,CONSTRAINED,voltage_rise,0.10233,1.01731,127.13,1
756,0.208,0,124,124,155.0,0.8,T11,Branch_752-765,300.0,0.41333333333333333,0.41333333333333333,0.5166666666666667,0.93609,39.8129,27.5407,20.4003,34.2734,SAFE,none,0.01341,1.00717,92.39,0
632,0.24,5,31,36,0.0,36.0,T4,LV_secondary_T2_T4,150.0,0.24,0.20666666666666667,0.0,0.92105,16.9926,11.6578,8.5847,14.4776,SAFE,none,0.00233,1.00573,92.67,0
6262,0.24,14,44,58,0.0,58.0,T2,LV_secondary_T2_T4,300.0,0.19333333333333333,0.14666666666666667,0.0,0.99456,7.2329,4.237,2.8374,5.0993,CONSTRAINED,voltage,0.04225,1.05109,92.72,0
6232,0.24,0,43,43,0.0,43.0,T2,LV_secondary_T2_T4,300.0,0.14333333333333334,0.14333333333333334,0.0,0.99456,7.2329,4.237,2.8374,5.0993,CAUTION,caution,0.04253,1.0371,92.74,0
626,0.24,0,40,40,0.0,40.0,T2,LV_secondary_T2_T4,300.0,0.13333333333333333,0.13333333333333333,0.0,0.99456,7.2329,4.237,2.8374,5.0993,CAUTION,caution,0.03969,1.03425,92.74,0
734,0.24,0,185,185,15.85,11.67192429022082,-,Main_720-734,5000.0,0.037,0.037,0.00317,0.90591,17.084,11.7015,8.5933,14.5179,CONSTRAINED,voltage,0.1465,1.05243,92.41,1
770,0.24,0,61,61,450.0,0.13555555555555557,T15,Delta_766-772,1500.0,0.04066666666666666,0.04066666666666666,0.3,0.95059,44.5068,31.369,22.8385,38.8022,SAFE,none,0.00767,1.00635,92.47,0
739,0.24,0,201,201,41.1,4.890510948905109,T6,Main_735-750,150.0,1.34,1.34,0.274,0.98477,24.6125,15.6519,11.8507,19.6321,CONSTRAINED,transformer_loading,0.0166,1.00744,107.22,1
726,0.24,0,12,12,0.0,12.0,-,Main_720-734,5000.0,0.0024,0.0024,0.0,0.99456,7.2329,4.237,2.8374,5.0993,SAFE,none,0.01226,1.00683,92.78,0
