scenario_id,feeder_id,pv_bus,existing_pv_kw,new_pv_kw,total_pv_kw,base_pv_bus_voltage_pu,pv_pv_bus_voltage_pu,delta_pv_bus_voltage_pu,base_min_voltage_pu,base_max_voltage_pu,pv_min_voltage_pu,pv_max_voltage_pu,max_voltage_rise_pu,worst_voltage_bus,base_max_line_loading_pct,pv_max_line_loading_pct,base_max_transformer_loading_pct,pv_max_transformer_loading_pct,worst_line,worst_transformer,base_total_p_kw,pv_total_p_kw,delta_total_p_kw,base_total_q_kvar,pv_total_q_kvar,delta_total_q_kvar,base_losses_kw,pv_losses_kw,delta_losses_kw,reverse_power_flow,constraint_type,constraint_reason,label,base_min_voltage_bus,base_max_voltage_bus,pv_min_voltage_bus,pv_max_voltage_bus,delta_line_loading_pct,delta_transformer_loading_pct,existing_load_at_bus_kw,pv_bus_vn_kv,base_worst_line,base_worst_transformer,reverse_reason,converged
S00001,IEEE_CompTestFeeder,716,0,75,75,0.97764,1.01858,0.04094,0.90593,1.00536,0.90644,1.01858,0.01321,716,8.77,8.77,92.8,196.92,OH-1 parallel with OH-2,T24,4178.44,4101.78,-76.66,1690.21,1675.53,-14.68,442.35,440.7,-1.66,0,transformer_loading,Transformer T24 loading 196.9% exceeds 100.0%,CONSTRAINED,734,702,734,716,-0.01,104.12,15.85,0.48,OH-1 parallel with OH-2,T7,none,True
S00002,IEEE_CompTestFeeder,751,0,193,193,0.96852,0.98229,0.01377,0.90593,1.00536,0.91357,1.00767,0.0023,702,8.77,8.19,92.8,92.34,OH-1 parallel with OH-2,T1,4178.44,3933.5,-244.95,1690.21,1593.16,-97.05,442.35,390.41,-51.95,0,none,No violation,SAFE,734,702,734,702,-0.58,-0.47,0,0.48,OH-1 parallel with OH-2,T7,none,True
S00003,IEEE_CompTestFeeder,715,0,233,233,0.99084,0.99631,0.00547,0.90593,1.00536,0.90761,1.00671,0.00134,702,8.77,8.76,92.8,92.62,OH-1 parallel with OH-2,T7,4178.44,3935.63,-242.81,1690.21,1641.71,-48.5,442.35,432.55,-9.81,0,none,No violation,SAFE,734,702,734,702,-0.02,-0.18,0,0.208,OH-1 parallel with OH-2,T7,none,True
S00004,IEEE_CompTestFeeder,7692,0,113,113,0.95408,0.97138,0.0173,0.90593,1.00536,0.91126,1.0071,0.00173,702,8.77,8.4,92.8,92.39,OH-1 parallel with OH-2,T1,4178.44,4023.1,-155.34,1690.21,1614.57,-75.63,442.35,400.02,-42.34,1,caution,reverse flow,CAUTION,734,702,734,702,-0.38,-0.41,0,0.24,OH-1 parallel with OH-2,T7,trafo 7 reversed,True
S00005,IEEE_CompTestFeeder,624,0,60,60,0.99457,1.01604,0.02147,0.90593,1.00536,0.90677,1.01604,0.01067,624,8.77,14.21,92.8,92.71,SEC-1,T7,4178.44,4114.55,-63.89,1690.21,1675.47,-14.74,442.35,438.47,-3.89,0,none,No violation,SAFE,734,702,734,624,5.43,-0.09,0,0.24,OH-1 parallel with OH-2,T7,none,True
S00006,IEEE_CompTestFeeder,743,0,11,11,0.96369,0.96447,0.00078,0.90593,1.00536,0.90638,1.0055,0.00014,702,8.77,8.74,92.8,92.55,OH-1 parallel with OH-2,T1,4178.44,4164.41,-14.03,1690.21,1684.29,-5.92,442.35,439.33,-3.03,0,none,No violation,SAFE,734,702,734,702,-0.03,-0.25,240.0,0.24,OH-1 parallel with OH-2,T7,none,True
S00007,IEEE_CompTestFeeder,733,14,144,158,0.92039,0.98555,0.06516,0.91288,1.00551,0.92763,1.00679,0.00128,702,8.73,34.77,92.75,92.42,SEC-7,T1,4161.29,3998.26,-163.03,1684.12,1632.36,-51.76,439.21,420.17,-19.03,1,voltage_rise,Voltage rise at PV bus 733 0.0652 pu exceeds 0.05,CONSTRAINED,734,702,735,702,26.03,-0.33,0,0.24,OH-1 parallel with OH-2,T7,trafo 3 reversed,True
S00008,IEEE_CompTestFeeder,6321,0,155,155,0.92107,0.9324,0.01133,0.90593,1.00536,0.91745,1.00687,0.00151,702,8.77,8.34,92.8,92.41,OH-1 parallel with OH-2,T1,4178.44,3992.51,-185.93,1690.21,1628.73,-61.48,442.35,411.42,-30.93,1,caution,reverse flow,CAUTION,734,702,734,702,-0.43,-0.39,0,0.24,OH-1 parallel with OH-2,T7,trafo 3 reversed,True
S00009,IEEE_CompTestFeeder,764,3,199,202,0.93692,0.96134,0.02442,0.90607,1.00541,0.91475,1.00813,0.00272,702,8.76,8.13,92.79,109.54,OH-1 parallel with OH-2,T14,4174.33,3909.72,-264.61,1688.24,1571.29,-116.95,441.25,375.63,-65.61,1,transformer_loading,Transformer T14 loading 109.5% exceeds 100.0%,CONSTRAINED,734,702,734,702,-0.64,16.76,46.0,0.24,OH-1 parallel with OH-2,T7,line 23 0.088->-0.110 reversed,True
S00010,IEEE_CompTestFeeder,725,0,92,92,0.99457,1.05497,0.0604,0.90593,1.00536,0.90713,1.05497,0.0496,625,8.77,20.98,92.8,92.67,SEC-2,T7,4178.44,4084.2,-94.24,1690.21,1670.18,-20.03,442.35,440.12,-2.24,1,voltage,Max voltage 1.0550 pu at bus 625 exceeds 1.05,CONSTRAINED,734,702,734,625,12.2,-0.13,0,0.24,OH-1 parallel with OH-2,T7,line 30 0.066->-0.021 reversed,True
S00011,IEEE_CompTestFeeder,764,0,250,250,0.93653,0.96684,0.03031,0.90593,1.00536,0.91669,1.00872,0.00335,702,8.77,7.98,92.8,141.69,OH-1 parallel with OH-2,T14,4178.44,3848.02,-330.42,1690.21,1546.83,-143.38,442.35,361.93,-80.42,1,transformer_loading,Transformer T14 loading 141.7% exceeds 100.0%,CONSTRAINED,734,702,734,702,-0.79,48.89,46.0,0.24,OH-1 parallel with OH-2,T7,line 23 0.091->-0.157 reversed,True
S00012,IEEE_CompTestFeeder,6221,0,102,102,0.99457,1.0611,0.06653,0.90593,1.00536,0.90724,1.0611,0.05573,622,8.77,23.12,92.8,92.66,SEC-5,T7,4178.44,4074.59,-103.86,1690.21,1668.47,-21.74,442.35,440.5,-1.86,1,voltage,Max voltage 1.0611 pu at bus 622 exceeds 1.05,CONSTRAINED,734,702,734,622,14.35,-0.14,0,0.24,OH-1 parallel with OH-2,T7,line 30 0.066->-0.030 reversed,True
S00013,IEEE_CompTestFeeder,714,0,93,93,0.99084,0.99307,0.00223,0.90593,1.00536,0.90662,1.00592,0.00056,702,8.77,8.77,92.8,92.73,OH-1 parallel with OH-2,T7,4178.44,4081.21,-97.24,1690.21,1669.63,-20.58,442.35,438.12,-4.24,0,none,No violation,SAFE,734,702,734,702,-0.01,-0.07,240.0,0.208,OH-1 parallel with OH-2,T7,none,True
S00014,IEEE_CompTestFeeder,759,14,122,136,0.93915,0.95382,0.01468,0.90657,1.00557,0.91193,1.00726,0.00169,702,8.73,8.34,92.73,92.38,OH-1 parallel with OH-2,T1,4159.4,3996.61,-162.79,1681.23,1608.6,-72.62,437.31,396.52,-40.79,1,caution,reverse flow,CAUTION,734,702,734,702,-0.39,-0.35,35.0,0.24,OH-1 parallel with OH-2,T7,line 18 0.021->-0.101 reversed,True
S00015,IEEE_CompTestFeeder,7691,0,241,241,0.95408,0.98953,0.03545,0.90593,1.00536,0.91679,1.00883,0.00346,702,8.77,7.99,92.8,135.19,OH-1 parallel with OH-2,T22,4178.44,3854.03,-324.41,1690.21,1540.83,-149.38,442.35,358.95,-83.41,1,transformer_loading,Transformer T22 loading 135.2% exceeds 100.0%,CONSTRAINED,734,702,734,702,-0.78,42.39,0,0.24,OH-1 parallel with OH-2,T7,trafo 7 reversed,True
S00016,IEEE_CompTestFeeder,6242,0,80,80,0.99457,1.02297,0.0284,0.90593,1.00536,0.90704,1.02297,0.0176,624,8.77,18.81,92.8,92.68,SEC-1,T7,4178.44,4093.85,-84.59,1690.21,1671.06,-19.15,442.35,437.76,-4.59,1,caution,reverse flow,CAUTION,734,702,734,624,10.04,-0.12,0,0.24,OH-1 parallel with OH-2,T7,line 30 0.066->-0.012 reversed,True
S00017,IEEE_CompTestFeeder,6232,0,185,185,0.99457,1.15662,0.16205,0.90593,1.00536,0.90791,1.15662,0.15126,623,8.77,38.48,92.8,92.59,SEC-4,T7,4178.44,4006.35,-172.09,1690.21,1661.9,-28.31,442.35,455.26,12.91,1,voltage,Max voltage 1.1566 pu at bus 623 exceeds 1.05,CONSTRAINED,734,702,734,623,29.7,-0.21,0,0.24,OH-1 parallel with OH-2,T7,line 30 0.066->-0.093 reversed,True
S00018,IEEE_CompTestFeeder,633,0,63,63,0.91349,0.94367,0.03017,0.90593,1.00536,0.92472,1.00599,0.00063,702,8.77,12.31,92.8,92.57,SEC-7,T7,4178.44,4103.26,-75.19,1690.21,1664.43,-25.78,442.35,430.17,-12.19,1,caution,rise 0.0302>=0.03; reverse flow,CAUTION,734,702,735,702,3.53,-0.23,0,0.24,OH-1 parallel with OH-2,T7,line 38 0.016->-0.046 reversed,True
S00019,IEEE_CompTestFeeder,770,6,226,232,0.95138,0.9787,0.02732,0.90622,1.00546,0.9168,1.0089,0.00344,702,8.75,8.0,92.77,92.22,OH-1 parallel with OH-2,T1,4170.01,3862.11,-307.9,1685.84,1536.29,-149.55,439.92,358.02,-81.9,0,none,No violation,SAFE,734,702,734,702,-0.75,-0.55,450.0,0.24,OH-1 parallel with OH-2,T7,none,True
S00020,IEEE_CompTestFeeder,714,0,121,121,0.99084,0.99373,0.00289,0.90593,1.00536,0.90683,1.00609,0.00072,702,8.77,8.76,92.8,92.71,OH-1 parallel with OH-2,T7,4178.44,4052.02,-126.43,1690.21,1663.75,-26.46,442.35,436.93,-5.43,0,none,No violation,SAFE,734,702,734,702,-0.01,-0.1,240.0,0.208,OH-1 parallel with OH-2,T7,none,True
S00021,IEEE_CompTestFeeder,6232,0,95,95,0.99457,1.08404,0.08947,0.90593,1.00536,0.9071,1.08404,0.07867,623,8.77,21.08,92.8,92.68,SEC-6,T7,4178.44,4083.83,-94.61,1690.21,1671.23,-18.98,442.35,442.74,0.39,1,voltage,Max voltage 1.0840 pu at bus 623 exceeds 1.05,CONSTRAINED,734,702,734,623,12.31,-0.13,0,0.24,OH-1 parallel with OH-2,T7,line 30 0.066->-0.021 reversed,True
S00022,IEEE_CompTestFeeder,734,0,184,184,0.90593,1.05174,0.14581,0.90593,1.00536,0.92801,1.05174,0.04637,734,8.77,38.54,92.8,92.41,SEC-8,T1,4178.44,3981.21,-197.23,1690.21,1629.92,-60.29,442.35,429.13,-13.23,1,voltage,Max voltage 1.0517 pu at bus 734 exceeds 1.05,CONSTRAINED,734,702,735,734,29.77,-0.39,15.85,0.24,OH-1 parallel with OH-2,T7,line 38 0.016->-0.149 reversed,True
S00023,IEEE_CompTestFeeder,708,0,48,48,0.95802,0.95981,0.0018,0.90593,1.00536,0.90628,1.00565,0.00028,702,8.77,8.77,92.8,92.77,OH-1 parallel with OH-2,T7,4178.44,4128.25,-50.19,1690.21,1679.96,-10.25,442.35,440.16,-2.19,0,none,No violation,SAFE,734,702,734,702,-0.0,-0.04,75.0,0.24,OH-1 parallel with OH-2,T7,none,True
S00024,IEEE_CompTestFeeder,7691,5,123,128,0.95487,0.97359,0.01871,0.90617,1.00545,0.91194,1.00731,0.00187,702,8.76,8.35,92.77,92.37,OH-1 parallel with OH-2,T1,4171.44,4002.93,-168.5,1686.63,1605.31,-81.33,440.35,394.84,-45.5,1,caution,reverse flow,CAUTION,734,702,734,702,-0.41,-0.4,0,0.24,OH-1 parallel with OH-2,T7,trafo 7 reversed,True
S00025,IEEE_CompTestFeeder,6242,0,241,241,0.99457,1.07521,0.08064,0.90593,1.00536,0.9089,1.07521,0.06985,624,8.77,53.92,92.8,92.49,SEC-1,T7,4178.44,3936.49,-241.95,1690.21,1643.46,-46.75,442.35,441.41,-0.95,1,voltage,Max voltage 1.0752 pu at bus 624 exceeds 1.05,CONSTRAINED,734,702,734,624,45.14,-0.32,0,0.24,OH-1 parallel with OH-2,T7,line 30 0.066->-0.158 reversed,True
S00026,IEEE_CompTestFeeder,740,0,220,220,0.98204,1.00012,0.01808,0.90593,1.00536,0.91389,1.00766,0.0023,702,8.77,8.15,92.8,99.42,OH-1 parallel with OH-2,T5,4178.44,3910.99,-267.45,1690.21,1595.34,-94.87,442.35,394.9,-47.45,1,caution,trafo 99.4>=95.0%; reverse flow,CAUTION,734,702,734,702,-0.63,6.62,75.0,0.24,OH-1 parallel with OH-2,T7,line 25 0.117->-0.103 reversed,True
S00027,IEEE_CompTestFeeder,632,0,13,13,0.92107,0.92205,0.00098,0.90593,1.00536,0.90693,1.0055,0.00013,702,8.77,8.74,92.8,92.75,OH-1 parallel with OH-2,T7,4178.44,4162.65,-15.79,1690.21,1684.63,-5.58,442.35,439.56,-2.79,0,none,No violation,SAFE,734,702,734,702,-0.04,-0.05,0,0.24,OH-1 parallel with OH-2,T7,none,True
S00028,IEEE_CompTestFeeder,6202,0,21,21,0.99457,0.99525,0.00068,0.90593,1.00536,0.90624,1.00551,0.00014,702,8.77,8.72,92.8,92.77,OH-1 parallel with OH-2,T7,4178.44,4155.6,-22.84,1690.21,1684.68,-5.53,442.35,440.51,-1.84,0,none,No violation,SAFE,734,702,734,702,-0.05,-0.03,0,0.24,OH-1 parallel with OH-2,T7,none,True
S00029,IEEE_CompTestFeeder,739,12,229,241,0.98583,1.00452,0.01869,0.90638,1.0055,0.91452,1.00781,0.00231,702,8.74,8.1,92.75,133.27,OH-1 parallel with OH-2,T6,4163.62,3886.92,-276.7,1684.57,1589.65,-94.92,439.53,391.83,-47.7,1,transformer_loading,Transformer T6 loading 133.3% exceeds 100.0%,CONSTRAINED,734,702,734,702,-0.64,40.52,41.1,0.24,OH-1 parallel with OH-2,T7,line 25 0.104->-0.123 reversed,True
S00030,IEEE_CompTestFeeder,6202,0,132,132,0.99457,0.99876,0.00419,0.90593,1.00536,0.90783,1.00624,0.00088,702,8.77,8.59,92.8,92.6,OH-6,T7,4178.44,4035.41,-143.04,1690.21,1657.04,-33.17,442.35,431.32,-11.04,1,caution,reverse flow,CAUTION,734,702,734,702,-0.19,-0.2,0,0.24,OH-1 parallel with OH-2,T7,line 30 0.066->-0.066 reversed,True
S00031,IEEE_CompTestFeeder,6252,13,122,135,1.0036,1.08081,0.07722,0.90612,1.00545,0.9076,1.08081,0.07536,626,8.74,30.05,92.78,92.62,SEC-2,T7,4164.42,4043.59,-120.83,1686.85,1663.39,-23.47,441.34,442.51,1.17,1,voltage,Max voltage 1.0808 pu at bus 626 exceeds 1.05,CONSTRAINED,734,702,734,626,21.3,-0.16,0,0.24,OH-1 parallel with OH-2,T7,line 30 0.053->-0.059 reversed,True
S00032,IEEE_CompTestFeeder,723,0,68,68,0.99457,1.06021,0.06564,0.90593,1.00536,0.90681,1.06021,0.05484,623,8.77,15.43,92.8,92.71,SEC-6,T7,4178.44,4109.14,-69.3,1690.21,1675.5,-14.71,442.35,441.05,-1.3,0,voltage,Max voltage 1.0602 pu at bus 623 exceeds 1.05,CONSTRAINED,734,702,734,623,6.65,-0.09,0,0.24,OH-1 parallel with OH-2,T7,none,True
S00033,IEEE_CompTestFeeder,7691,0,154,154,0.95408,0.97735,0.02327,0.90593,1.00536,0.91309,1.00768,0.00231,702,8.77,8.26,92.8,92.34,OH-1 parallel with OH-2,T1,4178.44,3968.2,-210.24,1690.21,1589.65,-100.56,442.35,386.11,-56.24,1,caution,reverse flow,CAUTION,734,702,734,702,-0.51,-0.47,0,0.24,OH-1 parallel with OH-2,T7,trafo 7 reversed,True
S00034,IEEE_CompTestFeeder,6322,9,97,106,0.92175,0.92891,0.00716,0.90662,1.00546,0.9139,1.00642,0.00096,702,8.75,8.48,92.77,92.46,OH-1 parallel with OH-2,T1,4167.51,4050.75,-116.76,1686.34,1646.99,-39.34,440.42,420.66,-19.76,1,caution,reverse flow,CAUTION,734,702,734,702,-0.27,-0.31,0,0.24,OH-1 parallel with OH-2,T7,trafo 3 reversed,True
S00035,IEEE_CompTestFeeder,740,5,135,140,0.98247,0.99375,0.01128,0.90612,1.00542,0.9111,1.00687,0.00145,702,8.76,8.37,92.78,92.41,OH-1 parallel with OH-2,T1,4172.24,4007.02,-165.22,1687.8,1627.3,-60.51,441.16,410.94,-30.22,1,caution,reverse flow,CAUTION,734,702,734,702,-0.39,-0.37,75.0,0.24,OH-1 parallel with OH-2,T7,line 25 0.111->-0.024 reversed,True
S00036,IEEE_CompTestFeeder,7482,0,17,17,0.95588,0.95759,0.00172,0.90593,1.00536,0.90664,1.00559,0.00022,702,8.77,8.72,92.8,92.72,OH-1 parallel with OH-2,T7,4178.44,4156.32,-22.12,1690.21,1680.64,-9.57,442.35,437.24,-5.12,0,none,No violation,SAFE,734,702,734,702,-0.05,-0.09,0,0.24,OH-1 parallel with OH-2,T7,none,True
S00037,IEEE_CompTestFeeder,716,0,45,45,0.97764,1.00279,0.02515,0.90593,1.00536,0.90626,1.00563,0.00027,702,8.77,8.77,92.8,103.63,OH-1 parallel with OH-2,T24,4178.44,4131.67,-46.77,1690.21,1680.43,-9.78,442.35,440.59,-1.77,0,transformer_loading,Transformer T24 loading 103.6% exceeds 100.0%,CONSTRAINED,734,702,734,702,-0.0,10.83,15.85,0.48,OH-1 parallel with OH-2,T7,none,True
S00038,IEEE_CompTestFeeder,6322,0,103,103,0.92107,0.92869,0.00762,0.90593,1.00536,0.91368,1.00639,0.00102,702,8.77,8.49,92.8,92.46,OH-1 parallel with OH-2,T1,4178.44,4054.33,-124.11,1690.21,1648.15,-42.06,442.35,421.24,-21.11,1,caution,reverse flow,CAUTION,734,702,734,702,-0.29,-0.34,0,0.24,OH-1 parallel with OH-2,T7,trafo 3 reversed,True
S00039,IEEE_CompTestFeeder,6242,0,124,124,0.99457,1.03784,0.04327,0.90593,1.00536,0.90759,1.03784,0.03248,624,8.77,28.74,92.8,92.63,SEC-1,T7,4178.44,4049.27,-129.17,1690.21,1662.18,-28.03,442.35,437.18,-5.17,1,caution,max 1.0378>1.03; rise 0.0433>=0.03; reverse flow,CAUTION,734,702,734,624,19.97,-0.18,0,0.24,OH-1 parallel with OH-2,T7,line 30 0.066->-0.053 reversed,True
S00040,IEEE_CompTestFeeder,7643,0,146,146,0.93653,0.95474,0.01821,0.90593,1.00536,0.91242,1.00742,0.00205,702,8.77,8.3,92.8,92.36,OH-1 parallel with OH-2,T1,4178.44,3982.7,-195.74,1690.21,1601.58,-88.63,442.35,392.61,-49.74,1,caution,reverse flow,CAUTION,734,702,734,702,-0.47,-0.44,0,0.24,OH-1 parallel with OH-2,T7,line 23 0.091->-0.054 reversed,True
S00041,IEEE_CompTestFeeder,621,0,34,34,0.99457,1.00686,0.0123,0.90593,1.00536,0.90642,1.00686,0.0015,621,8.77,8.69,92.8,92.75,OH-1 parallel with OH-2,T7,4178.44,4141.9,-36.54,1690.21,1681.57,-8.64,442.35,439.81,-2.54,0,none,No violation,SAFE,734,702,734,621,-0.08,-0.05,0,0.24,OH-1 parallel with OH-2,T7,none,True
S00042,IEEE_CompTestFeeder,7691,15,169,184,0.95645,0.98163,0.02517,0.90666,1.00561,0.91439,1.00809,0.00248,702,8.72,8.17,92.71,97.78,OH-1 parallel with OH-2,T22,4157.46,3928.48,-228.98,1679.55,1572.21,-107.34,436.38,376.39,-59.98,1,caution,trafo 97.8>=95.0%; reverse flow,CAUTION,734,702,734,702,-0.56,5.06,0,0.24,OH-1 parallel with OH-2,T7,trafo 7 reversed,True
S00043,IEEE_CompTestFeeder,6221,0,116,116,0.99457,1.06955,0.07499,0.90593,1.00536,0.9074,1.06955,0.06419,622,8.77,26.09,92.8,92.65,SEC-5,T7,4178.44,4061.3,-117.14,1690.21,1666.21,-24.0,442.35,441.21,-1.14,1,voltage,Max voltage 1.0696 pu at bus 622 exceeds 1.05,CONSTRAINED,734,702,734,622,17.32,-0.16,0,0.24,OH-1 parallel with OH-2,T7,line 30 0.066->-0.042 reversed,True
S00044,IEEE_CompTestFeeder,725,0,249,249,0.99457,1.14373,0.14916,0.90593,1.00536,0.90863,1.14373,0.13837,625,8.77,52.37,92.8,92.51,SEC-1,T7,4178.44,3944.13,-234.31,1690.21,1651.5,-38.71,442.35,457.04,14.69,1,voltage,Max voltage 1.1437 pu at bus 625 exceeds 1.05,CONSTRAINED,734,702,734,625,43.6,-0.29,0,0.24,OH-1 parallel with OH-2,T7,line 30 0.066->-0.151 reversed,True
S00045,IEEE_CompTestFeeder,759,15,50,65,0.93927,0.9454,0.00613,0.90661,1.00559,0.90886,1.0063,0.00071,702,8.73,8.56,92.72,92.47,OH-1 parallel with OH-2,T1,4158.04,4090.67,-67.37,1680.59,1649.67,-30.93,436.95,419.58,-17.37,1,caution,reverse flow,CAUTION,734,702,734,702,-0.16,-0.25,35.0,0.24,OH-1 parallel with OH-2,T7,line 18 0.020->-0.030 reversed,True
S00046,IEEE_CompTestFeeder,7483,13,81,94,0.95719,0.96519,0.008,0.90647,1.00554,0.9098,1.00656,0.00102,702,8.73,8.49,92.74,92.45,OH-1 parallel with OH-2,T1,4161.52,4057.21,-104.31,1682.88,1639.36,-43.52,438.43,415.12,-23.31,1,caution,reverse flow,CAUTION,734,702,734,702,-0.25,-0.29,0,0.24,OH-1 parallel with OH-2,T7,trafo 5 reversed,True
S00047,IEEE_CompTestFeeder,7483,0,44,44,0.95588,0.96029,0.00442,0.90593,1.00536,0.90777,1.00593,0.00057,702,8.77,8.64,92.8,92.58,OH-1 parallel with OH-2,T7,4178.44,4121.37,-57.07,1690.21,1665.79,-24.42,442.35,429.29,-13.07,0,none,No violation,SAFE,734,702,734,702,-0.14,-0.22,0,0.24,OH-1 parallel with OH-2,T7,none,True
S00048,IEEE_CompTestFeeder,6241,11,249,260,0.99859,1.08101,0.08243,0.90609,1.00544,0.90909,1.08101,0.07557,625,8.75,57.86,92.79,92.47,SEC-1,T7,4166.52,3918.9,-247.62,1687.33,1641.03,-46.3,441.43,442.81,1.38,1,voltage,Max voltage 1.0810 pu at bus 625 exceeds 1.05,CONSTRAINED,734,702,734,625,49.11,-0.32,0,0.24,OH-1 parallel with OH-2,T7,line 30 0.055->-0.174 reversed,True
S00049,IEEE_CompTestFeeder,7643,12,87,99,0.93808,0.94904,0.01096,0.90648,1.00554,0.9104,1.00679,0.00124,702,8.74,8.45,92.74,92.42,OH-1 parallel with OH-2,T1,4162.03,4044.82,-117.22,1682.37,1628.54,-53.82,437.95,407.73,-30.22,1,caution,reverse flow,CAUTION,734,702,734,702,-0.28,-0.31,0,0.24,OH-1 parallel with OH-2,T7,line 24 0.034->-0.053 reversed,True
S00050,IEEE_CompTestFeeder,7481,0,242,242,0.95588,0.979,0.02313,0.90593,1.00536,0.91551,1.00825,0.00288,702,8.77,8.05,92.8,116.74,OH-1 parallel with OH-2,T8,4178.44,3871.27,-307.17,1690.21,1568.88,-121.32,442.35,377.18,-65.17,1,transformer_loading,Transformer T8 loading 116.7% exceeds 100.0%,CONSTRAINED,734,702,734,702,-0.73,23.94,0,0.24,OH-1 parallel with OH-2,T7,trafo 5 reversed,True
S00051,IEEE_CompTestFeeder,6232,15,83,98,1.00985,1.08662,0.07677,0.90614,1.00985,0.90714,1.08662,0.07677,623,8.74,21.7,92.78,92.67,SEC-6,T7,4162.37,4081.09,-81.28,1686.4,1670.8,-15.6,441.28,443.0,1.72,1,voltage,Max voltage 1.0866 pu at bus 623 exceeds 1.05,CONSTRAINED,734,623,734,623,12.96,-0.11,0,0.24,OH-1 parallel with OH-2,T7,line 30 0.051->-0.024 reversed,True
S00052,IEEE_CompTestFeeder,748,0,229,229,0.95588,0.97783,0.02195,0.90593,1.00536,0.91503,1.00811,0.00274,702,8.77,8.08,92.8,108.37,OH-1 parallel with OH-2,T8,4178.44,3887.37,-291.07,1690.21,1574.63,-115.58,442.35,380.29,-62.07,1,transformer_loading,Transformer T8 loading 108.4% exceeds 100.0%,CONSTRAINED,734,702,734,702,-0.69,15.57,76.88,0.24,OH-1 parallel with OH-2,T7,trafo 5 reversed,True
S00053,IEEE_CompTestFeeder,710,0,129,129,0.95737,0.96247,0.00509,0.90593,1.00536,0.90684,1.0061,0.00073,702,8.77,8.76,92.8,92.71,OH-1 parallel with OH-2,T7,4178.44,4043.9,-134.54,1690.21,1663.9,-26.31,442.35,436.81,-5.54,1,caution,reverse flow,CAUTION,734,702,734,702,-0.01,-0.1,80.0,0.208,OH-1 parallel with OH-2,T7,trafo 17 reversed,True
S00054,IEEE_CompTestFeeder,633,11,201,212,0.91892,1.00776,0.08884,0.9114,1.00548,0.92912,1.00776,0.00228,633,8.74,46.86,92.76,112.7,SEC-7,T4,4164.95,3942.3,-222.65,1685.41,1617.14,-68.27,439.86,418.21,-21.65,1,voltage_rise,Voltage rise at PV bus 633 0.0888 pu exceeds 0.05,CONSTRAINED,734,702,735,633,38.12,19.94,0,0.24,OH-1 parallel with OH-2,T7,trafo 3 reversed,True
S00055,IEEE_CompTestFeeder,721,0,126,126,0.99457,1.03851,0.04394,0.90593,1.00536,0.90762,1.03851,0.03314,621,8.77,29.19,92.8,92.62,SEC-4,T7,4178.44,4047.27,-131.17,1690.21,1661.8,-28.41,442.35,437.19,-5.17,1,caution,max 1.0385>1.03; rise 0.0439>=0.03; reverse flow,CAUTION,734,702,734,621,20.41,-0.18,0,0.24,OH-1 parallel with OH-2,T7,line 30 0.066->-0.055 reversed,True
S00056,IEEE_CompTestFeeder,7693,0,140,140,0.95408,0.97533,0.02125,0.90593,1.00536,0.91247,1.00748,0.00212,702,8.77,8.31,92.8,92.36,OH-1 parallel with OH-2,T1,4178.44,3986.87,-191.58,1690.21,1598.02,-92.19,442.35,390.78,-51.58,1,caution,reverse flow,CAUTION,734,702,734,702,-0.47,-0.45,0,0.24,OH-1 parallel with OH-2,T7,trafo 7 reversed,True
S00057,IEEE_CompTestFeeder,6322,11,198,209,0.9219,0.93615,0.01425,0.90677,1.00548,0.92126,1.00735,0.00187,702,8.74,8.2,92.76,120.18,OH-1 parallel with OH-2,T4,4165.08,3928.88,-236.2,1685.48,1609.81,-75.67,439.99,401.79,-38.2,1,transformer_loading,Transformer T4 loading 120.2% exceeds 100.0%,CONSTRAINED,734,702,734,702,-0.55,27.42,0,0.24,OH-1 parallel with OH-2,T7,trafo 3 reversed,True
S00058,IEEE_CompTestFeeder,733,9,176,185,0.91794,0.99678,0.07884,0.91041,1.00546,0.92839,1.00699,0.00153,702,8.75,40.87,92.77,96.21,SEC-7,T4,4167.39,3969.98,-197.41,1686.27,1624.51,-61.77,440.3,418.89,-21.41,1,voltage_rise,Voltage rise at PV bus 733 0.0788 pu exceeds 0.05,CONSTRAINED,734,702,735,702,32.13,3.44,0,0.24,OH-1 parallel with OH-2,T7,trafo 3 reversed,True
S00059,IEEE_CompTestFeeder,6241,0,137,137,0.99457,1.04214,0.04757,0.90593,1.00536,0.90775,1.04214,0.03678,624,8.77,31.62,92.8,92.61,SEC-1,T7,4178.44,4036.34,-142.1,1690.21,1659.76,-30.45,442.35,437.25,-5.1,1,caution,max 1.0421>1.03; rise 0.0476>=0.03; reverse flow,CAUTION,734,702,734,624,22.85,-0.19,0,0.24,OH-1 parallel with OH-2,T7,line 30 0.066->-0.065 reversed,True
S00060,IEEE_CompTestFeeder,7121,0,62,62,0.95827,0.96097,0.0027,0.90593,1.00536,0.90638,1.00572,0.00036,702,8.77,8.77,92.8,92.76,OH-1 parallel with OH-2,T7,4178.44,4113.62,-64.83,1690.21,1677.14,-13.07,442.35,439.53,-2.83,0,none,No violation,SAFE,734,702,734,702,-0.01,-0.05,0,0.24,OH-1 parallel with OH-2,T7,none,True
S00061,IEEE_CompTestFeeder,633,0,155,155,0.91349,0.98428,0.07079,0.90593,1.00536,0.92755,1.00677,0.0014,702,8.77,34.08,92.8,92.42,SEC-7,T1,4178.44,4001.44,-177.0,1690.21,1633.27,-56.94,442.35,420.36,-22.0,1,voltage_rise,Voltage rise at PV bus 633 0.0708 pu exceeds 0.05,CONSTRAINED,734,702,735,702,25.3,-0.38,0,0.24,OH-1 parallel with OH-2,T7,line 38 0.016->-0.131 reversed,True
S00062,IEEE_CompTestFeeder,7693,0,61,61,0.95408,0.96358,0.0095,0.90593,1.00536,0.90886,1.00633,0.00096,702,8.77,8.57,92.8,92.47,OH-1 parallel with OH-2,T1,4178.44,4093.83,-84.61,1690.21,1648.07,-42.14,442.35,418.74,-23.61,1,caution,reverse flow,CAUTION,734,702,734,702,-0.21,-0.33,0,0.24,OH-1 parallel with OH-2,T7,trafo 7 reversed,True
S00063,IEEE_CompTestFeeder,620,0,166,166,0.99457,0.99981,0.00524,0.90593,1.00536,0.9083,1.00646,0.00109,702,8.77,8.58,92.8,92.55,OH-6,T7,4178.44,3998.76,-179.68,1690.21,1649.11,-41.1,442.35,428.68,-13.68,1,caution,reverse flow,CAUTION,734,702,734,702,-0.19,-0.25,0,0.24,OH-1 parallel with OH-2,T7,line 30 0.066->-0.100 reversed,True
S00064,IEEE_CompTestFeeder,632,0,236,236,0.92107,0.93799,0.01692,0.90593,1.00536,0.92313,1.00758,0.00221,702,8.77,8.13,92.8,139.0,OH-1 parallel with OH-2,T4,4178.44,3897.27,-281.17,1690.21,1600.82,-89.39,442.35,397.19,-45.17,1,transformer_loading,Transformer T4 loading 139.0% exceeds 100.0%,CONSTRAINED,734,702,734,702,-0.65,46.2,0,0.24,OH-1 parallel with OH-2,T7,trafo 3 reversed,True
S00065,IEEE_CompTestFeeder,624,4,136,140,0.99603,1.04313,0.0471,0.90599,1.00539,0.90779,1.04313,0.03774,624,8.77,32.29,92.8,92.61,SEC-1,T7,4174.1,4033.37,-140.73,1689.15,1659.22,-29.94,442.01,437.28,-4.73,1,caution,max 1.0431>1.03; rise 0.0471>=0.03; reverse flow,CAUTION,734,702,734,624,23.52,-0.19,0,0.24,OH-1 parallel with OH-2,T7,line 30 0.062->-0.068 reversed,True
S00066,IEEE_CompTestFeeder,748,0,129,129,0.95588,0.96855,0.01267,0.90593,1.00536,0.9112,1.00698,0.00161,702,8.77,8.38,92.8,92.4,OH-1 parallel with OH-2,T1,4178.44,4012.71,-165.74,1690.21,1621.67,-68.54,442.35,405.62,-36.74,1,caution,reverse flow,CAUTION,734,702,734,702,-0.4,-0.4,76.88,0.24,OH-1 parallel with OH-2,T7,trafo 5 reversed,True
S00067,IEEE_CompTestFeeder,739,0,190,190,0.98479,1.00053,0.01573,0.90593,1.00536,0.91278,1.00734,0.00197,702,8.77,8.24,92.8,100.04,OH-1 parallel with OH-2,T6,4178.44,3947.57,-230.87,1690.21,1608.78,-81.43,442.35,401.48,-40.87,1,transformer_loading,Transformer T6 loading 100.0% exceeds 100.0%,CONSTRAINED,734,702,734,702,-0.54,7.24,41.1,0.24,OH-1 parallel with OH-2,T7,line 25 0.117->-0.073 reversed,True
S00068,IEEE_CompTestFeeder,7392,0,126,126,0.98479,0.99538,0.01059,0.90593,1.00536,0.91055,1.00671,0.00134,702,8.77,8.41,92.8,92.43,OH-1 parallel with OH-2,T1,4178.44,4024.45,-153.99,1690.21,1634.38,-55.83,442.35,414.36,-27.99,1,caution,reverse flow,CAUTION,734,702,734,702,-0.36,-0.37,0,0.24,OH-1 parallel with OH-2,T7,line 26 0.041->-0.085 reversed,True
S00069,IEEE_CompTestFeeder,6262,0,29,29,0.99457,1.02367,0.0291,0.90593,1.00536,0.90633,1.02367,0.01831,626,8.77,8.71,92.8,92.76,OH-1 parallel with OH-2,T7,4178.44,4147.8,-30.64,1690.21,1683.16,-7.05,442.35,440.71,-1.64,0,none,No violation,SAFE,734,702,734,626,-0.07,-0.04,0,0.24,OH-1 parallel with OH-2,T7,none,True
S00070,IEEE_CompTestFeeder,6331,0,110,110,0.91349,0.96487,0.05138,0.90593,1.00536,0.92621,1.0064,0.00104,702,8.77,23.6,92.8,92.46,SEC-7,T1,4178.44,4050.18,-128.27,1690.21,1647.65,-42.56,442.35,424.09,-18.27,1,voltage_rise,Voltage rise at PV bus 6331 0.0514 pu exceeds 0.05,CONSTRAINED,734,702,735,702,14.82,-0.34,0,0.24,OH-1 parallel with OH-2,T7,line 38 0.016->-0.090 reversed,True
S00071,IEEE_CompTestFeeder,7391,3,177,180,0.98505,0.99973,0.01468,0.90604,1.0054,0.91244,1.00724,0.00184,702,8.77,8.26,92.79,93.51,OH-1 parallel with OH-2,T6,4174.73,3959.52,-215.21,1688.79,1612.66,-76.13,441.65,403.44,-38.21,1,caution,reverse flow,CAUTION,734,702,734,702,-0.5,0.72,0,0.24,OH-1 parallel with OH-2,T7,line 25 0.113->-0.063 reversed,True
S00072,IEEE_CompTestFeeder,714,0,191,191,0.99084,0.99535,0.00452,0.90593,1.00536,0.90732,1.00648,0.00112,702,8.77,8.76,92.8,92.65,OH-1 parallel with OH-2,T7,4178.44,3979.21,-199.24,1690.21,1649.71,-40.5,442.35,434.12,-8.24,0,none,No violation,SAFE,734,702,734,702,-0.02,-0.15,240.0,0.208,OH-1 parallel with OH-2,T7,none,True
S00073,IEEE_CompTestFeeder,6221,4,68,72,0.99737,1.04248,0.04511,0.90599,1.00539,0.90689,1.04248,0.03708,622,8.77,16.61,92.8,92.7,SEC-5,T7,4174.1,4103.77,-70.33,1689.16,1673.85,-15.31,442.01,439.69,-2.33,0,caution,max 1.0425>1.03; rise 0.0451>=0.03,CAUTION,734,702,734,622,7.85,-0.1,0,0.24,OH-1 parallel with OH-2,T7,none,True
S00074,IEEE_CompTestFeeder,732,0,119,119,0.92107,0.92984,0.00877,0.90593,1.00536,0.91485,1.00654,0.00117,702,8.77,8.44,92.8,92.45,OH-1 parallel with OH-2,T1,4178.44,4035.25,-143.19,1690.21,1642.05,-48.16,442.35,418.16,-24.19,1,caution,reverse flow,CAUTION,734,702,734,702,-0.33,-0.36,25.4,0.24,OH-1 parallel with OH-2,T7,trafo 3 reversed,True
S00075,IEEE_CompTestFeeder,722,0,76,76,0.99457,1.045,0.05043,0.90593,1.00536,0.90694,1.045,0.03964,622,8.77,17.5,92.8,92.7,SEC-5,T7,4178.44,4099.82,-78.62,1690.21,1673.08,-17.13,442.35,439.74,-2.62,0,voltage_rise,Voltage rise at PV bus 722 0.0504 pu exceeds 0.05,CONSTRAINED,734,702,734,622,8.72,-0.11,0,0.24,OH-1 parallel with OH-2,T7,none,True
S00076,IEEE_CompTestFeeder,7391,0,241,241,0.98479,1.00452,0.01973,0.90593,1.00536,0.91452,1.00781,0.00245,702,8.77,8.1,92.8,133.27,OH-1 parallel with OH-2,T6,4178.44,3886.92,-291.53,1690.21,1589.65,-100.56,442.35,391.83,-50.53,1,transformer_loading,Transformer T6 loading 133.3% exceeds 100.0%,CONSTRAINED,734,702,734,702,-0.68,40.47,0,0.24,OH-1 parallel with OH-2,T7,line 25 0.117->-0.123 reversed,True
S00077,IEEE_CompTestFeeder,708,0,225,225,0.95802,0.96616,0.00814,0.90593,1.00536,0.90746,1.00658,0.00122,702,8.77,8.76,92.8,92.64,OH-1 parallel with OH-2,T7,4178.44,3944.81,-233.63,1690.21,1647.34,-42.87,442.35,433.73,-8.63,1,caution,reverse flow,CAUTION,734,702,734,702,-0.02,-0.16,75.0,0.24,OH-1 parallel with OH-2,T7,trafo 16 reversed,True
S00078,IEEE_CompTestFeeder,7693,0,171,171,0.95408,0.97978,0.0257,0.90593,1.00536,0.91383,1.00791,0.00255,702,8.77,8.21,92.8,92.31,OH-1 parallel with OH-2,T1,4178.44,3945.65,-232.8,1690.21,1579.69,-110.52,442.35,380.56,-61.8,1,caution,reverse flow,CAUTION,734,702,734,702,-0.57,-0.49,0,0.24,OH-1 parallel with OH-2,T7,trafo 7 reversed,True
S00079,IEEE_CompTestFeeder,7692,4,242,246,0.95472,0.99021,0.0355,0.90612,1.00543,0.91699,1.00889,0.00346,702,8.76,7.97,92.78,138.46,OH-1 parallel with OH-2,T22,4172.84,3847.56,-325.27,1687.35,1538.18,-149.16,440.75,357.48,-83.27,1,transformer_loading,Transformer T22 loading 138.5% exceeds 100.0%,CONSTRAINED,734,702,734,702,-0.79,45.68,0,0.24,OH-1 parallel with OH-2,T7,trafo 7 reversed,True
S00080,IEEE_CompTestFeeder,7393,0,107,107,0.98479,0.99382,0.00903,0.90593,1.00536,0.90987,1.00651,0.00115,702,8.77,8.47,92.8,92.45,OH-1 parallel with OH-2,T1,4178.44,4047.44,-131.0,1690.21,1642.33,-47.88,442.35,418.36,-24.0,1,caution,reverse flow,CAUTION,734,702,734,702,-0.31,-0.35,0,0.24,OH-1 parallel with OH-2,T7,line 26 0.041->-0.066 reversed,True
S00081,IEEE_CompTestFeeder,632,0,5,5,0.92107,0.92145,0.00038,0.90593,1.00536,0.90631,1.00542,5e-05,702,8.77,8.76,92.8,92.78,OH-1 parallel with OH-2,T7,4178.44,4172.36,-6.08,1690.21,1688.05,-2.16,442.35,441.28,-1.08,0,none,No violation,SAFE,734,702,734,702,-0.01,-0.02,0,0.24,OH-1 parallel with OH-2,T7,none,True
S00082,IEEE_CompTestFeeder,6251,0,205,205,0.99457,1.1203,0.12574,0.90593,1.00536,0.90827,1.1203,0.11494,625,8.77,44.02,92.8,92.55,SEC-1,T7,4178.44,3981.25,-197.19,1690.21,1655.14,-35.07,442.35,450.16,7.81,1,voltage,Max voltage 1.1203 pu at bus 625 exceeds 1.05,CONSTRAINED,734,702,734,625,35.24,-0.25,0,0.24,OH-1 parallel with OH-2,T7,line 30 0.066->-0.116 reversed,True
S00083,IEEE_CompTestFeeder,7122,0,183,183,0.95827,0.96606,0.00779,0.90593,1.00536,0.90719,1.00637,0.001,702,8.77,8.76,92.8,92.67,OH-1 parallel with OH-2,T7,4178.44,3988.17,-190.27,1690.21,1654.62,-35.59,442.35,435.08,-7.27,1,caution,reverse flow,CAUTION,734,702,734,702,-0.01,-0.13,0,0.24,OH-1 parallel with OH-2,T7,line 28 0.145->-0.038 reversed,True
S00084,IEEE_CompTestFeeder,7481,0,80,80,0.95588,0.96383,0.00796,0.90593,1.00536,0.90924,1.00638,0.00102,702,8.77,8.53,92.8,92.46,OH-1 parallel with OH-2,T1,4178.44,4075.1,-103.34,1690.21,1646.62,-43.59,442.35,419.01,-23.34,0,none,No violation,SAFE,734,702,734,702,-0.25,-0.34,0,0.24,OH-1 parallel with OH-2,T7,none,True
S00085,IEEE_CompTestFeeder,739,12,193,205,0.98583,1.00171,0.01588,0.90638,1.0055,0.9133,1.00748,0.00198,702,8.74,8.19,92.75,109.83,OH-1 parallel with OH-2,T6,4163.62,3929.67,-233.95,1684.57,1603.04,-81.53,439.53,398.59,-40.95,1,transformer_loading,Transformer T6 loading 109.8% exceeds 100.0%,CONSTRAINED,734,702,734,702,-0.55,17.08,41.1,0.24,OH-1 parallel with OH-2,T7,line 25 0.104->-0.088 reversed,True
S00086,IEEE_CompTestFeeder,7692,0,85,85,0.95408,0.96721,0.01313,0.90593,1.00536,0.90998,1.00669,0.00132,702,8.77,8.49,92.8,92.43,OH-1 parallel with OH-2,T1,4178.44,4061.03,-117.41,1690.21,1632.34,-57.87,442.35,409.94,-32.41,1,caution,reverse flow,CAUTION,734,702,734,702,-0.29,-0.37,0,0.24,OH-1 parallel with OH-2,T7,trafo 7 reversed,True
S00087,IEEE_CompTestFeeder,632,0,127,127,0.92107,0.93041,0.00935,0.90593,1.00536,0.91543,1.00661,0.00125,702,8.77,8.42,92.8,92.44,OH-1 parallel with OH-2,T1,4178.44,4025.73,-152.71,1690.21,1639.04,-51.17,442.35,416.64,-25.71,1,caution,reverse flow,CAUTION,734,702,734,702,-0.35,-0.36,0,0.24,OH-1 parallel with OH-2,T7,trafo 3 reversed,True
S00088,IEEE_CompTestFeeder,7483,11,45,56,0.95699,0.96148,0.00449,0.90639,1.00551,0.90826,1.00609,0.00058,702,8.74,8.6,92.75,92.52,OH-1 parallel with OH-2,T7,4164.12,4105.91,-58.21,1684.0,1659.32,-24.68,439.03,425.82,-13.21,0,none,No violation,SAFE,734,702,734,702,-0.14,-0.23,0,0.24,OH-1 parallel with OH-2,T7,none,True
S00089,IEEE_CompTestFeeder,632,4,222,226,0.92137,0.93731,0.01594,0.90623,1.00541,0.92244,1.00749,0.00209,702,8.76,8.15,92.79,132.03,OH-1 parallel with OH-2,T4,4173.58,3908.96,-264.62,1688.48,1604.11,-84.37,441.49,398.88,-42.62,1,transformer_loading,Transformer T4 loading 132.0% exceeds 100.0%,CONSTRAINED,734,702,734,702,-0.61,39.24,0,0.24,OH-1 parallel with OH-2,T7,trafo 3 reversed,True
S00090,IEEE_CompTestFeeder,730,0,22,22,0.94698,0.94791,0.00093,0.90593,1.00536,0.90649,1.00556,0.00019,702,8.77,8.72,92.8,92.74,OH-1 parallel with OH-2,T7,4178.44,4153.03,-25.41,1690.21,1682.45,-7.76,442.35,438.95,-3.41,0,none,No violation,SAFE,734,702,734,702,-0.06,-0.06,85.0,0.24,OH-1 parallel with OH-2,T7,none,True
S00091,IEEE_CompTestFeeder,748,0,246,246,0.95588,0.97936,0.02349,0.90593,1.00536,0.91566,1.00829,0.00292,702,8.77,8.04,92.8,119.32,OH-1 parallel with OH-2,T8,4178.44,3866.32,-312.12,1690.21,1567.13,-123.08,442.35,376.23,-66.12,1,transformer_loading,Transformer T8 loading 119.3% exceeds 100.0%,CONSTRAINED,734,702,734,702,-0.74,26.52,76.88,0.24,OH-1 parallel with OH-2,T7,trafo 5 reversed,True
S00092,IEEE_CompTestFeeder,751,0,15,15,0.96852,0.96961,0.0011,0.90593,1.00536,0.90654,1.00555,0.00019,702,8.77,8.73,92.8,92.73,OH-1 parallel with OH-2,T7,4178.44,4159.14,-19.3,1690.21,1682.25,-7.96,442.35,438.06,-4.3,0,none,No violation,SAFE,734,702,734,702,-0.05,-0.07,0,0.48,OH-1 parallel with OH-2,T7,none,True
S00093,IEEE_CompTestFeeder,710,0,154,154,0.95737,0.96343,0.00605,0.90593,1.00536,0.90701,1.00623,0.00086,702,8.77,8.76,92.8,92.69,OH-1 parallel with OH-2,T7,4178.44,4017.99,-160.45,1690.21,1659.31,-30.9,442.35,435.91,-6.45,1,caution,reverse flow,CAUTION,734,702,734,702,-0.01,-0.12,80.0,0.208,OH-1 parallel with OH-2,T7,trafo 17 reversed,True
S00094,IEEE_CompTestFeeder,7642,0,71,71,0.93653,0.94557,0.00905,0.90593,1.00536,0.90916,1.0064,0.00103,702,8.77,8.54,92.8,92.46,OH-1 parallel with OH-2,T1,4178.44,4082.22,-96.22,1690.21,1645.3,-44.91,442.35,417.13,-25.22,1,caution,reverse flow,CAUTION,734,702,734,702,-0.23,-0.34,0,0.24,OH-1 parallel with OH-2,T7,line 24 0.046->-0.025 reversed,True
S00095,IEEE_CompTestFeeder,734,0,85,85,0.90593,0.97874,0.07282,0.90593,1.00536,0.92536,1.00616,0.0008,702,8.77,17.21,92.8,92.5,SEC-8,T7,4178.44,4080.17,-98.27,1690.21,1657.42,-32.79,442.35,429.08,-13.27,1,voltage_rise,Voltage rise at PV bus 734 0.0728 pu exceeds 0.05,CONSTRAINED,734,702,735,702,8.44,-0.3,15.85,0.24,OH-1 parallel with OH-2,T7,line 38 0.016->-0.065 reversed,True
S00096,IEEE_CompTestFeeder,748,0,38,38,0.95588,0.9597,0.00382,0.90593,1.00536,0.90752,1.00586,0.00049,702,8.77,8.66,92.8,92.61,OH-1 parallel with OH-2,T7,4178.44,4129.12,-49.32,1690.21,1669.06,-21.15,442.35,431.03,-11.32,0,none,No violation,SAFE,734,702,734,702,-0.12,-0.19,76.88,0.24,OH-1 parallel with OH-2,T7,none,True
S00097,IEEE_CompTestFeeder,772,0,242,242,0.93426,0.95949,0.02522,0.90593,1.00536,0.91661,1.00874,0.00337,702,8.77,8.0,92.8,92.23,OH-1 parallel with OH-2,T1,4178.44,3855.68,-322.76,1690.21,1545.27,-144.94,442.35,361.6,-80.76,1,caution,reverse flow,CAUTION,734,702,734,702,-0.78,-0.57,100.0,0.208,OH-1 parallel with OH-2,T7,line 21 0.100->-0.142 reversed,True
S00098,IEEE_CompTestFeeder,708,0,164,164,0.95802,0.96402,0.006,0.90593,1.00536,0.90707,1.00628,0.00091,702,8.77,8.76,92.8,92.68,OH-1 parallel with OH-2,T7,4178.44,4007.74,-170.7,1690.21,1657.67,-32.54,442.35,435.66,-6.7,1,caution,reverse flow,CAUTION,734,702,734,702,-0.01,-0.12,75.0,0.24,OH-1 parallel with OH-2,T7,trafo 16 reversed,True
S00099,IEEE_CompTestFeeder,714,0,59,59,0.99084,0.99226,0.00142,0.90593,1.00536,0.90637,1.00572,0.00036,702,8.77,8.77,92.8,92.76,OH-1 parallel with OH-2,T7,4178.44,4116.71,-61.74,1690.21,1676.96,-13.25,442.35,439.62,-2.74,0,none,No violation,SAFE,734,702,734,702,-0.01,-0.05,240.0,0.208,OH-1 parallel with OH-2,T7,none,True
S00100,IEEE_CompTestFeeder,7483,0,243,243,0.95588,0.97909,0.02322,0.90593,1.00536,0.91555,1.00826,0.00289,702,8.77,8.04,92.8,117.38,OH-1 parallel with OH-2,T8,4178.44,3870.03,-308.41,1690.21,1568.45,-121.76,442.35,376.94,-65.41,1,transformer_loading,Transformer T8 loading 117.4% exceeds 100.0%,CONSTRAINED,734,702,734,702,-0.73,24.58,0,0.24,OH-1 parallel with OH-2,T7,trafo 5 reversed,True
S00101,IEEE_CompTestFeeder,6222,6,99,105,0.99876,1.06292,0.06416,0.90601,1.00541,0.90728,1.06292,0.05752,622,8.76,23.76,92.79,92.66,SEC-5,T7,4171.94,4071.72,-100.22,1688.64,1667.97,-20.67,441.85,440.63,-1.22,1,voltage,Max voltage 1.0629 pu at bus 622 exceeds 1.05,CONSTRAINED,734,702,734,622,15.0,-0.13,0,0.24,OH-1 parallel with OH-2,T7,line 30 0.060->-0.032 reversed,True
S00102,IEEE_CompTestFeeder,769,0,218,218,0.95408,0.98637,0.03229,0.90593,1.00536,0.91583,1.00853,0.00317,702,8.77,8.06,92.8,120.15,OH-1 parallel with OH-2,T22,4178.44,3883.92,-294.52,1690.21,1553.22,-136.99,442.35,365.83,-76.52,1,transformer_loading,Transformer T22 loading 120.1% exceeds 100.0%,CONSTRAINED,734,702,734,702,-0.71,27.35,41.0,0.24,OH-1 parallel with OH-2,T7,trafo 7 reversed,True
S00103,IEEE_CompTestFeeder,7692,12,211,223,0.95598,0.98707,0.03108,0.90652,1.00556,0.91604,1.0086,0.00304,702,8.73,8.05,92.73,123.43,OH-1 parallel with OH-2,T22,4161.65,3877.4,-284.25,1681.67,1550.5,-131.17,437.56,364.32,-73.25,1,transformer_loading,Transformer T22 loading 123.4% exceeds 100.0%,CONSTRAINED,734,702,734,702,-0.69,30.69,0,0.24,OH-1 parallel with OH-2,T7,trafo 7 reversed,True
S00104,IEEE_CompTestFeeder,7643,0,214,214,0.93653,0.96272,0.0262,0.90593,1.00536,0.91524,1.00828,0.00292,702,8.77,8.09,92.8,117.6,OH-1 parallel with OH-2,T14,4178.44,3894.22,-284.22,1690.21,1565.04,-125.17,442.35,372.14,-70.22,1,transformer_loading,Transformer T14 loading 117.6% exceeds 100.0%,CONSTRAINED,734,702,734,702,-0.68,24.79,0,0.24,OH-1 parallel with OH-2,T7,line 23 0.091->-0.122 reversed,True
S00105,IEEE_CompTestFeeder,7693,0,174,174,0.95408,0.98021,0.02613,0.90593,1.00536,0.91396,1.00795,0.00259,702,8.77,8.2,92.8,92.31,OH-1 parallel with OH-2,T1,4178.44,3941.68,-236.76,1690.21,1577.95,-112.26,442.35,379.59,-62.76,1,caution,reverse flow,CAUTION,734,702,734,702,-0.58,-0.49,0,0.24,OH-1 parallel with OH-2,T7,trafo 7 reversed,True
S00106,IEEE_CompTestFeeder,715,5,72,77,0.99096,0.99269,0.00173,0.90596,1.0054,0.90651,1.00583,0.00043,702,8.77,8.77,92.8,92.74,OH-1 parallel with OH-2,T7,4173.2,4097.9,-75.3,1689.06,1673.05,-16.01,442.12,438.82,-3.3,0,none,No violation,SAFE,734,702,734,702,-0.01,-0.06,0,0.208,OH-1 parallel with OH-2,T7,none,True
S00107,IEEE_CompTestFeeder,716,14,146,160,0.98567,1.05974,0.07407,0.90604,1.00545,0.90681,1.05974,0.05428,716,8.77,8.76,92.79,454.74,OH-1 parallel with OH-2,T24,4163.63,4021.91,-141.72,1686.83,1667.7,-19.13,441.54,445.82,4.28,0,voltage,Max voltage 1.0597 pu at bus 716 exceeds 1.05,CONSTRAINED,734,702,734,716,-0.01,361.95,15.85,0.48,OH-1 parallel with OH-2,T7,none,True
S00108,IEEE_CompTestFeeder,724,0,159,159,0.99457,1.04934,0.05477,0.90593,1.00536,0.90801,1.04934,0.04397,624,8.77,36.45,92.8,92.58,SEC-1,T7,4178.44,4014.69,-163.75,1690.21,1655.87,-34.34,442.35,437.61,-4.75,1,voltage_rise,Voltage rise at PV bus 724 0.0548 pu exceeds 0.05,CONSTRAINED,734,702,734,624,27.68,-0.22,0,0.24,OH-1 parallel with OH-2,T7,line 30 0.066->-0.085 reversed,True
S00109,IEEE_CompTestFeeder,734,6,180,186,0.91148,1.05311,0.14164,0.91148,1.00543,0.92806,1.05311,0.04768,734,8.76,38.95,92.78,92.41,SEC-8,T1,4170.97,3979.34,-191.63,1687.53,1629.45,-58.07,440.88,429.26,-11.63,1,voltage,Max voltage 1.0531 pu at bus 734 exceeds 1.05,CONSTRAINED,734,702,735,734,30.19,-0.37,15.85,0.24,OH-1 parallel with OH-2,T7,line 38 0.010->-0.150 reversed,True
S00110,IEEE_CompTestFeeder,759,0,69,69,0.9374,0.94589,0.00849,0.90593,1.00536,0.90904,1.00636,0.00099,702,8.77,8.55,92.8,92.47,OH-1 parallel with OH-2,T1,4178.44,4085.32,-93.12,1690.21,1647.27,-42.94,442.35,418.23,-24.12,1,caution,reverse flow,CAUTION,734,702,734,702,-0.23,-0.34,35.0,0.24,OH-1 parallel with OH-2,T7,line 18 0.035->-0.034 reversed,True
S00111,IEEE_CompTestFeeder,626,0,113,113,0.99457,1.09934,0.10477,0.90593,1.00536,0.90729,1.09934,0.09397,626,8.77,24.73,92.8,92.66,SEC-2,T7,4178.44,4067.54,-110.9,1690.21,1668.8,-21.41,442.35,444.45,2.1,1,voltage,Max voltage 1.0993 pu at bus 626 exceeds 1.05,CONSTRAINED,734,702,734,626,15.95,-0.15,0,0.24,OH-1 parallel with OH-2,T7,line 30 0.066->-0.036 reversed,True
S00112,IEEE_CompTestFeeder,764,0,90,90,0.93653,0.94793,0.0114,0.90593,1.00536,0.91,1.00666,0.0013,702,8.77,8.48,92.8,92.44,OH-1 parallel with OH-2,T1,4178.44,4056.81,-121.64,1690.21,1633.87,-56.34,442.35,410.72,-31.64,1,caution,reverse flow,CAUTION,734,702,734,702,-0.29,-0.37,46.0,0.24,OH-1 parallel with OH-2,T7,line 24 0.046->-0.044 reversed,True
S00113,IEEE_CompTestFeeder,721,0,72,72,0.99457,1.02021,0.02564,0.90593,1.00536,0.90693,1.02021,0.01484,621,8.77,16.98,92.8,92.7,SEC-4,T7,4178.44,4102.1,-76.34,1690.21,1672.79,-17.42,442.35,438.01,-4.34,0,none,No violation,SAFE,734,702,734,621,8.2,-0.11,0,0.24,OH-1 parallel with OH-2,T7,none,True
S00114,IEEE_CompTestFeeder,725,11,185,196,1.00222,1.11539,0.11317,0.90609,1.00544,0.90819,1.11539,0.10995,625,8.75,42.27,92.79,92.56,SEC-1,T7,4166.56,3989.03,-177.53,1687.36,1656.03,-31.33,441.48,448.94,7.47,1,voltage,Max voltage 1.1154 pu at bus 625 exceeds 1.05,CONSTRAINED,734,702,734,625,33.52,-0.22,0,0.24,OH-1 parallel with OH-2,T7,line 30 0.055->-0.109 reversed,True
S00115,IEEE_CompTestFeeder,6322,0,33,33,0.92107,0.92355,0.00248,0.90593,1.00536,0.90845,1.0057,0.00034,702,8.77,8.68,92.8,92.68,OH-1 parallel with OH-2,T7,4178.44,4138.43,-40.01,1690.21,1676.2,-14.01,442.35,435.34,-7.01,0,none,No violation,SAFE,734,702,734,702,-0.09,-0.13,0,0.24,OH-1 parallel with OH-2,T7,none,True
S00116,IEEE_CompTestFeeder,708,14,236,250,0.95854,0.96702,0.00847,0.90603,1.00545,0.90761,1.0067,0.00126,702,8.77,8.76,92.79,92.62,OH-1 parallel with OH-2,T7,4163.78,3919.11,-244.67,1687.16,1643.37,-43.79,441.7,433.02,-8.67,1,caution,reverse flow,CAUTION,734,702,734,702,-0.02,-0.17,75.0,0.24,OH-1 parallel with OH-2,T7,line 3 0.207->-0.029 reversed,True
S00117,IEEE_CompTestFeeder,724,0,218,218,0.99457,1.0681,0.07353,0.90593,1.00536,0.90866,1.0681,0.06273,624,8.77,49.1,92.8,92.51,SEC-1,T7,4178.44,3958.05,-220.39,1690.21,1646.62,-43.58,442.35,439.97,-2.39,1,voltage,Max voltage 1.0681 pu at bus 624 exceeds 1.05,CONSTRAINED,734,702,734,624,40.32,-0.29,0,0.24,OH-1 parallel with OH-2,T7,line 30 0.066->-0.138 reversed,True
S00118,IEEE_CompTestFeeder,6241,0,42,42,0.99457,1.00971,0.01514,0.90593,1.00536,0.90653,1.00971,0.00434,624,8.77,10.01,92.8,92.74,SEC-1,T7,4178.44,4133.43,-45.01,1690.21,1679.65,-10.56,442.35,439.34,-3.01,0,none,No violation,SAFE,734,702,734,624,1.23,-0.06,0,0.24,OH-1 parallel with OH-2,T7,none,True
S00119,IEEE_CompTestFeeder,6331,0,83,83,0.91349,0.95282,0.03932,0.90593,1.00536,0.92537,1.00617,0.00081,702,8.77,17.14,92.8,92.5,SEC-7,T7,4178.44,4080.38,-98.06,1690.21,1657.05,-33.16,442.35,427.29,-15.06,1,caution,rise 0.0393>=0.03; reverse flow,CAUTION,734,702,735,702,8.37,-0.3,0,0.24,OH-1 parallel with OH-2,T7,line 38 0.016->-0.065 reversed,True
S00120,IEEE_CompTestFeeder,6232,15,225,240,1.00985,1.19686,0.18701,0.90614,1.00985,0.90829,1.19686,0.18701,623,8.74,48.24,92.78,92.55,SEC-4,T7,4162.37,3963.21,-199.16,1686.4,1659.19,-27.21,441.28,467.12,25.84,1,voltage,Max voltage 1.1969 pu at bus 623 exceeds 1.05,CONSTRAINED,734,623,734,623,39.5,-0.23,0,0.24,OH-1 parallel with OH-2,T7,line 30 0.051->-0.134 reversed,True
S00121,IEEE_CompTestFeeder,625,6,179,185,0.99876,1.10932,0.11056,0.90601,1.00541,0.90809,1.10932,0.10391,625,8.76,40.12,92.79,92.57,SEC-1,T7,4171.94,3998.63,-173.31,1688.64,1657.17,-31.46,441.85,447.54,5.69,1,voltage,Max voltage 1.1093 pu at bus 625 exceeds 1.05,CONSTRAINED,734,702,734,625,31.36,-0.22,0,0.24,OH-1 parallel with OH-2,T7,line 30 0.060->-0.100 reversed,True
S00122,IEEE_CompTestFeeder,751,0,95,95,0.96852,0.97539,0.00687,0.90593,1.00536,0.90975,1.00652,0.00116,702,8.77,8.49,92.8,92.45,OH-1 parallel with OH-2,T1,4178.44,4056.98,-121.46,1690.21,1641.02,-49.19,442.35,415.89,-26.46,0,none,No violation,SAFE,734,702,734,702,-0.29,-0.35,0,0.48,OH-1 parallel with OH-2,T7,none,True
S00123,IEEE_CompTestFeeder,6262,14,44,58,1.00885,1.05109,0.04225,0.90613,1.00885,0.90669,1.05109,0.04225,626,8.74,13.27,92.78,92.72,SEC-3,T7,4163.43,4118.8,-44.63,1686.65,1677.28,-9.36,441.34,440.71,-0.63,0,voltage,Max voltage 1.0511 pu at bus 626 exceeds 1.05,CONSTRAINED,734,626,734,626,4.53,-0.06,0,0.24,OH-1 parallel with OH-2,T7,none,True
S00124,IEEE_CompTestFeeder,748,15,212,227,0.95739,0.97765,0.02026,0.90656,1.00556,0.91495,1.00808,0.00252,702,8.73,8.09,92.73,107.09,OH-1 parallel with OH-2,T8,4158.92,3889.85,-269.07,1681.76,1575.52,-106.24,437.83,380.77,-57.07,1,transformer_loading,Transformer T8 loading 107.1% exceeds 100.0%,CONSTRAINED,734,702,734,702,-0.64,14.36,76.88,0.24,OH-1 parallel with OH-2,T7,trafo 5 reversed,True
S00125,IEEE_CompTestFeeder,728,3,50,53,0.93767,0.94742,0.00975,0.90601,1.00539,0.90729,1.00582,0.00043,702,8.77,8.63,92.79,92.66,OH-1 parallel with OH-2,T7,4174.94,4117.2,-57.74,1689.1,1671.8,-17.31,441.85,434.11,-7.74,1,caution,reverse flow,CAUTION,734,702,734,702,-0.13,-0.14,38.0,0.24,OH-1 parallel with OH-2,T7,trafo 2 reversed,True
S00126,IEEE_CompTestFeeder,6212,9,210,219,0.99786,1.06841,0.07055,0.90606,1.00543,0.90867,1.06841,0.06298,621,8.75,49.31,92.79,92.51,SEC-4,T7,4168.68,3957.11,-211.57,1687.85,1646.48,-41.36,441.59,440.02,-1.57,1,voltage,Max voltage 1.0684 pu at bus 621 exceeds 1.05,CONSTRAINED,734,702,734,621,40.56,-0.28,0,0.24,OH-1 parallel with OH-2,T7,line 30 0.057->-0.139 reversed,True
S00127,IEEE_CompTestFeeder,751,0,206,206,0.96852,0.98319,0.01467,0.90593,1.00536,0.91407,1.00781,0.00245,702,8.77,8.16,92.8,92.32,OH-1 parallel with OH-2,T1,4178.44,3917.25,-261.19,1690.21,1587.03,-103.18,442.35,387.16,-55.19,0,none,No violation,SAFE,734,702,734,702,-0.62,-0.48,0,0.48,OH-1 parallel with OH-2,T7,none,True
S00128,IEEE_CompTestFeeder,715,0,14,14,0.99084,0.99118,0.00034,0.90593,1.00536,0.90603,1.00545,9e-05,702,8.77,8.77,92.8,92.79,OH-1 parallel with OH-2,T7,4178.44,4163.78,-14.67,1690.21,1687.01,-3.2,442.35,441.69,-0.67,0,none,No violation,SAFE,734,702,734,702,-0.0,-0.01,0,0.208,OH-1 parallel with OH-2,T7,none,True
S00129,IEEE_CompTestFeeder,7392,0,214,214,0.98479,1.00242,0.01763,0.90593,1.00536,0.9136,1.00756,0.0022,702,8.77,8.17,92.8,115.7,OH-1 parallel with OH-2,T6,4178.44,3918.96,-259.48,1690.21,1599.64,-90.57,442.35,396.87,-45.48,1,transformer_loading,Transformer T6 loading 115.7% exceeds 100.0%,CONSTRAINED,734,702,734,702,-0.61,22.89,0,0.24,OH-1 parallel with OH-2,T7,line 25 0.117->-0.096 reversed,True
S00130,IEEE_CompTestFeeder,7122,0,215,215,0.95827,0.96737,0.0091,0.90593,1.00536,0.90739,1.00653,0.00116,702,8.77,8.76,92.8,92.65,OH-1 parallel with OH-2,T7,4178.44,3955.23,-223.22,1690.21,1649.32,-40.89,442.35,434.14,-8.22,1,caution,reverse flow,CAUTION,734,702,734,702,-0.02,-0.16,0,0.24,OH-1 parallel with OH-2,T7,line 28 0.145->-0.069 reversed,True
S00131,IEEE_CompTestFeeder,743,0,173,173,0.96369,0.97561,0.01192,0.90593,1.00536,0.91277,1.00744,0.00207,702,8.77,8.26,92.8,92.36,OH-1 parallel with OH-2,T1,4178.44,3960.48,-217.96,1690.21,1602.56,-87.65,442.35,397.4,-44.96,0,none,No violation,SAFE,734,702,734,702,-0.52,-0.44,240.0,0.24,OH-1 parallel with OH-2,T7,none,True
S00132,IEEE_CompTestFeeder,732,0,76,76,0.92107,0.92673,0.00566,0.90593,1.00536,0.91168,1.00613,0.00076,702,8.77,8.56,92.8,92.52,OH-1 parallel with OH-2,T7,4178.44,4086.65,-91.79,1690.21,1658.7,-31.51,442.35,426.56,-15.79,1,caution,reverse flow,CAUTION,734,702,734,702,-0.21,-0.29,25.4,0.24,OH-1 parallel with OH-2,T7,trafo 3 reversed,True
S00133,IEEE_CompTestFeeder,633,7,94,101,0.91695,0.96089,0.04394,0.90942,1.00544,0.92594,1.00633,0.00089,702,8.75,21.46,92.78,92.47,SEC-7,T1,4169.83,4060.16,-109.68,1687.14,1650.72,-36.42,440.75,425.07,-15.68,1,caution,rise 0.0439>=0.03; reverse flow,CAUTION,734,702,735,702,12.7,-0.31,0,0.24,OH-1 parallel with OH-2,T7,trafo 3 reversed,True
S00134,IEEE_CompTestFeeder,7641,0,220,220,0.93653,0.96341,0.02689,0.90593,1.00536,0.91548,1.00836,0.00299,702,8.77,8.07,92.8,121.62,OH-1 parallel with OH-2,T14,4178.44,3886.49,-291.95,1690.21,1561.96,-128.25,442.35,370.41,-71.95,1,transformer_loading,Transformer T14 loading 121.6% exceeds 100.0%,CONSTRAINED,734,702,734,702,-0.7,28.81,0,0.24,OH-1 parallel with OH-2,T7,line 23 0.091->-0.128 reversed,True
S00135,IEEE_CompTestFeeder,7691,0,12,12,0.95408,0.95598,0.0019,0.90593,1.00536,0.90652,1.00556,0.00019,702,8.77,8.73,92.8,92.73,OH-1 parallel with OH-2,T7,4178.44,4161.65,-16.79,1690.21,1681.67,-8.54,442.35,437.56,-4.79,0,none,No violation,SAFE,734,702,734,702,-0.04,-0.07,0,0.24,OH-1 parallel with OH-2,T7,none,True
S00136,IEEE_CompTestFeeder,716,7,50,57,0.98168,1.00919,0.02752,0.90598,1.00541,0.90634,1.00919,0.00378,716,8.77,8.77,92.8,140.74,OH-1 parallel with OH-2,T24,4171.0,4119.6,-51.4,1688.48,1678.32,-10.16,441.92,440.51,-1.4,0,transformer_loading,Transformer T24 loading 140.7% exceeds 100.0%,CONSTRAINED,734,702,734,716,-0.0,47.94,15.85,0.48,OH-1 parallel with OH-2,T7,none,True
S00137,IEEE_CompTestFeeder,759,0,157,157,0.9374,0.95625,0.01885,0.90593,1.00536,0.91281,1.00753,0.00217,702,8.77,8.27,92.8,92.35,OH-1 parallel with OH-2,T1,4178.44,3969.13,-209.31,1690.21,1597.07,-93.14,442.35,390.05,-52.31,1,caution,reverse flow,CAUTION,734,702,734,702,-0.5,-0.45,35.0,0.24,OH-1 parallel with OH-2,T7,line 18 0.035->-0.121 reversed,True
S00138,IEEE_CompTestFeeder,6331,0,206,206,0.91349,1.00534,0.09185,0.90593,1.00536,0.92896,1.00714,0.00177,702,8.77,45.54,92.8,109.06,SEC-7,T4,4178.44,3948.4,-230.04,1690.21,1618.74,-71.47,442.35,418.31,-24.04,1,voltage_rise,Voltage rise at PV bus 6331 0.0918 pu exceeds 0.05,CONSTRAINED,734,702,735,702,36.77,16.26,0,0.24,OH-1 parallel with OH-2,T7,line 38 0.016->-0.176 reversed,True
S00139,IEEE_CompTestFeeder,6202,0,135,135,0.99457,0.99885,0.00428,0.90593,1.00536,0.90787,1.00626,0.0009,702,8.77,8.59,92.8,92.6,OH-6,T7,4178.44,4032.17,-146.27,1690.21,1656.33,-33.88,442.35,431.08,-11.27,1,caution,reverse flow,CAUTION,734,702,734,702,-0.19,-0.21,0,0.24,OH-1 parallel with OH-2,T7,line 30 0.066->-0.069 reversed,True
S00140,IEEE_CompTestFeeder,716,0,152,152,0.97764,1.05606,0.07843,0.90593,1.00536,0.90678,1.05606,0.0507,716,8.77,8.77,92.8,431.15,OH-1 parallel with OH-2,T24,4178.44,4029.15,-149.29,1690.21,1668.09,-22.12,442.35,445.06,2.71,0,voltage,Max voltage 1.0561 pu at bus 716 exceeds 1.05,CONSTRAINED,734,702,734,716,-0.01,338.34,15.85,0.48,OH-1 parallel with OH-2,T7,none,True
S00141,IEEE_CompTestFeeder,732,0,186,186,0.92107,0.93457,0.0135,0.90593,1.00536,0.91965,1.00715,0.00178,702,8.77,8.26,92.8,104.13,OH-1 parallel with OH-2,T4,4178.44,3955.91,-222.53,1690.21,1617.72,-72.49,442.35,405.82,-36.53,1,transformer_loading,Transformer T4 loading 104.1% exceeds 100.0%,CONSTRAINED,734,702,734,702,-0.52,11.33,25.4,0.24,OH-1 parallel with OH-2,T7,trafo 3 reversed,True
S00142,IEEE_CompTestFeeder,6331,0,241,241,0.91349,1.01928,0.10578,0.90593,1.00536,0.92988,1.01928,0.01391,633,8.77,53.17,92.8,130.11,SEC-7,T4,4178.44,3913.21,-265.23,1690.21,1609.75,-80.46,442.35,418.13,-24.23,1,voltage_rise,Voltage rise at PV bus 6331 0.1058 pu exceeds 0.05,CONSTRAINED,734,702,735,633,44.39,37.3,0,0.24,OH-1 parallel with OH-2,T7,line 38 0.016->-0.206 reversed,True
S00143,IEEE_CompTestFeeder,7691,0,245,245,0.95408,0.99008,0.036,0.90593,1.00536,0.91695,1.00888,0.00351,702,8.77,7.98,92.8,137.8,OH-1 parallel with OH-2,T22,4178.44,3848.86,-329.59,1690.21,1538.71,-151.5,442.35,357.77,-84.59,1,transformer_loading,Transformer T22 loading 137.8% exceeds 100.0%,CONSTRAINED,734,702,734,702,-0.8,45.0,0,0.24,OH-1 parallel with OH-2,T7,trafo 7 reversed,True
S00144,IEEE_CompTestFeeder,733,0,22,22,0.91349,0.92428,0.01079,0.90593,1.00536,0.9168,1.00559,0.00023,702,8.77,8.71,92.8,92.72,OH-1 parallel with OH-2,T7,4178.44,4151.61,-26.83,1690.21,1680.74,-9.47,442.35,437.53,-4.83,0,none,No violation,SAFE,734,702,734,702,-0.06,-0.08,0,0.24,OH-1 parallel with OH-2,T7,none,True
S00145,IEEE_CompTestFeeder,6212,0,174,174,0.99457,1.05418,0.05961,0.90593,1.00536,0.90818,1.05418,0.04881,621,8.77,39.71,92.8,92.56,SEC-4,T7,4178.44,4000.1,-178.34,1690.21,1653.36,-36.85,442.35,438.02,-4.34,1,voltage,Max voltage 1.0542 pu at bus 621 exceeds 1.05,CONSTRAINED,734,702,734,621,30.93,-0.24,0,0.24,OH-1 parallel with OH-2,T7,line 30 0.066->-0.099 reversed,True
S00146,IEEE_CompTestFeeder,720,7,134,141,0.9948,0.99903,0.00424,0.90603,1.00541,0.90796,1.0063,0.00089,702,8.76,8.58,92.79,92.59,OH-6,T7,4170.83,4025.7,-145.13,1688.36,1654.92,-33.44,441.74,430.61,-11.13,1,caution,reverse flow,CAUTION,734,702,734,702,-0.17,-0.21,66.0,0.24,OH-1 parallel with OH-2,T7,line 30 0.059->-0.075 reversed,True
S00147,IEEE_CompTestFeeder,6201,0,88,88,0.99457,0.99738,0.00281,0.90593,1.00536,0.90721,1.00596,0.00059,702,8.77,8.59,92.8,92.67,OH-6,T7,4178.44,4082.95,-95.5,1690.21,1667.68,-22.53,442.35,434.86,-7.5,1,caution,reverse flow,CAUTION,734,702,734,702,-0.18,-0.14,0,0.24,OH-1 parallel with OH-2,T7,line 30 0.066->-0.022 reversed,True
S00148,IEEE_CompTestFeeder,6261,0,146,146,0.99457,1.12632,0.13175,0.90593,1.00536,0.90759,1.12632,0.12096,626,8.77,31.18,92.8,92.63,SEC-1,T7,4178.44,4038.76,-139.69,1690.21,1665.11,-25.1,442.35,448.67,6.31,1,voltage,Max voltage 1.1263 pu at bus 626 exceeds 1.05,CONSTRAINED,734,702,734,626,22.41,-0.18,0,0.24,OH-1 parallel with OH-2,T7,line 30 0.066->-0.063 reversed,True
S00149,IEEE_CompTestFeeder,721,0,175,175,0.99457,1.0545,0.05993,0.90593,1.00536,0.90819,1.0545,0.04913,621,8.77,39.92,92.8,92.56,SEC-4,T7,4178.44,3999.14,-179.31,1690.21,1653.2,-37.01,442.35,438.05,-4.31,1,voltage,Max voltage 1.0545 pu at bus 621 exceeds 1.05,CONSTRAINED,734,702,734,621,31.15,-0.24,0,0.24,OH-1 parallel with OH-2,T7,line 30 0.066->-0.100 reversed,True
S00150,IEEE_CompTestFeeder,6242,0,236,236,0.99457,1.07368,0.07911,0.90593,1.00536,0.90885,1.07368,0.06831,624,8.77,52.88,92.8,92.49,SEC-1,T7,4178.44,3941.16,-237.28,1690.21,1644.13,-46.08,442.35,441.07,-1.28,1,voltage,Max voltage 1.0737 pu at bus 624 exceeds 1.05,CONSTRAINED,734,702,734,624,44.1,-0.31,0,0.24,OH-1 parallel with OH-2,T7,line 30 0.066->-0.153 reversed,True
S00151,IEEE_CompTestFeeder,728,0,82,82,0.93707,0.95289,0.01582,0.90593,1.00536,0.90799,1.00605,0.00069,702,8.77,8.56,92.8,92.58,OH-1 parallel with OH-2,T7,4178.44,4084.29,-94.15,1690.21,1662.72,-27.49,442.35,430.2,-12.15,1,caution,reverse flow,CAUTION,734,702,734,702,-0.22,-0.22,38.0,0.24,OH-1 parallel with OH-2,T7,trafo 2 reversed,True
S00152,IEEE_CompTestFeeder,6261,0,5,5,0.99457,0.99972,0.00515,0.90593,1.00536,0.906,1.0054,3e-05,702,8.77,8.76,92.8,92.8,OH-1 parallel with OH-2,T7,4178.44,4173.03,-5.41,1690.21,1688.9,-1.31,442.35,441.94,-0.41,0,none,No violation,SAFE,734,702,734,702,-0.01,-0.01,0,0.24,OH-1 parallel with OH-2,T7,none,True
S00153,IEEE_CompTestFeeder,772,0,115,115,0.93426,0.94659,0.01233,0.90593,1.00536,0.91117,1.00704,0.00168,702,8.77,8.4,92.8,92.4,OH-1 parallel with OH-2,T1,4178.44,4022.77,-155.68,1690.21,1617.44,-72.77,442.35,401.68,-40.68,1,caution,reverse flow,CAUTION,734,702,734,702,-0.38,-0.41,100.0,0.208,OH-1 parallel with OH-2,T7,line 21 0.100->-0.015 reversed,True
S00154,IEEE_CompTestFeeder,6211,0,118,118,0.99457,1.03584,0.04127,0.90593,1.00536,0.90752,1.03584,0.03048,621,8.77,27.4,92.8,92.63,SEC-4,T7,4178.44,4055.27,-123.17,1690.21,1663.33,-26.88,442.35,437.19,-5.17,1,caution,max 1.0358>1.03; rise 0.0413>=0.03; reverse flow,CAUTION,734,702,734,621,18.63,-0.17,0,0.24,OH-1 parallel with OH-2,T7,line 30 0.066->-0.048 reversed,True
S00155,IEEE_CompTestFeeder,739,0,208,208,0.98479,1.00195,0.01715,0.90593,1.00536,0.9134,1.00751,0.00214,702,8.77,8.19,92.8,111.78,OH-1 parallel with OH-2,T6,4178.44,3926.1,-252.34,1690.21,1601.9,-88.31,442.35,398.01,-44.34,1,transformer_loading,Transformer T6 loading 111.8% exceeds 100.0%,CONSTRAINED,734,702,734,702,-0.59,18.98,41.1,0.24,OH-1 parallel with OH-2,T7,line 25 0.117->-0.091 reversed,True
S00156,IEEE_CompTestFeeder,726,0,77,77,0.99457,1.06827,0.0737,0.90593,1.00536,0.90691,1.06827,0.06291,626,8.77,17.34,92.8,92.7,SEC-3,T7,4178.44,4100.58,-77.86,1690.21,1673.99,-16.22,442.35,441.49,-0.86,0,voltage,Max voltage 1.0683 pu at bus 626 exceeds 1.05,CONSTRAINED,734,702,734,626,8.56,-0.11,0,0.24,OH-1 parallel with OH-2,T7,none,True
S00157,IEEE_CompTestFeeder,7641,0,163,163,0.93653,0.95676,0.02023,0.90593,1.00536,0.91314,1.00764,0.00228,702,8.77,8.25,92.8,92.34,OH-1 parallel with OH-2,T1,4178.44,3960.43,-218.01,1690.21,1592.18,-98.03,442.35,387.34,-55.01,1,caution,reverse flow,CAUTION,734,702,734,702,-0.53,-0.46,0,0.24,OH-1 parallel with OH-2,T7,line 23 0.091->-0.071 reversed,True
S00158,IEEE_CompTestFeeder,6212,0,248,248,0.99457,1.07736,0.08279,0.90593,1.00536,0.90897,1.07736,0.07199,621,8.77,55.38,92.8,92.48,SEC-4,T7,4178.44,3929.99,-248.45,1690.21,1642.55,-47.66,442.35,441.9,-0.45,1,voltage,Max voltage 1.0774 pu at bus 621 exceeds 1.05,CONSTRAINED,734,702,734,621,46.6,-0.32,0,0.24,OH-1 parallel with OH-2,T7,line 30 0.066->-0.164 reversed,True
S00159,IEEE_CompTestFeeder,748,0,62,62,0.95588,0.96207,0.0062,0.90593,1.00536,0.90851,1.00616,0.0008,702,8.77,8.58,92.8,92.49,OH-1 parallel with OH-2,T7,4178.44,4098.19,-80.25,1690.21,1656.12,-34.09,442.35,424.1,-18.25,0,none,No violation,SAFE,734,702,734,702,-0.19,-0.31,76.88,0.24,OH-1 parallel with OH-2,T7,none,True
S00160,IEEE_CompTestFeeder,733,0,16,16,0.91349,0.92136,0.00787,0.90593,1.00536,0.91386,1.00553,0.00017,702,8.77,8.73,92.8,92.74,OH-1 parallel with OH-2,T7,4178.44,4158.87,-19.58,1690.21,1683.27,-6.94,442.35,438.78,-3.58,0,none,No violation,SAFE,734,702,734,702,-0.05,-0.06,0,0.24,OH-1 parallel with OH-2,T7,none,True
S00161,IEEE_CompTestFeeder,751,12,222,234,0.96939,0.98512,0.01573,0.90642,1.00551,0.91514,1.00813,0.00261,702,8.74,8.07,92.74,92.29,OH-1 parallel with OH-2,T1,4163.0,3882.36,-280.64,1683.84,1573.97,-109.87,438.91,380.27,-58.64,0,none,No violation,SAFE,734,702,734,702,-0.66,-0.45,0,0.48,OH-1 parallel with OH-2,T7,none,True
S00162,IEEE_CompTestFeeder,708,0,231,231,0.95802,0.96636,0.00835,0.90593,1.00536,0.9075,1.00661,0.00125,702,8.77,8.76,92.8,92.64,OH-1 parallel with OH-2,T7,4178.44,3938.64,-239.8,1690.21,1646.37,-43.84,442.35,433.55,-8.8,1,caution,reverse flow,CAUTION,734,702,734,702,-0.02,-0.17,75.0,0.24,OH-1 parallel with OH-2,T7,line 3 0.221->-0.010 reversed,True
S00163,IEEE_CompTestFeeder,732,9,131,140,0.92175,0.93134,0.00959,0.90662,1.00546,0.91637,1.00673,0.00128,702,8.75,8.38,92.77,92.43,OH-1 parallel with OH-2,T1,4167.51,4010.28,-157.22,1686.34,1634.21,-52.13,440.42,414.2,-26.22,1,caution,reverse flow,CAUTION,734,702,734,702,-0.36,-0.34,25.4,0.24,OH-1 parallel with OH-2,T7,trafo 3 reversed,True
S00164,IEEE_CompTestFeeder,6261,0,172,172,0.99457,1.1467,0.15213,0.90593,1.00536,0.90781,1.1467,0.14133,626,8.77,36.08,92.8,92.6,SEC-1,T7,4178.44,4016.97,-161.47,1690.21,1662.84,-27.37,442.35,452.88,10.53,1,voltage,Max voltage 1.1467 pu at bus 626 exceeds 1.05,CONSTRAINED,734,702,734,626,27.31,-0.2,0,0.24,OH-1 parallel with OH-2,T7,line 30 0.066->-0.083 reversed,True
S00165,IEEE_CompTestFeeder,620,15,231,246,0.99505,1.00223,0.00718,0.90615,1.00547,0.90939,1.00695,0.00148,702,8.74,8.57,92.78,92.43,OH-6,T7,4162.12,3912.87,-249.26,1686.25,1631.42,-54.83,441.04,422.78,-18.26,1,caution,reverse flow,CAUTION,734,702,734,702,-0.17,-0.35,0,0.24,OH-1 parallel with OH-2,T7,line 30 0.051->-0.179 reversed,True
S00166,IEEE_CompTestFeeder,715,6,50,56,0.99098,0.99219,0.00121,0.90597,1.0054,0.90635,1.0057,0.0003,702,8.77,8.77,92.8,92.76,OH-1 parallel with OH-2,T7,4172.16,4119.84,-52.32,1688.83,1677.62,-11.21,442.07,439.75,-2.32,0,none,No violation,SAFE,734,702,734,702,-0.0,-0.04,0,0.208,OH-1 parallel with OH-2,T7,none,True
S00167,IEEE_CompTestFeeder,7642,0,147,147,0.93653,0.95486,0.01833,0.90593,1.00536,0.91246,1.00743,0.00207,702,8.77,8.3,92.8,92.36,OH-1 parallel with OH-2,T1,4178.44,3981.39,-197.06,1690.21,1601.03,-89.18,442.35,392.3,-50.06,1,caution,reverse flow,CAUTION,734,702,734,702,-0.48,-0.44,0,0.24,OH-1 parallel with OH-2,T7,line 23 0.091->-0.055 reversed,True
S00168,IEEE_CompTestFeeder,751,4,121,125,0.96881,0.97752,0.00871,0.90609,1.00541,0.91093,1.00688,0.00146,702,8.76,8.4,92.78,92.41,OH-1 parallel with OH-2,T1,4173.29,4018.99,-154.31,1688.08,1626.07,-62.01,441.2,407.9,-33.31,0,none,No violation,SAFE,734,702,734,702,-0.37,-0.37,0,0.48,OH-1 parallel with OH-2,T7,none,True
S00169,IEEE_CompTestFeeder,722,13,140,153,1.0036,1.09125,0.08766,0.90612,1.00545,0.90778,1.09125,0.0858,622,8.74,33.73,92.78,92.61,SEC-5,T7,4164.42,4027.14,-137.28,1686.85,1660.95,-25.9,441.34,444.06,2.72,1,voltage,Max voltage 1.0913 pu at bus 622 exceeds 1.05,CONSTRAINED,734,702,734,622,24.98,-0.18,0,0.24,OH-1 parallel with OH-2,T7,line 30 0.053->-0.074 reversed,True
S00170,IEEE_CompTestFeeder,6202,10,161,171,0.99489,0.99996,0.00507,0.90607,1.00543,0.90837,1.00649,0.00106,702,8.75,8.58,92.79,92.54,OH-6,T7,4167.56,3993.38,-174.18,1687.56,1647.97,-39.6,441.47,428.3,-13.18,1,caution,reverse flow,CAUTION,734,702,734,702,-0.17,-0.24,0,0.24,OH-1 parallel with OH-2,T7,line 30 0.056->-0.105 reversed,True
S00171,IEEE_CompTestFeeder,7483,0,237,237,0.95588,0.97855,0.02268,0.90593,1.00536,0.91533,1.00819,0.00283,702,8.77,8.06,92.8,113.52,OH-1 parallel with OH-2,T8,4178.44,3877.46,-300.98,1690.21,1571.09,-119.12,442.35,378.37,-63.98,1,transformer_loading,Transformer T8 loading 113.5% exceeds 100.0%,CONSTRAINED,734,702,734,702,-0.71,20.71,0,0.24,OH-1 parallel with OH-2,T7,trafo 5 reversed,True
S00172,IEEE_CompTestFeeder,7693,0,45,45,0.95408,0.96113,0.00705,0.90593,1.00536,0.90811,1.00608,0.00072,702,8.77,8.62,92.8,92.54,OH-1 parallel with OH-2,T7,4178.44,4115.84,-62.6,1690.21,1658.82,-31.39,442.35,424.76,-17.6,0,none,No violation,SAFE,734,702,734,702,-0.15,-0.26,0,0.24,OH-1 parallel with OH-2,T7,none,True
S00173,IEEE_CompTestFeeder,7392,0,197,197,0.98479,1.00108,0.01629,0.90593,1.00536,0.91302,1.0074,0.00204,702,8.77,8.22,92.8,104.61,OH-1 parallel with OH-2,T6,4178.44,3939.21,-239.23,1690.21,1606.09,-84.12,442.35,400.12,-42.23,1,transformer_loading,Transformer T6 loading 104.6% exceeds 100.0%,CONSTRAINED,734,702,734,702,-0.56,11.81,0,0.24,OH-1 parallel with OH-2,T7,line 25 0.117->-0.080 reversed,True
S00174,IEEE_CompTestFeeder,751,7,201,208,0.96903,0.98333,0.0143,0.90621,1.00545,0.91415,1.00784,0.00238,702,8.75,8.15,92.77,92.32,OH-1 parallel with OH-2,T1,4169.43,3914.75,-254.68,1686.49,1586.09,-100.4,440.34,386.67,-53.68,0,none,No violation,SAFE,734,702,734,702,-0.6,-0.45,0,0.48,OH-1 parallel with OH-2,T7,none,True
S00175,IEEE_CompTestFeeder,7642,0,66,66,0.93653,0.94495,0.00842,0.90593,1.00536,0.90894,1.00633,0.00096,702,8.77,8.56,92.8,92.47,OH-1 parallel with OH-2,T1,4178.44,4088.93,-89.51,1690.21,1648.34,-41.87,442.35,418.84,-23.51,1,caution,reverse flow,CAUTION,734,702,734,702,-0.22,-0.34,0,0.24,OH-1 parallel with OH-2,T7,line 24 0.046->-0.020 reversed,True
S00176,IEEE_CompTestFeeder,764,0,187,187,0.93653,0.95959,0.02306,0.90593,1.00536,0.91413,1.00795,0.00258,702,8.77,8.17,92.8,99.47,OH-1 parallel with OH-2,T14,4178.44,3929.16,-249.28,1690.21,1579.21,-111.0,442.35,380.07,-62.28,1,caution,trafo 99.5>=95.0%; reverse flow,CAUTION,734,702,734,702,-0.6,6.66,46.0,0.24,OH-1 parallel with OH-2,T7,line 23 0.091->-0.095 reversed,True
S00177,IEEE_CompTestFeeder,769,0,90,90,0.95408,0.96796,0.01388,0.90593,1.00536,0.91021,1.00676,0.0014,702,8.77,8.47,92.8,92.43,OH-1 parallel with OH-2,T1,4178.44,4054.23,-124.21,1690.21,1629.12,-61.09,442.35,408.14,-34.21,1,caution,reverse flow,CAUTION,734,702,734,702,-0.3,-0.38,41.0,0.24,OH-1 parallel with OH-2,T7,trafo 7 reversed,True
S00178,IEEE_CompTestFeeder,6202,4,40,44,0.9947,0.99598,0.00129,0.90599,1.00539,0.90657,1.00567,0.00027,702,8.77,8.67,92.8,92.73,OH-1 parallel with OH-2,T7,4174.09,4130.62,-43.47,1689.15,1678.73,-10.42,442.0,438.54,-3.47,0,none,No violation,SAFE,734,702,734,702,-0.1,-0.06,0,0.24,OH-1 parallel with OH-2,T7,none,True
S00179,IEEE_CompTestFeeder,724,0,182,182,0.99457,1.05674,0.06217,0.90593,1.00536,0.90827,1.05674,0.05137,624,8.77,41.43,92.8,92.55,SEC-1,T7,4178.44,3992.38,-186.07,1690.21,1652.06,-38.14,442.35,438.29,-4.07,1,voltage,Max voltage 1.0567 pu at bus 624 exceeds 1.05,CONSTRAINED,734,702,734,624,32.66,-0.25,0,0.24,OH-1 parallel with OH-2,T7,line 30 0.066->-0.106 reversed,True
S00180,IEEE_CompTestFeeder,724,4,111,115,0.99603,1.03484,0.0388,0.90599,1.00539,0.90748,1.03484,0.02945,624,8.77,26.73,92.8,92.64,SEC-1,T7,4174.1,4058.28,-115.81,1689.15,1663.91,-25.24,442.01,437.2,-4.81,1,caution,max 1.0348>1.03; rise 0.0388>=0.03; reverse flow,CAUTION,734,702,734,624,17.97,-0.16,0,0.24,OH-1 parallel with OH-2,T7,line 30 0.062->-0.045 reversed,True
S00181,IEEE_CompTestFeeder,6262,0,124,124,0.99457,1.10848,0.11391,0.90593,1.00536,0.90739,1.10848,0.10312,626,8.77,26.91,92.8,92.65,SEC-1,T7,4178.44,4057.8,-120.65,1690.21,1667.46,-22.75,442.35,445.71,3.35,1,voltage,Max voltage 1.1085 pu at bus 626 exceeds 1.05,CONSTRAINED,734,702,734,626,18.14,-0.16,0,0.24,OH-1 parallel with OH-2,T7,line 30 0.066->-0.045 reversed,True
S00182,IEEE_CompTestFeeder,6321,0,218,218,0.92107,0.93677,0.0157,0.90593,1.00536,0.92189,1.00742,0.00206,702,8.77,8.17,92.8,126.46,OH-1 parallel with OH-2,T4,4178.44,3918.33,-260.11,1690.21,1606.78,-83.43,442.35,400.24,-42.11,1,transformer_loading,Transformer T4 loading 126.5% exceeds 100.0%,CONSTRAINED,734,702,734,702,-0.6,33.65,0,0.24,OH-1 parallel with OH-2,T7,trafo 3 reversed,True
S00183,IEEE_CompTestFeeder,6321,0,202,202,0.92107,0.93567,0.0146,0.90593,1.00536,0.92077,1.00729,0.00192,702,8.77,8.22,92.8,115.3,OH-1 parallel with OH-2,T4,4178.44,3937.09,-241.35,1690.21,1612.19,-78.02,442.35,403.01,-39.35,1,transformer_loading,Transformer T4 loading 115.3% exceeds 100.0%,CONSTRAINED,734,702,734,702,-0.56,22.49,0,0.24,OH-1 parallel with OH-2,T7,trafo 3 reversed,True
S00184,IEEE_CompTestFeeder,622,15,152,167,1.00497,1.09923,0.09426,0.90614,1.00547,0.90792,1.09923,0.09376,622,8.74,36.55,92.78,92.59,SEC-4,T7,4162.29,4014.56,-147.73,1686.35,1659.22,-27.14,441.2,445.47,4.27,1,voltage,Max voltage 1.0992 pu at bus 622 exceeds 1.05,CONSTRAINED,734,702,734,622,27.81,-0.19,0,0.24,OH-1 parallel with OH-2,T7,line 30 0.051->-0.085 reversed,True
S00185,IEEE_CompTestFeeder,6242,0,246,246,0.99457,1.07675,0.08218,0.90593,1.00536,0.90895,1.07675,0.07138,624,8.77,54.96,92.8,92.48,SEC-1,T7,4178.44,3931.85,-246.6,1690.21,1642.81,-47.4,442.35,441.76,-0.6,1,voltage,Max voltage 1.0767 pu at bus 624 exceeds 1.05,CONSTRAINED,734,702,734,624,46.19,-0.32,0,0.24,OH-1 parallel with OH-2,T7,line 30 0.066->-0.162 reversed,True
S00186,IEEE_CompTestFeeder,6231,0,104,104,0.99457,1.09174,0.09717,0.90593,1.00536,0.9072,1.09174,0.08638,623,8.77,22.92,92.8,92.67,SEC-5,T7,4178.44,4075.63,-102.81,1690.21,1669.98,-20.23,442.35,443.54,1.19,1,voltage,Max voltage 1.0917 pu at bus 623 exceeds 1.05,CONSTRAINED,734,702,734,623,14.14,-0.14,0,0.24,OH-1 parallel with OH-2,T7,line 30 0.066->-0.029 reversed,True
S00187,IEEE_CompTestFeeder,6321,0,193,193,0.92107,0.93505,0.01398,0.90593,1.00536,0.92014,1.00721,0.00184,702,8.77,8.24,92.8,109.02,OH-1 parallel with OH-2,T4,4178.44,3947.67,-230.77,1690.21,1615.29,-74.92,442.35,404.58,-37.77,1,transformer_loading,Transformer T4 loading 109.0% exceeds 100.0%,CONSTRAINED,734,702,734,702,-0.53,16.21,0,0.24,OH-1 parallel with OH-2,T7,trafo 3 reversed,True
S00188,IEEE_CompTestFeeder,7692,6,129,135,0.95503,0.97461,0.01957,0.90622,1.00546,0.91225,1.00741,0.00195,702,8.75,8.32,92.77,92.36,OH-1 parallel with OH-2,T1,4170.04,3993.55,-176.48,1685.92,1601.04,-84.88,439.95,392.46,-47.48,1,caution,reverse flow,CAUTION,734,702,734,702,-0.43,-0.41,0,0.24,OH-1 parallel with OH-2,T7,trafo 7 reversed,True
S00189,IEEE_CompTestFeeder,740,0,129,129,0.98204,0.99286,0.01082,0.90593,1.00536,0.91071,1.00676,0.0014,702,8.77,8.4,92.8,92.42,OH-1 parallel with OH-2,T1,4178.44,4020.34,-158.11,1690.21,1631.91,-58.3,442.35,413.25,-29.11,1,caution,reverse flow,CAUTION,734,702,734,702,-0.37,-0.38,75.0,0.24,OH-1 parallel with OH-2,T7,line 25 0.117->-0.013 reversed,True
S00190,IEEE_CompTestFeeder,623,0,176,176,0.99457,1.14977,0.1552,0.90593,1.00536,0.90784,1.14977,0.1444,623,8.77,36.82,92.8,92.6,SEC-4,T7,4178.44,4013.68,-164.76,1690.21,1662.54,-27.67,442.35,453.6,11.24,1,voltage,Max voltage 1.1498 pu at bus 623 exceeds 1.05,CONSTRAINED,734,702,734,623,28.05,-0.2,0,0.24,OH-1 parallel with OH-2,T7,line 30 0.066->-0.086 reversed,True
S00191,IEEE_CompTestFeeder,6261,10,240,250,1.00481,1.2039,0.19909,0.90607,1.00543,0.90835,1.2039,0.19846,626,8.75,49.95,92.79,92.54,SEC-1,T7,4167.67,3955.65,-212.02,1687.63,1658.9,-28.73,441.58,469.57,27.98,1,voltage,Max voltage 1.2039 pu at bus 626 exceeds 1.05,CONSTRAINED,734,702,734,626,41.2,-0.24,0,0.24,OH-1 parallel with OH-2,T7,line 30 0.056->-0.141 reversed,True
S00192,IEEE_CompTestFeeder,721,11,11,22,0.99859,1.00256,0.00398,0.90609,1.00544,0.90625,1.00551,7e-05,702,8.75,8.72,92.79,92.77,OH-1 parallel with OH-2,T7,4166.52,4154.69,-11.83,1687.33,1684.53,-2.8,441.43,440.61,-0.83,0,none,No violation,SAFE,734,702,734,702,-0.03,-0.02,0,0.24,OH-1 parallel with OH-2,T7,none,True
S00193,IEEE_CompTestFeeder,6252,0,174,174,0.99457,1.10318,0.10861,0.90593,1.00536,0.90799,1.10318,0.09781,625,8.77,37.94,92.8,92.58,SEC-1,T7,4178.44,4008.33,-170.11,1690.21,1658.4,-31.81,442.35,446.24,3.89,1,voltage,Max voltage 1.1032 pu at bus 625 exceeds 1.05,CONSTRAINED,734,702,734,625,29.17,-0.22,0,0.24,OH-1 parallel with OH-2,T7,line 30 0.066->-0.091 reversed,True
S00194,IEEE_CompTestFeeder,623,0,114,114,0.99457,1.10018,0.10561,0.90593,1.00536,0.9073,1.10018,0.09481,623,8.77,24.93,92.8,92.66,SEC-5,T7,4178.44,4066.65,-111.79,1690.21,1668.67,-21.54,442.35,444.56,2.21,1,voltage,Max voltage 1.1002 pu at bus 623 exceeds 1.05,CONSTRAINED,734,702,734,623,16.15,-0.15,0,0.24,OH-1 parallel with OH-2,T7,line 30 0.066->-0.037 reversed,True
S00195,IEEE_CompTestFeeder,722,5,17,22,0.99806,1.00974,0.01168,0.906,1.0054,0.90624,1.00974,0.00434,622,8.76,8.72,92.8,92.77,OH-1 parallel with OH-2,T7,4173.02,4154.87,-18.15,1688.9,1684.64,-4.26,441.93,440.78,-1.15,0,none,No violation,SAFE,734,702,734,622,-0.04,-0.03,0,0.24,OH-1 parallel with OH-2,T7,none,True
S00196,IEEE_CompTestFeeder,759,0,59,59,0.9374,0.94468,0.00728,0.90593,1.00536,0.9086,1.00622,0.00085,702,8.77,8.58,92.8,92.48,OH-1 parallel with OH-2,T7,4178.44,4098.7,-79.74,1690.21,1653.29,-36.92,442.35,421.62,-20.74,1,caution,reverse flow,CAUTION,734,702,734,702,-0.19,-0.32,35.0,0.24,OH-1 parallel with OH-2,T7,line 18 0.035->-0.024 reversed,True
S00197,IEEE_CompTestFeeder,7122,0,199,199,0.95827,0.96672,0.00845,0.90593,1.00536,0.90729,1.00645,0.00108,702,8.77,8.76,92.8,92.66,OH-1 parallel with OH-2,T7,4178.44,3971.69,-206.76,1690.21,1651.94,-38.27,442.35,434.6,-7.76,1,caution,reverse flow,CAUTION,734,702,734,702,-0.02,-0.15,0,0.24,OH-1 parallel with OH-2,T7,line 28 0.145->-0.053 reversed,True
S00198,IEEE_CompTestFeeder,6242,0,248,248,0.99457,1.07736,0.08279,0.90593,1.00536,0.90897,1.07736,0.07199,624,8.77,55.38,92.8,92.48,SEC-1,T7,4178.44,3929.99,-248.45,1690.21,1642.55,-47.66,442.35,441.9,-0.45,1,voltage,Max voltage 1.0774 pu at bus 624 exceeds 1.05,CONSTRAINED,734,702,734,624,46.6,-0.32,0,0.24,OH-1 parallel with OH-2,T7,line 30 0.066->-0.164 reversed,True
S00199,IEEE_CompTestFeeder,6321,0,25,25,0.92107,0.92295,0.00189,0.90593,1.00536,0.90784,1.00562,0.00026,702,8.77,8.7,92.8,92.71,OH-1 parallel with OH-2,T7,4178.44,4148.11,-30.33,1690.21,1679.55,-10.66,442.35,437.02,-5.33,0,none,No violation,SAFE,734,702,734,702,-0.07,-0.1,0,0.24,OH-1 parallel with OH-2,T7,none,True
S00200,IEEE_CompTestFeeder,7392,0,143,143,0.98479,0.99676,0.01197,0.90593,1.00536,0.91115,1.00688,0.00151,702,8.77,8.37,92.8,92.41,OH-1 parallel with OH-2,T1,4178.44,4003.94,-174.5,1690.21,1627.4,-62.81,442.35,410.86,-31.5,1,caution,reverse flow,CAUTION,734,702,734,702,-0.41,-0.39,0,0.24,OH-1 parallel with OH-2,T7,line 25 0.117->-0.026 reversed,True
S00201,IEEE_CompTestFeeder,626,8,62,70,1.00278,1.06201,0.05923,0.90604,1.00542,0.90683,1.06201,0.05659,626,8.76,15.86,92.79,92.71,SEC-3,T7,4169.81,4107.23,-62.58,1688.14,1675.15,-12.98,441.72,441.14,-0.58,0,voltage,Max voltage 1.0620 pu at bus 626 exceeds 1.05,CONSTRAINED,734,702,734,626,7.1,-0.08,0,0.24,OH-1 parallel with OH-2,T7,none,True
S00202,IEEE_CompTestFeeder,633,13,15,28,0.9199,0.92717,0.00727,0.91239,1.0055,0.91972,1.00565,0.00015,702,8.74,8.7,92.75,92.7,OH-1 parallel with OH-2,T7,4162.51,4144.41,-18.1,1684.55,1678.25,-6.3,439.42,436.32,-3.1,0,none,No violation,SAFE,734,702,734,702,-0.04,-0.06,0,0.24,OH-1 parallel with OH-2,T7,none,True
S00203,IEEE_CompTestFeeder,623,6,219,225,1.00074,1.18615,0.18541,0.90601,1.00541,0.90819,1.18615,0.18074,623,8.76,45.63,92.79,92.56,SEC-4,T7,4171.95,3974.7,-197.25,1688.64,1659.74,-28.91,441.87,463.61,21.75,1,voltage,Max voltage 1.1861 pu at bus 623 exceeds 1.05,CONSTRAINED,734,702,734,623,36.87,-0.23,0,0.24,OH-1 parallel with OH-2,T7,line 30 0.060->-0.123 reversed,True
S00204,IEEE_CompTestFeeder,622,0,66,66,0.99457,1.03866,0.0441,0.90593,1.00536,0.90682,1.03866,0.0333,622,8.77,15.29,92.8,92.71,SEC-5,T7,4178.44,4109.74,-68.7,1690.21,1675.02,-15.19,442.35,439.65,-2.7,0,caution,max 1.0387>1.03; rise 0.0441>=0.03,CAUTION,734,702,734,622,6.51,-0.1,0,0.24,OH-1 parallel with OH-2,T7,none,True
S00205,IEEE_CompTestFeeder,721,0,34,34,0.99457,1.00686,0.0123,0.90593,1.00536,0.90642,1.00686,0.0015,621,8.77,8.69,92.8,92.75,OH-1 parallel with OH-2,T7,4178.44,4141.9,-36.54,1690.21,1681.57,-8.64,442.35,439.81,-2.54,0,none,No violation,SAFE,734,702,734,621,-0.08,-0.05,0,0.24,OH-1 parallel with OH-2,T7,none,True
S00206,IEEE_CompTestFeeder,739,0,70,70,0.98479,0.99075,0.00596,0.90593,1.00536,0.90853,1.00613,0.00076,702,8.77,8.57,92.8,92.51,OH-1 parallel with OH-2,T7,4178.44,4092.45,-85.99,1690.21,1658.28,-31.93,442.35,426.36,-15.99,1,caution,reverse flow,CAUTION,734,702,734,702,-0.2,-0.29,41.1,0.24,OH-1 parallel with OH-2,T7,line 26 0.041->-0.029 reversed,True
S00207,IEEE_CompTestFeeder,6241,0,160,160,0.99457,1.04966,0.05509,0.90593,1.00536,0.90802,1.04966,0.0443,624,8.77,36.67,92.8,92.58,SEC-1,T7,4178.44,4013.72,-164.72,1690.21,1655.7,-34.51,442.35,437.63,-4.72,1,voltage_rise,Voltage rise at PV bus 6241 0.0551 pu exceeds 0.05,CONSTRAINED,734,702,734,624,27.89,-0.22,0,0.24,OH-1 parallel with OH-2,T7,line 30 0.066->-0.086 reversed,True
S00208,IEEE_CompTestFeeder,716,5,84,89,0.98053,1.0257,0.04517,0.90597,1.0054,0.90652,1.0257,0.0203,716,8.77,8.77,92.8,240.42,OH-1 parallel with OH-2,T24,4173.12,4088.16,-84.96,1688.97,1673.65,-15.31,442.03,441.07,-0.96,0,transformer_loading,Transformer T24 loading 240.4% exceeds 100.0%,CONSTRAINED,734,702,734,716,-0.01,147.62,15.85,0.48,OH-1 parallel with OH-2,T7,none,True
S00209,IEEE_CompTestFeeder,715,0,242,242,0.99084,0.99651,0.00568,0.90593,1.00536,0.90767,1.00676,0.00139,702,8.77,8.75,92.8,92.62,OH-1 parallel with OH-2,T7,4178.44,3926.31,-252.13,1690.21,1640.04,-50.17,442.35,432.22,-10.13,0,none,No violation,SAFE,734,702,734,702,-0.02,-0.19,0,0.208,OH-1 parallel with OH-2,T7,none,True
S00210,IEEE_CompTestFeeder,6201,0,237,237,0.99457,1.00196,0.0074,0.90593,1.00536,0.90927,1.00689,0.00153,702,8.77,8.57,92.8,92.45,OH-6,T7,4178.44,3922.51,-255.93,1690.21,1633.34,-56.87,442.35,423.42,-18.93,1,caution,reverse flow,CAUTION,734,702,734,702,-0.21,-0.36,0,0.24,OH-1 parallel with OH-2,T7,line 30 0.066->-0.170 reversed,True
S00211,IEEE_CompTestFeeder,6242,0,188,188,0.99457,1.05865,0.06408,0.90593,1.00536,0.90834,1.05865,0.05329,624,8.77,42.72,92.8,92.55,SEC-1,T7,4178.44,3986.61,-191.84,1690.21,1651.12,-39.09,442.35,438.52,-3.84,1,voltage,Max voltage 1.0587 pu at bus 624 exceeds 1.05,CONSTRAINED,734,702,734,624,33.95,-0.26,0,0.24,OH-1 parallel with OH-2,T7,line 30 0.066->-0.111 reversed,True
S00212,IEEE_CompTestFeeder,733,0,181,181,0.91349,0.99513,0.08164,0.90593,1.00536,0.92828,1.00696,0.0016,702,8.77,39.98,92.8,93.74,SEC-7,T4,4178.44,3974.13,-204.31,1690.21,1625.64,-64.57,442.35,419.04,-23.31,1,voltage_rise,Voltage rise at PV bus 733 0.0816 pu exceeds 0.05,CONSTRAINED,734,702,735,702,31.2,0.94,0,0.24,OH-1 parallel with OH-2,T7,line 38 0.016->-0.155 reversed,True
S00213,IEEE_CompTestFeeder,751,0,202,202,0.96852,0.98291,0.01439,0.90593,1.00536,0.91392,1.00777,0.0024,702,8.77,8.17,92.8,92.33,OH-1 parallel with OH-2,T1,4178.44,3922.25,-256.2,1690.21,1588.91,-101.3,442.35,388.16,-54.2,0,none,No violation,SAFE,734,702,734,702,-0.61,-0.48,0,0.48,OH-1 parallel with OH-2,T7,none,True
S00214,IEEE_CompTestFeeder,772,12,211,223,0.93558,0.9576,0.02202,0.90649,1.00555,0.91581,1.00849,0.00295,702,8.73,8.06,92.74,92.26,OH-1 parallel with OH-2,T1,4161.99,3880.38,-281.61,1682.26,1555.55,-126.71,437.9,367.29,-70.61,1,caution,reverse flow,CAUTION,734,702,734,702,-0.68,-0.48,100.0,0.208,OH-1 parallel with OH-2,T7,line 21 0.088->-0.123 reversed,True
S00215,IEEE_CompTestFeeder,720,12,205,217,0.99496,1.00136,0.0064,0.9061,1.00545,0.909,1.00677,0.00133,702,8.75,8.57,92.78,92.48,OH-6,T7,4165.39,3943.95,-221.43,1687.04,1637.67,-49.36,441.3,424.87,-16.43,1,caution,reverse flow,CAUTION,734,702,734,702,-0.17,-0.31,66.0,0.24,OH-1 parallel with OH-2,T7,line 30 0.054->-0.151 reversed,True
S00216,IEEE_CompTestFeeder,625,0,114,114,0.99457,1.06835,0.07379,0.90593,1.00536,0.90738,1.06835,0.06299,625,8.77,25.67,92.8,92.65,SEC-2,T7,4178.44,4063.19,-115.26,1690.21,1666.52,-23.69,442.35,441.1,-1.26,1,voltage,Max voltage 1.0684 pu at bus 625 exceeds 1.05,CONSTRAINED,734,702,734,625,16.89,-0.15,0,0.24,OH-1 parallel with OH-2,T7,line 30 0.066->-0.040 reversed,True
S00217,IEEE_CompTestFeeder,6241,0,170,170,0.99457,1.05289,0.05832,0.90593,1.00536,0.90814,1.05289,0.04753,624,8.77,38.84,92.8,92.57,SEC-1,T7,4178.44,4003.98,-174.46,1690.21,1654.02,-36.19,442.35,437.89,-4.46,1,voltage,Max voltage 1.0529 pu at bus 624 exceeds 1.05,CONSTRAINED,734,702,734,624,30.07,-0.24,0,0.24,OH-1 parallel with OH-2,T7,line 30 0.066->-0.095 reversed,True
S00218,IEEE_CompTestFeeder,6221,0,112,112,0.99457,1.06715,0.07258,0.90593,1.00536,0.90736,1.06715,0.06179,623,8.77,25.25,92.8,92.65,SEC-5,T7,4178.44,4065.08,-113.37,1690.21,1666.84,-23.37,442.35,440.99,-1.37,1,voltage,Max voltage 1.0672 pu at bus 623 exceeds 1.05,CONSTRAINED,734,702,734,623,16.47,-0.15,0,0.24,OH-1 parallel with OH-2,T7,line 30 0.066->-0.039 reversed,True
S00219,IEEE_CompTestFeeder,7481,0,250,250,0.95588,0.97972,0.02385,0.90593,1.00536,0.91581,1.00833,0.00297,702,8.77,8.02,92.8,121.9,OH-1 parallel with OH-2,T8,4178.44,3861.38,-317.06,1690.21,1565.39,-124.82,442.35,375.29,-67.06,1,transformer_loading,Transformer T8 loading 121.9% exceeds 100.0%,CONSTRAINED,734,702,734,702,-0.75,29.1,0,0.24,OH-1 parallel with OH-2,T7,trafo 5 reversed,True
S00220,IEEE_CompTestFeeder,6232,0,217,217,0.99457,1.18036,0.18579,0.90593,1.00536,0.90814,1.18036,0.17499,623,8.77,44.23,92.8,92.57,SEC-4,T7,4178.44,3980.91,-197.53,1690.21,1660.09,-30.12,442.35,461.82,19.47,1,voltage,Max voltage 1.1804 pu at bus 623 exceeds 1.05,CONSTRAINED,734,702,734,623,35.45,-0.24,0,0.24,OH-1 parallel with OH-2,T7,line 30 0.066->-0.117 reversed,True
S00221,IEEE_CompTestFeeder,7122,9,50,59,0.95867,0.96084,0.00218,0.90599,1.00542,0.90636,1.00571,0.00029,702,8.77,8.77,92.8,92.76,OH-1 parallel with OH-2,T7,4169.01,4116.74,-52.26,1688.25,1677.75,-10.5,441.92,439.66,-2.26,0,none,No violation,SAFE,734,702,734,702,-0.0,-0.04,0,0.24,OH-1 parallel with OH-2,T7,none,True
S00222,IEEE_CompTestFeeder,7642,7,162,169,0.93743,0.95747,0.02004,0.90625,1.00547,0.91339,1.00772,0.00225,702,8.75,8.23,92.76,92.33,OH-1 parallel with OH-2,T1,4168.86,3952.59,-216.27,1685.62,1588.91,-96.72,439.78,385.5,-54.27,1,caution,reverse flow,CAUTION,734,702,734,702,-0.52,-0.43,0,0.24,OH-1 parallel with OH-2,T7,line 23 0.084->-0.077 reversed,True
S00223,IEEE_CompTestFeeder,7691,10,116,126,0.95566,0.97329,0.01763,0.90642,1.00553,0.91185,1.00728,0.00176,702,8.74,8.35,92.74,92.37,OH-1 parallel with OH-2,T1,4164.44,4005.62,-158.83,1683.08,1606.53,-76.55,438.36,395.53,-42.83,1,caution,reverse flow,CAUTION,734,702,734,702,-0.39,-0.37,0,0.24,OH-1 parallel with OH-2,T7,trafo 7 reversed,True
S00224,IEEE_CompTestFeeder,762,0,67,67,0.93632,0.94481,0.0085,0.90593,1.00536,0.90898,1.00634,0.00098,702,8.77,8.55,92.8,92.47,OH-1 parallel with OH-2,T1,4178.44,4087.6,-90.85,1690.21,1647.76,-42.45,442.35,418.51,-23.85,1,caution,reverse flow,CAUTION,734,702,734,702,-0.22,-0.34,45.0,0.48,OH-1 parallel with OH-2,T7,trafo 11 reversed,True
S00225,IEEE_CompTestFeeder,712,0,120,120,0.95827,0.96344,0.00517,0.90593,1.00536,0.90678,1.00604,0.00068,702,8.77,8.77,92.8,92.71,OH-1 parallel with OH-2,T7,4178.44,4053.31,-125.13,1690.21,1665.86,-24.35,442.35,437.22,-5.13,1,caution,reverse flow,CAUTION,734,702,734,702,-0.01,-0.09,65.0,0.24,OH-1 parallel with OH-2,T7,line 29 0.065->-0.055 reversed,True
S00226,IEEE_CompTestFeeder,751,12,161,173,0.96939,0.98089,0.0115,0.90642,1.00551,0.9128,1.00744,0.00192,702,8.74,8.25,92.74,92.36,OH-1 parallel with OH-2,T1,4163.0,3958.55,-204.45,1683.84,1602.7,-81.14,438.91,395.46,-43.45,0,none,No violation,SAFE,734,702,734,702,-0.48,-0.39,0,0.48,OH-1 parallel with OH-2,T7,none,True
S00227,IEEE_CompTestFeeder,6242,0,131,131,0.99457,1.04016,0.04559,0.90593,1.00536,0.90768,1.04016,0.0348,626,8.77,30.3,92.8,92.62,SEC-1,T7,4178.44,4042.29,-136.15,1690.21,1660.87,-29.34,442.35,437.21,-5.15,1,caution,max 1.0402>1.03; rise 0.0456>=0.03; reverse flow,CAUTION,734,702,734,626,21.52,-0.19,0,0.24,OH-1 parallel with OH-2,T7,line 30 0.066->-0.060 reversed,True
S00228,IEEE_CompTestFeeder,6211,0,59,59,0.99457,1.01569,0.02112,0.90593,1.00536,0.90676,1.01569,0.01032,621,8.77,13.97,92.8,92.71,SEC-4,T7,4178.44,4115.6,-62.85,1690.21,1675.7,-14.51,442.35,438.51,-3.85,0,none,No violation,SAFE,734,702,734,621,5.2,-0.09,0,0.24,OH-1 parallel with OH-2,T7,none,True
S00229,IEEE_CompTestFeeder,6231,8,76,84,1.00278,1.07446,0.07168,0.90604,1.00542,0.90699,1.07446,0.06904,623,8.76,18.81,92.79,92.69,SEC-6,T7,4169.81,4094.01,-75.8,1688.14,1672.87,-15.26,441.72,441.92,0.2,1,voltage,Max voltage 1.0745 pu at bus 623 exceeds 1.05,CONSTRAINED,734,702,734,623,10.05,-0.1,0,0.24,OH-1 parallel with OH-2,T7,line 30 0.058->-0.012 reversed,True
S00230,IEEE_CompTestFeeder,764,0,137,137,0.93653,0.95366,0.01713,0.90593,1.00536,0.91204,1.0073,0.00194,702,8.77,8.33,92.8,92.37,OH-1 parallel with OH-2,T1,4178.44,3994.53,-183.91,1690.21,1606.64,-83.57,442.35,395.44,-46.91,1,caution,reverse flow,CAUTION,734,702,734,702,-0.44,-0.43,46.0,0.24,OH-1 parallel with OH-2,T7,line 23 0.091->-0.046 reversed,True
S00231,IEEE_CompTestFeeder,732,0,189,189,0.92107,0.93477,0.0137,0.90593,1.00536,0.91986,1.00717,0.00181,702,8.77,8.25,92.8,106.22,OH-1 parallel with OH-2,T4,4178.44,3952.38,-226.06,1690.21,1616.67,-73.54,442.35,405.29,-37.06,1,transformer_loading,Transformer T4 loading 106.2% exceeds 100.0%,CONSTRAINED,734,702,734,702,-0.52,13.42,25.4,0.24,OH-1 parallel with OH-2,T7,trafo 3 reversed,True
S00232,IEEE_CompTestFeeder,6262,0,199,199,0.99457,1.16712,0.17255,0.90593,1.00536,0.90801,1.16712,0.16176,626,8.77,41.02,92.8,92.58,SEC-1,T7,4178.44,3995.1,-183.34,1690.21,1661.02,-29.19,442.35,458.01,15.66,1,voltage,Max voltage 1.1671 pu at bus 626 exceeds 1.05,CONSTRAINED,734,702,734,626,32.24,-0.22,0,0.24,OH-1 parallel with OH-2,T7,line 30 0.066->-0.104 reversed,True
S00233,IEEE_CompTestFeeder,748,0,170,170,0.95588,0.97241,0.01653,0.90593,1.00536,0.91279,1.00745,0.00209,702,8.77,8.26,92.8,92.36,OH-1 parallel with OH-2,T1,4178.44,3961.0,-217.44,1690.21,1601.77,-88.44,442.35,394.92,-47.44,1,caution,reverse flow,CAUTION,734,702,734,702,-0.52,-0.45,76.88,0.24,OH-1 parallel with OH-2,T7,trafo 5 reversed,True
S00234,IEEE_CompTestFeeder,7481,0,9,9,0.95588,0.95679,0.00091,0.90593,1.00536,0.90631,1.00548,0.00012,702,8.77,8.75,92.8,92.76,OH-1 parallel with OH-2,T7,4178.44,4166.72,-11.72,1690.21,1685.12,-5.09,442.35,439.63,-2.72,0,none,No violation,SAFE,734,702,734,702,-0.03,-0.05,0,0.24,OH-1 parallel with OH-2,T7,none,True
S00235,IEEE_CompTestFeeder,712,0,108,108,0.95827,0.96293,0.00466,0.90593,1.00536,0.9067,1.00598,0.00061,702,8.77,8.77,92.8,92.72,OH-1 parallel with OH-2,T7,4178.44,4065.76,-112.68,1690.21,1668.12,-22.09,442.35,437.67,-4.68,1,caution,reverse flow,CAUTION,734,702,734,702,-0.01,-0.08,65.0,0.24,OH-1 parallel with OH-2,T7,line 29 0.065->-0.043 reversed,True
S00236,IEEE_CompTestFeeder,751,0,153,153,0.96852,0.97949,0.01097,0.90593,1.00536,0.91203,1.00721,0.00184,702,8.77,8.31,92.8,92.38,OH-1 parallel with OH-2,T1,4178.44,3983.68,-194.76,1690.21,1612.36,-77.85,442.35,400.59,-41.76,0,none,No violation,SAFE,734,702,734,702,-0.46,-0.42,0,0.48,OH-1 parallel with OH-2,T7,none,True
S00237,IEEE_CompTestFeeder,6241,0,140,140,0.99457,1.04313,0.04856,0.90593,1.00536,0.90779,1.04313,0.03777,624,8.77,32.29,92.8,92.61,SEC-1,T7,4178.44,4033.37,-145.07,1690.21,1659.22,-30.99,442.35,437.28,-5.07,1,caution,max 1.0431>1.03; rise 0.0486>=0.03; reverse flow,CAUTION,734,702,734,624,23.51,-0.2,0,0.24,OH-1 parallel with OH-2,T7,line 30 0.066->-0.068 reversed,True
S00238,IEEE_CompTestFeeder,6222,0,195,195,0.99457,1.11484,0.12027,0.90593,1.00536,0.90818,1.11484,0.10947,622,8.77,42.08,92.8,92.56,SEC-4,T7,4178.44,3989.9,-188.54,1690.21,1656.13,-34.08,442.35,448.81,6.46,1,voltage,Max voltage 1.1148 pu at bus 622 exceeds 1.05,CONSTRAINED,734,702,734,622,33.3,-0.24,0,0.24,OH-1 parallel with OH-2,T7,line 30 0.066->-0.108 reversed,True
S00239,IEEE_CompTestFeeder,7693,0,184,184,0.95408,0.98163,0.02755,0.90593,1.00536,0.91439,1.00809,0.00272,702,8.77,8.17,92.8,97.78,OH-1 parallel with OH-2,T22,4178.44,3928.48,-249.96,1690.21,1572.21,-118.0,442.35,376.39,-65.96,1,caution,trafo 97.8>=95.0%; reverse flow,CAUTION,734,702,734,702,-0.61,4.97,0,0.24,OH-1 parallel with OH-2,T7,trafo 7 reversed,True
S00240,IEEE_CompTestFeeder,7122,0,69,69,0.95827,0.96127,0.003,0.90593,1.00536,0.90643,1.00576,0.0004,702,8.77,8.77,92.8,92.75,OH-1 parallel with OH-2,T7,4178.44,4106.32,-72.12,1690.21,1675.73,-14.48,442.35,439.23,-3.12,0,none,No violation,SAFE,734,702,734,702,-0.01,-0.05,0,0.24,OH-1 parallel with OH-2,T7,none,True
S00241,IEEE_CompTestFeeder,743,0,54,54,0.96369,0.96749,0.0038,0.90593,1.00536,0.90811,1.00603,0.00067,702,8.77,8.61,92.8,92.5,OH-1 parallel with OH-2,T1,4178.44,4109.8,-68.64,1690.21,1661.62,-28.59,442.35,427.71,-14.64,0,none,No violation,SAFE,734,702,734,702,-0.16,-0.31,240.0,0.24,OH-1 parallel with OH-2,T7,none,True
S00242,IEEE_CompTestFeeder,6202,0,142,142,0.99457,0.99907,0.0045,0.90593,1.00536,0.90797,1.00631,0.00094,702,8.77,8.58,92.8,92.59,OH-6,T7,4178.44,4024.62,-153.82,1690.21,1654.68,-35.53,442.35,430.53,-11.82,1,caution,reverse flow,CAUTION,734,702,734,702,-0.19,-0.22,0,0.24,OH-1 parallel with OH-2,T7,line 30 0.066->-0.076 reversed,True
S00243,IEEE_CompTestFeeder,730,0,194,194,0.94698,0.95495,0.00798,0.90593,1.00536,0.91078,1.00698,0.00161,702,8.77,8.27,92.8,92.4,OH-1 parallel with OH-2,T1,4178.44,3956.16,-222.28,1690.21,1626.29,-63.92,442.35,414.07,-28.28,1,caution,reverse flow,CAUTION,734,702,734,702,-0.51,-0.4,85.0,0.24,OH-1 parallel with OH-2,T7,line 31 0.085->-0.109 reversed,True
S00244,IEEE_CompTestFeeder,7393,0,155,155,0.98479,0.99773,0.01294,0.90593,1.00536,0.91157,1.007,0.00163,702,8.77,8.33,92.8,92.4,OH-1 parallel with OH-2,T1,4178.44,3989.5,-188.94,1690.21,1622.55,-67.66,442.35,408.42,-33.94,1,caution,reverse flow,CAUTION,734,702,734,702,-0.44,-0.4,0,0.24,OH-1 parallel with OH-2,T7,line 25 0.117->-0.038 reversed,True
S00245,IEEE_CompTestFeeder,7643,0,30,30,0.93653,0.94039,0.00387,0.90593,1.00536,0.90731,1.00581,0.00045,702,8.77,8.68,92.8,92.64,OH-1 parallel with OH-2,T7,4178.44,4137.54,-40.91,1690.21,1670.8,-19.41,442.35,431.45,-10.91,0,none,No violation,SAFE,734,702,734,702,-0.1,-0.17,0,0.24,OH-1 parallel with OH-2,T7,none,True
S00246,IEEE_CompTestFeeder,732,0,97,97,0.92107,0.92826,0.00719,0.90593,1.00536,0.91324,1.00633,0.00097,702,8.77,8.5,92.8,92.47,OH-1 parallel with OH-2,T1,4178.44,4061.5,-116.94,1690.21,1650.46,-39.75,442.35,422.41,-19.94,1,caution,reverse flow,CAUTION,734,702,734,702,-0.27,-0.34,25.4,0.24,OH-1 parallel with OH-2,T7,trafo 3 reversed,True
S00247,IEEE_CompTestFeeder,728,0,186,186,0.93707,0.97151,0.03443,0.90593,1.00536,0.91032,1.00677,0.00141,702,8.77,8.3,92.8,205.77,OH-1 parallel with OH-2,T3,4178.44,3969.48,-208.96,1690.21,1635.52,-54.69,442.35,419.39,-22.96,1,transformer_loading,Transformer T3 loading 205.8% exceeds 100.0%,CONSTRAINED,734,702,734,702,-0.47,112.96,38.0,0.24,OH-1 parallel with OH-2,T7,trafo 2 reversed,True
S00248,IEEE_CompTestFeeder,7691,0,16,16,0.95408,0.95661,0.00253,0.90593,1.00536,0.90671,1.00562,0.00026,702,8.77,8.72,92.8,92.71,OH-1 parallel with OH-2,T7,4178.44,4156.07,-22.37,1690.21,1678.85,-11.36,442.35,435.98,-6.37,0,none,No violation,SAFE,734,702,734,702,-0.05,-0.1,0,0.24,OH-1 parallel with OH-2,T7,none,True
S00249,IEEE_CompTestFeeder,626,0,183,183,0.99457,1.15511,0.16054,0.90593,1.00536,0.90789,1.15511,0.14974,626,8.77,38.11,92.8,92.59,SEC-1,T7,4178.44,4007.97,-170.47,1690.21,1662.04,-28.17,442.35,454.88,12.53,1,voltage,Max voltage 1.1551 pu at bus 626 exceeds 1.05,CONSTRAINED,734,702,734,626,29.34,-0.21,0,0.24,OH-1 parallel with OH-2,T7,line 30 0.066->-0.092 reversed,True
S00250,IEEE_CompTestFeeder,721,0,197,197,0.99457,1.0615,0.06693,0.90593,1.00536,0.90844,1.0615,0.05614,621,8.77,44.64,92.8,92.54,SEC-4,T7,4178.44,3977.99,-200.46,1690.21,1649.72,-40.49,442.35,438.9,-3.46,1,voltage,Max voltage 1.0615 pu at bus 621 exceeds 1.05,CONSTRAINED,734,702,734,621,35.87,-0.27,0,0.24,OH-1 parallel with OH-2,T7,line 30 0.066->-0.119 reversed,True
S00251,IEEE_CompTestFeeder,7481,0,8,8,0.95588,0.95669,0.00081,0.90593,1.00536,0.90626,1.00547,0.00011,702,8.77,8.75,92.8,92.76,OH-1 parallel with OH-2,T7,4178.44,4168.02,-10.42,1690.21,1685.69,-4.52,442.35,439.94,-2.42,0,none,No violation,SAFE,734,702,734,702,-0.03,-0.04,0,0.24,OH-1 parallel with OH-2,T7,none,True
S00252,IEEE_CompTestFeeder,769,0,117,117,0.95408,0.97197,0.01789,0.90593,1.00536,0.91144,1.00716,0.00179,702,8.77,8.38,92.8,92.39,OH-1 parallel with OH-2,T1,4178.44,4017.72,-160.73,1690.21,1612.09,-78.12,442.35,398.63,-43.73,1,caution,reverse flow,CAUTION,734,702,734,702,-0.39,-0.42,41.0,0.24,OH-1 parallel with OH-2,T7,trafo 7 reversed,True
S00253,IEEE_CompTestFeeder,6221,0,18,18,0.99457,1.00702,0.01245,0.90593,1.00536,0.90619,1.00702,0.00165,622,8.77,8.73,92.8,92.78,OH-1 parallel with OH-2,T7,4178.44,4159.1,-19.34,1690.21,1685.61,-4.6,442.35,441.01,-1.34,0,none,No violation,SAFE,734,702,734,622,-0.04,-0.03,0,0.24,OH-1 parallel with OH-2,T7,none,True
S00254,IEEE_CompTestFeeder,756,10,34,44,0.93723,0.94097,0.00374,0.9064,1.00552,0.90797,1.00603,0.00051,702,8.74,8.63,92.75,92.56,OH-1 parallel with OH-2,T7,4164.77,4118.56,-46.21,1683.54,1661.34,-22.2,438.69,426.48,-12.21,0,none,No violation,SAFE,734,702,734,702,-0.11,-0.19,155.0,0.208,OH-1 parallel with OH-2,T7,none,True
S00255,IEEE_CompTestFeeder,633,0,23,23,0.91349,0.92476,0.01127,0.90593,1.00536,0.91729,1.0056,0.00024,702,8.77,8.71,92.8,92.71,OH-1 parallel with OH-2,T7,4178.44,4150.41,-28.03,1690.21,1680.32,-9.89,442.35,437.32,-5.03,0,none,No violation,SAFE,734,702,734,702,-0.07,-0.09,0,0.24,OH-1 parallel with OH-2,T7,none,True
S00256,IEEE_CompTestFeeder,626,0,212,212,0.99457,1.17671,0.18214,0.90593,1.00536,0.9081,1.17671,0.17135,626,8.77,43.34,92.8,92.57,SEC-1,T7,4178.44,3984.82,-193.62,1690.21,1660.32,-29.89,442.35,460.74,18.38,1,voltage,Max voltage 1.1767 pu at bus 626 exceeds 1.05,CONSTRAINED,734,702,734,626,34.57,-0.23,0,0.24,OH-1 parallel with OH-2,T7,line 30 0.066->-0.113 reversed,True
S00257,IEEE_CompTestFeeder,772,0,68,68,0.93426,0.94163,0.00737,0.90593,1.00536,0.90906,1.00637,0.00101,702,8.77,8.55,92.8,92.46,OH-1 parallel with OH-2,T1,4178.44,4085.86,-92.58,1690.21,1646.28,-43.93,442.35,417.77,-24.58,0,none,No violation,SAFE,734,702,734,702,-0.23,-0.34,100.0,0.208,OH-1 parallel with OH-2,T7,none,True
S00258,IEEE_CompTestFeeder,720,0,111,111,0.99457,0.9981,0.00353,0.90593,1.00536,0.90753,1.00611,0.00074,702,8.77,8.59,92.8,92.63,OH-6,T7,4178.44,4058.08,-120.36,1690.21,1662.07,-28.14,442.35,432.99,-9.36,1,caution,reverse flow,CAUTION,734,702,734,702,-0.19,-0.17,66.0,0.24,OH-1 parallel with OH-2,T7,line 30 0.066->-0.045 reversed,True
S00259,IEEE_CompTestFeeder,740,9,120,129,0.98282,0.99286,0.01004,0.90627,1.00547,0.91071,1.00676,0.00129,702,8.75,8.4,92.76,92.42,OH-1 parallel with OH-2,T1,4167.29,4020.34,-146.95,1685.89,1631.91,-53.97,440.2,413.25,-26.95,1,caution,reverse flow,CAUTION,734,702,734,702,-0.34,-0.34,75.0,0.24,OH-1 parallel with OH-2,T7,line 25 0.107->-0.013 reversed,True
S00260,IEEE_CompTestFeeder,6332,0,155,155,0.91349,0.98428,0.07079,0.90593,1.00536,0.92755,1.00677,0.0014,702,8.77,34.08,92.8,92.42,SEC-7,T1,4178.44,4001.44,-177.0,1690.21,1633.27,-56.94,442.35,420.36,-22.0,1,voltage_rise,Voltage rise at PV bus 6332 0.0708 pu exceeds 0.05,CONSTRAINED,734,702,735,702,25.3,-0.38,0,0.24,OH-1 parallel with OH-2,T7,line 38 0.016->-0.131 reversed,True
S00261,IEEE_CompTestFeeder,6322,0,163,163,0.92107,0.93296,0.01189,0.90593,1.00536,0.91802,1.00694,0.00158,702,8.77,8.32,92.8,92.41,OH-1 parallel with OH-2,T1,4178.44,3983.04,-195.4,1690.21,1625.85,-64.36,442.35,409.96,-32.4,1,caution,reverse flow,CAUTION,734,702,734,702,-0.45,-0.4,0,0.24,OH-1 parallel with OH-2,T7,trafo 3 reversed,True
S00262,IEEE_CompTestFeeder,632,0,194,194,0.92107,0.93512,0.01405,0.90593,1.00536,0.92021,1.00722,0.00185,702,8.77,8.24,92.8,109.71,OH-1 parallel with OH-2,T4,4178.44,3946.49,-231.95,1690.21,1614.94,-75.27,442.35,404.41,-37.95,1,transformer_loading,Transformer T4 loading 109.7% exceeds 100.0%,CONSTRAINED,734,702,734,702,-0.54,16.91,0,0.24,OH-1 parallel with OH-2,T7,trafo 3 reversed,True
S00263,IEEE_CompTestFeeder,714,6,165,171,0.99098,0.99489,0.00391,0.90597,1.0054,0.90718,1.00637,0.00097,702,8.77,8.76,92.8,92.67,OH-1 parallel with OH-2,T7,4172.16,3999.98,-172.17,1688.83,1653.63,-35.21,442.07,434.9,-7.17,0,none,No violation,SAFE,734,702,734,702,-0.01,-0.13,240.0,0.208,OH-1 parallel with OH-2,T7,none,True
S00264,IEEE_CompTestFeeder,739,0,25,25,0.98479,0.98694,0.00215,0.90593,1.00536,0.90687,1.00564,0.00028,702,8.77,8.7,92.8,92.7,OH-1 parallel with OH-2,T7,4178.44,4147.6,-30.84,1690.21,1678.54,-11.67,442.35,436.51,-5.84,0,none,No violation,SAFE,734,702,734,702,-0.07,-0.11,41.1,0.24,OH-1 parallel with OH-2,T7,none,True
S00265,IEEE_CompTestFeeder,725,0,146,146,0.99457,1.08722,0.09265,0.90593,1.00536,0.90771,1.08722,0.08185,625,8.77,32.3,92.8,92.61,SEC-2,T7,4178.44,4033.51,-144.94,1690.21,1661.87,-28.34,442.35,443.42,1.06,1,voltage,Max voltage 1.0872 pu at bus 625 exceeds 1.05,CONSTRAINED,734,702,734,625,23.53,-0.19,0,0.24,OH-1 parallel with OH-2,T7,line 30 0.066->-0.068 reversed,True
S00266,IEEE_CompTestFeeder,708,0,109,109,0.95802,0.96205,0.00403,0.90593,1.00536,0.90671,1.00599,0.00062,702,8.77,8.77,92.8,92.72,OH-1 parallel with OH-2,T7,4178.44,4064.74,-113.7,1690.21,1667.81,-22.4,442.35,437.65,-4.7,1,caution,reverse flow,CAUTION,734,702,734,702,-0.01,-0.08,75.0,0.24,OH-1 parallel with OH-2,T7,trafo 16 reversed,True
S00267,IEEE_CompTestFeeder,7121,0,125,125,0.95827,0.96365,0.00538,0.90593,1.00536,0.90681,1.00607,0.0007,702,8.77,8.76,92.8,92.71,OH-1 parallel with OH-2,T7,4178.44,4048.13,-130.32,1690.21,1664.93,-25.28,442.35,437.04,-5.32,1,caution,reverse flow,CAUTION,734,702,734,702,-0.01,-0.09,0,0.24,OH-1 parallel with OH-2,T7,line 29 0.065->-0.060 reversed,True
S00268,IEEE_CompTestFeeder,770,0,78,78,0.95062,0.96038,0.00977,0.90593,1.00536,0.90973,1.00662,0.00125,702,8.77,8.51,92.8,92.44,OH-1 parallel with OH-2,T1,4178.44,4069.93,-108.52,1690.21,1635.13,-55.08,442.35,411.84,-30.52,0,none,No violation,SAFE,734,702,734,702,-0.27,-0.36,450.0,0.24,OH-1 parallel with OH-2,T7,none,True
S00269,IEEE_CompTestFeeder,769,10,23,33,0.95566,0.95927,0.0036,0.90642,1.00553,0.90753,1.00589,0.00037,702,8.74,8.66,92.74,92.61,OH-1 parallel with OH-2,T7,4164.44,4132.44,-32.01,1683.08,1667.02,-16.06,438.36,429.35,-9.01,0,none,No violation,SAFE,734,702,734,702,-0.08,-0.14,41.0,0.24,OH-1 parallel with OH-2,T7,none,True
S00270,IEEE_CompTestFeeder,743,15,207,222,0.96476,0.97885,0.0141,0.90654,1.00555,0.91463,1.00798,0.00243,702,8.73,8.11,92.54,92.3,OH-1 parallel with OH-2,T1,4159.32,3899.75,-259.57,1682.15,1579.75,-102.4,438.23,385.66,-52.57,0,none,No violation,SAFE,734,702,734,702,-0.61,-0.24,240.0,0.24,OH-1 parallel with OH-2,T1,none,True
S00271,IEEE_CompTestFeeder,733,0,144,144,0.91349,0.97961,0.06612,0.90593,1.00536,0.92723,1.00668,0.00132,702,8.77,31.55,92.8,92.43,SEC-7,T1,4178.44,4013.18,-165.26,1690.21,1636.64,-53.57,442.35,421.09,-21.26,1,voltage_rise,Voltage rise at PV bus 733 0.0661 pu exceeds 0.05,CONSTRAINED,734,702,735,702,22.77,-0.37,0,0.24,OH-1 parallel with OH-2,T7,line 38 0.016->-0.121 reversed,True
S00272,IEEE_CompTestFeeder,740,0,237,237,0.98204,1.00144,0.0194,0.90593,1.00536,0.91447,1.00782,0.00246,702,8.77,8.1,92.8,110.32,OH-1 parallel with OH-2,T5,4178.44,3890.75,-287.69,1690.21,1588.91,-101.3,442.35,391.66,-50.69,1,transformer_loading,Transformer T5 loading 110.3% exceeds 100.0%,CONSTRAINED,734,702,734,702,-0.67,17.52,75.0,0.24,OH-1 parallel with OH-2,T7,line 25 0.117->-0.120 reversed,True
S00273,IEEE_CompTestFeeder,762,4,20,24,0.93683,0.9394,0.00257,0.90611,1.00542,0.90704,1.00572,0.0003,702,8.76,8.7,92.78,92.67,OH-1 parallel with OH-2,T7,4172.97,4145.69,-27.27,1687.59,1674.64,-12.95,440.88,433.6,-7.27,0,none,No violation,SAFE,734,702,734,702,-0.07,-0.11,45.0,0.48,OH-1 parallel with OH-2,T7,none,True
S00274,IEEE_CompTestFeeder,726,12,196,208,1.00683,1.17378,0.16695,0.9061,1.00683,0.90808,1.17378,0.16695,626,8.75,42.63,92.78,92.57,SEC-1,T7,4165.54,3987.97,-177.58,1687.14,1660.53,-26.61,441.46,459.88,18.42,1,voltage,Max voltage 1.1738 pu at bus 626 exceeds 1.05,CONSTRAINED,734,626,734,626,33.88,-0.21,0,0.24,OH-1 parallel with OH-2,T7,line 30 0.054->-0.110 reversed,True
S00275,IEEE_CompTestFeeder,769,0,124,124,0.95408,0.973,0.01892,0.90593,1.00536,0.91176,1.00726,0.00189,702,8.77,8.36,92.8,92.38,OH-1 parallel with OH-2,T1,4178.44,4008.3,-170.14,1690.21,1607.76,-82.45,442.35,396.21,-46.14,1,caution,reverse flow,CAUTION,734,702,734,702,-0.41,-0.43,41.0,0.24,OH-1 parallel with OH-2,T7,trafo 7 reversed,True
S00276,IEEE_CompTestFeeder,772,0,246,246,0.93426,0.95988,0.02562,0.90593,1.00536,0.91677,1.00879,0.00342,702,8.77,7.98,92.8,92.23,OH-1 parallel with OH-2,T1,4178.44,3850.5,-327.95,1690.21,1543.13,-147.08,442.35,360.41,-81.95,1,caution,reverse flow,CAUTION,734,702,734,702,-0.79,-0.58,100.0,0.208,OH-1 parallel with OH-2,T7,line 21 0.100->-0.146 reversed,True
S00277,IEEE_CompTestFeeder,762,0,131,131,0.93632,0.95263,0.01631,0.90593,1.00536,0.91178,1.00722,0.00186,702,8.77,8.35,92.8,92.38,OH-1 parallel with OH-2,T1,4178.44,4002.45,-175.99,1690.21,1610.07,-80.14,442.35,397.36,-44.99,1,caution,reverse flow,CAUTION,734,702,734,702,-0.43,-0.42,45.0,0.48,OH-1 parallel with OH-2,T7,line 23 0.091->-0.040 reversed,True
S00278,IEEE_CompTestFeeder,6332,0,15,15,0.91349,0.92088,0.00738,0.90593,1.00536,0.91337,1.00552,0.00016,702,8.77,8.73,92.8,92.75,OH-1 parallel with OH-2,T7,4178.44,4160.08,-18.36,1690.21,1683.7,-6.51,442.35,438.99,-3.36,0,none,No violation,SAFE,734,702,734,702,-0.04,-0.06,0,0.24,OH-1 parallel with OH-2,T7,none,True
S00279,IEEE_CompTestFeeder,6331,12,69,81,0.91941,0.95191,0.0325,0.91189,1.00549,0.92531,1.00615,0.00066,702,8.74,16.66,92.76,92.51,SEC-7,T7,4163.73,4082.65,-81.08,1684.98,1657.78,-27.2,439.64,427.56,-12.08,1,caution,rise 0.0325>=0.03; reverse flow,CAUTION,734,702,735,702,7.92,-0.25,0,0.24,OH-1 parallel with OH-2,T7,trafo 3 reversed,True
S00280,IEEE_CompTestFeeder,623,0,177,177,0.99457,1.15053,0.15597,0.90593,1.00536,0.90785,1.15053,0.14517,623,8.77,37.01,92.8,92.6,SEC-4,T7,4178.44,4012.87,-165.58,1690.21,1662.47,-27.74,442.35,453.78,11.42,1,voltage,Max voltage 1.1505 pu at bus 623 exceeds 1.05,CONSTRAINED,734,702,734,623,28.23,-0.2,0,0.24,OH-1 parallel with OH-2,T7,line 30 0.066->-0.087 reversed,True
S00281,IEEE_CompTestFeeder,622,13,215,228,1.0036,1.13267,0.12908,0.90612,1.00545,0.90846,1.13267,0.12722,622,8.74,48.42,92.78,92.53,SEC-4,T7,4164.42,3961.66,-202.76,1686.85,1653.1,-33.75,441.34,453.58,12.24,1,voltage,Max voltage 1.1327 pu at bus 622 exceeds 1.05,CONSTRAINED,734,702,734,622,39.68,-0.25,0,0.24,OH-1 parallel with OH-2,T7,line 30 0.053->-0.135 reversed,True
S00282,IEEE_CompTestFeeder,762,0,200,200,0.93632,0.96075,0.02444,0.90593,1.00536,0.91467,1.00811,0.00274,702,8.77,8.13,92.8,109.26,OH-1 parallel with OH-2,T13,4178.44,3912.31,-266.13,1690.21,1572.38,-117.83,442.35,376.23,-66.13,1,transformer_loading,Transformer T13 loading 109.3% exceeds 100.0%,CONSTRAINED,734,702,734,702,-0.64,16.46,45.0,0.48,OH-1 parallel with OH-2,T7,line 23 0.091->-0.108 reversed,True
S00283,IEEE_CompTestFeeder,728,0,171,171,0.93707,0.96891,0.03184,0.90593,1.00536,0.91,1.00668,0.00132,702,8.77,8.34,92.8,185.97,OH-1 parallel with OH-2,T3,4178.44,3985.74,-192.7,1690.21,1638.95,-51.26,442.35,420.65,-21.7,1,transformer_loading,Transformer T3 loading 186.0% exceeds 100.0%,CONSTRAINED,734,702,734,702,-0.44,93.17,38.0,0.24,OH-1 parallel with OH-2,T7,trafo 2 reversed,True
S00284,IEEE_CompTestFeeder,6332,5,154,159,0.91597,0.98597,0.07,0.90842,1.00542,0.92766,1.0068,0.00138,702,8.76,34.99,92.78,92.42,SEC-7,T1,4172.29,3997.2,-175.09,1688.01,1632.06,-55.95,441.2,420.11,-21.09,1,voltage_rise,Voltage rise at PV bus 6332 0.0700 pu exceeds 0.05,CONSTRAINED,734,702,735,702,26.23,-0.36,0,0.24,OH-1 parallel with OH-2,T7,line 38 0.011->-0.135 reversed,True
S00285,IEEE_CompTestFeeder,6331,0,130,130,0.91349,0.9736,0.06011,0.90593,1.00536,0.92682,1.00657,0.0012,702,8.77,28.3,92.8,92.44,SEC-7,T1,4178.44,4028.28,-150.16,1690.21,1641.06,-49.15,442.35,422.19,-20.16,1,voltage_rise,Voltage rise at PV bus 6331 0.0601 pu exceeds 0.05,CONSTRAINED,734,702,735,702,19.52,-0.36,0,0.24,OH-1 parallel with OH-2,T7,line 38 0.016->-0.109 reversed,True
S00286,IEEE_CompTestFeeder,712,0,109,109,0.95827,0.96298,0.00471,0.90593,1.00536,0.9067,1.00598,0.00062,702,8.77,8.77,92.8,92.72,OH-1 parallel with OH-2,T7,4178.44,4064.72,-113.72,1690.21,1667.93,-22.28,442.35,437.63,-4.72,1,caution,reverse flow,CAUTION,734,702,734,702,-0.01,-0.08,65.0,0.24,OH-1 parallel with OH-2,T7,line 29 0.065->-0.044 reversed,True
S00287,IEEE_CompTestFeeder,6212,0,31,31,0.99457,1.00579,0.01122,0.90593,1.00536,0.90637,1.00579,0.00043,621,8.77,8.7,92.8,92.76,OH-1 parallel with OH-2,T7,4178.44,4145.09,-33.35,1690.21,1682.3,-7.91,442.35,440.0,-2.35,0,none,No violation,SAFE,734,702,734,621,-0.07,-0.05,0,0.24,OH-1 parallel with OH-2,T7,none,True
S00288,IEEE_CompTestFeeder,725,0,182,182,0.99457,1.10765,0.11308,0.90593,1.00536,0.90806,1.10765,0.10228,625,8.77,39.53,92.8,92.58,SEC-1,T7,4178.44,4001.26,-177.18,1690.21,1657.5,-32.71,442.35,447.18,4.82,1,voltage,Max voltage 1.1076 pu at bus 625 exceeds 1.05,CONSTRAINED,734,702,734,625,30.75,-0.23,0,0.24,OH-1 parallel with OH-2,T7,line 30 0.066->-0.098 reversed,True
S00289,IEEE_CompTestFeeder,7482,0,246,246,0.95588,0.97936,0.02349,0.90593,1.00536,0.91566,1.00829,0.00292,702,8.77,8.04,92.8,119.32,OH-1 parallel with OH-2,T8,4178.44,3866.32,-312.12,1690.21,1567.13,-123.08,442.35,376.23,-66.12,1,transformer_loading,Transformer T8 loading 119.3% exceeds 100.0%,CONSTRAINED,734,702,734,702,-0.74,26.52,0,0.24,OH-1 parallel with OH-2,T7,trafo 5 reversed,True
S00290,IEEE_CompTestFeeder,6261,11,14,25,1.00582,1.01976,0.01394,0.90609,1.00582,0.90628,1.01976,0.01394,626,8.75,8.72,92.79,92.77,OH-1 parallel with OH-2,T7,4166.61,4151.92,-14.69,1687.38,1684.06,-3.33,441.52,440.83,-0.69,0,none,No violation,SAFE,734,626,734,626,-0.03,-0.02,0,0.24,OH-1 parallel with OH-2,T7,none,True
S00291,IEEE_CompTestFeeder,6211,0,202,202,0.99457,1.06308,0.06851,0.90593,1.00536,0.90849,1.06308,0.05772,621,8.77,45.71,92.8,92.53,SEC-4,T7,4178.44,3973.22,-205.22,1690.21,1648.97,-41.24,442.35,439.13,-3.22,1,voltage,Max voltage 1.0631 pu at bus 621 exceeds 1.05,CONSTRAINED,734,702,734,621,36.93,-0.27,0,0.24,OH-1 parallel with OH-2,T7,line 30 0.066->-0.124 reversed,True
S00292,IEEE_CompTestFeeder,6261,3,173,176,0.99767,1.14977,0.1521,0.90597,1.00539,0.90784,1.14977,0.14438,626,8.77,36.82,92.8,92.6,SEC-1,T7,4175.19,4013.68,-161.5,1689.42,1662.54,-26.88,442.1,453.6,11.5,1,voltage,Max voltage 1.1498 pu at bus 626 exceeds 1.05,CONSTRAINED,734,702,734,626,28.06,-0.2,0,0.24,OH-1 parallel with OH-2,T7,line 30 0.063->-0.086 reversed,True
S00293,IEEE_CompTestFeeder,7692,0,18,18,0.95408,0.95692,0.00284,0.90593,1.00536,0.90681,1.00566,0.00029,702,8.77,8.71,92.8,92.7,OH-1 parallel with OH-2,T7,4178.44,4153.28,-25.16,1690.21,1677.44,-12.77,442.35,435.19,-7.16,0,none,No violation,SAFE,734,702,734,702,-0.06,-0.11,0,0.24,OH-1 parallel with OH-2,T7,none,True
S00294,IEEE_CompTestFeeder,732,0,164,164,0.92107,0.93303,0.01196,0.90593,1.00536,0.91809,1.00695,0.00159,702,8.77,8.32,92.8,92.41,OH-1 parallel with OH-2,T1,4178.44,3981.86,-196.58,1690.21,1625.49,-64.72,442.35,409.77,-32.58,1,caution,reverse flow,CAUTION,734,702,734,702,-0.46,-0.4,25.4,0.24,OH-1 parallel with OH-2,T7,trafo 3 reversed,True
S00295,IEEE_CompTestFeeder,7482,0,199,199,0.95588,0.97509,0.01922,0.90593,1.00536,0.9139,1.00778,0.00241,702,8.77,8.17,92.8,92.32,OH-1 parallel with OH-2,T1,4178.44,3924.7,-253.74,1690.21,1588.21,-102.0,442.35,387.61,-54.74,1,caution,reverse flow,CAUTION,734,702,734,702,-0.6,-0.48,0,0.24,OH-1 parallel with OH-2,T7,trafo 5 reversed,True
S00296,IEEE_CompTestFeeder,626,0,145,145,0.99457,1.12552,0.13095,0.90593,1.00536,0.90758,1.12552,0.12016,626,8.77,30.99,92.8,92.63,SEC-1,T7,4178.44,4039.61,-138.83,1690.21,1665.21,-25.0,442.35,448.52,6.17,1,voltage,Max voltage 1.1255 pu at bus 626 exceeds 1.05,CONSTRAINED,734,702,734,626,22.22,-0.18,0,0.24,OH-1 parallel with OH-2,T7,line 30 0.066->-0.062 reversed,True
S00297,IEEE_CompTestFeeder,721,10,230,240,0.99822,1.07491,0.07668,0.90607,1.00543,0.90889,1.07491,0.06947,621,8.75,53.71,92.79,92.49,SEC-4,T7,4167.6,3937.43,-230.17,1687.59,1643.6,-43.99,441.51,441.34,-0.17,1,voltage,Max voltage 1.0749 pu at bus 621 exceeds 1.05,CONSTRAINED,734,702,734,621,44.96,-0.3,0,0.24,OH-1 parallel with OH-2,T7,line 30 0.056->-0.157 reversed,True
S00298,IEEE_CompTestFeeder,7481,0,166,166,0.95588,0.97204,0.01616,0.90593,1.00536,0.91264,1.00741,0.00204,702,8.77,8.27,92.8,92.36,OH-1 parallel with OH-2,T1,4178.44,3966.03,-212.41,1690.21,1603.67,-86.54,442.35,395.94,-46.41,1,caution,reverse flow,CAUTION,734,702,734,702,-0.51,-0.44,0,0.24,OH-1 parallel with OH-2,T7,trafo 5 reversed,True
S00299,IEEE_CompTestFeeder,748,7,146,153,0.95658,0.97082,0.01423,0.90622,1.00546,0.91213,1.00726,0.0018,702,8.75,8.31,92.77,92.38,OH-1 parallel with OH-2,T1,4169.32,3982.39,-186.94,1686.25,1609.92,-76.34,440.24,399.3,-40.94,1,caution,reverse flow,CAUTION,734,702,734,702,-0.44,-0.39,76.88,0.24,OH-1 parallel with OH-2,T7,trafo 5 reversed,True
S00300,IEEE_CompTestFeeder,621,0,28,28,0.99457,1.00472,0.01015,0.90593,1.00536,0.90633,1.00555,0.00019,702,8.77,8.71,92.8,92.76,OH-1 parallel with OH-2,T7,4178.44,4148.28,-30.16,1690.21,1683.04,-7.17,442.35,440.2,-2.16,0,none,No violation,SAFE,734,702,734,702,-0.07,-0.04,0,0.24,OH-1 parallel with OH-2,T7,none,True
S00301,IEEE_CompTestFeeder,740,4,123,127,0.98239,0.9927,0.01031,0.90608,1.00541,0.91063,1.00674,0.00133,702,8.76,8.41,92.79,92.43,OH-1 parallel with OH-2,T1,4173.48,4022.76,-150.72,1688.28,1632.76,-55.53,441.39,413.67,-27.72,1,caution,reverse flow,CAUTION,734,702,734,702,-0.35,-0.36,75.0,0.24,OH-1 parallel with OH-2,T7,line 25 0.112->-0.011 reversed,True
S00302,IEEE_CompTestFeeder,720,0,44,44,0.99457,0.99598,0.00141,0.90593,1.00536,0.90657,1.00567,0.0003,702,8.77,8.67,92.8,92.73,OH-1 parallel with OH-2,T7,4178.44,4130.62,-47.82,1690.21,1678.73,-11.48,442.35,438.54,-3.82,0,none,No violation,SAFE,734,702,734,702,-0.11,-0.07,66.0,0.24,OH-1 parallel with OH-2,T7,none,True
S00303,IEEE_CompTestFeeder,7482,7,135,142,0.95658,0.96978,0.0132,0.90622,1.00546,0.91171,1.00713,0.00167,702,8.75,8.34,92.77,92.39,OH-1 parallel with OH-2,T1,4169.32,3996.26,-173.06,1686.25,1615.27,-70.98,440.24,402.18,-38.06,1,caution,reverse flow,CAUTION,734,702,734,702,-0.41,-0.38,0,0.24,OH-1 parallel with OH-2,T7,trafo 5 reversed,True
S00304,IEEE_CompTestFeeder,762,0,128,128,0.93632,0.95227,0.01595,0.90593,1.00536,0.91165,1.00718,0.00182,702,8.77,8.36,92.8,92.38,OH-1 parallel with OH-2,T1,4178.44,4006.41,-172.04,1690.21,1611.78,-78.43,442.35,398.32,-44.04,1,caution,reverse flow,CAUTION,734,702,734,702,-0.42,-0.42,45.0,0.48,OH-1 parallel with OH-2,T7,line 23 0.091->-0.037 reversed,True
S00305,IEEE_CompTestFeeder,7392,0,146,146,0.98479,0.997,0.01221,0.90593,1.00536,0.91126,1.00691,0.00154,702,8.77,8.36,92.8,92.41,OH-1 parallel with OH-2,T1,4178.44,4000.33,-178.11,1690.21,1626.18,-64.03,442.35,410.24,-32.11,1,caution,reverse flow,CAUTION,734,702,734,702,-0.42,-0.39,0,0.24,OH-1 parallel with OH-2,T7,line 25 0.117->-0.029 reversed,True
S00306,IEEE_CompTestFeeder,723,0,240,240,0.99457,1.19686,0.20229,0.90593,1.00536,0.90829,1.19686,0.19149,623,8.77,48.24,92.8,92.55,SEC-4,T7,4178.44,3963.21,-215.23,1690.21,1659.19,-31.02,442.35,467.12,24.77,1,voltage,Max voltage 1.1969 pu at bus 623 exceeds 1.05,CONSTRAINED,734,702,734,623,39.46,-0.25,0,0.24,OH-1 parallel with OH-2,T7,line 30 0.066->-0.134 reversed,True
S00307,IEEE_CompTestFeeder,7641,5,226,231,0.93718,0.96468,0.0275,0.90616,1.00544,0.91593,1.00849,0.00305,702,8.76,8.04,92.78,128.99,OH-1 parallel with OH-2,T14,4171.6,3872.35,-299.25,1686.93,1556.35,-130.58,440.51,367.27,-73.25,1,transformer_loading,Transformer T14 loading 129.0% exceeds 100.0%,CONSTRAINED,734,702,734,702,-0.72,36.21,0,0.24,OH-1 parallel with OH-2,T7,line 23 0.086->-0.138 reversed,True
S00308,IEEE_CompTestFeeder,633,0,207,207,0.91349,1.00574,0.09225,0.90593,1.00536,0.92899,1.00715,0.00178,702,8.77,45.76,92.8,109.67,SEC-7,T4,4178.44,3947.38,-231.06,1690.21,1618.47,-71.74,442.35,418.29,-24.06,1,voltage_rise,Voltage rise at PV bus 633 0.0923 pu exceeds 0.05,CONSTRAINED,734,702,735,702,36.99,16.86,0,0.24,OH-1 parallel with OH-2,T7,line 38 0.016->-0.177 reversed,True
S00309,IEEE_CompTestFeeder,6321,0,206,206,0.92107,0.93595,0.01488,0.90593,1.00536,0.92105,1.00732,0.00196,702,8.77,8.21,92.8,118.09,OH-1 parallel with OH-2,T4,4178.44,3932.4,-246.04,1690.21,1610.83,-79.38,442.35,402.31,-40.04,1,transformer_loading,Transformer T4 loading 118.1% exceeds 100.0%,CONSTRAINED,734,702,734,702,-0.57,25.28,0,0.24,OH-1 parallel with OH-2,T7,trafo 3 reversed,True
S00310,IEEE_CompTestFeeder,7483,0,5,5,0.95588,0.95638,0.00051,0.90593,1.00536,0.90614,1.00543,7e-05,702,8.77,8.76,92.8,92.78,OH-1 parallel with OH-2,T7,4178.44,4171.93,-6.51,1690.21,1687.38,-2.83,442.35,440.84,-1.51,0,none,No violation,SAFE,734,702,734,702,-0.02,-0.03,0,0.24,OH-1 parallel with OH-2,T7,none,True
S00311,IEEE_CompTestFeeder,769,12,153,165,0.95598,0.97893,0.02295,0.90652,1.00556,0.91357,1.00783,0.00227,702,8.73,8.23,92.73,92.32,OH-1 parallel with OH-2,T1,4161.65,3953.59,-208.06,1681.67,1583.18,-98.49,437.56,382.51,-55.06,1,caution,reverse flow,CAUTION,734,702,734,702,-0.51,-0.41,41.0,0.24,OH-1 parallel with OH-2,T7,trafo 7 reversed,True
S00312,IEEE_CompTestFeeder,7481,10,142,152,0.95689,0.97072,0.01384,0.90635,1.0055,0.9121,1.00724,0.00175,702,8.74,8.31,92.75,92.38,OH-1 parallel with OH-2,T1,4165.42,3983.65,-181.77,1684.56,1610.4,-74.16,439.33,399.56,-39.77,1,caution,reverse flow,CAUTION,734,702,734,702,-0.43,-0.37,0,0.24,OH-1 parallel with OH-2,T7,trafo 5 reversed,True
S00313,IEEE_CompTestFeeder,7393,0,146,146,0.98479,0.997,0.01221,0.90593,1.00536,0.91126,1.00691,0.00154,702,8.77,8.36,92.8,92.41,OH-1 parallel with OH-2,T1,4178.44,4000.33,-178.11,1690.21,1626.18,-64.03,442.35,410.24,-32.11,1,caution,reverse flow,CAUTION,734,702,734,702,-0.42,-0.39,0,0.24,OH-1 parallel with OH-2,T7,line 25 0.117->-0.029 reversed,True
S00314,IEEE_CompTestFeeder,7692,0,243,243,0.95408,0.9898,0.03572,0.90593,1.00536,0.91687,1.00885,0.00349,702,8.77,7.98,92.8,136.5,OH-1 parallel with OH-2,T22,4178.44,3851.44,-327.0,1690.21,1539.77,-150.44,442.35,358.36,-84.0,1,transformer_loading,Transformer T22 loading 136.5% exceeds 100.0%,CONSTRAINED,734,702,734,702,-0.79,43.7,0,0.24,OH-1 parallel with OH-2,T7,trafo 7 reversed,True
S00315,IEEE_CompTestFeeder,6211,14,66,80,0.99967,1.02297,0.02329,0.90613,1.00546,0.90704,1.02297,0.01751,621,8.74,18.81,92.78,92.68,SEC-4,T7,4163.28,4093.85,-69.43,1686.56,1671.06,-15.5,441.2,437.76,-3.43,1,caution,reverse flow,CAUTION,734,702,734,621,10.07,-0.1,0,0.24,OH-1 parallel with OH-2,T7,line 30 0.052->-0.012 reversed,True
S00316,IEEE_CompTestFeeder,6251,0,203,203,0.99457,1.11922,0.12465,0.90593,1.00536,0.90825,1.11922,0.11385,625,8.77,43.63,92.8,92.56,SEC-1,T7,4178.44,3982.98,-195.47,1690.21,1655.34,-34.87,442.35,449.89,7.53,1,voltage,Max voltage 1.1192 pu at bus 625 exceeds 1.05,CONSTRAINED,734,702,734,625,34.86,-0.25,0,0.24,OH-1 parallel with OH-2,T7,line 30 0.066->-0.115 reversed,True
S00317,IEEE_CompTestFeeder,6262,0,195,195,0.99457,1.16414,0.16957,0.90593,1.00536,0.90798,1.16414,0.15878,626,8.77,40.3,92.8,92.58,SEC-1,T7,4178.44,3998.29,-180.15,1690.21,1661.26,-28.95,442.35,457.21,14.85,1,voltage,Max voltage 1.1641 pu at bus 626 exceeds 1.05,CONSTRAINED,734,702,734,626,31.52,-0.22,0,0.24,OH-1 parallel with OH-2,T7,line 30 0.066->-0.101 reversed,True
S00318,IEEE_CompTestFeeder,7392,15,102,117,0.98609,0.99464,0.00856,0.90649,1.00553,0.91023,1.00662,0.00108,702,8.73,8.44,92.74,92.44,OH-1 parallel with OH-2,T1,4159.92,4035.33,-124.59,1683.17,1638.12,-45.05,438.83,416.24,-22.59,1,caution,reverse flow,CAUTION,734,702,734,702,-0.29,-0.3,0,0.24,OH-1 parallel with OH-2,T7,line 26 0.026->-0.076 reversed,True
S00319,IEEE_CompTestFeeder,6251,15,215,230,1.00497,1.13374,0.12877,0.90614,1.00547,0.90848,1.13374,0.12827,625,8.74,48.8,92.78,92.53,SEC-1,T7,4162.29,3959.98,-202.31,1686.35,1652.94,-33.41,441.2,453.89,12.69,1,voltage,Max voltage 1.1337 pu at bus 625 exceeds 1.05,CONSTRAINED,734,702,734,625,40.06,-0.25,0,0.24,OH-1 parallel with OH-2,T7,line 30 0.051->-0.136 reversed,True
S00320,IEEE_CompTestFeeder,724,0,14,14,0.99457,0.99967,0.00511,0.90593,1.00536,0.90613,1.00546,0.0001,702,8.77,8.74,92.8,92.78,OH-1 parallel with OH-2,T7,4178.44,4163.28,-15.16,1690.21,1686.56,-3.65,442.35,441.2,-1.16,0,none,No violation,SAFE,734,702,734,702,-0.03,-0.02,0,0.24,OH-1 parallel with OH-2,T7,none,True
S00321,IEEE_CompTestFeeder,721,0,156,156,0.99457,1.04836,0.05379,0.90593,1.00536,0.90797,1.04836,0.043,621,8.77,35.8,92.8,92.59,SEC-4,T7,4178.44,4017.63,-160.81,1690.21,1656.39,-33.82,442.35,437.54,-4.81,1,voltage_rise,Voltage rise at PV bus 721 0.0538 pu exceeds 0.05,CONSTRAINED,734,702,734,621,27.02,-0.22,0,0.24,OH-1 parallel with OH-2,T7,line 30 0.066->-0.082 reversed,True
S00322,IEEE_CompTestFeeder,6212,10,30,40,0.99822,1.009,0.01078,0.90607,1.00543,0.9065,1.009,0.00357,621,8.75,9.54,92.79,92.74,SEC-4,T7,4167.6,4135.54,-32.05,1687.59,1680.12,-7.46,441.51,439.46,-2.05,0,none,No violation,SAFE,734,702,734,621,0.79,-0.05,0,0.24,OH-1 parallel with OH-2,T7,none,True
S00323,IEEE_CompTestFeeder,7643,3,189,192,0.93692,0.96017,0.02326,0.90607,1.00541,0.91434,1.00801,0.0026,702,8.76,8.16,92.79,102.83,OH-1 parallel with OH-2,T14,4174.33,3922.67,-251.66,1688.24,1576.56,-111.68,441.25,378.58,-62.66,1,transformer_loading,Transformer T14 loading 102.8% exceeds 100.0%,CONSTRAINED,734,702,734,702,-0.61,10.04,0,0.24,OH-1 parallel with OH-2,T7,line 23 0.088->-0.100 reversed,True
S00324,IEEE_CompTestFeeder,723,0,172,172,0.99457,1.1467,0.15213,0.90593,1.00536,0.90781,1.1467,0.14133,623,8.77,36.08,92.8,92.6,SEC-4,T7,4178.44,4016.97,-161.47,1690.21,1662.84,-27.37,442.35,452.88,10.53,1,voltage,Max voltage 1.1467 pu at bus 623 exceeds 1.05,CONSTRAINED,734,702,734,623,27.31,-0.2,0,0.24,OH-1 parallel with OH-2,T7,line 30 0.066->-0.083 reversed,True
S00325,IEEE_CompTestFeeder,724,0,205,205,0.99457,1.06403,0.06946,0.90593,1.00536,0.90852,1.06403,0.05866,624,8.77,46.35,92.8,92.53,SEC-1,T7,4178.44,3970.36,-208.08,1690.21,1648.52,-41.69,442.35,439.28,-3.08,1,voltage,Max voltage 1.0640 pu at bus 624 exceeds 1.05,CONSTRAINED,734,702,734,624,37.57,-0.28,0,0.24,OH-1 parallel with OH-2,T7,line 30 0.066->-0.126 reversed,True
S00326,IEEE_CompTestFeeder,759,0,182,182,0.9374,0.9591,0.02171,0.90593,1.00536,0.91385,1.00785,0.00248,702,8.77,8.19,92.8,103.1,OH-1 parallel with OH-2,T12,4178.44,3936.62,-241.82,1690.21,1583.7,-106.51,442.35,382.54,-59.82,1,transformer_loading,Transformer T12 loading 103.1% exceeds 100.0%,CONSTRAINED,734,702,734,702,-0.58,10.3,35.0,0.24,OH-1 parallel with OH-2,T7,line 18 0.035->-0.146 reversed,True
S00327,IEEE_CompTestFeeder,6252,0,223,223,0.99457,1.13001,0.13544,0.90593,1.00536,0.90842,1.13001,0.12464,625,8.77,47.47,92.8,92.54,SEC-1,T7,4178.44,3965.89,-212.55,1690.21,1653.52,-36.69,442.35,452.8,10.45,1,voltage,Max voltage 1.1300 pu at bus 625 exceeds 1.05,CONSTRAINED,734,702,734,625,38.7,-0.27,0,0.24,OH-1 parallel with OH-2,T7,line 30 0.066->-0.131 reversed,True
S00328,IEEE_CompTestFeeder,6212,11,102,113,0.99859,1.03417,0.03558,0.90609,1.00544,0.90746,1.03417,0.02873,621,8.75,26.29,92.79,92.64,SEC-4,T7,4166.52,4060.29,-106.22,1687.33,1664.3,-23.03,441.43,437.21,-4.22,1,caution,max 1.0342>1.03; rise 0.0356>=0.03; reverse flow,CAUTION,734,702,734,621,17.54,-0.15,0,0.24,OH-1 parallel with OH-2,T7,line 30 0.055->-0.043 reversed,True
S00329,IEEE_CompTestFeeder,6202,0,232,232,0.99457,1.00181,0.00725,0.90593,1.00536,0.90921,1.00686,0.0015,702,8.77,8.57,92.8,92.45,OH-6,T7,4178.44,3927.87,-250.57,1690.21,1634.42,-55.79,442.35,423.78,-18.57,1,caution,reverse flow,CAUTION,734,702,734,702,-0.2,-0.35,0,0.24,OH-1 parallel with OH-2,T7,line 30 0.066->-0.166 reversed,True
S00330,IEEE_CompTestFeeder,7481,3,163,166,0.95618,0.97204,0.01586,0.90605,1.0054,0.91264,1.00741,0.002,702,8.77,8.27,92.79,92.36,OH-1 parallel with OH-2,T1,4174.53,3966.03,-208.51,1688.51,1603.67,-84.84,441.45,395.94,-45.51,1,caution,reverse flow,CAUTION,734,702,734,702,-0.5,-0.43,0,0.24,OH-1 parallel with OH-2,T7,trafo 5 reversed,True
S00331,IEEE_CompTestFeeder,633,0,180,180,0.91349,0.99472,0.08123,0.90593,1.00536,0.92825,1.00695,0.00159,702,8.77,39.75,92.8,93.12,SEC-7,T4,4178.44,3975.17,-203.27,1690.21,1625.92,-64.29,442.35,419.08,-23.27,1,voltage_rise,Voltage rise at PV bus 633 0.0812 pu exceeds 0.05,CONSTRAINED,734,702,735,702,30.98,0.32,0,0.24,OH-1 parallel with OH-2,T7,line 38 0.016->-0.154 reversed,True
S00332,IEEE_CompTestFeeder,769,14,28,42,0.9563,0.96066,0.00437,0.90661,1.00559,0.90796,1.00603,0.00044,702,8.73,8.63,92.72,92.56,OH-1 parallel with OH-2,T7,4158.86,4119.99,-38.87,1680.25,1660.85,-19.4,436.77,425.9,-10.87,0,none,No violation,SAFE,734,702,734,702,-0.1,-0.16,41.0,0.24,OH-1 parallel with OH-2,T7,none,True
S00333,IEEE_CompTestFeeder,6331,15,167,182,0.92088,0.99555,0.07467,0.91337,1.00552,0.92831,1.00697,0.00145,702,8.73,40.2,92.75,94.36,SEC-7,T4,4160.08,3973.09,-186.99,1683.7,1625.36,-58.34,438.99,419.0,-19.99,1,voltage_rise,Voltage rise at PV bus 6331 0.0747 pu exceeds 0.05,CONSTRAINED,734,702,735,702,31.47,1.61,0,0.24,OH-1 parallel with OH-2,T7,trafo 3 reversed,True
S00334,IEEE_CompTestFeeder,714,0,182,182,0.99084,0.99514,0.00431,0.90593,1.00536,0.90726,1.00643,0.00107,702,8.77,8.76,92.8,92.66,OH-1 parallel with OH-2,T7,4178.44,3988.55,-189.89,1690.21,1651.46,-38.75,442.35,434.47,-7.89,0,none,No violation,SAFE,734,702,734,702,-0.02,-0.14,240.0,0.208,OH-1 parallel with OH-2,T7,none,True
S00335,IEEE_CompTestFeeder,772,3,88,91,0.93459,0.94407,0.00948,0.90607,1.00541,0.9101,1.0067,0.00129,702,8.76,8.47,92.79,92.43,OH-1 parallel with OH-2,T1,4174.32,4054.9,-119.43,1688.22,1632.02,-56.2,441.24,409.81,-31.43,0,none,No violation,SAFE,734,702,734,702,-0.29,-0.35,100.0,0.208,OH-1 parallel with OH-2,T7,none,True
S00336,IEEE_CompTestFeeder,632,0,100,100,0.92107,0.92848,0.00741,0.90593,1.00536,0.91346,1.00636,0.00099,702,8.77,8.49,92.8,92.46,OH-1 parallel with OH-2,T1,4178.44,4057.91,-120.53,1690.21,1649.3,-40.91,442.35,421.83,-20.53,1,caution,reverse flow,CAUTION,734,702,734,702,-0.28,-0.34,0,0.24,OH-1 parallel with OH-2,T7,trafo 3 reversed,True
S00337,IEEE_CompTestFeeder,6331,0,140,140,0.91349,0.9779,0.06441,0.90593,1.00536,0.92711,1.00665,0.00128,702,8.77,30.62,92.8,92.44,SEC-7,T1,4178.44,4017.48,-160.97,1690.21,1637.89,-52.32,442.35,421.39,-20.97,1,voltage_rise,Voltage rise at PV bus 6331 0.0644 pu exceeds 0.05,CONSTRAINED,734,702,735,702,21.85,-0.37,0,0.24,OH-1 parallel with OH-2,T7,line 38 0.016->-0.118 reversed,True
S00338,IEEE_CompTestFeeder,6262,0,207,207,0.99457,1.17304,0.17847,0.90593,1.00536,0.90807,1.17304,0.16768,626,8.77,42.45,92.8,92.57,SEC-1,T7,4178.44,3988.76,-189.69,1690.21,1660.58,-29.63,442.35,459.67,17.31,1,voltage,Max voltage 1.1730 pu at bus 626 exceeds 1.05,CONSTRAINED,734,702,734,626,33.68,-0.23,0,0.24,OH-1 parallel with OH-2,T7,line 30 0.066->-0.110 reversed,True
S00339,IEEE_CompTestFeeder,730,0,25,25,0.94698,0.94803,0.00106,0.90593,1.00536,0.90657,1.00558,0.00022,702,8.77,8.71,92.8,92.73,OH-1 parallel with OH-2,T7,4178.44,4149.57,-28.87,1690.21,1681.41,-8.8,442.35,438.49,-3.87,0,none,No violation,SAFE,734,702,734,702,-0.07,-0.07,85.0,0.24,OH-1 parallel with OH-2,T7,none,True
S00340,IEEE_CompTestFeeder,6242,0,66,66,0.99457,1.01813,0.02356,0.90593,1.00536,0.90685,1.01813,0.01276,624,8.77,15.59,92.8,92.7,SEC-1,T7,4178.44,4108.31,-70.13,1690.21,1674.12,-16.09,442.35,438.23,-4.13,0,none,No violation,SAFE,734,702,734,624,6.82,-0.1,0,0.24,OH-1 parallel with OH-2,T7,none,True
S00341,IEEE_CompTestFeeder,7482,5,64,69,0.95638,0.96276,0.00638,0.90614,1.00543,0.90879,1.00625,0.00082,702,8.76,8.56,92.78,92.48,OH-1 parallel with OH-2,T1,4171.93,4089.2,-82.73,1687.38,1652.4,-34.98,440.84,422.11,-18.73,0,none,No violation,SAFE,734,702,734,702,-0.2,-0.3,0,0.24,OH-1 parallel with OH-2,T7,none,True
S00342,IEEE_CompTestFeeder,7391,0,122,122,0.98479,0.99505,0.01026,0.90593,1.00536,0.91041,1.00667,0.0013,702,8.77,8.43,92.8,92.43,OH-1 parallel with OH-2,T1,4178.44,4029.28,-149.16,1690.21,1636.04,-54.17,442.35,415.2,-27.16,1,caution,reverse flow,CAUTION,734,702,734,702,-0.35,-0.37,0,0.24,OH-1 parallel with OH-2,T7,line 26 0.041->-0.081 reversed,True
S00343,IEEE_CompTestFeeder,756,0,235,235,0.93612,0.96085,0.02473,0.90593,1.00536,0.91629,1.00864,0.00328,702,8.77,8.02,92.8,92.24,OH-1 parallel with OH-2,T1,4178.44,3865.91,-312.53,1690.21,1549.14,-141.07,442.35,364.83,-77.53,1,caution,reverse flow,CAUTION,734,702,734,702,-0.75,-0.56,155.0,0.208,OH-1 parallel with OH-2,T7,line 16 0.156->-0.080 reversed,True
S00344,IEEE_CompTestFeeder,7391,13,144,157,0.98591,0.99789,0.01198,0.90642,1.00551,0.91164,1.00702,0.00151,702,8.74,8.33,92.75,92.4,OH-1 parallel with OH-2,T1,4162.39,3987.1,-175.28,1684.1,1621.75,-62.35,439.3,408.01,-31.28,1,caution,reverse flow,CAUTION,734,702,734,702,-0.41,-0.35,0,0.24,OH-1 parallel with OH-2,T7,line 25 0.103->-0.040 reversed,True
S00345,IEEE_CompTestFeeder,725,0,246,246,0.99457,1.14217,0.1476,0.90593,1.00536,0.90861,1.14217,0.1368,626,8.77,51.81,92.8,92.52,SEC-1,T7,4178.44,3946.62,-231.83,1690.21,1651.72,-38.49,442.35,456.53,14.17,1,voltage,Max voltage 1.1422 pu at bus 626 exceeds 1.05,CONSTRAINED,734,702,734,626,43.04,-0.29,0,0.24,OH-1 parallel with OH-2,T7,line 30 0.066->-0.149 reversed,True
S00346,IEEE_CompTestFeeder,6222,7,168,175,0.99945,1.10374,0.10428,0.90603,1.00541,0.908,1.10374,0.09832,622,8.76,38.14,92.79,92.58,SEC-4,T7,4170.86,4007.44,-163.42,1688.38,1658.28,-30.1,441.77,446.36,4.58,1,voltage,Max voltage 1.1037 pu at bus 622 exceeds 1.05,CONSTRAINED,734,702,734,622,29.38,-0.21,0,0.24,OH-1 parallel with OH-2,T7,line 30 0.059->-0.092 reversed,True
S00347,IEEE_CompTestFeeder,6322,0,121,121,0.92107,0.92999,0.00892,0.90593,1.00536,0.91499,1.00656,0.00119,702,8.77,8.44,92.8,92.44,OH-1 parallel with OH-2,T1,4178.44,4032.87,-145.57,1690.21,1641.29,-48.92,442.35,417.78,-24.57,1,caution,reverse flow,CAUTION,734,702,734,702,-0.34,-0.36,0,0.24,OH-1 parallel with OH-2,T7,trafo 3 reversed,True
S00348,IEEE_CompTestFeeder,772,0,103,103,0.93426,0.94534,0.01107,0.90593,1.00536,0.91063,1.00687,0.00151,702,8.77,8.44,92.8,92.41,OH-1 parallel with OH-2,T1,4178.44,4038.81,-139.63,1690.21,1624.69,-65.52,442.35,405.72,-36.63,0,none,No violation,SAFE,734,702,734,702,-0.34,-0.39,100.0,0.208,OH-1 parallel with OH-2,T7,none,True
S00349,IEEE_CompTestFeeder,7393,0,102,102,0.98479,0.99341,0.00862,0.90593,1.00536,0.90969,1.00646,0.0011,702,8.77,8.48,92.8,92.45,OH-1 parallel with OH-2,T1,4178.44,4053.51,-124.94,1690.21,1644.45,-45.76,442.35,419.42,-22.94,1,caution,reverse flow,CAUTION,734,702,734,702,-0.29,-0.35,0,0.24,OH-1 parallel with OH-2,T7,line 26 0.041->-0.061 reversed,True
S00350,IEEE_CompTestFeeder,6231,0,184,184,0.99457,1.15586,0.1613,0.90593,1.00536,0.9079,1.15586,0.1505,623,8.77,38.29,92.8,92.59,SEC-4,T7,4178.44,4007.16,-171.28,1690.21,1661.97,-28.24,442.35,455.07,12.72,1,voltage,Max voltage 1.1559 pu at bus 623 exceeds 1.05,CONSTRAINED,734,702,734,623,29.52,-0.21,0,0.24,OH-1 parallel with OH-2,T7,line 30 0.066->-0.093 reversed,True
S00351,IEEE_CompTestFeeder,770,0,217,217,0.95062,0.97697,0.02635,0.90593,1.00536,0.91614,1.00869,0.00332,702,8.77,8.05,92.8,92.24,OH-1 parallel with OH-2,T1,4178.44,3882.0,-296.44,1690.21,1545.38,-144.83,442.35,362.92,-79.44,0,none,No violation,SAFE,734,702,734,702,-0.72,-0.57,450.0,0.24,OH-1 parallel with OH-2,T7,none,True
S00352,IEEE_CompTestFeeder,6252,0,149,149,0.99457,1.08895,0.09438,0.90593,1.00536,0.90774,1.08895,0.08358,625,8.77,32.92,92.8,92.61,SEC-2,T7,4178.44,4030.77,-147.67,1690.21,1661.47,-28.74,442.35,443.69,1.33,1,voltage,Max voltage 1.0889 pu at bus 625 exceeds 1.05,CONSTRAINED,734,702,734,625,24.14,-0.19,0,0.24,OH-1 parallel with OH-2,T7,line 30 0.066->-0.070 reversed,True
S00353,IEEE_CompTestFeeder,626,14,132,146,1.00885,1.12632,0.11748,0.90613,1.00885,0.90759,1.12632,0.11748,626,8.74,31.18,92.78,92.63,SEC-1,T7,4163.43,4038.76,-124.67,1686.65,1665.11,-21.53,441.34,448.67,7.33,1,voltage,Max voltage 1.1263 pu at bus 626 exceeds 1.05,CONSTRAINED,734,626,734,626,22.44,-0.16,0,0.24,OH-1 parallel with OH-2,T7,line 30 0.052->-0.063 reversed,True
S00354,IEEE_CompTestFeeder,769,6,160,166,0.95503,0.97907,0.02404,0.90622,1.00546,0.91361,1.00784,0.00238,702,8.75,8.23,92.77,92.32,OH-1 parallel with OH-2,T1,4170.04,3952.27,-217.77,1685.92,1582.6,-103.33,439.95,382.18,-57.77,1,caution,reverse flow,CAUTION,734,702,734,702,-0.53,-0.45,41.0,0.24,OH-1 parallel with OH-2,T7,trafo 7 reversed,True
S00355,IEEE_CompTestFeeder,6231,0,53,53,0.99457,1.04647,0.0519,0.90593,1.00536,0.90663,1.04647,0.04111,623,8.77,12.18,92.8,92.73,SEC-6,T7,4178.44,4123.69,-54.75,1690.21,1678.22,-11.99,442.35,440.61,-1.75,0,voltage_rise,Voltage rise at PV bus 6231 0.0519 pu exceeds 0.05,CONSTRAINED,734,702,734,623,3.41,-0.08,0,0.24,OH-1 parallel with OH-2,T7,none,True
S00356,IEEE_CompTestFeeder,756,0,189,189,0.93612,0.95623,0.02011,0.90593,1.00536,0.91436,1.00805,0.00268,702,8.77,8.16,92.8,92.3,OH-1 parallel with OH-2,T1,4178.44,3925.74,-252.7,1690.21,1574.32,-115.89,442.35,378.65,-63.7,1,caution,reverse flow,CAUTION,734,702,734,702,-0.61,-0.5,155.0,0.208,OH-1 parallel with OH-2,T7,line 16 0.156->-0.034 reversed,True
S00357,IEEE_CompTestFeeder,722,0,236,236,0.99457,1.13691,0.14234,0.90593,1.00536,0.90853,1.13691,0.13155,622,8.77,49.94,92.8,92.53,SEC-4,T7,4178.44,3954.95,-223.49,1690.21,1652.47,-37.74,442.35,454.86,12.51,1,voltage,Max voltage 1.1369 pu at bus 622 exceeds 1.05,CONSTRAINED,734,702,734,622,41.16,-0.28,0,0.24,OH-1 parallel with OH-2,T7,line 30 0.066->-0.141 reversed,True
S00358,IEEE_CompTestFeeder,625,0,117,117,0.99457,1.07015,0.07558,0.90593,1.00536,0.90741,1.07015,0.06479,625,8.77,26.3,92.8,92.65,SEC-2,T7,4178.44,4060.36,-118.08,1690.21,1666.05,-24.16,442.35,441.27,-1.08,1,voltage,Max voltage 1.0702 pu at bus 625 exceeds 1.05,CONSTRAINED,734,702,734,625,17.53,-0.16,0,0.24,OH-1 parallel with OH-2,T7,line 30 0.066->-0.043 reversed,True
S00359,IEEE_CompTestFeeder,624,0,192,192,0.99457,1.05992,0.06535,0.90593,1.00536,0.90838,1.05992,0.05456,624,8.77,43.58,92.8,92.54,SEC-1,T7,4178.44,3982.77,-195.67,1690.21,1650.49,-39.72,442.35,438.68,-3.67,1,voltage,Max voltage 1.0599 pu at bus 624 exceeds 1.05,CONSTRAINED,734,702,734,624,34.8,-0.26,0,0.24,OH-1 parallel with OH-2,T7,line 30 0.066->-0.115 reversed,True
S00360,IEEE_CompTestFeeder,721,0,80,80,0.99457,1.02297,0.0284,0.90593,1.00536,0.90704,1.02297,0.0176,621,8.77,18.81,92.8,92.68,SEC-4,T7,4178.44,4093.85,-84.59,1690.21,1671.06,-19.15,442.35,437.76,-4.59,1,caution,reverse flow,CAUTION,734,702,734,621,10.04,-0.12,0,0.24,OH-1 parallel with OH-2,T7,line 30 0.066->-0.012 reversed,True
S00361,IEEE_CompTestFeeder,6211,5,56,61,0.9964,1.01639,0.01999,0.906,1.0054,0.90679,1.01639,0.01099,622,8.76,14.44,92.8,92.71,SEC-4,T7,4173.01,4113.51,-59.5,1688.89,1675.24,-13.65,441.92,438.42,-3.5,0,none,No violation,SAFE,734,702,734,622,5.67,-0.08,0,0.24,OH-1 parallel with OH-2,T7,none,True
S00362,IEEE_CompTestFeeder,721,8,140,148,0.99749,1.04575,0.04826,0.90604,1.00542,0.90788,1.04575,0.04033,621,8.76,34.05,92.79,92.6,SEC-4,T7,4169.76,4025.48,-144.28,1688.11,1657.78,-30.32,441.67,437.39,-4.28,1,caution,max 1.0458>1.03; rise 0.0483>=0.03; reverse flow,CAUTION,734,702,734,621,25.29,-0.2,0,0.24,OH-1 parallel with OH-2,T7,line 30 0.058->-0.075 reversed,True
S00363,IEEE_CompTestFeeder,7483,5,70,75,0.95638,0.96335,0.00696,0.90614,1.00543,0.90904,1.00632,0.00089,702,8.76,8.54,92.78,92.47,OH-1 parallel with OH-2,T1,4171.93,4081.51,-90.42,1687.38,1649.24,-38.14,440.84,420.42,-20.42,0,none,No violation,SAFE,734,702,734,702,-0.22,-0.31,0,0.24,OH-1 parallel with OH-2,T7,none,True
S00364,IEEE_CompTestFeeder,7393,7,196,203,0.9854,1.00155,0.01616,0.90619,1.00544,0.91323,1.00746,0.00202,702,8.75,8.2,92.77,108.52,OH-1 parallel with OH-2,T6,4169.79,3932.06,-237.73,1686.91,1603.8,-83.11,440.7,398.97,-41.73,1,transformer_loading,Transformer T6 loading 108.5% exceeds 100.0%,CONSTRAINED,734,702,734,702,-0.55,15.75,0,0.24,OH-1 parallel with OH-2,T7,line 25 0.109->-0.086 reversed,True
S00365,IEEE_CompTestFeeder,6221,10,24,34,1.00153,1.01781,0.01628,0.90607,1.00543,0.90641,1.01781,0.01237,622,8.75,8.69,92.79,92.75,OH-1 parallel with OH-2,T7,4167.64,4142.3,-25.33,1687.61,1681.82,-5.79,441.55,440.21,-1.33,0,none,No violation,SAFE,734,702,734,622,-0.06,-0.04,0,0.24,OH-1 parallel with OH-2,T7,none,True
S00366,IEEE_CompTestFeeder,723,6,225,231,1.00074,1.19046,0.18971,0.90601,1.00541,0.90823,1.19046,0.18505,623,8.76,46.68,92.79,92.56,SEC-4,T7,4171.95,3970.08,-201.87,1688.64,1659.5,-29.14,441.87,464.99,23.13,1,voltage,Max voltage 1.1905 pu at bus 623 exceeds 1.05,CONSTRAINED,734,702,734,623,37.92,-0.24,0,0.24,OH-1 parallel with OH-2,T7,line 30 0.060->-0.127 reversed,True
S00367,IEEE_CompTestFeeder,6252,15,147,162,1.00497,1.09639,0.09143,0.90614,1.00547,0.90787,1.09639,0.09093,625,8.74,35.54,92.78,92.6,SEC-1,T7,4162.29,4019.03,-143.26,1686.35,1659.82,-26.53,441.2,444.95,3.74,1,voltage,Max voltage 1.0964 pu at bus 625 exceeds 1.05,CONSTRAINED,734,702,734,625,26.81,-0.18,0,0.24,OH-1 parallel with OH-2,T7,line 30 0.051->-0.081 reversed,True
S00368,IEEE_CompTestFeeder,6232,0,106,106,0.99457,1.09344,0.09887,0.90593,1.00536,0.90722,1.09344,0.08808,623,8.77,23.32,92.8,92.67,SEC-5,T7,4178.44,4073.82,-104.62,1690.21,1669.71,-20.5,442.35,443.74,1.38,1,voltage,Max voltage 1.0934 pu at bus 623 exceeds 1.05,CONSTRAINED,734,702,734,623,14.55,-0.14,0,0.24,OH-1 parallel with OH-2,T7,line 30 0.066->-0.031 reversed,True
S00369,IEEE_CompTestFeeder,621,0,36,36,0.99457,1.00758,0.01301,0.90593,1.00536,0.90644,1.00758,0.00221,621,8.77,8.69,92.8,92.75,OH-1 parallel with OH-2,T7,4178.44,4139.78,-38.66,1690.21,1681.08,-9.13,442.35,439.69,-2.66,0,none,No violation,SAFE,734,702,734,621,-0.09,-0.06,0,0.24,OH-1 parallel with OH-2,T7,none,True
S00370,IEEE_CompTestFeeder,7122,0,196,196,0.95827,0.9666,0.00833,0.90593,1.00536,0.90727,1.00643,0.00107,702,8.77,8.76,92.8,92.66,OH-1 parallel with OH-2,T7,4178.44,3974.77,-203.67,1690.21,1652.44,-37.77,442.35,434.69,-7.67,1,caution,reverse flow,CAUTION,734,702,734,702,-0.02,-0.14,0,0.24,OH-1 parallel with OH-2,T7,line 28 0.145->-0.050 reversed,True
S00371,IEEE_CompTestFeeder,759,0,215,215,0.9374,0.96281,0.02542,0.90593,1.00536,0.91519,1.00825,0.00289,702,8.77,8.09,92.8,125.38,OH-1 parallel with OH-2,T12,4178.44,3894.03,-284.41,1690.21,1566.61,-123.6,442.35,372.94,-69.41,1,transformer_loading,Transformer T12 loading 125.4% exceeds 100.0%,CONSTRAINED,734,702,734,702,-0.68,32.58,35.0,0.24,OH-1 parallel with OH-2,T7,line 18 0.035->-0.179 reversed,True
S00372,IEEE_CompTestFeeder,6241,0,64,64,0.99457,1.01743,0.02286,0.90593,1.00536,0.90683,1.01743,0.01207,624,8.77,15.13,92.8,92.71,SEC-1,T7,4178.44,4110.39,-68.05,1690.21,1674.57,-15.64,442.35,438.3,-4.05,0,none,No violation,SAFE,734,702,734,624,6.36,-0.1,0,0.24,OH-1 parallel with OH-2,T7,none,True
S00373,IEEE_CompTestFeeder,7392,0,231,231,0.98479,1.00375,0.01895,0.90593,1.00536,0.91418,1.00772,0.00236,702,8.77,8.12,92.8,126.77,OH-1 parallel with OH-2,T6,4178.44,3898.77,-279.68,1690.21,1593.31,-96.9,442.35,393.68,-48.68,1,transformer_loading,Transformer T6 loading 126.8% exceeds 100.0%,CONSTRAINED,734,702,734,702,-0.65,33.97,0,0.24,OH-1 parallel with OH-2,T7,line 25 0.117->-0.113 reversed,True
S00374,IEEE_CompTestFeeder,6211,6,170,176,0.99676,1.05482,0.05805,0.90601,1.00541,0.9082,1.05482,0.04941,621,8.76,40.14,92.79,92.56,SEC-4,T7,4171.93,3998.17,-173.76,1688.63,1653.03,-35.6,441.84,438.08,-3.76,1,voltage,Max voltage 1.0548 pu at bus 621 exceeds 1.05,CONSTRAINED,734,702,734,621,31.38,-0.23,0,0.24,OH-1 parallel with OH-2,T7,line 30 0.060->-0.101 reversed,True
S00375,IEEE_CompTestFeeder,633,0,123,123,0.91349,0.97056,0.05707,0.90593,1.00536,0.92661,1.00651,0.00115,702,8.77,26.66,92.8,92.45,SEC-7,T1,4178.44,4035.9,-142.54,1690.21,1643.33,-46.88,442.35,422.81,-19.54,1,voltage_rise,Voltage rise at PV bus 633 0.0571 pu exceeds 0.05,CONSTRAINED,734,702,735,702,17.89,-0.35,0,0.24,OH-1 parallel with OH-2,T7,line 38 0.016->-0.102 reversed,True
S00376,IEEE_CompTestFeeder,772,0,34,34,0.93426,0.93798,0.00371,0.90593,1.00536,0.90751,1.00588,0.00051,702,8.77,8.66,92.8,92.61,OH-1 parallel with OH-2,T7,4178.44,4131.96,-46.49,1690.21,1667.91,-22.3,442.35,429.87,-12.49,0,none,No violation,SAFE,734,702,734,702,-0.11,-0.19,100.0,0.208,OH-1 parallel with OH-2,T7,none,True
S00377,IEEE_CompTestFeeder,722,0,14,14,0.99457,1.00428,0.00971,0.90593,1.00536,0.90613,1.00546,9e-05,702,8.77,8.74,92.8,92.78,OH-1 parallel with OH-2,T7,4178.44,4163.36,-15.09,1690.21,1686.6,-3.61,442.35,441.27,-1.09,0,none,No violation,SAFE,734,702,734,702,-0.03,-0.02,0,0.24,OH-1 parallel with OH-2,T7,none,True
S00378,IEEE_CompTestFeeder,772,4,29,33,0.9347,0.93787,0.00317,0.90611,1.00543,0.90746,1.00586,0.00044,702,8.76,8.67,92.78,92.62,OH-1 parallel with OH-2,T7,4172.95,4133.32,-39.64,1687.55,1668.56,-18.99,440.86,430.23,-10.64,0,none,No violation,SAFE,734,702,734,702,-0.1,-0.16,100.0,0.208,OH-1 parallel with OH-2,T7,none,True
S00379,IEEE_CompTestFeeder,748,5,104,109,0.95638,0.96664,0.01026,0.90614,1.00543,0.9104,1.00674,0.00131,702,8.76,8.44,92.78,92.43,OH-1 parallel with OH-2,T1,4171.93,4038.09,-133.83,1687.38,1631.7,-55.68,440.84,411.01,-29.83,1,caution,reverse flow,CAUTION,734,702,734,702,-0.32,-0.35,76.88,0.24,OH-1 parallel with OH-2,T7,trafo 5 reversed,True
S00380,IEEE_CompTestFeeder,7122,0,248,248,0.95827,0.96871,0.01044,0.90593,1.00536,0.90759,1.00668,0.00132,702,8.77,8.76,92.8,92.63,OH-1 parallel with OH-2,T7,4178.44,3921.35,-257.09,1690.21,1644.13,-46.08,442.35,433.27,-9.09,1,caution,reverse flow,CAUTION,734,702,734,702,-0.02,-0.18,0,0.24,OH-1 parallel with OH-2,T7,line 3 0.221->-0.027 reversed,True
S00381,IEEE_CompTestFeeder,7692,0,195,195,0.95408,0.98317,0.02909,0.90593,1.00536,0.91486,1.00823,0.00287,702,8.77,8.13,92.8,105.03,OH-1 parallel with OH-2,T22,4178.44,3914.01,-264.43,1690.21,1565.98,-124.23,442.35,372.93,-69.43,1,transformer_loading,Transformer T22 loading 105.0% exceeds 100.0%,CONSTRAINED,734,702,734,702,-0.64,12.23,0,0.24,OH-1 parallel with OH-2,T7,trafo 7 reversed,True
S00382,IEEE_CompTestFeeder,724,13,30,43,0.99931,1.01006,0.01075,0.90612,1.00545,0.90654,1.01006,0.00461,624,8.74,10.24,92.78,92.74,SEC-1,T7,4164.36,4132.38,-31.99,1686.81,1679.41,-7.41,441.27,439.29,-1.99,0,none,No violation,SAFE,734,702,734,624,1.5,-0.05,0,0.24,OH-1 parallel with OH-2,T7,none,True
S00383,IEEE_CompTestFeeder,7481,0,245,245,0.95588,0.97927,0.0234,0.90593,1.00536,0.91562,1.00828,0.00291,702,8.77,8.04,92.8,118.68,OH-1 parallel with OH-2,T8,4178.44,3867.56,-310.88,1690.21,1567.57,-122.64,442.35,376.47,-65.88,1,transformer_loading,Transformer T8 loading 118.7% exceeds 100.0%,CONSTRAINED,734,702,734,702,-0.74,25.87,0,0.24,OH-1 parallel with OH-2,T7,trafo 5 reversed,True
S00384,IEEE_CompTestFeeder,764,0,99,99,0.93653,0.94904,0.01251,0.90593,1.00536,0.9104,1.00679,0.00142,702,8.77,8.45,92.8,92.42,OH-1 parallel with OH-2,T1,4178.44,4044.82,-133.62,1690.21,1628.54,-61.67,442.35,407.73,-34.62,1,caution,reverse flow,CAUTION,734,702,734,702,-0.32,-0.38,46.0,0.24,OH-1 parallel with OH-2,T7,line 24 0.046->-0.053 reversed,True
S00385,IEEE_CompTestFeeder,739,0,248,248,0.98479,1.00506,0.02027,0.90593,1.00536,0.91475,1.00788,0.00251,702,8.77,8.08,92.8,137.82,OH-1 parallel with OH-2,T6,4178.44,3878.63,-299.81,1690.21,1587.11,-103.1,442.35,390.55,-51.81,1,transformer_loading,Transformer T6 loading 137.8% exceeds 100.0%,CONSTRAINED,734,702,734,702,-0.7,45.02,41.1,0.24,OH-1 parallel with OH-2,T7,line 25 0.117->-0.130 reversed,True
S00386,IEEE_CompTestFeeder,748,4,180,184,0.95628,0.97371,0.01743,0.9061,1.00542,0.91333,1.00761,0.00219,702,8.76,8.22,92.78,92.34,OH-1 parallel with OH-2,T1,4173.23,3943.45,-229.78,1687.94,1595.17,-92.77,441.14,391.36,-49.78,1,caution,reverse flow,CAUTION,734,702,734,702,-0.55,-0.44,76.88,0.24,OH-1 parallel with OH-2,T7,trafo 5 reversed,True
S00387,IEEE_CompTestFeeder,6231,0,75,75,0.99457,1.06649,0.07192,0.90593,1.00536,0.90689,1.06649,0.06113,623,8.77,16.92,92.8,92.7,SEC-6,T7,4178.44,4102.47,-75.97,1690.21,1674.32,-15.89,442.35,441.38,-0.97,0,voltage,Max voltage 1.0665 pu at bus 623 exceeds 1.05,CONSTRAINED,734,702,734,623,8.14,-0.1,0,0.24,OH-1 parallel with OH-2,T7,none,True
S00388,IEEE_CompTestFeeder,732,10,28,38,0.92183,0.92393,0.0021,0.9067,1.00547,0.90883,1.00575,0.00029,702,8.75,8.67,92.76,92.66,OH-1 parallel with OH-2,T7,4166.29,4132.39,-33.9,1685.91,1674.12,-11.79,440.21,434.3,-5.9,0,none,No violation,SAFE,734,702,734,702,-0.08,-0.11,25.4,0.24,OH-1 parallel with OH-2,T7,none,True
S00389,IEEE_CompTestFeeder,739,0,157,157,0.98479,0.99789,0.0131,0.90593,1.00536,0.91164,1.00702,0.00165,702,8.77,8.33,92.8,92.4,OH-1 parallel with OH-2,T1,4178.44,3987.1,-191.34,1690.21,1621.75,-68.46,442.35,408.01,-34.34,1,caution,reverse flow,CAUTION,734,702,734,702,-0.45,-0.4,41.1,0.24,OH-1 parallel with OH-2,T7,line 25 0.117->-0.040 reversed,True
S00390,IEEE_CompTestFeeder,622,0,90,90,0.99457,1.05373,0.05916,0.90593,1.00536,0.90711,1.05373,0.04837,622,8.77,20.55,92.8,92.68,SEC-5,T7,4178.44,4086.14,-92.3,1690.21,1670.53,-19.68,442.35,440.05,-2.3,1,voltage,Max voltage 1.0537 pu at bus 622 exceeds 1.05,CONSTRAINED,734,702,734,622,11.77,-0.13,0,0.24,OH-1 parallel with OH-2,T7,line 30 0.066->-0.019 reversed,True
S00391,IEEE_CompTestFeeder,751,15,149,164,0.96961,0.98026,0.01065,0.90654,1.00555,0.91245,1.00733,0.00178,702,8.73,8.28,92.73,92.37,OH-1 parallel with OH-2,T1,4159.14,3969.85,-189.29,1682.25,1607.03,-75.22,438.06,397.76,-40.29,0,none,No violation,SAFE,734,702,734,702,-0.45,-0.36,0,0.48,OH-1 parallel with OH-2,T7,none,True
S00392,IEEE_CompTestFeeder,734,0,200,200,0.90593,1.06265,0.15672,0.90593,1.00536,0.92839,1.06265,0.05728,734,8.77,41.76,92.8,98.79,SEC-8,T4,4178.44,3966.39,-212.05,1690.21,1626.28,-63.93,442.35,430.3,-12.05,1,voltage,Max voltage 1.0626 pu at bus 734 exceeds 1.05,CONSTRAINED,734,702,735,734,32.99,5.99,15.85,0.24,OH-1 parallel with OH-2,T7,line 38 0.016->-0.161 reversed,True
S00393,IEEE_CompTestFeeder,7693,0,60,60,0.95408,0.96343,0.00935,0.90593,1.00536,0.90882,1.00631,0.00095,702,8.77,8.57,92.8,92.47,OH-1 parallel with OH-2,T1,4178.44,4095.2,-83.24,1690.21,1648.73,-41.48,442.35,419.11,-23.24,1,caution,reverse flow,CAUTION,734,702,734,702,-0.2,-0.33,0,0.24,OH-1 parallel with OH-2,T7,trafo 7 reversed,True
S00394,IEEE_CompTestFeeder,743,0,42,42,0.96369,0.96666,0.00296,0.90593,1.00536,0.90763,1.00589,0.00052,702,8.77,8.65,92.8,92.51,OH-1 parallel with OH-2,T1,4178.44,4125.0,-53.44,1690.21,1667.87,-22.34,442.35,430.92,-11.44,0,none,No violation,SAFE,734,702,734,702,-0.13,-0.29,240.0,0.24,OH-1 parallel with OH-2,T7,none,True
S00395,IEEE_CompTestFeeder,620,0,42,42,0.99457,0.99592,0.00135,0.90593,1.00536,0.90654,1.00565,0.00029,702,8.77,8.67,92.8,92.74,OH-1 parallel with OH-2,T7,4178.44,4132.79,-45.65,1690.21,1679.24,-10.97,442.35,438.71,-3.65,0,none,No violation,SAFE,734,702,734,702,-0.1,-0.07,0,0.24,OH-1 parallel with OH-2,T7,none,True
S00396,IEEE_CompTestFeeder,721,0,209,209,0.99457,1.06528,0.07071,0.90593,1.00536,0.90857,1.06528,0.05992,621,8.77,47.2,92.8,92.52,SEC-4,T7,4178.44,3966.57,-211.88,1690.21,1647.93,-42.28,442.35,439.48,-2.88,1,voltage,Max voltage 1.0653 pu at bus 621 exceeds 1.05,CONSTRAINED,734,702,734,621,38.42,-0.28,0,0.24,OH-1 parallel with OH-2,T7,line 30 0.066->-0.130 reversed,True
S00397,IEEE_CompTestFeeder,728,0,226,226,0.93707,0.97828,0.04121,0.90593,1.00536,0.91114,1.00701,0.00164,702,8.77,8.21,92.8,258.3,OH-1 parallel with OH-2,T3,4178.44,3926.58,-251.86,1690.21,1627.16,-63.05,442.35,416.49,-25.86,1,transformer_loading,Transformer T3 loading 258.3% exceeds 100.0%,CONSTRAINED,734,702,734,702,-0.57,165.5,38.0,0.24,OH-1 parallel with OH-2,T7,trafo 2 reversed,True
S00398,IEEE_CompTestFeeder,623,0,96,96,0.99457,1.0849,0.09033,0.90593,1.00536,0.90712,1.0849,0.07953,623,8.77,21.29,92.8,92.68,SEC-6,T7,4178.44,4082.91,-95.53,1690.21,1671.09,-19.12,442.35,442.83,0.47,1,voltage,Max voltage 1.0849 pu at bus 623 exceeds 1.05,CONSTRAINED,734,702,734,623,12.51,-0.13,0,0.24,OH-1 parallel with OH-2,T7,line 30 0.066->-0.022 reversed,True
S00399,IEEE_CompTestFeeder,748,0,9,9,0.95588,0.95679,0.00091,0.90593,1.00536,0.90631,1.00548,0.00012,702,8.77,8.75,92.8,92.76,OH-1 parallel with OH-2,T7,4178.44,4166.72,-11.72,1690.21,1685.12,-5.09,442.35,439.63,-2.72,0,none,No violation,SAFE,734,702,734,702,-0.03,-0.05,76.88,0.24,OH-1 parallel with OH-2,T7,none,True
S00400,IEEE_CompTestFeeder,728,0,37,37,0.93707,0.94434,0.00727,0.90593,1.00536,0.90688,1.00569,0.00033,702,8.77,8.68,92.8,92.7,OH-1 parallel with OH-2,T7,4178.44,4135.54,-42.9,1690.21,1677.1,-13.11,442.35,436.45,-5.9,0,none,No violation,SAFE,734,702,734,702,-0.1,-0.1,38.0,0.24,OH-1 parallel with OH-2,T7,none,True
S00401,IEEE_CompTestFeeder,6321,0,195,195,0.92107,0.93519,0.01412,0.90593,1.00536,0.92028,1.00722,0.00186,702,8.77,8.24,92.8,110.41,OH-1 parallel with OH-2,T4,4178.44,3945.32,-233.12,1690.21,1614.6,-75.61,442.35,404.23,-38.12,1,transformer_loading,Transformer T4 loading 110.4% exceeds 100.0%,CONSTRAINED,734,702,734,702,-0.54,17.61,0,0.24,OH-1 parallel with OH-2,T7,trafo 3 reversed,True
S00402,IEEE_CompTestFeeder,633,0,204,204,0.91349,1.00453,0.09104,0.90593,1.00536,0.92891,1.00712,0.00176,702,8.77,45.1,92.8,107.84,SEC-7,T4,4178.44,3950.44,-228.0,1690.21,1619.28,-70.93,442.35,418.35,-24.0,1,voltage_rise,Voltage rise at PV bus 633 0.0910 pu exceeds 0.05,CONSTRAINED,734,702,735,702,36.33,15.04,0,0.24,OH-1 parallel with OH-2,T7,line 38 0.016->-0.175 reversed,True
S00403,IEEE_CompTestFeeder,6232,0,32,32,0.99457,1.02658,0.03201,0.90593,1.00536,0.90637,1.02658,0.02122,623,8.77,8.7,92.8,92.76,OH-1 parallel with OH-2,T7,4178.44,4144.73,-33.72,1690.21,1682.5,-7.71,442.35,440.64,-1.72,0,caution,rise 0.0320>=0.03,CAUTION,734,702,734,623,-0.08,-0.05,0,0.24,OH-1 parallel with OH-2,T7,none,True
S00404,IEEE_CompTestFeeder,7121,0,247,247,0.95827,0.96867,0.0104,0.90593,1.00536,0.90758,1.00668,0.00132,702,8.77,8.76,92.8,92.63,OH-1 parallel with OH-2,T7,4178.44,3922.38,-256.06,1690.21,1644.28,-45.93,442.35,433.29,-9.06,1,caution,reverse flow,CAUTION,734,702,734,702,-0.02,-0.18,0,0.24,OH-1 parallel with OH-2,T7,line 3 0.221->-0.026 reversed,True
S00405,IEEE_CompTestFeeder,625,13,138,151,1.0036,1.0901,0.08651,0.90612,1.00545,0.90776,1.0901,0.08465,625,8.74,33.32,92.78,92.61,SEC-2,T7,4164.42,4028.96,-135.47,1686.85,1661.21,-25.64,441.34,443.87,2.53,1,voltage,Max voltage 1.0901 pu at bus 625 exceeds 1.05,CONSTRAINED,734,702,734,625,24.58,-0.18,0,0.24,OH-1 parallel with OH-2,T7,line 30 0.053->-0.072 reversed,True
S00406,IEEE_CompTestFeeder,772,0,12,12,0.93426,0.93558,0.00132,0.90593,1.00536,0.90649,1.00555,0.00018,702,8.77,8.73,92.8,92.74,OH-1 parallel with OH-2,T7,4178.44,4161.99,-16.45,1690.21,1682.26,-7.95,442.35,437.9,-4.45,0,none,No violation,SAFE,734,702,734,702,-0.04,-0.07,100.0,0.208,OH-1 parallel with OH-2,T7,none,True
S00407,IEEE_CompTestFeeder,632,9,114,123,0.92175,0.93013,0.00838,0.90662,1.00546,0.91514,1.00658,0.00112,702,8.75,8.43,92.77,92.44,OH-1 parallel with OH-2,T1,4167.51,4030.49,-137.02,1686.34,1640.54,-45.8,440.42,417.4,-23.02,1,caution,reverse flow,CAUTION,734,702,734,702,-0.32,-0.33,0,0.24,OH-1 parallel with OH-2,T7,trafo 3 reversed,True
S00408,IEEE_CompTestFeeder,715,0,237,237,0.99084,0.9964,0.00556,0.90593,1.00536,0.90764,1.00673,0.00137,702,8.77,8.76,92.8,92.62,OH-1 parallel with OH-2,T7,4178.44,3931.49,-246.95,1690.21,1640.97,-49.24,442.35,432.4,-9.95,0,none,No violation,SAFE,734,702,734,702,-0.02,-0.18,0,0.208,OH-1 parallel with OH-2,T7,none,True
S00409,IEEE_CompTestFeeder,6332,0,25,25,0.91349,0.92573,0.01224,0.90593,1.00536,0.91826,1.00562,0.00026,702,8.77,8.7,92.8,92.71,OH-1 parallel with OH-2,T7,4178.44,4148.0,-30.44,1690.21,1679.49,-10.72,442.35,436.92,-5.44,0,none,No violation,SAFE,734,702,734,702,-0.07,-0.1,0,0.24,OH-1 parallel with OH-2,T7,none,True
S00410,IEEE_CompTestFeeder,6211,0,21,21,0.99457,1.0022,0.00764,0.90593,1.00536,0.90623,1.00551,0.00014,702,8.77,8.72,92.8,92.77,OH-1 parallel with OH-2,T7,4178.44,4155.76,-22.68,1690.21,1684.78,-5.43,442.35,440.68,-1.68,0,none,No violation,SAFE,734,702,734,702,-0.05,-0.03,0,0.24,OH-1 parallel with OH-2,T7,none,True
S00411,IEEE_CompTestFeeder,721,0,167,167,0.99457,1.05192,0.05736,0.90593,1.00536,0.9081,1.05192,0.04656,621,8.77,38.19,92.8,92.57,SEC-4,T7,4178.44,4006.9,-171.55,1690.21,1654.52,-35.69,442.35,437.81,-4.55,1,voltage,Max voltage 1.0519 pu at bus 621 exceeds 1.05,CONSTRAINED,734,702,734,621,29.42,-0.23,0,0.24,OH-1 parallel with OH-2,T7,line 30 0.066->-0.092 reversed,True
S00412,IEEE_CompTestFeeder,7693,9,157,166,0.95551,0.97907,0.02357,0.90637,1.00551,0.91361,1.00784,0.00233,702,8.74,8.23,92.75,92.32,OH-1 parallel with OH-2,T1,4165.84,3952.27,-213.57,1683.79,1582.6,-101.19,438.75,382.18,-56.57,1,caution,reverse flow,CAUTION,734,702,734,702,-0.52,-0.43,0,0.24,OH-1 parallel with OH-2,T7,trafo 7 reversed,True
S00413,IEEE_CompTestFeeder,7643,0,134,134,0.93653,0.9533,0.01677,0.90593,1.00536,0.91191,1.00726,0.0019,702,8.77,8.34,92.8,92.38,OH-1 parallel with OH-2,T1,4178.44,3998.48,-179.96,1690.21,1608.33,-81.88,442.35,396.39,-45.96,1,caution,reverse flow,CAUTION,734,702,734,702,-0.43,-0.43,0,0.24,OH-1 parallel with OH-2,T7,line 23 0.091->-0.043 reversed,True
S00414,IEEE_CompTestFeeder,6331,0,184,184,0.91349,0.99637,0.08288,0.90593,1.00536,0.92836,1.00698,0.00162,702,8.77,40.65,92.8,95.59,SEC-7,T4,4178.44,3971.01,-207.43,1690.21,1624.79,-65.42,442.35,418.93,-23.43,1,voltage_rise,Voltage rise at PV bus 6331 0.0829 pu exceeds 0.05,CONSTRAINED,734,702,735,702,31.88,2.79,0,0.24,OH-1 parallel with OH-2,T7,line 38 0.016->-0.157 reversed,True
S00415,IEEE_CompTestFeeder,716,13,229,242,0.9851,1.09534,0.11024,0.90603,1.00545,0.90698,1.09534,0.08989,716,8.77,8.76,92.79,689.03,OH-1 parallel with OH-2,T24,4164.68,3950.59,-214.08,1687.06,1667.35,-19.71,441.59,456.51,14.92,0,voltage,Max voltage 1.0953 pu at bus 716 exceeds 1.05,CONSTRAINED,734,702,734,716,-0.01,596.24,15.85,0.48,OH-1 parallel with OH-2,T7,none,True
S00416,IEEE_CompTestFeeder,7693,6,115,121,0.95503,0.97256,0.01753,0.90622,1.00546,0.91162,1.00721,0.00175,702,8.75,8.37,92.77,92.38,OH-1 parallel with OH-2,T1,4170.04,4012.33,-157.7,1685.92,1609.61,-76.31,439.95,397.25,-42.7,1,caution,reverse flow,CAUTION,734,702,734,702,-0.38,-0.39,0,0.24,OH-1 parallel with OH-2,T7,trafo 7 reversed,True
S00417,IEEE_CompTestFeeder,7121,9,91,100,0.95867,0.9626,0.00393,0.90599,1.00542,0.90664,1.00593,0.00052,702,8.77,8.77,92.8,92.73,OH-1 parallel with OH-2,T7,4169.01,4074.07,-94.94,1688.25,1669.64,-18.6,441.92,437.98,-3.94,1,caution,reverse flow,CAUTION,734,702,734,702,-0.01,-0.07,0,0.24,OH-1 parallel with OH-2,T7,line 29 0.056->-0.035 reversed,True
S00418,IEEE_CompTestFeeder,7122,0,191,191,0.95827,0.96639,0.00812,0.90593,1.00536,0.90724,1.00641,0.00104,702,8.77,8.76,92.8,92.66,OH-1 parallel with OH-2,T7,4178.44,3979.92,-198.52,1690.21,1653.27,-36.94,442.35,434.84,-7.52,1,caution,reverse flow,CAUTION,734,702,734,702,-0.02,-0.14,0,0.24,OH-1 parallel with OH-2,T7,line 28 0.145->-0.045 reversed,True
S00419,IEEE_CompTestFeeder,714,0,85,85,0.99084,0.99288,0.00204,0.90593,1.00536,0.90657,1.00588,0.00051,702,8.77,8.77,92.8,92.74,OH-1 parallel with OH-2,T7,4178.44,4089.55,-88.89,1690.21,1671.34,-18.87,442.35,438.47,-3.89,0,none,No violation,SAFE,734,702,734,702,-0.01,-0.07,240.0,0.208,OH-1 parallel with OH-2,T7,none,True
S00420,IEEE_CompTestFeeder,756,0,44,44,0.93612,0.94097,0.00485,0.90593,1.00536,0.90797,1.00603,0.00066,702,8.77,8.63,92.8,92.56,OH-1 parallel with OH-2,T7,4178.44,4118.56,-59.88,1690.21,1661.34,-28.87,442.35,426.48,-15.88,0,none,No violation,SAFE,734,702,734,702,-0.15,-0.25,155.0,0.208,OH-1 parallel with OH-2,T7,none,True
S00421,IEEE_CompTestFeeder,7392,0,217,217,0.98479,1.00265,0.01786,0.90593,1.00536,0.91371,1.00759,0.00223,702,8.77,8.16,92.8,117.65,OH-1 parallel with OH-2,T6,4178.44,3915.39,-263.05,1690.21,1598.51,-91.7,442.35,396.3,-46.05,1,transformer_loading,Transformer T6 loading 117.7% exceeds 100.0%,CONSTRAINED,734,702,734,702,-0.61,24.85,0,0.24,OH-1 parallel with OH-2,T7,line 25 0.117->-0.099 reversed,True
S00422,IEEE_CompTestFeeder,710,0,29,29,0.95737,0.95854,0.00117,0.90593,1.00536,0.90614,1.00554,0.00017,702,8.77,8.77,92.8,92.78,OH-1 parallel with OH-2,T7,4178.44,4148.07,-30.38,1690.21,1683.91,-6.3,442.35,440.98,-1.38,0,none,No violation,SAFE,734,702,734,702,-0.0,-0.02,80.0,0.208,OH-1 parallel with OH-2,T7,none,True
S00423,IEEE_CompTestFeeder,6241,11,20,31,0.99859,1.00579,0.00721,0.90609,1.00544,0.90637,1.00579,0.00035,624,8.75,8.7,92.79,92.76,OH-1 parallel with OH-2,T7,4166.52,4145.09,-21.43,1687.33,1682.3,-5.03,441.43,440.0,-1.43,0,none,No violation,SAFE,734,702,734,624,-0.05,-0.03,0,0.24,OH-1 parallel with OH-2,T7,none,True
S00424,IEEE_CompTestFeeder,6212,0,110,110,0.99457,1.03316,0.03859,0.90593,1.00536,0.90742,1.03316,0.0278,621,8.77,25.61,92.8,92.64,SEC-4,T7,4178.44,4063.32,-115.13,1690.21,1664.89,-25.32,442.35,437.23,-5.13,1,caution,max 1.0332>1.03; rise 0.0386>=0.03; reverse flow,CAUTION,734,702,734,621,16.84,-0.16,0,0.24,OH-1 parallel with OH-2,T7,line 30 0.066->-0.040 reversed,True
S00425,IEEE_CompTestFeeder,6231,15,113,128,1.00985,1.11177,0.10192,0.90614,1.00985,0.90743,1.11177,0.10192,623,8.74,27.7,92.78,92.64,SEC-4,T7,4162.37,4054.29,-108.08,1686.4,1667.01,-19.4,441.28,446.2,4.92,1,voltage,Max voltage 1.1118 pu at bus 623 exceeds 1.05,CONSTRAINED,734,623,734,623,18.96,-0.14,0,0.24,OH-1 parallel with OH-2,T7,line 30 0.051->-0.049 reversed,True
S00426,IEEE_CompTestFeeder,626,12,84,96,1.00683,1.0849,0.07806,0.9061,1.00683,0.90712,1.0849,0.07806,626,8.75,21.29,92.78,92.68,SEC-3,T7,4165.54,4082.91,-82.63,1687.14,1671.09,-16.05,441.46,442.83,1.37,1,voltage,Max voltage 1.0849 pu at bus 626 exceeds 1.05,CONSTRAINED,734,626,734,626,12.54,-0.11,0,0.24,OH-1 parallel with OH-2,T7,line 30 0.054->-0.022 reversed,True
S00427,IEEE_CompTestFeeder,6231,0,134,134,0.99457,1.11666,0.12209,0.90593,1.00536,0.90748,1.11666,0.1113,623,8.77,28.87,92.8,92.64,SEC-4,T7,4178.44,4049.07,-129.37,1690.21,1666.34,-23.87,442.35,446.98,4.63,1,voltage,Max voltage 1.1167 pu at bus 623 exceeds 1.05,CONSTRAINED,734,702,734,623,20.09,-0.17,0,0.24,OH-1 parallel with OH-2,T7,line 30 0.066->-0.054 reversed,True
S00428,IEEE_CompTestFeeder,739,0,128,128,0.98479,0.99554,0.01075,0.90593,1.00536,0.91062,1.00673,0.00136,702,8.77,8.41,92.8,92.43,OH-1 parallel with OH-2,T1,4178.44,4022.03,-156.41,1690.21,1633.55,-56.66,442.35,413.95,-28.41,1,caution,reverse flow,CAUTION,734,702,734,702,-0.37,-0.38,41.1,0.24,OH-1 parallel with OH-2,T7,line 25 0.117->-0.011 reversed,True
S00429,IEEE_CompTestFeeder,740,8,221,229,0.98273,1.00082,0.01809,0.90623,1.00546,0.9142,1.00775,0.00229,702,8.75,8.13,92.77,105.19,OH-1 parallel with OH-2,T5,4168.53,3900.27,-268.26,1686.36,1591.92,-94.45,440.44,393.18,-47.26,1,transformer_loading,Transformer T5 loading 105.2% exceeds 100.0%,CONSTRAINED,734,702,734,702,-0.63,12.42,75.0,0.24,OH-1 parallel with OH-2,T7,line 25 0.108->-0.112 reversed,True
S00430,IEEE_CompTestFeeder,6241,0,76,76,0.99457,1.02159,0.02702,0.90593,1.00536,0.90699,1.02159,0.01622,624,8.77,17.9,92.8,92.69,SEC-1,T7,4178.44,4097.97,-80.47,1690.21,1671.92,-18.29,442.35,437.88,-4.47,0,none,No violation,SAFE,734,702,734,624,9.12,-0.11,0,0.24,OH-1 parallel with OH-2,T7,none,True
S00431,IEEE_CompTestFeeder,740,11,201,212,0.98299,0.99949,0.0165,0.90635,1.00549,0.91362,1.00758,0.00209,702,8.74,8.17,92.76,94.3,OH-1 parallel with OH-2,T5,4164.81,3920.53,-244.28,1684.93,1598.41,-86.52,439.72,396.44,-43.28,1,caution,reverse flow,CAUTION,734,702,734,702,-0.57,1.55,75.0,0.24,OH-1 parallel with OH-2,T7,line 25 0.105->-0.095 reversed,True
S00432,IEEE_CompTestFeeder,623,0,173,173,0.99457,1.14747,0.1529,0.90593,1.00536,0.90781,1.14747,0.1421,623,8.77,36.27,92.8,92.6,SEC-4,T7,4178.44,4016.15,-162.29,1690.21,1662.77,-27.44,442.35,453.06,10.71,1,voltage,Max voltage 1.1475 pu at bus 623 exceeds 1.05,CONSTRAINED,734,702,734,623,27.49,-0.2,0,0.24,OH-1 parallel with OH-2,T7,line 30 0.066->-0.084 reversed,True
S00433,IEEE_CompTestFeeder,762,0,74,74,0.93632,0.94568,0.00937,0.90593,1.00536,0.90929,1.00644,0.00108,702,8.77,8.53,92.8,92.46,OH-1 parallel with OH-2,T1,4178.44,4078.21,-100.23,1690.21,1643.5,-46.71,442.35,416.12,-26.23,1,caution,reverse flow,CAUTION,734,702,734,702,-0.24,-0.35,45.0,0.48,OH-1 parallel with OH-2,T7,trafo 11 reversed,True
S00434,IEEE_CompTestFeeder,6201,8,6,14,0.99483,0.99502,0.00019,0.90604,1.00542,0.90613,1.00546,4e-05,702,8.76,8.74,92.79,92.78,OH-1 parallel with OH-2,T7,4169.74,4163.21,-6.53,1688.09,1686.51,-1.58,441.65,441.12,-0.53,0,none,No violation,SAFE,734,702,734,702,-0.01,-0.01,0,0.24,OH-1 parallel with OH-2,T7,none,True
S00435,IEEE_CompTestFeeder,730,12,173,185,0.94748,0.9546,0.00711,0.90624,1.00547,0.91056,1.00691,0.00144,702,8.74,8.29,92.77,92.41,OH-1 parallel with OH-2,T1,4164.58,3966.38,-198.19,1685.96,1629.04,-56.93,440.49,415.3,-25.19,1,caution,reverse flow,CAUTION,734,702,734,702,-0.45,-0.36,85.0,0.24,OH-1 parallel with OH-2,T7,line 31 0.073->-0.100 reversed,True
S00436,IEEE_CompTestFeeder,6261,0,194,194,0.99457,1.16339,0.16883,0.90593,1.00536,0.90798,1.16339,0.15803,626,8.77,40.11,92.8,92.58,SEC-1,T7,4178.44,3999.1,-179.35,1690.21,1661.32,-28.89,442.35,457.01,14.65,1,voltage,Max voltage 1.1634 pu at bus 626 exceeds 1.05,CONSTRAINED,734,702,734,626,31.34,-0.22,0,0.24,OH-1 parallel with OH-2,T7,line 30 0.066->-0.100 reversed,True
S00437,IEEE_CompTestFeeder,623,0,140,140,0.99457,1.12151,0.12694,0.90593,1.00536,0.90754,1.12151,0.11615,623,8.77,30.03,92.8,92.63,SEC-4,T7,4178.44,4043.89,-134.55,1690.21,1665.71,-24.5,442.35,447.8,5.45,1,voltage,Max voltage 1.1215 pu at bus 623 exceeds 1.05,CONSTRAINED,734,702,734,623,21.25,-0.17,0,0.24,OH-1 parallel with OH-2,T7,line 30 0.066->-0.058 reversed,True
S00438,IEEE_CompTestFeeder,739,0,121,121,0.98479,0.99497,0.01018,0.90593,1.00536,0.91037,1.00666,0.00129,702,8.77,8.43,92.8,92.44,OH-1 parallel with OH-2,T1,4178.44,4030.49,-147.95,1690.21,1636.45,-53.76,442.35,415.41,-26.95,1,caution,reverse flow,CAUTION,734,702,734,702,-0.35,-0.37,41.1,0.24,OH-1 parallel with OH-2,T7,line 26 0.041->-0.080 reversed,True
S00439,IEEE_CompTestFeeder,6221,0,84,84,0.99457,1.05001,0.05544,0.90593,1.00536,0.90704,1.05001,0.04464,622,8.77,19.24,92.8,92.68,SEC-5,T7,4178.44,4091.98,-86.47,1690.21,1671.6,-18.61,442.35,439.89,-2.47,1,voltage,Max voltage 1.0500 pu at bus 622 exceeds 1.05,CONSTRAINED,734,702,734,622,10.47,-0.12,0,0.24,OH-1 parallel with OH-2,T7,line 30 0.066->-0.014 reversed,True
S00440,IEEE_CompTestFeeder,6211,12,157,169,0.99895,1.05257,0.05362,0.9061,1.00545,0.90812,1.05257,0.04712,621,8.75,38.62,92.78,92.57,SEC-4,T7,4165.44,4004.95,-160.49,1687.07,1654.18,-32.89,441.35,437.87,-3.49,1,voltage,Max voltage 1.0526 pu at bus 621 exceeds 1.05,CONSTRAINED,734,702,734,621,29.88,-0.22,0,0.24,OH-1 parallel with OH-2,T7,line 30 0.054->-0.094 reversed,True
S00441,IEEE_CompTestFeeder,710,5,45,50,0.95757,0.95938,0.0018,0.90596,1.00539,0.90629,1.00566,0.00026,702,8.77,8.77,92.8,92.76,OH-1 parallel with OH-2,T7,4173.2,4126.12,-47.08,1689.11,1679.49,-9.62,442.11,440.03,-2.08,0,none,No violation,SAFE,734,702,734,702,-0.0,-0.04,80.0,0.208,OH-1 parallel with OH-2,T7,none,True
S00442,IEEE_CompTestFeeder,626,0,74,74,0.99457,1.0656,0.07103,0.90593,1.00536,0.90688,1.0656,0.06023,626,8.77,16.71,92.8,92.7,SEC-3,T7,4178.44,4103.42,-75.02,1690.21,1674.48,-15.73,442.35,441.33,-1.02,0,voltage,Max voltage 1.0656 pu at bus 626 exceeds 1.05,CONSTRAINED,734,702,734,626,7.93,-0.1,0,0.24,OH-1 parallel with OH-2,T7,none,True
S00443,IEEE_CompTestFeeder,6332,0,129,129,0.91349,0.97317,0.05968,0.90593,1.00536,0.92679,1.00656,0.0012,702,8.77,28.07,92.8,92.44,SEC-7,T1,4178.44,4029.37,-149.08,1690.21,1641.39,-48.82,442.35,422.28,-20.08,1,voltage_rise,Voltage rise at PV bus 6332 0.0597 pu exceeds 0.05,CONSTRAINED,734,702,735,702,19.29,-0.36,0,0.24,OH-1 parallel with OH-2,T7,line 38 0.016->-0.108 reversed,True
S00444,IEEE_CompTestFeeder,6332,0,60,60,0.91349,0.94228,0.02879,0.90593,1.00536,0.92462,1.00596,0.0006,702,8.77,11.58,92.8,92.58,SEC-7,T7,4178.44,4106.73,-71.72,1690.21,1665.57,-24.64,442.35,430.64,-11.72,1,caution,reverse flow,CAUTION,734,702,735,702,2.81,-0.22,0,0.24,OH-1 parallel with OH-2,T7,line 38 0.016->-0.043 reversed,True
S00445,IEEE_CompTestFeeder,7641,0,115,115,0.93653,0.951,0.01447,0.90593,1.00536,0.91109,1.00701,0.00164,702,8.77,8.4,92.8,92.4,OH-1 parallel with OH-2,T1,4178.44,4023.58,-154.86,1690.21,1619.2,-71.01,442.35,402.49,-39.86,1,caution,reverse flow,CAUTION,734,702,734,702,-0.37,-0.4,0,0.24,OH-1 parallel with OH-2,T7,line 23 0.091->-0.024 reversed,True
S00446,IEEE_CompTestFeeder,716,0,178,178,0.97764,1.06787,0.09023,0.90593,1.00536,0.90686,1.06787,0.0625,716,8.77,8.76,92.8,507.32,OH-1 parallel with OH-2,T24,4178.44,4005.81,-172.64,1690.21,1667.06,-23.15,442.35,447.72,5.36,0,voltage,Max voltage 1.0679 pu at bus 716 exceeds 1.05,CONSTRAINED,734,702,734,716,-0.01,414.51,15.85,0.48,OH-1 parallel with OH-2,T7,none,True
S00447,IEEE_CompTestFeeder,7481,0,83,83,0.95588,0.96413,0.00825,0.90593,1.00536,0.90936,1.00642,0.00106,702,8.77,8.52,92.8,92.46,OH-1 parallel with OH-2,T1,4178.44,4071.26,-107.18,1690.21,1645.06,-45.15,442.35,418.17,-24.18,0,none,No violation,SAFE,734,702,734,702,-0.26,-0.34,0,0.24,OH-1 parallel with OH-2,T7,none,True
S00448,IEEE_CompTestFeeder,625,0,158,158,0.99457,1.09412,0.09955,0.90593,1.00536,0.90783,1.09412,0.08875,625,8.77,34.74,92.8,92.6,SEC-2,T7,4178.44,4022.63,-155.81,1690.21,1660.32,-29.89,442.35,444.54,2.19,1,voltage,Max voltage 1.0941 pu at bus 625 exceeds 1.05,CONSTRAINED,734,702,734,625,25.96,-0.2,0,0.24,OH-1 parallel with OH-2,T7,line 30 0.066->-0.078 reversed,True
S00449,IEEE_CompTestFeeder,632,0,82,82,0.92107,0.92717,0.0061,0.90593,1.00536,0.91213,1.00619,0.00082,702,8.77,8.54,92.8,92.49,OH-1 parallel with OH-2,T7,4178.44,4079.45,-98.99,1690.21,1656.33,-33.88,442.35,425.36,-16.99,1,caution,reverse flow,CAUTION,734,702,734,702,-0.23,-0.31,0,0.24,OH-1 parallel with OH-2,T7,trafo 3 reversed,True
S00450,IEEE_CompTestFeeder,739,15,70,85,0.98609,0.992,0.00592,0.90649,1.00553,0.90908,1.00629,0.00075,702,8.73,8.53,92.74,92.47,OH-1 parallel with OH-2,T1,4159.92,4074.17,-85.75,1683.17,1651.74,-31.43,438.83,423.08,-15.75,1,caution,reverse flow,CAUTION,734,702,734,702,-0.2,-0.27,41.1,0.24,OH-1 parallel with OH-2,T7,line 26 0.026->-0.044 reversed,True
S00451,IEEE_CompTestFeeder,770,0,6,6,0.95062,0.95138,0.00076,0.90593,1.00536,0.90622,1.00546,0.0001,702,8.77,8.75,92.8,92.77,OH-1 parallel with OH-2,T7,4178.44,4170.01,-8.43,1690.21,1685.84,-4.37,442.35,439.92,-2.43,0,none,No violation,SAFE,734,702,734,702,-0.02,-0.04,450.0,0.24,OH-1 parallel with OH-2,T7,none,True
S00452,IEEE_CompTestFeeder,7482,5,38,43,0.95638,0.96019,0.00381,0.90614,1.00543,0.90773,1.00592,0.00049,702,8.76,8.64,92.78,92.58,OH-1 parallel with OH-2,T7,4171.93,4122.66,-49.26,1687.38,1666.33,-21.05,440.84,429.58,-11.26,0,none,No violation,SAFE,734,702,734,702,-0.12,-0.19,0,0.24,OH-1 parallel with OH-2,T7,none,True
S00453,IEEE_CompTestFeeder,6242,0,63,63,0.99457,1.01708,0.02251,0.90593,1.00536,0.90681,1.01708,0.01172,624,8.77,14.9,92.8,92.71,SEC-1,T7,4178.44,4111.43,-67.01,1690.21,1674.79,-15.42,442.35,438.34,-4.01,0,none,No violation,SAFE,734,702,734,624,6.13,-0.09,0,0.24,OH-1 parallel with OH-2,T7,none,True
S00454,IEEE_CompTestFeeder,7483,0,176,176,0.95588,0.97297,0.01709,0.90593,1.00536,0.91302,1.00752,0.00215,702,8.77,8.24,92.8,92.35,OH-1 parallel with OH-2,T1,4178.44,3953.47,-224.97,1690.21,1598.93,-91.28,442.35,393.39,-48.97,1,caution,reverse flow,CAUTION,734,702,734,702,-0.53,-0.45,0,0.24,OH-1 parallel with OH-2,T7,trafo 5 reversed,True
S00455,IEEE_CompTestFeeder,6231,0,225,225,0.99457,1.18615,0.19158,0.90593,1.00536,0.90819,1.18615,0.18078,623,8.77,45.63,92.8,92.56,SEC-4,T7,4178.44,3974.7,-203.74,1690.21,1659.74,-30.47,442.35,463.61,21.26,1,voltage,Max voltage 1.1861 pu at bus 623 exceeds 1.05,CONSTRAINED,734,702,734,623,36.86,-0.24,0,0.24,OH-1 parallel with OH-2,T7,line 30 0.066->-0.123 reversed,True
S00456,IEEE_CompTestFeeder,625,0,122,122,0.99457,1.07314,0.07857,0.90593,1.00536,0.90746,1.07314,0.06777,625,8.77,27.35,92.8,92.64,SEC-2,T7,4178.44,4055.67,-122.77,1690.21,1665.29,-24.92,442.35,441.58,-0.77,1,voltage,Max voltage 1.0731 pu at bus 625 exceeds 1.05,CONSTRAINED,734,702,734,625,18.57,-0.16,0,0.24,OH-1 parallel with OH-2,T7,line 30 0.066->-0.047 reversed,True
S00457,IEEE_CompTestFeeder,708,12,114,126,0.95847,0.96266,0.00419,0.90602,1.00544,0.90682,1.00608,0.00064,702,8.77,8.76,92.79,92.71,OH-1 parallel with OH-2,T7,4165.88,4047.1,-118.78,1687.59,1664.59,-23.0,441.79,437.01,-4.78,1,caution,reverse flow,CAUTION,734,702,734,702,-0.01,-0.09,75.0,0.24,OH-1 parallel with OH-2,T7,trafo 16 reversed,True
S00458,IEEE_CompTestFeeder,6261,9,79,88,1.0038,1.07796,0.07417,0.90606,1.00543,0.90703,1.07796,0.07254,626,8.75,19.64,92.79,92.69,SEC-3,T7,4168.74,4090.29,-78.45,1687.88,1672.26,-15.62,441.65,442.2,0.55,1,voltage,Max voltage 1.0780 pu at bus 626 exceeds 1.05,CONSTRAINED,734,702,734,626,10.89,-0.1,0,0.24,OH-1 parallel with OH-2,T7,line 30 0.057->-0.015 reversed,True
S00459,IEEE_CompTestFeeder,716,0,88,88,0.97764,1.0252,0.04756,0.90593,1.00536,0.90651,1.0252,0.01983,716,8.77,8.77,92.8,237.32,OH-1 parallel with OH-2,T24,4178.44,4089.13,-89.32,1690.21,1673.78,-16.43,442.35,441.04,-1.32,0,transformer_loading,Transformer T24 loading 237.3% exceeds 100.0%,CONSTRAINED,734,702,734,716,-0.01,144.52,15.85,0.48,OH-1 parallel with OH-2,T7,none,True
S00460,IEEE_CompTestFeeder,726,12,122,134,1.00683,1.11666,0.10983,0.9061,1.00683,0.90748,1.11666,0.10983,626,8.75,28.87,92.78,92.64,SEC-1,T7,4165.54,4049.07,-116.47,1687.14,1666.34,-20.79,441.46,446.98,5.53,1,voltage,Max voltage 1.1167 pu at bus 626 exceeds 1.05,CONSTRAINED,734,626,734,626,20.12,-0.15,0,0.24,OH-1 parallel with OH-2,T7,line 30 0.054->-0.054 reversed,True
S00461,IEEE_CompTestFeeder,6232,0,221,221,0.99457,1.18326,0.18869,0.90593,1.00536,0.90817,1.18326,0.1779,623,8.77,44.93,92.8,92.56,SEC-4,T7,4178.44,3977.8,-200.64,1690.21,1659.91,-30.3,442.35,462.71,20.36,1,voltage,Max voltage 1.1833 pu at bus 623 exceeds 1.05,CONSTRAINED,734,702,734,623,36.16,-0.24,0,0.24,OH-1 parallel with OH-2,T7,line 30 0.066->-0.120 reversed,True
S00462,IEEE_CompTestFeeder,715,0,155,155,0.99084,0.99452,0.00369,0.90593,1.00536,0.90707,1.00628,0.00091,702,8.77,8.76,92.8,92.68,OH-1 parallel with OH-2,T7,4178.44,4016.62,-161.82,1690.21,1656.82,-33.39,442.35,435.53,-6.82,0,none,No violation,SAFE,734,702,734,702,-0.01,-0.12,0,0.208,OH-1 parallel with OH-2,T7,none,True
S00463,IEEE_CompTestFeeder,6261,0,106,106,0.99457,1.09344,0.09887,0.90593,1.00536,0.90722,1.09344,0.08808,626,8.77,23.32,92.8,92.67,SEC-2,T7,4178.44,4073.82,-104.62,1690.21,1669.71,-20.5,442.35,443.74,1.38,1,voltage,Max voltage 1.0934 pu at bus 626 exceeds 1.05,CONSTRAINED,734,702,734,626,14.55,-0.14,0,0.24,OH-1 parallel with OH-2,T7,line 30 0.066->-0.031 reversed,True
S00464,IEEE_CompTestFeeder,6201,6,90,96,0.99476,0.99763,0.00287,0.90601,1.00541,0.90732,1.00601,0.0006,702,8.76,8.59,92.79,92.65,OH-6,T7,4171.91,4074.29,-97.62,1688.62,1665.71,-22.91,441.83,434.2,-7.62,1,caution,reverse flow,CAUTION,734,702,734,702,-0.17,-0.14,0,0.24,OH-1 parallel with OH-2,T7,line 30 0.060->-0.030 reversed,True
S00465,IEEE_CompTestFeeder,726,0,167,167,0.99457,1.14284,0.14827,0.90593,1.00536,0.90777,1.14284,0.13747,626,8.77,35.15,92.8,92.61,SEC-1,T7,4178.44,4021.1,-157.34,1690.21,1663.24,-26.97,442.35,452.02,9.66,1,voltage,Max voltage 1.1428 pu at bus 626 exceeds 1.05,CONSTRAINED,734,702,734,626,26.38,-0.2,0,0.24,OH-1 parallel with OH-2,T7,line 30 0.066->-0.080 reversed,True
S00466,IEEE_CompTestFeeder,716,0,54,54,0.97764,1.0076,0.02997,0.90593,1.00536,0.90632,1.0076,0.00224,716,8.77,8.77,92.8,131.4,OH-1 parallel with OH-2,T24,4178.44,4122.6,-55.84,1690.21,1678.83,-11.38,442.35,440.52,-1.84,0,transformer_loading,Transformer T24 loading 131.4% exceeds 100.0%,CONSTRAINED,734,702,734,716,-0.0,38.6,15.85,0.48,OH-1 parallel with OH-2,T7,none,True
S00467,IEEE_CompTestFeeder,6222,0,250,250,0.99457,1.14425,0.14968,0.90593,1.00536,0.90864,1.14425,0.13889,622,8.77,52.56,92.8,92.51,SEC-4,T7,4178.44,3943.31,-235.14,1690.21,1651.43,-38.78,442.35,457.22,14.86,1,voltage,Max voltage 1.1443 pu at bus 622 exceeds 1.05,CONSTRAINED,734,702,734,622,43.78,-0.29,0,0.24,OH-1 parallel with OH-2,T7,line 30 0.066->-0.152 reversed,True
S00468,IEEE_CompTestFeeder,723,0,42,42,0.99457,1.03615,0.04159,0.90593,1.00536,0.9065,1.03615,0.03079,623,8.77,9.75,92.8,92.74,SEC-6,T7,4178.44,4134.61,-43.83,1690.21,1680.39,-9.82,442.35,440.52,-1.83,0,caution,max 1.0362>1.03; rise 0.0416>=0.03,CAUTION,734,702,734,623,0.98,-0.06,0,0.24,OH-1 parallel with OH-2,T7,none,True
S00469,IEEE_CompTestFeeder,756,0,159,159,0.93612,0.95316,0.01704,0.90593,1.00536,0.91308,1.00765,0.00228,702,8.77,8.26,92.8,92.34,OH-1 parallel with OH-2,T1,4178.44,3965.1,-213.35,1690.21,1591.35,-98.86,442.35,388.01,-54.35,0,none,No violation,SAFE,734,702,734,702,-0.52,-0.46,155.0,0.208,OH-1 parallel with OH-2,T7,none,True
S00470,IEEE_CompTestFeeder,724,13,24,37,0.99931,1.00793,0.00862,0.90612,1.00545,0.90646,1.00793,0.00248,624,8.74,8.83,92.78,92.75,SEC-1,T7,4164.36,4138.72,-25.64,1686.81,1680.84,-5.97,441.27,439.63,-1.64,0,none,No violation,SAFE,734,702,734,624,0.09,-0.04,0,0.24,OH-1 parallel with OH-2,T7,none,True
S00471,IEEE_CompTestFeeder,728,13,131,144,0.93965,0.96417,0.02452,0.90627,1.00548,0.90942,1.0065,0.00102,702,8.74,8.4,92.77,150.29,OH-1 parallel with OH-2,T3,4163.29,4015.26,-148.03,1685.47,1645.53,-39.94,440.2,423.17,-17.03,1,transformer_loading,Transformer T3 loading 150.3% exceeds 100.0%,CONSTRAINED,734,702,734,702,-0.34,57.52,38.0,0.24,OH-1 parallel with OH-2,T7,trafo 2 reversed,True
S00472,IEEE_CompTestFeeder,7391,15,153,168,0.98609,0.99877,0.01269,0.90649,1.00553,0.91202,1.00712,0.00159,702,8.73,8.3,92.74,92.39,OH-1 parallel with OH-2,T1,4159.92,3973.9,-186.02,1683.17,1617.38,-65.8,438.83,405.81,-33.02,1,caution,reverse flow,CAUTION,734,702,734,702,-0.43,-0.35,0,0.24,OH-1 parallel with OH-2,T7,line 25 0.101->-0.051 reversed,True
S00473,IEEE_CompTestFeeder,7121,0,230,230,0.95827,0.96798,0.00971,0.90593,1.00536,0.90748,1.0066,0.00123,702,8.77,8.76,92.8,92.64,OH-1 parallel with OH-2,T7,4178.44,3939.82,-238.63,1690.21,1646.93,-43.28,442.35,433.73,-8.63,1,caution,reverse flow,CAUTION,734,702,734,702,-0.02,-0.17,0,0.24,OH-1 parallel with OH-2,T7,line 28 0.145->-0.084 reversed,True
S00474,IEEE_CompTestFeeder,6211,13,85,98,0.99931,1.02911,0.0298,0.90612,1.00545,0.90727,1.02911,0.02366,621,8.74,22.91,92.78,92.66,SEC-4,T7,4164.36,4075.46,-88.9,1686.81,1667.29,-19.52,441.27,437.37,-3.9,1,caution,reverse flow,CAUTION,734,702,734,621,14.16,-0.12,0,0.24,OH-1 parallel with OH-2,T7,line 30 0.053->-0.029 reversed,True
S00475,IEEE_CompTestFeeder,724,0,125,125,0.99457,1.03817,0.0436,0.90593,1.00536,0.90761,1.03817,0.03281,624,8.77,28.96,92.8,92.62,SEC-1,T7,4178.44,4048.27,-130.17,1690.21,1661.99,-28.22,442.35,437.18,-5.17,1,caution,max 1.0382>1.03; rise 0.0436>=0.03; reverse flow,CAUTION,734,702,734,624,20.19,-0.18,0,0.24,OH-1 parallel with OH-2,T7,line 30 0.066->-0.054 reversed,True
S00476,IEEE_CompTestFeeder,6332,0,208,208,0.91349,1.00615,0.09266,0.90593,1.00536,0.92902,1.00715,0.00179,702,8.77,45.98,92.8,110.27,SEC-7,T4,4178.44,3946.36,-232.08,1690.21,1618.21,-72.0,442.35,418.28,-24.08,1,voltage_rise,Voltage rise at PV bus 6332 0.0927 pu exceeds 0.05,CONSTRAINED,734,702,735,702,37.21,17.47,0,0.24,OH-1 parallel with OH-2,T7,line 38 0.016->-0.178 reversed,True
S00477,IEEE_CompTestFeeder,764,0,95,95,0.93653,0.94855,0.01202,0.90593,1.00536,0.91022,1.00673,0.00137,702,8.77,8.46,92.8,92.43,OH-1 parallel with OH-2,T1,4178.44,4050.14,-128.3,1690.21,1630.9,-59.31,442.35,409.05,-33.3,1,caution,reverse flow,CAUTION,734,702,734,702,-0.31,-0.38,46.0,0.24,OH-1 parallel with OH-2,T7,line 24 0.046->-0.049 reversed,True
S00478,IEEE_CompTestFeeder,7483,0,123,123,0.95588,0.96798,0.0121,0.90593,1.00536,0.91096,1.0069,0.00154,702,8.77,8.4,92.8,92.41,OH-1 parallel with OH-2,T1,4178.44,4020.31,-158.13,1690.21,1624.66,-65.55,442.35,407.22,-35.13,1,caution,reverse flow,CAUTION,734,702,734,702,-0.38,-0.39,0,0.24,OH-1 parallel with OH-2,T7,trafo 5 reversed,True
S00479,IEEE_CompTestFeeder,7121,0,99,99,0.95827,0.96255,0.00428,0.90593,1.00536,0.90663,1.00593,0.00056,702,8.77,8.77,92.8,92.73,OH-1 parallel with OH-2,T7,4178.44,4075.11,-103.34,1690.21,1669.84,-20.37,442.35,438.02,-4.34,1,caution,reverse flow,CAUTION,734,702,734,702,-0.01,-0.08,0,0.24,OH-1 parallel with OH-2,T7,line 29 0.065->-0.034 reversed,True
S00480,IEEE_CompTestFeeder,769,0,226,226,0.95408,0.98748,0.0334,0.90593,1.00536,0.91617,1.00864,0.00327,702,8.77,8.04,92.8,125.39,OH-1 parallel with OH-2,T22,4178.44,3873.5,-304.94,1690.21,1548.87,-141.34,442.35,363.41,-78.94,1,transformer_loading,Transformer T22 loading 125.4% exceeds 100.0%,CONSTRAINED,734,702,734,702,-0.74,32.59,41.0,0.24,OH-1 parallel with OH-2,T7,trafo 7 reversed,True
S00481,IEEE_CompTestFeeder,712,0,134,134,0.95827,0.96403,0.00576,0.90593,1.00536,0.90687,1.00612,0.00075,702,8.77,8.76,92.8,92.7,OH-1 parallel with OH-2,T7,4178.44,4038.8,-139.64,1690.21,1663.27,-26.94,442.35,436.71,-5.64,1,caution,reverse flow,CAUTION,734,702,734,702,-0.01,-0.1,65.0,0.24,OH-1 parallel with OH-2,T7,line 29 0.065->-0.069 reversed,True
S00482,IEEE_CompTestFeeder,6251,0,146,146,0.99457,1.08722,0.09265,0.90593,1.00536,0.90771,1.08722,0.08185,625,8.77,32.3,92.8,92.61,SEC-2,T7,4178.44,4033.51,-144.94,1690.21,1661.87,-28.34,442.35,443.42,1.06,1,voltage,Max voltage 1.0872 pu at bus 625 exceeds 1.05,CONSTRAINED,734,702,734,625,23.53,-0.19,0,0.24,OH-1 parallel with OH-2,T7,line 30 0.066->-0.068 reversed,True
S00483,IEEE_CompTestFeeder,625,0,212,212,0.99457,1.1241,0.12953,0.90593,1.00536,0.90833,1.1241,0.11873,625,8.77,45.37,92.8,92.55,SEC-1,T7,4178.44,3975.25,-203.19,1690.21,1654.49,-35.72,442.35,451.16,8.81,1,voltage,Max voltage 1.1241 pu at bus 625 exceeds 1.05,CONSTRAINED,734,702,734,625,36.59,-0.26,0,0.24,OH-1 parallel with OH-2,T7,line 30 0.066->-0.122 reversed,True
S00484,IEEE_CompTestFeeder,732,0,126,126,0.92107,0.93034,0.00927,0.90593,1.00536,0.91536,1.0066,0.00124,702,8.77,8.42,92.8,92.44,OH-1 parallel with OH-2,T1,4178.44,4026.92,-151.52,1690.21,1639.41,-50.8,442.35,416.83,-25.52,1,caution,reverse flow,CAUTION,734,702,734,702,-0.35,-0.36,25.4,0.24,OH-1 parallel with OH-2,T7,trafo 3 reversed,True
S00485,IEEE_CompTestFeeder,7483,0,20,20,0.95588,0.9579,0.00202,0.90593,1.00536,0.90677,1.00563,0.00026,702,8.77,8.71,92.8,92.7,OH-1 parallel with OH-2,T7,4178.44,4152.43,-26.01,1690.21,1678.97,-11.24,442.35,436.34,-6.01,0,none,No violation,SAFE,734,702,734,702,-0.06,-0.1,0,0.24,OH-1 parallel with OH-2,T7,none,True
S00486,IEEE_CompTestFeeder,7121,0,235,235,0.95827,0.96818,0.00991,0.90593,1.00536,0.90751,1.00662,0.00126,702,8.77,8.76,92.8,92.63,OH-1 parallel with OH-2,T7,4178.44,3934.68,-243.76,1690.21,1646.14,-44.07,442.35,433.6,-8.76,1,caution,reverse flow,CAUTION,734,702,734,702,-0.02,-0.17,0,0.24,OH-1 parallel with OH-2,T7,line 3 0.221->-0.014 reversed,True
S00487,IEEE_CompTestFeeder,6221,4,134,138,0.99737,1.08257,0.0852,0.90599,1.00539,0.90763,1.08257,0.07717,622,8.77,30.67,92.8,92.62,SEC-5,T7,4174.1,4040.83,-133.27,1689.16,1662.96,-26.19,442.01,442.74,0.73,1,voltage,Max voltage 1.0826 pu at bus 622 exceeds 1.05,CONSTRAINED,734,702,734,622,21.9,-0.18,0,0.24,OH-1 parallel with OH-2,T7,line 30 0.062->-0.061 reversed,True
S00488,IEEE_CompTestFeeder,6332,11,138,149,0.91892,0.98174,0.06282,0.9114,1.00548,0.92737,1.00672,0.00124,702,8.74,32.7,92.76,92.43,SEC-7,T1,4164.95,4007.83,-157.11,1685.41,1635.1,-50.31,439.86,420.74,-19.11,1,voltage_rise,Voltage rise at PV bus 6332 0.0628 pu exceeds 0.05,CONSTRAINED,734,702,735,702,23.96,-0.33,0,0.24,OH-1 parallel with OH-2,T7,trafo 3 reversed,True
S00489,IEEE_CompTestFeeder,725,0,239,239,0.99457,1.13849,0.14392,0.90593,1.00536,0.90855,1.13849,0.13313,625,8.77,50.5,92.8,92.52,SEC-1,T7,4178.44,3952.44,-226.0,1690.21,1652.24,-37.97,442.35,455.35,13.0,1,voltage,Max voltage 1.1385 pu at bus 625 exceeds 1.05,CONSTRAINED,734,702,734,625,41.73,-0.28,0,0.24,OH-1 parallel with OH-2,T7,line 30 0.066->-0.143 reversed,True
S00490,IEEE_CompTestFeeder,769,0,203,203,0.95408,0.98429,0.03021,0.90593,1.00536,0.9152,1.00834,0.00297,702,8.77,8.11,92.8,110.3,OH-1 parallel with OH-2,T22,4178.44,3903.52,-274.92,1690.21,1561.5,-128.71,442.35,370.43,-71.92,1,transformer_loading,Transformer T22 loading 110.3% exceeds 100.0%,CONSTRAINED,734,702,734,702,-0.67,17.49,41.0,0.24,OH-1 parallel with OH-2,T7,trafo 7 reversed,True
S00491,IEEE_CompTestFeeder,6212,0,29,29,0.99457,1.00508,0.01051,0.90593,1.00536,0.90635,1.00556,0.00019,702,8.77,8.7,92.8,92.76,OH-1 parallel with OH-2,T7,4178.44,4147.22,-31.23,1690.21,1682.79,-7.42,442.35,440.13,-2.23,0,none,No violation,SAFE,734,702,734,702,-0.07,-0.04,0,0.24,OH-1 parallel with OH-2,T7,none,True
S00492,IEEE_CompTestFeeder,6251,0,190,190,0.99457,1.11208,0.11752,0.90593,1.00536,0.90814,1.11208,0.10672,625,8.77,41.1,92.8,92.57,SEC-1,T7,4178.44,3994.25,-184.19,1690.21,1656.64,-33.57,442.35,448.17,5.81,1,voltage,Max voltage 1.1121 pu at bus 625 exceeds 1.05,CONSTRAINED,734,702,734,625,32.33,-0.24,0,0.24,OH-1 parallel with OH-2,T7,line 30 0.066->-0.104 reversed,True
S00493,IEEE_CompTestFeeder,724,0,154,154,0.99457,1.04771,0.05314,0.90593,1.00536,0.90795,1.04771,0.04235,624,8.77,35.36,92.8,92.59,SEC-1,T7,4178.44,4019.59,-158.85,1690.21,1656.73,-33.48,442.35,437.5,-4.85,1,voltage_rise,Voltage rise at PV bus 724 0.0531 pu exceeds 0.05,CONSTRAINED,734,702,734,624,26.58,-0.22,0,0.24,OH-1 parallel with OH-2,T7,line 30 0.066->-0.081 reversed,True
S00494,IEEE_CompTestFeeder,723,7,172,179,1.00176,1.15206,0.1503,0.90603,1.00541,0.90786,1.15206,0.14665,623,8.76,37.38,92.79,92.6,SEC-4,T7,4170.88,4011.23,-159.65,1688.39,1662.32,-26.07,441.79,454.14,12.35,1,voltage,Max voltage 1.1521 pu at bus 623 exceeds 1.05,CONSTRAINED,734,702,734,623,28.62,-0.2,0,0.24,OH-1 parallel with OH-2,T7,line 30 0.059->-0.089 reversed,True
S00495,IEEE_CompTestFeeder,6252,0,186,186,0.99457,1.10987,0.1153,0.90593,1.00536,0.9081,1.10987,0.10451,625,8.77,40.31,92.8,92.57,SEC-1,T7,4178.44,3997.75,-180.69,1690.21,1657.07,-33.14,442.35,447.67,5.31,1,voltage,Max voltage 1.1099 pu at bus 625 exceeds 1.05,CONSTRAINED,734,702,734,625,31.54,-0.23,0,0.24,OH-1 parallel with OH-2,T7,line 30 0.066->-0.101 reversed,True
S00496,IEEE_CompTestFeeder,710,0,101,101,0.95737,0.96138,0.00401,0.90593,1.00536,0.90665,1.00594,0.00058,702,8.77,8.77,92.8,92.73,OH-1 parallel with OH-2,T7,4178.44,4072.98,-105.47,1690.21,1669.24,-20.97,442.35,437.89,-4.47,1,caution,reverse flow,CAUTION,734,702,734,702,-0.01,-0.08,80.0,0.208,OH-1 parallel with OH-2,T7,trafo 17 reversed,True
S00497,IEEE_CompTestFeeder,6212,13,184,197,0.99931,1.0615,0.06219,0.90612,1.00545,0.90844,1.0615,0.05605,621,8.74,44.64,92.78,92.54,SEC-4,T7,4164.36,3977.99,-186.38,1686.81,1649.72,-37.09,441.27,438.9,-2.38,1,voltage,Max voltage 1.0615 pu at bus 621 exceeds 1.05,CONSTRAINED,734,702,734,621,35.9,-0.25,0,0.24,OH-1 parallel with OH-2,T7,line 30 0.053->-0.119 reversed,True
S00498,IEEE_CompTestFeeder,7643,0,176,176,0.93653,0.9583,0.02177,0.90593,1.00536,0.91368,1.00781,0.00244,702,8.77,8.21,92.8,92.32,OH-1 parallel with OH-2,T1,4178.44,3943.47,-234.98,1690.21,1585.11,-105.1,442.35,383.38,-58.98,1,caution,reverse flow,CAUTION,734,702,734,702,-0.57,-0.48,0,0.24,OH-1 parallel with OH-2,T7,line 23 0.091->-0.084 reversed,True
S00499,IEEE_CompTestFeeder,6322,0,9,9,0.92107,0.92175,0.00068,0.90593,1.00536,0.90662,1.00546,9e-05,702,8.77,8.75,92.8,92.77,OH-1 parallel with OH-2,T7,4178.44,4167.51,-10.94,1690.21,1686.34,-3.87,442.35,440.42,-1.94,0,none,No violation,SAFE,734,702,734,702,-0.03,-0.03,0,0.24,OH-1 parallel with OH-2,T7,none,True
S00500,IEEE_CompTestFeeder,6232,0,248,248,0.99457,1.2025,0.20793,0.90593,1.00536,0.90834,1.2025,0.19713,623,8.77,49.61,92.8,92.55,SEC-4,T7,4178.44,3957.16,-221.28,1690.21,1658.96,-31.25,442.35,469.07,26.72,1,voltage,Max voltage 1.2025 pu at bus 623 exceeds 1.05,CONSTRAINED,734,702,734,623,40.84,-0.26,0,0.24,OH-1 parallel with OH-2,T7,line 30 0.066->-0.139 reversed,True
S00501,IEEE_CompTestFeeder,739,0,201,201,0.98479,1.0014,0.0166,0.90593,1.00536,0.91316,1.00744,0.00208,702,8.77,8.21,92.8,107.22,OH-1 parallel with OH-2,T6,4178.44,3934.44,-244.0,1690.21,1604.56,-85.65,442.35,399.35,-43.0,1,transformer_loading,Transformer T6 loading 107.2% exceeds 100.0%,CONSTRAINED,734,702,734,702,-0.57,14.42,41.1,0.24,OH-1 parallel with OH-2,T7,line 25 0.117->-0.084 reversed,True
S00502,IEEE_CompTestFeeder,7481,0,40,40,0.95588,0.9599,0.00402,0.90593,1.00536,0.9076,1.00588,0.00052,702,8.77,8.65,92.8,92.6,OH-1 parallel with OH-2,T7,4178.44,4126.54,-51.9,1690.21,1667.96,-22.25,442.35,430.45,-11.9,0,none,No violation,SAFE,734,702,734,702,-0.12,-0.2,0,0.24,OH-1 parallel with OH-2,T7,none,True
S00503,IEEE_CompTestFeeder,724,0,221,221,0.99457,1.06903,0.07446,0.90593,1.00536,0.90869,1.06903,0.06367,624,8.77,49.73,92.8,92.51,SEC-1,T7,4178.44,3955.22,-223.22,1690.21,1646.2,-44.01,442.35,440.14,-2.22,1,voltage,Max voltage 1.0690 pu at bus 624 exceeds 1.05,CONSTRAINED,734,702,734,624,40.96,-0.3,0,0.24,OH-1 parallel with OH-2,T7,line 30 0.066->-0.140 reversed,True
S00504,IEEE_CompTestFeeder,714,0,143,143,0.99084,0.99424,0.00341,0.90593,1.00536,0.90699,1.00621,0.00085,702,8.77,8.76,92.8,92.69,OH-1 parallel with OH-2,T7,4178.44,4029.11,-149.34,1690.21,1659.24,-30.97,442.35,436.02,-6.34,0,none,No violation,SAFE,734,702,734,702,-0.01,-0.11,240.0,0.208,OH-1 parallel with OH-2,T7,none,True
S00505,IEEE_CompTestFeeder,7643,0,91,91,0.93653,0.94805,0.01153,0.90593,1.00536,0.91005,1.00668,0.00131,702,8.77,8.48,92.8,92.43,OH-1 parallel with OH-2,T1,4178.44,4055.47,-122.97,1690.21,1633.28,-56.93,442.35,410.39,-31.97,1,caution,reverse flow,CAUTION,734,702,734,702,-0.3,-0.37,0,0.24,OH-1 parallel with OH-2,T7,line 24 0.046->-0.045 reversed,True
S00506,IEEE_CompTestFeeder,721,0,44,44,0.99457,1.01042,0.01585,0.90593,1.00536,0.90655,1.01042,0.00505,621,8.77,10.48,92.8,92.74,SEC-4,T7,4178.44,4131.32,-47.12,1690.21,1679.17,-11.04,442.35,439.24,-3.12,0,none,No violation,SAFE,734,702,734,621,1.7,-0.07,0,0.24,OH-1 parallel with OH-2,T7,none,True
S00507,IEEE_CompTestFeeder,726,3,110,113,0.99767,1.09934,0.10167,0.90597,1.00539,0.90729,1.09934,0.09395,626,8.77,24.73,92.8,92.66,SEC-2,T7,4175.19,4067.54,-107.65,1689.42,1668.8,-20.62,442.1,444.45,2.35,1,voltage,Max voltage 1.0993 pu at bus 626 exceeds 1.05,CONSTRAINED,734,702,734,626,15.96,-0.14,0,0.24,OH-1 parallel with OH-2,T7,line 30 0.063->-0.036 reversed,True
S00508,IEEE_CompTestFeeder,6232,0,65,65,0.99457,1.05749,0.06292,0.90593,1.00536,0.90678,1.05749,0.05213,623,8.77,14.79,92.8,92.71,SEC-6,T7,4178.44,4112.02,-66.42,1690.21,1676.02,-14.19,442.35,440.93,-1.42,0,voltage,Max voltage 1.0575 pu at bus 623 exceeds 1.05,CONSTRAINED,734,702,734,623,6.01,-0.09,0,0.24,OH-1 parallel with OH-2,T7,none,True
S00509,IEEE_CompTestFeeder,6332,0,197,197,0.91349,1.00169,0.0882,0.90593,1.00536,0.92872,1.00708,0.00171,702,8.77,43.55,92.8,103.57,SEC-7,T4,4178.44,3957.6,-220.84,1690.21,1621.18,-69.03,442.35,418.52,-23.84,1,voltage_rise,Voltage rise at PV bus 6332 0.0882 pu exceeds 0.05,CONSTRAINED,734,702,735,702,34.78,10.77,0,0.24,OH-1 parallel with OH-2,T7,line 38 0.016->-0.169 reversed,True
S00510,IEEE_CompTestFeeder,7121,0,66,66,0.95827,0.96114,0.00287,0.90593,1.00536,0.9064,1.00575,0.00038,702,8.77,8.77,92.8,92.75,OH-1 parallel with OH-2,T7,4178.44,4109.45,-69.0,1690.21,1676.33,-13.88,442.35,439.36,-3.0,0,none,No violation,SAFE,734,702,734,702,-0.01,-0.05,0,0.24,OH-1 parallel with OH-2,T7,none,True
S00511,IEEE_CompTestFeeder,6201,15,125,140,0.99505,0.999,0.00395,0.90615,1.00547,0.90794,1.0063,0.00083,702,8.74,8.58,92.78,92.59,OH-6,T7,4162.12,4026.78,-135.35,1686.25,1655.15,-31.09,441.04,430.69,-10.35,1,caution,reverse flow,CAUTION,734,702,734,702,-0.15,-0.19,0,0.24,OH-1 parallel with OH-2,T7,line 30 0.051->-0.074 reversed,True
S00512,IEEE_CompTestFeeder,732,0,247,247,0.92107,0.93874,0.01767,0.90593,1.00536,0.92389,1.00767,0.0023,702,8.77,8.1,92.8,146.66,OH-1 parallel with OH-2,T4,4178.44,3884.44,-294.0,1690.21,1597.24,-92.97,442.35,395.35,-47.0,1,transformer_loading,Transformer T4 loading 146.7% exceeds 100.0%,CONSTRAINED,734,702,734,702,-0.68,53.85,25.4,0.24,OH-1 parallel with OH-2,T7,trafo 3 reversed,True
S00513,IEEE_CompTestFeeder,6332,0,77,77,0.91349,0.95009,0.0366,0.90593,1.00536,0.92518,1.00612,0.00075,702,8.77,15.7,92.8,92.52,SEC-7,T7,4178.44,4087.19,-91.25,1690.21,1659.23,-30.98,442.35,428.11,-14.25,1,caution,rise 0.0366>=0.03; reverse flow,CAUTION,734,702,735,702,6.92,-0.28,0,0.24,OH-1 parallel with OH-2,T7,line 38 0.016->-0.059 reversed,True
S00514,IEEE_CompTestFeeder,6242,0,112,112,0.99457,1.03383,0.03926,0.90593,1.00536,0.90745,1.03383,0.02847,624,8.77,26.06,92.8,92.64,SEC-1,T7,4178.44,4061.3,-117.14,1690.21,1664.49,-25.72,442.35,437.21,-5.14,1,caution,max 1.0338>1.03; rise 0.0393>=0.03; reverse flow,CAUTION,734,702,734,624,17.29,-0.16,0,0.24,OH-1 parallel with OH-2,T7,line 30 0.066->-0.042 reversed,True
S00515,IEEE_CompTestFeeder,725,15,159,174,1.00497,1.10318,0.09821,0.90614,1.00547,0.90799,1.10318,0.09771,625,8.74,37.94,92.78,92.58,SEC-1,T7,4162.29,4008.33,-153.96,1686.35,1658.4,-27.96,441.2,446.24,5.04,1,voltage,Max voltage 1.1032 pu at bus 625 exceeds 1.05,CONSTRAINED,734,702,734,625,29.2,-0.2,0,0.24,OH-1 parallel with OH-2,T7,line 30 0.051->-0.091 reversed,True
S00516,IEEE_CompTestFeeder,722,3,169,172,0.99667,1.10205,0.10538,0.90597,1.00539,0.90797,1.10205,0.09667,622,8.77,37.55,92.8,92.59,SEC-4,T7,4175.18,4010.1,-165.08,1689.42,1658.63,-30.79,442.1,446.02,3.92,1,voltage,Max voltage 1.1021 pu at bus 622 exceeds 1.05,CONSTRAINED,734,702,734,622,28.78,-0.21,0,0.24,OH-1 parallel with OH-2,T7,line 30 0.063->-0.090 reversed,True
S00517,IEEE_CompTestFeeder,7393,11,244,255,0.98574,1.0056,0.01986,0.90634,1.00549,0.91498,1.00794,0.00245,702,8.74,8.06,92.76,142.37,OH-1 parallel with OH-2,T6,4164.85,3870.36,-294.49,1685.04,1584.59,-100.45,439.77,389.27,-50.49,1,transformer_loading,Transformer T6 loading 142.4% exceeds 100.0%,CONSTRAINED,734,702,734,702,-0.69,49.61,0,0.24,OH-1 parallel with OH-2,T7,line 25 0.105->-0.137 reversed,True
S00518,IEEE_CompTestFeeder,715,11,222,233,0.9911,0.99631,0.00521,0.90601,1.00543,0.90761,1.00671,0.00128,702,8.77,8.76,92.79,92.62,OH-1 parallel with OH-2,T7,4166.92,3935.63,-231.28,1687.69,1641.71,-45.97,441.83,432.55,-9.28,0,none,No violation,SAFE,734,702,734,702,-0.02,-0.17,0,0.208,OH-1 parallel with OH-2,T7,none,True
S00519,IEEE_CompTestFeeder,720,0,200,200,0.99457,1.00085,0.00628,0.90593,1.00536,0.90877,1.00667,0.00131,702,8.77,8.58,92.8,92.5,OH-6,T7,4178.44,3962.2,-216.24,1690.21,1641.43,-48.78,442.35,426.12,-16.24,1,caution,reverse flow,CAUTION,734,702,734,702,-0.2,-0.3,66.0,0.24,OH-1 parallel with OH-2,T7,line 30 0.066->-0.134 reversed,True
S00520,IEEE_CompTestFeeder,725,0,236,236,0.99457,1.13691,0.14234,0.90593,1.00536,0.90853,1.13691,0.13155,625,8.77,49.94,92.8,92.53,SEC-1,T7,4178.44,3954.95,-223.49,1690.21,1652.47,-37.74,442.35,454.86,12.51,1,voltage,Max voltage 1.1369 pu at bus 625 exceeds 1.05,CONSTRAINED,734,702,734,625,41.16,-0.28,0,0.24,OH-1 parallel with OH-2,T7,line 30 0.066->-0.141 reversed,True
S00521,IEEE_CompTestFeeder,7641,0,116,116,0.93653,0.95112,0.01459,0.90593,1.00536,0.91113,1.00702,0.00166,702,8.77,8.4,92.8,92.4,OH-1 parallel with OH-2,T1,4178.44,4022.25,-156.19,1690.21,1618.63,-71.58,442.35,402.17,-40.19,1,caution,reverse flow,CAUTION,734,702,734,702,-0.38,-0.4,0,0.24,OH-1 parallel with OH-2,T7,line 23 0.091->-0.025 reversed,True
S00522,IEEE_CompTestFeeder,712,6,214,220,0.95853,0.96758,0.00904,0.90597,1.0054,0.90742,1.00655,0.00115,702,8.77,8.76,92.8,92.64,OH-1 parallel with OH-2,T7,4172.15,3950.09,-222.06,1688.9,1648.52,-40.38,442.06,434.0,-8.06,1,caution,reverse flow,CAUTION,734,702,734,702,-0.02,-0.15,65.0,0.24,OH-1 parallel with OH-2,T7,line 28 0.139->-0.074 reversed,True
S00523,IEEE_CompTestFeeder,7121,3,111,114,0.9584,0.96319,0.00479,0.90595,1.00538,0.90674,1.00601,0.00063,702,8.77,8.77,92.8,92.72,OH-1 parallel with OH-2,T7,4175.3,4059.53,-115.76,1689.55,1666.98,-22.57,442.21,437.45,-4.76,1,caution,reverse flow,CAUTION,734,702,734,702,-0.01,-0.08,0,0.24,OH-1 parallel with OH-2,T7,line 29 0.062->-0.049 reversed,True
S00524,IEEE_CompTestFeeder,626,0,100,100,0.99457,1.08833,0.09376,0.90593,1.00536,0.90716,1.08833,0.08297,626,8.77,22.1,92.8,92.67,SEC-2,T7,4178.44,4079.26,-99.18,1690.21,1670.52,-19.69,442.35,443.17,0.82,1,voltage,Max voltage 1.0883 pu at bus 626 exceeds 1.05,CONSTRAINED,734,702,734,626,13.33,-0.13,0,0.24,OH-1 parallel with OH-2,T7,line 30 0.066->-0.026 reversed,True
S00525,IEEE_CompTestFeeder,748,0,25,25,0.95588,0.9584,0.00252,0.90593,1.00536,0.90698,1.00569,0.00033,702,8.77,8.7,92.8,92.68,OH-1 parallel with OH-2,T7,4178.44,4145.95,-32.5,1690.21,1676.2,-14.01,442.35,434.86,-7.5,0,none,No violation,SAFE,734,702,734,702,-0.08,-0.13,76.88,0.24,OH-1 parallel with OH-2,T7,none,True
S00526,IEEE_CompTestFeeder,6241,0,86,86,0.99457,1.02502,0.03045,0.90593,1.00536,0.90712,1.02502,0.01966,624,8.77,20.18,92.8,92.68,SEC-1,T7,4178.44,4087.7,-90.75,1690.21,1669.78,-20.43,442.35,437.61,-4.75,1,caution,rise 0.0305>=0.03; reverse flow,CAUTION,734,702,734,624,11.41,-0.13,0,0.24,OH-1 parallel with OH-2,T7,line 30 0.066->-0.018 reversed,True
S00527,IEEE_CompTestFeeder,714,13,90,103,0.99115,0.9933,0.00215,0.90603,1.00544,0.9067,1.00598,0.00054,702,8.77,8.77,92.79,92.72,OH-1 parallel with OH-2,T7,4164.82,4070.78,-94.05,1687.23,1667.51,-19.72,441.74,437.69,-4.05,0,none,No violation,SAFE,734,702,734,702,-0.01,-0.07,240.0,0.208,OH-1 parallel with OH-2,T7,none,True
S00528,IEEE_CompTestFeeder,723,0,78,78,0.99457,1.06916,0.07459,0.90593,1.00536,0.90692,1.06916,0.0638,623,8.77,17.55,92.8,92.7,SEC-6,T7,4178.44,4099.64,-78.8,1690.21,1673.83,-16.38,442.35,441.55,-0.8,0,voltage,Max voltage 1.0692 pu at bus 623 exceeds 1.05,CONSTRAINED,734,702,734,623,8.78,-0.11,0,0.24,OH-1 parallel with OH-2,T7,none,True
S00529,IEEE_CompTestFeeder,7392,0,40,40,0.98479,0.98822,0.00343,0.90593,1.00536,0.90743,1.00581,0.00044,702,8.77,8.66,92.8,92.63,OH-1 parallel with OH-2,T7,4178.44,4129.16,-49.28,1690.21,1671.68,-18.53,442.35,433.08,-9.28,0,none,No violation,SAFE,734,702,734,702,-0.12,-0.17,0,0.24,OH-1 parallel with OH-2,T7,none,True
S00530,IEEE_CompTestFeeder,7392,0,6,6,0.98479,0.98531,0.00052,0.90593,1.00536,0.90615,1.00543,7e-05,702,8.77,8.76,92.8,92.78,OH-1 parallel with OH-2,T7,4178.44,4171.03,-7.42,1690.21,1687.38,-2.83,442.35,440.94,-1.42,0,none,No violation,SAFE,734,702,734,702,-0.02,-0.03,0,0.24,OH-1 parallel with OH-2,T7,none,True
S00531,IEEE_CompTestFeeder,710,0,60,60,0.95737,0.95977,0.0024,0.90593,1.00536,0.90637,1.00571,0.00035,702,8.77,8.77,92.8,92.76,OH-1 parallel with OH-2,T7,4178.44,4115.68,-62.76,1690.21,1677.43,-12.78,442.35,439.59,-2.76,0,none,No violation,SAFE,734,702,734,702,-0.01,-0.05,80.0,0.208,OH-1 parallel with OH-2,T7,none,True
S00532,IEEE_CompTestFeeder,724,0,191,191,0.99457,1.0596,0.06503,0.90593,1.00536,0.90837,1.0596,0.05424,624,8.77,43.36,92.8,92.54,SEC-1,T7,4178.44,3983.73,-194.71,1690.21,1650.65,-39.56,442.35,438.64,-3.71,1,voltage,Max voltage 1.0596 pu at bus 624 exceeds 1.05,CONSTRAINED,734,702,734,624,34.59,-0.26,0,0.24,OH-1 parallel with OH-2,T7,line 30 0.066->-0.114 reversed,True
S00533,IEEE_CompTestFeeder,7643,0,203,203,0.93653,0.96145,0.02493,0.90593,1.00536,0.91479,1.00815,0.00278,702,8.77,8.13,92.8,110.21,OH-1 parallel with OH-2,T14,4178.44,3908.43,-270.01,1690.21,1570.76,-119.45,442.35,375.34,-67.01,1,transformer_loading,Transformer T14 loading 110.2% exceeds 100.0%,CONSTRAINED,734,702,734,702,-0.65,17.41,0,0.24,OH-1 parallel with OH-2,T7,line 23 0.091->-0.111 reversed,True
S00534,IEEE_CompTestFeeder,769,0,36,36,0.95408,0.95973,0.00565,0.90593,1.00536,0.90768,1.00594,0.00058,702,8.77,8.65,92.8,92.59,OH-1 parallel with OH-2,T7,4178.44,4128.28,-50.16,1690.21,1664.95,-25.26,442.35,428.2,-14.16,0,none,No violation,SAFE,734,702,734,702,-0.12,-0.21,41.0,0.24,OH-1 parallel with OH-2,T7,none,True
S00535,IEEE_CompTestFeeder,626,0,168,168,0.99457,1.14361,0.14904,0.90593,1.00536,0.90777,1.14361,0.13825,626,8.77,35.34,92.8,92.61,SEC-1,T7,4178.44,4020.28,-158.17,1690.21,1663.16,-27.05,442.35,452.19,9.83,1,voltage,Max voltage 1.1436 pu at bus 626 exceeds 1.05,CONSTRAINED,734,702,734,626,26.56,-0.2,0,0.24,OH-1 parallel with OH-2,T7,line 30 0.066->-0.080 reversed,True
S00536,IEEE_CompTestFeeder,7122,0,219,219,0.95827,0.96754,0.00927,0.90593,1.00536,0.90741,1.00655,0.00118,702,8.77,8.76,92.8,92.64,OH-1 parallel with OH-2,T7,4178.44,3951.11,-227.33,1690.21,1648.68,-41.53,442.35,434.03,-8.33,1,caution,reverse flow,CAUTION,734,702,734,702,-0.02,-0.16,0,0.24,OH-1 parallel with OH-2,T7,line 28 0.145->-0.073 reversed,True
S00537,IEEE_CompTestFeeder,7482,0,9,9,0.95588,0.95679,0.00091,0.90593,1.00536,0.90631,1.00548,0.00012,702,8.77,8.75,92.8,92.76,OH-1 parallel with OH-2,T7,4178.44,4166.72,-11.72,1690.21,1685.12,-5.09,442.35,439.63,-2.72,0,none,No violation,SAFE,734,702,734,702,-0.03,-0.05,0,0.24,OH-1 parallel with OH-2,T7,none,True
S00538,IEEE_CompTestFeeder,7641,0,188,188,0.93653,0.9597,0.02318,0.90593,1.00536,0.91418,1.00796,0.00259,702,8.77,8.17,92.8,100.14,OH-1 parallel with OH-2,T14,4178.44,3927.86,-250.58,1690.21,1578.68,-111.53,442.35,379.78,-62.58,1,transformer_loading,Transformer T14 loading 100.1% exceeds 100.0%,CONSTRAINED,734,702,734,702,-0.6,7.34,0,0.24,OH-1 parallel with OH-2,T7,line 23 0.091->-0.096 reversed,True
S00539,IEEE_CompTestFeeder,723,0,5,5,0.99457,0.99972,0.00515,0.90593,1.00536,0.906,1.0054,3e-05,702,8.77,8.76,92.8,92.8,OH-1 parallel with OH-2,T7,4178.44,4173.03,-5.41,1690.21,1688.9,-1.31,442.35,441.94,-0.41,0,none,No violation,SAFE,734,702,734,702,-0.01,-0.01,0,0.24,OH-1 parallel with OH-2,T7,none,True
S00540,IEEE_CompTestFeeder,6231,0,111,111,0.99457,1.09766,0.10309,0.90593,1.00536,0.90727,1.09766,0.0923,623,8.77,24.33,92.8,92.66,SEC-5,T7,4178.44,4069.33,-109.11,1690.21,1669.05,-21.16,442.35,444.24,1.89,1,voltage,Max voltage 1.0977 pu at bus 623 exceeds 1.05,CONSTRAINED,734,702,734,623,15.55,-0.14,0,0.24,OH-1 parallel with OH-2,T7,line 30 0.066->-0.035 reversed,True
S00541,IEEE_CompTestFeeder,730,0,26,26,0.94698,0.94807,0.0011,0.90593,1.00536,0.9066,1.00559,0.00023,702,8.77,8.71,92.8,92.73,OH-1 parallel with OH-2,T7,4178.44,4148.42,-30.02,1690.21,1681.06,-9.15,442.35,438.33,-4.02,0,none,No violation,SAFE,734,702,734,702,-0.07,-0.07,85.0,0.24,OH-1 parallel with OH-2,T7,none,True
S00542,IEEE_CompTestFeeder,7643,4,249,253,0.93705,0.96717,0.03013,0.90611,1.00542,0.91681,1.00875,0.00333,702,8.76,7.97,92.78,143.69,OH-1 parallel with OH-2,T14,4172.97,3844.19,-328.78,1687.58,1545.34,-142.24,440.88,361.1,-79.78,1,transformer_loading,Transformer T14 loading 143.7% exceeds 100.0%,CONSTRAINED,734,702,734,702,-0.79,50.91,0,0.24,OH-1 parallel with OH-2,T7,line 23 0.087->-0.160 reversed,True
S00543,IEEE_CompTestFeeder,7643,0,206,206,0.93653,0.9618,0.02527,0.90593,1.00536,0.91491,1.00818,0.00282,702,8.77,8.12,92.8,112.23,OH-1 parallel with OH-2,T14,4178.44,3904.55,-273.89,1690.21,1569.2,-121.01,442.35,374.46,-67.89,1,transformer_loading,Transformer T14 loading 112.2% exceeds 100.0%,CONSTRAINED,734,702,734,702,-0.66,19.42,0,0.24,OH-1 parallel with OH-2,T7,line 23 0.091->-0.114 reversed,True
S00544,IEEE_CompTestFeeder,7483,0,104,104,0.95588,0.96616,0.01028,0.90593,1.00536,0.9102,1.00668,0.00131,702,8.77,8.46,92.8,92.43,OH-1 parallel with OH-2,T1,4178.44,4044.46,-133.98,1690.21,1634.24,-55.97,442.35,412.37,-29.98,1,caution,reverse flow,CAUTION,734,702,734,702,-0.32,-0.37,0,0.24,OH-1 parallel with OH-2,T7,trafo 5 reversed,True
S00545,IEEE_CompTestFeeder,7392,0,104,104,0.98479,0.99357,0.00878,0.90593,1.00536,0.90976,1.00648,0.00112,702,8.77,8.48,92.8,92.45,OH-1 parallel with OH-2,T1,4178.44,4051.08,-127.36,1690.21,1643.6,-46.61,442.35,418.99,-23.36,1,caution,reverse flow,CAUTION,734,702,734,702,-0.3,-0.35,0,0.24,OH-1 parallel with OH-2,T7,line 26 0.041->-0.063 reversed,True
S00546,IEEE_CompTestFeeder,6241,0,9,9,0.99457,0.99786,0.00329,0.90593,1.00536,0.90606,1.00543,6e-05,702,8.77,8.75,92.8,92.79,OH-1 parallel with OH-2,T7,4178.44,4168.68,-9.76,1690.21,1687.85,-2.36,442.35,441.59,-0.76,0,none,No violation,SAFE,734,702,734,702,-0.02,-0.01,0,0.24,OH-1 parallel with OH-2,T7,none,True
S00547,IEEE_CompTestFeeder,6231,8,66,74,1.00278,1.0656,0.06282,0.90604,1.00542,0.90688,1.0656,0.06018,623,8.76,16.71,92.79,92.7,SEC-6,T7,4169.81,4103.42,-66.39,1688.14,1674.48,-13.66,441.72,441.33,-0.39,0,voltage,Max voltage 1.0656 pu at bus 623 exceeds 1.05,CONSTRAINED,734,702,734,623,7.95,-0.09,0,0.24,OH-1 parallel with OH-2,T7,none,True
S00548,IEEE_CompTestFeeder,715,14,198,212,0.99118,0.99583,0.00466,0.90603,1.00545,0.90747,1.00659,0.00114,702,8.77,8.76,92.79,92.64,OH-1 parallel with OH-2,T7,4163.78,3957.41,-206.37,1687.01,1645.67,-41.34,441.69,433.32,-8.37,0,none,No violation,SAFE,734,702,734,702,-0.02,-0.15,0,0.208,OH-1 parallel with OH-2,T7,none,True
S00549,IEEE_CompTestFeeder,6212,0,95,95,0.99457,1.02809,0.03352,0.90593,1.00536,0.90723,1.02809,0.02273,621,8.77,22.23,92.8,92.66,SEC-4,T7,4178.44,4078.51,-99.93,1690.21,1667.91,-22.3,442.35,437.42,-4.93,1,caution,rise 0.0335>=0.03; reverse flow,CAUTION,734,702,734,621,13.45,-0.14,0,0.24,OH-1 parallel with OH-2,T7,line 30 0.066->-0.026 reversed,True
S00550,IEEE_CompTestFeeder,7692,0,169,169,0.95408,0.9795,0.02542,0.90593,1.00536,0.91374,1.00788,0.00252,702,8.77,8.22,92.8,92.32,OH-1 parallel with OH-2,T1,4178.44,3948.29,-230.15,1690.21,1580.85,-109.36,442.35,381.21,-61.15,1,caution,reverse flow,CAUTION,734,702,734,702,-0.56,-0.49,0,0.24,OH-1 parallel with OH-2,T7,trafo 7 reversed,True
S00551,IEEE_CompTestFeeder,728,13,123,136,0.93965,0.96275,0.02309,0.90627,1.00548,0.90924,1.00645,0.00097,702,8.74,8.42,92.77,139.73,OH-1 parallel with OH-2,T3,4163.29,4024.07,-139.22,1685.47,1647.58,-37.89,440.2,423.98,-16.22,1,transformer_loading,Transformer T3 loading 139.7% exceeds 100.0%,CONSTRAINED,734,702,734,702,-0.32,46.96,38.0,0.24,OH-1 parallel with OH-2,T7,trafo 2 reversed,True
S00552,IEEE_CompTestFeeder,7393,0,212,212,0.98479,1.00226,0.01747,0.90593,1.00536,0.91354,1.00754,0.00218,702,8.77,8.18,92.8,114.39,OH-1 parallel with OH-2,T6,4178.44,3921.34,-257.1,1690.21,1600.39,-89.82,442.35,397.25,-45.1,1,transformer_loading,Transformer T6 loading 114.4% exceeds 100.0%,CONSTRAINED,734,702,734,702,-0.6,21.59,0,0.24,OH-1 parallel with OH-2,T7,line 25 0.117->-0.094 reversed,True
S00553,IEEE_CompTestFeeder,722,0,203,203,0.99457,1.11922,0.12465,0.90593,1.00536,0.90825,1.11922,0.11385,622,8.77,43.63,92.8,92.56,SEC-4,T7,4178.44,3982.98,-195.47,1690.21,1655.34,-34.87,442.35,449.89,7.53,1,voltage,Max voltage 1.1192 pu at bus 622 exceeds 1.05,CONSTRAINED,734,702,734,622,34.86,-0.25,0,0.24,OH-1 parallel with OH-2,T7,line 30 0.066->-0.115 reversed,True
S00554,IEEE_CompTestFeeder,7122,0,56,56,0.95827,0.96071,0.00244,0.90593,1.00536,0.90633,1.00569,0.00033,702,8.77,8.77,92.8,92.76,OH-1 parallel with OH-2,T7,4178.44,4119.87,-58.57,1690.21,1678.36,-11.85,442.35,439.78,-2.57,0,none,No violation,SAFE,734,702,734,702,-0.0,-0.04,0,0.24,OH-1 parallel with OH-2,T7,none,True
S00555,IEEE_CompTestFeeder,625,3,85,88,0.99667,1.05249,0.05583,0.90597,1.00539,0.90708,1.05249,0.04711,625,8.77,20.11,92.8,92.68,SEC-2,T7,4175.18,4088.08,-87.1,1689.42,1670.88,-18.54,442.1,439.99,-2.1,1,voltage,Max voltage 1.0525 pu at bus 625 exceeds 1.05,CONSTRAINED,734,702,734,625,11.35,-0.12,0,0.24,OH-1 parallel with OH-2,T7,line 30 0.063->-0.017 reversed,True
S00556,IEEE_CompTestFeeder,6201,0,213,213,0.99457,1.00124,0.00667,0.90593,1.00536,0.90895,1.00675,0.00139,702,8.77,8.57,92.8,92.48,OH-6,T7,4178.44,3948.25,-230.2,1690.21,1638.55,-51.66,442.35,425.16,-17.2,1,caution,reverse flow,CAUTION,734,702,734,702,-0.2,-0.32,0,0.24,OH-1 parallel with OH-2,T7,line 30 0.066->-0.147 reversed,True
S00557,IEEE_CompTestFeeder,7692,0,14,14,0.95408,0.9563,0.00222,0.90593,1.00536,0.90661,1.00559,0.00023,702,8.77,8.73,92.8,92.72,OH-1 parallel with OH-2,T7,4178.44,4158.86,-19.58,1690.21,1680.25,-9.96,442.35,436.77,-5.58,0,none,No violation,SAFE,734,702,734,702,-0.05,-0.08,0,0.24,OH-1 parallel with OH-2,T7,none,True
S00558,IEEE_CompTestFeeder,732,0,225,225,0.92107,0.93725,0.01618,0.90593,1.00536,0.92237,1.00748,0.00212,702,8.77,8.16,92.8,131.34,OH-1 parallel with OH-2,T4,4178.44,3910.13,-268.31,1690.21,1604.44,-85.77,442.35,399.05,-43.31,1,transformer_loading,Transformer T4 loading 131.3% exceeds 100.0%,CONSTRAINED,734,702,734,702,-0.62,38.53,25.4,0.24,OH-1 parallel with OH-2,T7,trafo 3 reversed,True
S00559,IEEE_CompTestFeeder,626,8,74,82,1.00278,1.0727,0.06992,0.90604,1.00542,0.90697,1.0727,0.06728,626,8.76,18.39,92.79,92.69,SEC-3,T7,4169.81,4095.88,-73.93,1688.14,1673.19,-14.95,441.72,441.79,0.07,1,voltage,Max voltage 1.0727 pu at bus 626 exceeds 1.05,CONSTRAINED,734,702,734,626,9.63,-0.1,0,0.24,OH-1 parallel with OH-2,T7,line 30 0.058->-0.010 reversed,True
S00560,IEEE_CompTestFeeder,720,9,232,241,0.99486,1.00208,0.00722,0.90606,1.00543,0.90933,1.00692,0.00149,702,8.75,8.57,92.79,92.44,OH-6,T7,4168.65,3918.22,-250.43,1687.83,1632.48,-55.34,441.56,423.14,-18.43,1,caution,reverse flow,CAUTION,734,702,734,702,-0.18,-0.35,66.0,0.24,OH-1 parallel with OH-2,T7,line 30 0.057->-0.174 reversed,True
S00561,IEEE_CompTestFeeder,6261,9,91,100,1.0038,1.08833,0.08453,0.90606,1.00543,0.90716,1.08833,0.08291,626,8.75,22.1,92.79,92.67,SEC-2,T7,4168.74,4079.26,-89.48,1687.88,1670.52,-17.36,441.65,443.17,1.52,1,voltage,Max voltage 1.0883 pu at bus 626 exceeds 1.05,CONSTRAINED,734,702,734,626,13.35,-0.12,0,0.24,OH-1 parallel with OH-2,T7,line 30 0.057->-0.026 reversed,True
S00562,IEEE_CompTestFeeder,730,0,132,132,0.94698,0.95246,0.00548,0.90593,1.00536,0.90926,1.00648,0.00112,702,8.77,8.43,92.8,92.45,OH-1 parallel with OH-2,T1,4178.44,4026.77,-151.67,1690.21,1645.63,-44.58,442.35,422.68,-19.67,1,caution,reverse flow,CAUTION,734,702,734,702,-0.35,-0.35,85.0,0.24,OH-1 parallel with OH-2,T7,line 31 0.085->-0.047 reversed,True
S00563,IEEE_CompTestFeeder,6241,11,73,84,0.99859,1.02434,0.02575,0.90609,1.00544,0.90709,1.02434,0.0189,624,8.75,19.73,92.79,92.68,SEC-1,T7,4166.52,4089.74,-76.77,1687.33,1670.21,-17.12,441.43,437.66,-3.77,1,caution,reverse flow,CAUTION,734,702,734,624,10.98,-0.11,0,0.24,OH-1 parallel with OH-2,T7,line 30 0.055->-0.016 reversed,True
S00564,IEEE_CompTestFeeder,710,4,115,119,0.95753,0.96208,0.00455,0.90596,1.00539,0.90678,1.00604,0.00065,702,8.77,8.77,92.8,92.71,OH-1 parallel with OH-2,T7,4174.25,4054.28,-119.97,1689.33,1665.79,-23.54,442.16,437.19,-4.97,1,caution,reverse flow,CAUTION,734,702,734,702,-0.01,-0.09,80.0,0.208,OH-1 parallel with OH-2,T7,trafo 17 reversed,True
S00565,IEEE_CompTestFeeder,730,0,87,87,0.94698,0.95062,0.00364,0.90593,1.00536,0.90814,1.00611,0.00075,702,8.77,8.55,92.8,92.57,OH-1 parallel with OH-2,T7,4178.44,4078.27,-100.17,1690.21,1660.3,-29.91,442.35,429.18,-13.17,0,none,No violation,SAFE,734,702,734,702,-0.23,-0.24,85.0,0.24,OH-1 parallel with OH-2,T7,none,True
S00566,IEEE_CompTestFeeder,715,0,174,174,0.99084,0.99496,0.00413,0.90593,1.00536,0.9072,1.00639,0.00102,702,8.77,8.76,92.8,92.67,OH-1 parallel with OH-2,T7,4178.44,3996.87,-181.58,1690.21,1653.03,-37.18,442.35,434.78,-7.58,0,none,No violation,SAFE,734,702,734,702,-0.01,-0.14,0,0.208,OH-1 parallel with OH-2,T7,none,True
S00567,IEEE_CompTestFeeder,770,0,159,159,0.95062,0.97017,0.01955,0.90593,1.00536,0.91352,1.00785,0.00248,702,8.77,8.24,92.8,92.32,OH-1 parallel with OH-2,T1,4178.44,3959.61,-218.83,1690.21,1581.59,-108.62,442.35,382.52,-59.83,0,none,No violation,SAFE,734,702,734,702,-0.54,-0.48,450.0,0.24,OH-1 parallel with OH-2,T7,none,True
S00568,IEEE_CompTestFeeder,6322,0,118,118,0.92107,0.92977,0.0087,0.90593,1.00536,0.91478,1.00653,0.00116,702,8.77,8.45,92.8,92.45,OH-1 parallel with OH-2,T1,4178.44,4036.44,-142.0,1690.21,1642.42,-47.79,442.35,418.35,-24.0,1,caution,reverse flow,CAUTION,734,702,734,702,-0.33,-0.36,0,0.24,OH-1 parallel with OH-2,T7,trafo 3 reversed,True
S00569,IEEE_CompTestFeeder,6222,0,191,191,0.99457,1.11264,0.11807,0.90593,1.00536,0.90814,1.11264,0.10727,622,8.77,41.3,92.8,92.57,SEC-4,T7,4178.44,3993.38,-185.06,1690.21,1656.54,-33.67,442.35,448.29,5.94,1,voltage,Max voltage 1.1126 pu at bus 622 exceeds 1.05,CONSTRAINED,734,702,734,622,32.52,-0.24,0,0.24,OH-1 parallel with OH-2,T7,line 30 0.066->-0.105 reversed,True
S00570,IEEE_CompTestFeeder,6231,0,116,116,0.99457,1.10185,0.10728,0.90593,1.00536,0.90732,1.10185,0.09648,623,8.77,25.33,92.8,92.66,SEC-5,T7,4178.44,4064.87,-113.57,1690.21,1668.42,-21.79,442.35,444.78,2.43,1,voltage,Max voltage 1.1018 pu at bus 623 exceeds 1.05,CONSTRAINED,734,702,734,623,16.55,-0.15,0,0.24,OH-1 parallel with OH-2,T7,line 30 0.066->-0.039 reversed,True
S00571,IEEE_CompTestFeeder,764,0,207,207,0.93653,0.96191,0.02539,0.90593,1.00536,0.91496,1.0082,0.00283,702,8.77,8.11,92.8,112.9,OH-1 parallel with OH-2,T14,4178.44,3903.26,-275.18,1690.21,1568.68,-121.53,442.35,374.17,-68.18,1,transformer_loading,Transformer T14 loading 112.9% exceeds 100.0%,CONSTRAINED,734,702,734,702,-0.66,20.1,46.0,0.24,OH-1 parallel with OH-2,T7,line 23 0.091->-0.115 reversed,True
S00572,IEEE_CompTestFeeder,632,0,168,168,0.92107,0.93331,0.01224,0.90593,1.00536,0.91837,1.00699,0.00162,702,8.77,8.31,92.8,92.4,OH-1 parallel with OH-2,T1,4178.44,3977.14,-201.31,1690.21,1624.06,-66.15,442.35,409.05,-33.31,1,caution,reverse flow,CAUTION,734,702,734,702,-0.47,-0.4,0,0.24,OH-1 parallel with OH-2,T7,trafo 3 reversed,True
S00573,IEEE_CompTestFeeder,6261,0,210,210,0.99457,1.17525,0.18068,0.90593,1.00536,0.90809,1.17525,0.16988,626,8.77,42.98,92.8,92.57,SEC-1,T7,4178.44,3986.39,-192.05,1690.21,1660.42,-29.79,442.35,460.31,17.95,1,voltage,Max voltage 1.1752 pu at bus 626 exceeds 1.05,CONSTRAINED,734,702,734,626,34.21,-0.23,0,0.24,OH-1 parallel with OH-2,T7,line 30 0.066->-0.112 reversed,True
S00574,IEEE_CompTestFeeder,725,5,222,227,0.99806,1.13214,0.13408,0.906,1.0054,0.90846,1.13214,0.12674,625,8.76,48.23,92.8,92.53,SEC-1,T7,4173.02,3962.51,-210.51,1688.9,1653.19,-35.71,441.93,453.42,11.49,1,voltage,Max voltage 1.1321 pu at bus 625 exceeds 1.05,CONSTRAINED,734,702,734,625,39.47,-0.26,0,0.24,OH-1 parallel with OH-2,T7,line 30 0.061->-0.134 reversed,True
S00575,IEEE_CompTestFeeder,6332,0,22,22,0.91349,0.92428,0.01079,0.90593,1.00536,0.9168,1.00559,0.00023,702,8.77,8.71,92.8,92.72,OH-1 parallel with OH-2,T7,4178.44,4151.61,-26.83,1690.21,1680.74,-9.47,442.35,437.53,-4.83,0,none,No violation,SAFE,734,702,734,702,-0.06,-0.08,0,0.24,OH-1 parallel with OH-2,T7,none,True
S00576,IEEE_CompTestFeeder,748,8,97,105,0.95669,0.96625,0.00957,0.90626,1.00547,0.91024,1.00669,0.00122,702,8.75,8.45,92.76,92.43,OH-1 parallel with OH-2,T1,4168.02,4043.18,-124.84,1685.69,1633.73,-51.96,439.94,412.1,-27.84,1,caution,reverse flow,CAUTION,734,702,734,702,-0.3,-0.33,76.88,0.24,OH-1 parallel with OH-2,T7,trafo 5 reversed,True
S00577,IEEE_CompTestFeeder,6251,3,159,162,0.99667,1.09639,0.09973,0.90597,1.00539,0.90787,1.09639,0.09101,625,8.77,35.54,92.8,92.6,SEC-1,T7,4175.18,4019.03,-156.15,1689.42,1659.82,-29.6,442.1,444.95,2.85,1,voltage,Max voltage 1.0964 pu at bus 625 exceeds 1.05,CONSTRAINED,734,702,734,625,26.78,-0.2,0,0.24,OH-1 parallel with OH-2,T7,line 30 0.063->-0.081 reversed,True
S00578,IEEE_CompTestFeeder,724,0,247,247,0.99457,1.07705,0.08248,0.90593,1.00536,0.90896,1.07705,0.07169,624,8.77,55.17,92.8,92.48,SEC-1,T7,4178.44,3930.92,-247.53,1690.21,1642.68,-47.53,442.35,441.83,-0.53,1,voltage,Max voltage 1.0771 pu at bus 624 exceeds 1.05,CONSTRAINED,734,702,734,624,46.39,-0.32,0,0.24,OH-1 parallel with OH-2,T7,line 30 0.066->-0.163 reversed,True
S00579,IEEE_CompTestFeeder,6241,0,200,200,0.99457,1.06245,0.06788,0.90593,1.00536,0.90847,1.06245,0.05709,624,8.77,45.28,92.8,92.53,SEC-1,T7,4178.44,3975.12,-203.32,1690.21,1649.27,-40.94,442.35,439.04,-3.32,1,voltage,Max voltage 1.0625 pu at bus 624 exceeds 1.05,CONSTRAINED,734,702,734,624,36.51,-0.27,0,0.24,OH-1 parallel with OH-2,T7,line 30 0.066->-0.122 reversed,True
S00580,IEEE_CompTestFeeder,708,0,140,140,0.95802,0.96316,0.00515,0.90593,1.00536,0.90691,1.00615,0.00079,702,8.77,8.76,92.8,92.7,OH-1 parallel with OH-2,T7,4178.44,4032.58,-145.86,1690.21,1662.0,-28.21,442.35,436.5,-5.86,1,caution,reverse flow,CAUTION,734,702,734,702,-0.01,-0.11,75.0,0.24,OH-1 parallel with OH-2,T7,trafo 16 reversed,True
S00581,IEEE_CompTestFeeder,6232,0,171,171,0.99457,1.14593,0.15136,0.90593,1.00536,0.9078,1.14593,0.14056,623,8.77,35.9,92.8,92.6,SEC-4,T7,4178.44,4017.8,-160.65,1690.21,1662.92,-27.29,442.35,452.71,10.35,1,voltage,Max voltage 1.1459 pu at bus 623 exceeds 1.05,CONSTRAINED,734,702,734,623,27.12,-0.2,0,0.24,OH-1 parallel with OH-2,T7,line 30 0.066->-0.083 reversed,True
S00582,IEEE_CompTestFeeder,764,0,34,34,0.93653,0.9409,0.00438,0.90593,1.00536,0.90749,1.00587,0.0005,702,8.77,8.66,92.8,92.61,OH-1 parallel with OH-2,T7,4178.44,4132.11,-46.33,1690.21,1668.26,-21.95,442.35,430.02,-12.33,0,none,No violation,SAFE,734,702,734,702,-0.11,-0.19,46.0,0.24,OH-1 parallel with OH-2,T7,none,True
S00583,IEEE_CompTestFeeder,623,10,137,147,1.00481,1.12712,0.12231,0.90607,1.00543,0.9076,1.12712,0.12169,623,8.75,31.37,92.79,92.62,SEC-4,T7,4167.67,4037.9,-129.77,1687.63,1665.02,-22.62,441.58,448.82,7.23,1,voltage,Max voltage 1.1271 pu at bus 623 exceeds 1.05,CONSTRAINED,734,702,734,623,22.62,-0.16,0,0.24,OH-1 parallel with OH-2,T7,line 30 0.056->-0.064 reversed,True
S00584,IEEE_CompTestFeeder,6251,4,72,76,0.99737,1.045,0.04763,0.90599,1.00539,0.90694,1.045,0.03961,625,8.77,17.5,92.8,92.7,SEC-2,T7,4174.1,4099.82,-74.28,1689.16,1673.08,-16.07,442.01,439.74,-2.28,0,caution,max 1.0450>1.03; rise 0.0476>=0.03,CAUTION,734,702,734,625,8.73,-0.1,0,0.24,OH-1 parallel with OH-2,T7,none,True
S00585,IEEE_CompTestFeeder,759,6,161,167,0.93815,0.9574,0.01925,0.9062,1.00545,0.91323,1.00766,0.0022,702,8.76,8.24,92.77,92.95,OH-1 parallel with OH-2,T12,4170.27,3956.1,-214.17,1686.34,1591.68,-94.67,440.18,387.02,-53.17,1,caution,reverse flow,CAUTION,734,702,734,702,-0.52,0.18,35.0,0.24,OH-1 parallel with OH-2,T7,line 18 0.029->-0.131 reversed,True
S00586,IEEE_CompTestFeeder,769,0,130,130,0.95408,0.97388,0.0198,0.90593,1.00536,0.91202,1.00734,0.00198,702,8.77,8.34,92.8,92.37,OH-1 parallel with OH-2,T1,4178.44,4000.25,-178.19,1690.21,1604.09,-86.12,442.35,394.16,-48.19,1,caution,reverse flow,CAUTION,734,702,734,702,-0.43,-0.43,41.0,0.24,OH-1 parallel with OH-2,T7,trafo 7 reversed,True
S00587,IEEE_CompTestFeeder,733,0,223,223,0.91349,1.01216,0.09867,0.90593,1.00536,0.92941,1.01216,0.00679,633,8.77,49.27,92.8,119.34,SEC-7,T4,4178.44,3931.19,-247.25,1690.21,1614.28,-75.93,442.35,418.1,-24.25,1,voltage_rise,Voltage rise at PV bus 733 0.0987 pu exceeds 0.05,CONSTRAINED,734,702,735,633,40.5,26.54,0,0.24,OH-1 parallel with OH-2,T7,line 38 0.016->-0.191 reversed,True
S00588,IEEE_CompTestFeeder,708,0,235,235,0.95802,0.9665,0.00849,0.90593,1.00536,0.90752,1.00663,0.00127,702,8.77,8.76,92.8,92.63,OH-1 parallel with OH-2,T7,4178.44,3934.53,-243.92,1690.21,1645.73,-44.48,442.35,433.44,-8.92,1,caution,reverse flow,CAUTION,734,702,734,702,-0.02,-0.17,75.0,0.24,OH-1 parallel with OH-2,T7,line 3 0.221->-0.014 reversed,True
S00589,IEEE_CompTestFeeder,6332,15,179,194,0.92088,1.00047,0.07959,0.91337,1.00552,0.92864,1.00705,0.00153,702,8.73,42.88,92.75,101.74,SEC-7,T4,4160.08,3960.69,-199.39,1683.7,1622.0,-61.7,438.99,418.6,-20.39,1,voltage_rise,Voltage rise at PV bus 6332 0.0796 pu exceeds 0.05,CONSTRAINED,734,702,735,702,34.15,8.99,0,0.24,OH-1 parallel with OH-2,T7,trafo 3 reversed,True
S00590,IEEE_CompTestFeeder,6202,0,186,186,0.99457,1.00042,0.00585,0.90593,1.00536,0.90858,1.00658,0.00122,702,8.77,8.58,92.8,92.52,OH-6,T7,4178.44,3977.25,-201.19,1690.21,1644.56,-45.65,442.35,427.16,-15.19,1,caution,reverse flow,CAUTION,734,702,734,702,-0.2,-0.28,0,0.24,OH-1 parallel with OH-2,T7,line 30 0.066->-0.120 reversed,True
S00591,IEEE_CompTestFeeder,633,0,79,79,0.91349,0.951,0.03751,0.90593,1.00536,0.92524,1.00614,0.00077,702,8.77,16.18,92.8,92.51,SEC-7,T7,4178.44,4084.92,-93.52,1690.21,1658.5,-31.71,442.35,427.83,-14.52,1,caution,rise 0.0375>=0.03; reverse flow,CAUTION,734,702,735,702,7.4,-0.29,0,0.24,OH-1 parallel with OH-2,T7,line 38 0.016->-0.061 reversed,True
S00592,IEEE_CompTestFeeder,772,14,186,200,0.9358,0.9553,0.0195,0.90658,1.00558,0.91485,1.00819,0.00262,702,8.73,8.13,92.72,92.28,OH-1 parallel with OH-2,T1,4159.25,3910.41,-248.84,1680.95,1568.24,-112.71,437.16,374.32,-62.84,1,caution,reverse flow,CAUTION,734,702,734,702,-0.6,-0.44,100.0,0.208,OH-1 parallel with OH-2,T7,line 21 0.086->-0.100 reversed,True
S00593,IEEE_CompTestFeeder,728,11,62,73,0.93926,0.95121,0.01195,0.90622,1.00546,0.90777,1.00598,0.00052,702,8.75,8.58,92.77,92.61,OH-1 parallel with OH-2,T7,4165.61,4094.46,-71.15,1686.19,1665.46,-20.73,440.52,431.37,-9.15,1,caution,reverse flow,CAUTION,734,702,734,702,-0.16,-0.17,38.0,0.24,OH-1 parallel with OH-2,T7,trafo 2 reversed,True
S00594,IEEE_CompTestFeeder,720,15,40,55,0.99505,0.99633,0.00128,0.90615,1.00547,0.90673,1.00574,0.00027,702,8.74,8.64,92.78,92.72,OH-1 parallel with OH-2,T7,4162.12,4118.69,-43.43,1686.25,1675.93,-10.32,441.04,437.6,-3.43,0,none,No violation,SAFE,734,702,734,702,-0.1,-0.06,66.0,0.24,OH-1 parallel with OH-2,T7,none,True
S00595,IEEE_CompTestFeeder,748,3,97,100,0.95618,0.96577,0.00959,0.90605,1.0054,0.91004,1.00663,0.00122,702,8.77,8.47,92.79,92.44,OH-1 parallel with OH-2,T1,4174.53,4049.55,-124.98,1688.51,1636.28,-52.23,441.45,413.47,-27.98,1,caution,reverse flow,CAUTION,734,702,734,702,-0.3,-0.35,76.88,0.24,OH-1 parallel with OH-2,T7,trafo 5 reversed,True
S00596,IEEE_CompTestFeeder,7693,0,124,124,0.95408,0.973,0.01892,0.90593,1.00536,0.91176,1.00726,0.00189,702,8.77,8.36,92.8,92.38,OH-1 parallel with OH-2,T1,4178.44,4008.3,-170.14,1690.21,1607.76,-82.45,442.35,396.21,-46.14,1,caution,reverse flow,CAUTION,734,702,734,702,-0.41,-0.43,0,0.24,OH-1 parallel with OH-2,T7,trafo 7 reversed,True
S00597,IEEE_CompTestFeeder,7693,0,231,231,0.95408,0.98816,0.03408,0.90593,1.00536,0.91637,1.0087,0.00333,702,8.77,8.02,92.8,128.66,OH-1 parallel with OH-2,T22,4178.44,3867.0,-311.44,1690.21,1546.17,-144.04,442.35,361.91,-80.44,1,transformer_loading,Transformer T22 loading 128.7% exceeds 100.0%,CONSTRAINED,734,702,734,702,-0.75,35.86,0,0.24,OH-1 parallel with OH-2,T7,trafo 7 reversed,True
S00598,IEEE_CompTestFeeder,712,0,106,106,0.95827,0.96285,0.00458,0.90593,1.00536,0.90668,1.00597,0.0006,702,8.77,8.77,92.8,92.72,OH-1 parallel with OH-2,T7,4178.44,4067.84,-110.61,1690.21,1668.5,-21.71,442.35,437.75,-4.61,1,caution,reverse flow,CAUTION,734,702,734,702,-0.01,-0.08,65.0,0.24,OH-1 parallel with OH-2,T7,line 29 0.065->-0.041 reversed,True
S00599,IEEE_CompTestFeeder,7393,0,201,201,0.98479,1.0014,0.0166,0.90593,1.00536,0.91316,1.00744,0.00208,702,8.77,8.21,92.8,107.22,OH-1 parallel with OH-2,T6,4178.44,3934.44,-244.0,1690.21,1604.56,-85.65,442.35,399.35,-43.0,1,transformer_loading,Transformer T6 loading 107.2% exceeds 100.0%,CONSTRAINED,734,702,734,702,-0.57,14.42,0,0.24,OH-1 parallel with OH-2,T7,line 25 0.117->-0.084 reversed,True
S00600,IEEE_CompTestFeeder,6262,4,37,41,0.99869,1.03521,0.03651,0.90599,1.00539,0.90649,1.03521,0.02981,626,8.77,9.53,92.8,92.74,SEC-3,T7,4174.11,4135.61,-38.49,1689.16,1680.6,-8.57,442.02,440.53,-1.49,0,caution,max 1.0352>1.03; rise 0.0365>=0.03,CAUTION,734,702,734,626,0.76,-0.05,0,0.24,OH-1 parallel with OH-2,T7,none,True
S00601,IEEE_CompTestFeeder,6202,0,120,120,0.99457,0.99838,0.00381,0.90593,1.00536,0.90766,1.00617,0.0008,702,8.77,8.59,92.8,92.62,OH-6,T7,4178.44,4048.36,-130.08,1690.21,1659.9,-30.31,442.35,432.27,-10.08,1,caution,reverse flow,CAUTION,734,702,734,702,-0.19,-0.18,0,0.24,OH-1 parallel with OH-2,T7,line 30 0.066->-0.054 reversed,True
S00602,IEEE_CompTestFeeder,7391,0,93,93,0.98479,0.99267,0.00787,0.90593,1.00536,0.90937,1.00637,0.001,702,8.77,8.51,92.8,92.46,OH-1 parallel with OH-2,T1,4178.44,4064.44,-114.01,1690.21,1648.29,-41.92,442.35,421.35,-21.01,1,caution,reverse flow,CAUTION,734,702,734,702,-0.27,-0.34,0,0.24,OH-1 parallel with OH-2,T7,line 26 0.041->-0.052 reversed,True
S00603,IEEE_CompTestFeeder,721,15,146,161,1.00004,1.04998,0.04995,0.90615,1.00547,0.90803,1.04998,0.04452,621,8.74,36.89,92.78,92.58,SEC-4,T7,4162.21,4012.74,-149.47,1686.3,1655.53,-30.77,441.12,437.65,-3.47,1,caution,max 1.0500>1.03; rise 0.0499>=0.03; reverse flow,CAUTION,734,702,734,621,28.15,-0.2,0,0.24,OH-1 parallel with OH-2,T7,line 30 0.051->-0.087 reversed,True
S00604,IEEE_CompTestFeeder,730,5,115,120,0.94719,0.95197,0.00478,0.90606,1.00541,0.90897,1.00638,0.00098,702,8.76,8.46,92.79,92.48,OH-1 parallel with OH-2,T7,4172.66,4040.48,-132.18,1688.44,1649.49,-38.94,441.58,424.39,-17.18,1,caution,reverse flow,CAUTION,734,702,734,702,-0.3,-0.31,85.0,0.24,OH-1 parallel with OH-2,T7,line 31 0.080->-0.035 reversed,True
S00605,IEEE_CompTestFeeder,7483,3,217,220,0.95618,0.97701,0.02083,0.90605,1.0054,0.91469,1.00801,0.0026,702,8.77,8.11,92.79,102.6,OH-1 parallel with OH-2,T8,4174.53,3898.55,-275.99,1688.51,1578.66,-109.85,441.45,382.46,-58.99,1,transformer_loading,Transformer T8 loading 102.6% exceeds 100.0%,CONSTRAINED,734,702,734,702,-0.65,9.81,0,0.24,OH-1 parallel with OH-2,T7,trafo 5 reversed,True
S00606,IEEE_CompTestFeeder,720,0,82,82,0.99457,0.99719,0.00262,0.90593,1.00536,0.90712,1.00592,0.00055,702,8.77,8.59,92.8,92.68,OH-6,T7,4178.44,4089.44,-89.0,1690.21,1669.16,-21.05,442.35,435.35,-7.0,1,caution,reverse flow,CAUTION,734,702,734,702,-0.18,-0.13,66.0,0.24,OH-1 parallel with OH-2,T7,line 30 0.066->-0.016 reversed,True
S00607,IEEE_CompTestFeeder,726,0,244,244,0.99457,1.19968,0.20511,0.90593,1.00536,0.90832,1.19968,0.19432,626,8.77,48.93,92.8,92.55,SEC-1,T7,4178.44,3960.18,-218.27,1690.21,1659.07,-31.14,442.35,468.09,25.73,1,voltage,Max voltage 1.1997 pu at bus 626 exceeds 1.05,CONSTRAINED,734,702,734,626,40.15,-0.26,0,0.24,OH-1 parallel with OH-2,T7,line 30 0.066->-0.136 reversed,True
S00608,IEEE_CompTestFeeder,740,0,245,245,0.98204,1.00206,0.02002,0.90593,1.00536,0.91474,1.00789,0.00253,702,8.77,8.08,92.8,115.46,OH-1 parallel with OH-2,T5,4178.44,3881.25,-297.19,1690.21,1585.92,-104.29,442.35,390.16,-52.19,1,transformer_loading,Transformer T5 loading 115.5% exceeds 100.0%,CONSTRAINED,734,702,734,702,-0.69,22.66,75.0,0.24,OH-1 parallel with OH-2,T7,line 25 0.117->-0.128 reversed,True
S00609,IEEE_CompTestFeeder,7642,4,69,73,0.93705,0.94582,0.00878,0.90611,1.00542,0.90925,1.00643,0.001,702,8.76,8.54,92.78,92.46,OH-1 parallel with OH-2,T1,4172.97,4079.54,-93.43,1687.58,1644.08,-43.5,440.88,416.45,-24.43,1,caution,reverse flow,CAUTION,734,702,734,702,-0.23,-0.32,0,0.24,OH-1 parallel with OH-2,T7,line 24 0.042->-0.027 reversed,True
S00610,IEEE_CompTestFeeder,733,0,146,146,0.91349,0.98046,0.06697,0.90593,1.00536,0.92729,1.0067,0.00133,702,8.77,32.01,92.8,92.43,SEC-7,T1,4178.44,4011.04,-167.4,1690.21,1636.02,-54.19,442.35,420.95,-21.4,1,voltage_rise,Voltage rise at PV bus 733 0.0670 pu exceeds 0.05,CONSTRAINED,734,702,735,702,23.24,-0.37,0,0.24,OH-1 parallel with OH-2,T7,line 38 0.016->-0.123 reversed,True
S00611,IEEE_CompTestFeeder,764,0,82,82,0.93653,0.94694,0.01041,0.90593,1.00536,0.90965,1.00655,0.00119,702,8.77,8.51,92.8,92.45,OH-1 parallel with OH-2,T1,4178.44,4067.49,-110.95,1690.21,1638.65,-51.56,442.35,413.4,-28.95,1,caution,reverse flow,CAUTION,734,702,734,702,-0.27,-0.36,46.0,0.24,OH-1 parallel with OH-2,T7,line 24 0.046->-0.036 reversed,True
S00612,IEEE_CompTestFeeder,7691,0,169,169,0.95408,0.9795,0.02542,0.90593,1.00536,0.91374,1.00788,0.00252,702,8.77,8.22,92.8,92.32,OH-1 parallel with OH-2,T1,4178.44,3948.29,-230.15,1690.21,1580.85,-109.36,442.35,381.21,-61.15,1,caution,reverse flow,CAUTION,734,702,734,702,-0.56,-0.49,0,0.24,OH-1 parallel with OH-2,T7,trafo 7 reversed,True
S00613,IEEE_CompTestFeeder,726,0,153,153,0.99457,1.13188,0.13731,0.90593,1.00536,0.90765,1.13188,0.12651,626,8.77,32.52,92.8,92.62,SEC-1,T7,4178.44,4032.82,-145.62,1690.21,1664.45,-25.76,442.35,449.73,7.38,1,voltage,Max voltage 1.1319 pu at bus 626 exceeds 1.05,CONSTRAINED,734,702,734,626,23.74,-0.18,0,0.24,OH-1 parallel with OH-2,T7,line 30 0.066->-0.069 reversed,True
S00614,IEEE_CompTestFeeder,724,0,164,164,0.99457,1.05096,0.05639,0.90593,1.00536,0.90807,1.05096,0.04559,624,8.77,37.54,92.8,92.58,SEC-1,T7,4178.44,4009.82,-168.63,1690.21,1655.02,-35.19,442.35,437.73,-4.63,1,voltage,Max voltage 1.0510 pu at bus 624 exceeds 1.05,CONSTRAINED,734,702,734,624,28.76,-0.23,0,0.24,OH-1 parallel with OH-2,T7,line 30 0.066->-0.090 reversed,True
S00615,IEEE_CompTestFeeder,6221,12,15,27,1.00291,1.01312,0.01021,0.9061,1.00545,0.90631,1.01312,0.00767,622,8.75,8.71,92.78,92.76,OH-1 parallel with OH-2,T7,4165.49,4149.61,-15.89,1687.1,1683.45,-3.66,441.41,440.52,-0.89,0,none,No violation,SAFE,734,702,734,622,-0.04,-0.02,0,0.24,OH-1 parallel with OH-2,T7,none,True
S00616,IEEE_CompTestFeeder,623,0,247,247,0.99457,1.20179,0.20722,0.90593,1.00536,0.90833,1.20179,0.19643,623,8.77,49.44,92.8,92.55,SEC-4,T7,4178.44,3957.91,-220.53,1690.21,1658.98,-31.23,442.35,468.82,26.47,1,voltage,Max voltage 1.2018 pu at bus 623 exceeds 1.05,CONSTRAINED,734,702,734,623,40.67,-0.26,0,0.24,OH-1 parallel with OH-2,T7,line 30 0.066->-0.138 reversed,True
S00617,IEEE_CompTestFeeder,759,0,201,201,0.9374,0.96125,0.02385,0.90593,1.00536,0.91462,1.00808,0.00272,702,8.77,8.14,92.8,115.94,OH-1 parallel with OH-2,T12,4178.44,3912.06,-266.39,1690.21,1573.78,-116.43,442.35,376.97,-65.39,1,transformer_loading,Transformer T12 loading 115.9% exceeds 100.0%,CONSTRAINED,734,702,734,702,-0.64,23.14,35.0,0.24,OH-1 parallel with OH-2,T7,line 18 0.035->-0.165 reversed,True
S00618,IEEE_CompTestFeeder,6321,0,12,12,0.92107,0.92198,0.00091,0.90593,1.00536,0.90685,1.00549,0.00012,702,8.77,8.74,92.8,92.76,OH-1 parallel with OH-2,T7,4178.44,4163.87,-14.58,1690.21,1685.06,-5.15,442.35,439.78,-2.58,0,none,No violation,SAFE,734,702,734,702,-0.03,-0.05,0,0.24,OH-1 parallel with OH-2,T7,none,True
S00619,IEEE_CompTestFeeder,7482,11,79,90,0.95699,0.96481,0.00782,0.90639,1.00551,0.90964,1.00651,0.001,702,8.74,8.5,92.75,92.45,OH-1 parallel with OH-2,T1,4164.12,4062.31,-101.81,1684.0,1641.43,-42.57,439.03,416.23,-22.81,1,caution,reverse flow,CAUTION,734,702,734,702,-0.24,-0.3,0,0.24,OH-1 parallel with OH-2,T7,trafo 5 reversed,True
S00620,IEEE_CompTestFeeder,772,0,211,211,0.93426,0.9564,0.02214,0.90593,1.00536,0.91531,1.00834,0.00297,702,8.77,8.09,92.8,92.27,OH-1 parallel with OH-2,T1,4178.44,3896.03,-282.42,1690.21,1562.14,-128.07,442.35,370.94,-71.42,1,caution,reverse flow,CAUTION,734,702,734,702,-0.68,-0.53,100.0,0.208,OH-1 parallel with OH-2,T7,line 21 0.100->-0.111 reversed,True
S00621,IEEE_CompTestFeeder,6261,0,23,23,0.99457,1.0178,0.02323,0.90593,1.00536,0.90625,1.0178,0.01243,626,8.77,8.72,92.8,92.77,OH-1 parallel with OH-2,T7,4178.44,4153.99,-24.45,1690.21,1684.51,-5.7,442.35,440.91,-1.45,0,none,No violation,SAFE,734,702,734,626,-0.05,-0.03,0,0.24,OH-1 parallel with OH-2,T7,none,True
S00622,IEEE_CompTestFeeder,632,0,111,111,0.92107,0.92927,0.0082,0.90593,1.00536,0.91426,1.00646,0.0011,702,8.77,8.46,92.8,92.45,OH-1 parallel with OH-2,T1,4178.44,4044.78,-133.66,1690.21,1645.08,-45.13,442.35,419.69,-22.66,1,caution,reverse flow,CAUTION,734,702,734,702,-0.31,-0.35,0,0.24,OH-1 parallel with OH-2,T7,trafo 3 reversed,True
S00623,IEEE_CompTestFeeder,7393,0,92,92,0.98479,0.99258,0.00779,0.90593,1.00536,0.90933,1.00636,0.00099,702,8.77,8.51,92.8,92.46,OH-1 parallel with OH-2,T1,4178.44,4065.65,-112.79,1690.21,1648.72,-41.49,442.35,421.56,-20.79,1,caution,reverse flow,CAUTION,734,702,734,702,-0.26,-0.34,0,0.24,OH-1 parallel with OH-2,T7,line 26 0.041->-0.051 reversed,True
S00624,IEEE_CompTestFeeder,723,0,188,188,0.99457,1.15889,0.16432,0.90593,1.00536,0.90793,1.15889,0.15352,623,8.77,39.02,92.8,92.59,SEC-4,T7,4178.44,4003.92,-174.52,1690.21,1661.7,-28.51,442.35,455.84,13.48,1,voltage,Max voltage 1.1589 pu at bus 623 exceeds 1.05,CONSTRAINED,734,702,734,623,30.25,-0.21,0,0.24,OH-1 parallel with OH-2,T7,line 30 0.066->-0.096 reversed,True
S00625,IEEE_CompTestFeeder,6202,8,107,115,0.99483,0.99823,0.0034,0.90604,1.00542,0.90759,1.00613,0.00071,702,8.76,8.59,92.79,92.63,OH-6,T7,4169.74,4053.76,-115.98,1688.09,1661.1,-26.99,441.65,432.67,-8.98,1,caution,reverse flow,CAUTION,734,702,734,702,-0.17,-0.16,0,0.24,OH-1 parallel with OH-2,T7,line 30 0.058->-0.049 reversed,True
S00626,IEEE_CompTestFeeder,721,11,148,159,0.99859,1.04934,0.05075,0.90609,1.00544,0.90801,1.04934,0.0439,621,8.75,36.45,92.79,92.58,SEC-4,T7,4166.52,4014.69,-151.82,1687.33,1655.87,-31.46,441.43,437.61,-3.82,1,voltage_rise,Voltage rise at PV bus 721 0.0508 pu exceeds 0.05,CONSTRAINED,734,702,734,621,27.7,-0.2,0,0.24,OH-1 parallel with OH-2,T7,line 30 0.055->-0.085 reversed,True
S00627,IEEE_CompTestFeeder,715,0,124,124,0.99084,0.9938,0.00296,0.90593,1.00536,0.90685,1.0061,0.00074,702,8.77,8.76,92.8,92.7,OH-1 parallel with OH-2,T7,4178.44,4048.89,-129.55,1690.21,1663.13,-27.08,442.35,436.8,-5.55,0,none,No violation,SAFE,734,702,734,702,-0.01,-0.1,0,0.208,OH-1 parallel with OH-2,T7,none,True
S00628,IEEE_CompTestFeeder,720,0,68,68,0.99457,0.99675,0.00218,0.90593,1.00536,0.90692,1.00583,0.00046,702,8.77,8.61,92.8,92.7,OH-1 parallel with OH-2,T7,4178.44,4104.6,-73.84,1690.21,1672.65,-17.56,442.35,436.51,-5.84,0,none,No violation,SAFE,734,702,734,702,-0.17,-0.11,66.0,0.24,OH-1 parallel with OH-2,T7,none,True
S00629,IEEE_CompTestFeeder,723,0,79,79,0.99457,1.07005,0.07548,0.90593,1.00536,0.90693,1.07005,0.06468,623,8.77,17.76,92.8,92.7,SEC-6,T7,4178.44,4098.7,-79.75,1690.21,1673.66,-16.55,442.35,441.61,-0.75,0,voltage,Max voltage 1.0700 pu at bus 623 exceeds 1.05,CONSTRAINED,734,702,734,623,8.99,-0.11,0,0.24,OH-1 parallel with OH-2,T7,none,True
S00630,IEEE_CompTestFeeder,6251,9,68,77,1.00084,1.04563,0.04479,0.90606,1.00543,0.90695,1.04563,0.0402,625,8.75,17.71,92.79,92.69,SEC-2,T7,4168.71,4098.84,-69.87,1687.87,1672.9,-14.97,441.62,439.75,-1.87,0,caution,max 1.0456>1.03; rise 0.0448>=0.03,CAUTION,734,702,734,625,8.96,-0.1,0,0.24,OH-1 parallel with OH-2,T7,none,True
S00631,IEEE_CompTestFeeder,725,12,189,201,1.00291,1.11812,0.11522,0.9061,1.00545,0.90823,1.11812,0.11268,625,8.75,43.24,92.78,92.56,SEC-1,T7,4165.49,3984.7,-180.79,1687.1,1655.53,-31.57,441.41,449.61,8.21,1,voltage,Max voltage 1.1181 pu at bus 625 exceeds 1.05,CONSTRAINED,734,702,734,625,34.5,-0.23,0,0.24,OH-1 parallel with OH-2,T7,line 30 0.054->-0.113 reversed,True
S00632,IEEE_CompTestFeeder,6202,0,45,45,0.99457,0.99602,0.00145,0.90593,1.00536,0.90659,1.00567,0.00031,702,8.77,8.67,92.8,92.73,OH-1 parallel with OH-2,T7,4178.44,4129.54,-48.9,1690.21,1678.48,-11.73,442.35,438.45,-3.9,0,none,No violation,SAFE,734,702,734,702,-0.11,-0.07,0,0.24,OH-1 parallel with OH-2,T7,none,True
S00633,IEEE_CompTestFeeder,7482,10,132,142,0.95689,0.96978,0.01289,0.90635,1.0055,0.91171,1.00713,0.00163,702,8.74,8.34,92.75,92.39,OH-1 parallel with OH-2,T1,4165.42,3996.26,-169.16,1684.56,1615.27,-69.3,439.33,402.18,-37.16,1,caution,reverse flow,CAUTION,734,702,734,702,-0.4,-0.36,0,0.24,OH-1 parallel with OH-2,T7,trafo 5 reversed,True
S00634,IEEE_CompTestFeeder,6201,0,28,28,0.99457,0.99547,0.0009,0.90593,1.00536,0.90634,1.00556,0.00019,702,8.77,8.71,92.8,92.76,OH-1 parallel with OH-2,T7,4178.44,4148.0,-30.45,1690.21,1682.86,-7.35,442.35,439.91,-2.45,0,none,No violation,SAFE,734,702,734,702,-0.07,-0.04,0,0.24,OH-1 parallel with OH-2,T7,none,True
S00635,IEEE_CompTestFeeder,6252,0,66,66,0.99457,1.03866,0.0441,0.90593,1.00536,0.90682,1.03866,0.0333,625,8.77,15.29,92.8,92.71,SEC-2,T7,4178.44,4109.74,-68.7,1690.21,1675.02,-15.19,442.35,439.65,-2.7,0,caution,max 1.0387>1.03; rise 0.0441>=0.03,CAUTION,734,702,734,625,6.51,-0.1,0,0.24,OH-1 parallel with OH-2,T7,none,True
S00636,IEEE_CompTestFeeder,739,0,17,17,0.98479,0.98626,0.00146,0.90593,1.00536,0.90657,1.00555,0.00019,702,8.77,8.73,92.8,92.73,OH-1 parallel with OH-2,T7,4178.44,4157.45,-20.99,1690.21,1682.24,-7.97,442.35,438.37,-3.99,0,none,No violation,SAFE,734,702,734,702,-0.05,-0.07,41.1,0.24,OH-1 parallel with OH-2,T7,none,True
S00637,IEEE_CompTestFeeder,626,0,157,157,0.99457,1.13503,0.14046,0.90593,1.00536,0.90768,1.13503,0.12967,626,8.77,33.28,92.8,92.62,SEC-1,T7,4178.44,4029.45,-148.99,1690.21,1664.09,-26.12,442.35,450.36,8.01,1,voltage,Max voltage 1.1350 pu at bus 626 exceeds 1.05,CONSTRAINED,734,702,734,626,24.5,-0.19,0,0.24,OH-1 parallel with OH-2,T7,line 30 0.066->-0.072 reversed,True
S00638,IEEE_CompTestFeeder,7392,0,7,7,0.98479,0.9854,0.0006,0.90593,1.00536,0.90619,1.00544,8e-05,702,8.77,8.75,92.8,92.77,OH-1 parallel with OH-2,T7,4178.44,4169.79,-8.65,1690.21,1686.91,-3.3,442.35,440.7,-1.65,0,none,No violation,SAFE,734,702,734,702,-0.02,-0.03,0,0.24,OH-1 parallel with OH-2,T7,none,True
S00639,IEEE_CompTestFeeder,715,0,230,230,0.99084,0.99624,0.0054,0.90593,1.00536,0.90759,1.00669,0.00133,702,8.77,8.76,92.8,92.63,OH-1 parallel with OH-2,T7,4178.44,3938.74,-239.7,1690.21,1642.27,-47.94,442.35,432.66,-9.7,0,none,No violation,SAFE,734,702,734,702,-0.02,-0.18,0,0.208,OH-1 parallel with OH-2,T7,none,True
S00640,IEEE_CompTestFeeder,759,15,108,123,0.93927,0.95231,0.01304,0.90661,1.00559,0.91138,1.00709,0.0015,702,8.73,8.38,92.72,92.39,OH-1 parallel with OH-2,T1,4158.04,4013.7,-144.34,1680.59,1615.88,-64.71,436.95,400.61,-36.34,1,caution,reverse flow,CAUTION,734,702,734,702,-0.35,-0.33,35.0,0.24,OH-1 parallel with OH-2,T7,line 18 0.020->-0.088 reversed,True
S00641,IEEE_CompTestFeeder,6232,0,18,18,0.99457,1.01284,0.01828,0.90593,1.00536,0.90618,1.01284,0.00748,623,8.77,8.73,92.8,92.78,OH-1 parallel with OH-2,T7,4178.44,4159.21,-19.23,1690.21,1685.68,-4.53,442.35,441.13,-1.23,0,none,No violation,SAFE,734,702,734,623,-0.04,-0.03,0,0.24,OH-1 parallel with OH-2,T7,none,True
S00642,IEEE_CompTestFeeder,732,0,78,78,0.92107,0.92688,0.00581,0.90593,1.00536,0.91183,1.00615,0.00078,702,8.77,8.56,92.8,92.51,OH-1 parallel with OH-2,T7,4178.44,4084.25,-94.19,1690.21,1657.91,-32.3,442.35,426.16,-16.19,1,caution,reverse flow,CAUTION,734,702,734,702,-0.22,-0.29,25.4,0.24,OH-1 parallel with OH-2,T7,trafo 3 reversed,True
S00643,IEEE_CompTestFeeder,708,0,120,120,0.95802,0.96245,0.00443,0.90593,1.00536,0.90678,1.00604,0.00068,702,8.77,8.77,92.8,92.71,OH-1 parallel with OH-2,T7,4178.44,4053.32,-125.12,1690.21,1665.72,-24.49,442.35,437.23,-5.12,1,caution,reverse flow,CAUTION,734,702,734,702,-0.01,-0.09,75.0,0.24,OH-1 parallel with OH-2,T7,trafo 16 reversed,True
S00644,IEEE_CompTestFeeder,7693,0,164,164,0.95408,0.97879,0.02471,0.90593,1.00536,0.91352,1.00781,0.00245,702,8.77,8.23,92.8,92.32,OH-1 parallel with OH-2,T1,4178.44,3954.92,-223.52,1690.21,1583.77,-106.44,442.35,382.83,-59.52,1,caution,reverse flow,CAUTION,734,702,734,702,-0.54,-0.48,0,0.24,OH-1 parallel with OH-2,T7,trafo 7 reversed,True
S00645,IEEE_CompTestFeeder,720,0,29,29,0.99457,0.9955,0.00093,0.90593,1.00536,0.90635,1.00556,0.0002,702,8.77,8.7,92.8,92.76,OH-1 parallel with OH-2,T7,4178.44,4146.91,-31.53,1690.21,1682.6,-7.61,442.35,439.82,-2.53,0,none,No violation,SAFE,734,702,734,702,-0.07,-0.05,66.0,0.24,OH-1 parallel with OH-2,T7,none,True
S00646,IEEE_CompTestFeeder,6252,0,91,91,0.99457,1.05435,0.05978,0.90593,1.00536,0.90712,1.05435,0.04899,625,8.77,20.76,92.8,92.68,SEC-2,T7,4178.44,4085.17,-93.27,1690.21,1670.35,-19.86,442.35,440.08,-2.27,1,voltage,Max voltage 1.0544 pu at bus 625 exceeds 1.05,CONSTRAINED,734,702,734,625,11.99,-0.13,0,0.24,OH-1 parallel with OH-2,T7,line 30 0.066->-0.020 reversed,True
S00647,IEEE_CompTestFeeder,6232,6,159,165,1.00074,1.14128,0.14054,0.90601,1.00541,0.90775,1.14128,0.13588,623,8.76,34.78,92.79,92.61,SEC-4,T7,4171.95,4022.76,-149.19,1688.64,1663.4,-25.24,441.87,451.68,9.81,1,voltage,Max voltage 1.1413 pu at bus 623 exceeds 1.05,CONSTRAINED,734,702,734,623,26.02,-0.19,0,0.24,OH-1 parallel with OH-2,T7,line 30 0.060->-0.078 reversed,True
S00648,IEEE_CompTestFeeder,7641,0,15,15,0.93653,0.93847,0.00194,0.90593,1.00536,0.90662,1.00559,0.00022,702,8.77,8.73,92.8,92.72,OH-1 parallel with OH-2,T7,4178.44,4157.94,-20.5,1690.21,1680.42,-9.79,442.35,436.85,-5.5,0,none,No violation,SAFE,734,702,734,702,-0.05,-0.08,0,0.24,OH-1 parallel with OH-2,T7,none,True
S00649,IEEE_CompTestFeeder,625,0,187,187,0.99457,1.11043,0.11586,0.90593,1.00536,0.90811,1.11043,0.10506,625,8.77,40.51,92.8,92.57,SEC-1,T7,4178.44,3996.88,-181.57,1690.21,1656.96,-33.25,442.35,447.79,5.43,1,voltage,Max voltage 1.1104 pu at bus 625 exceeds 1.05,CONSTRAINED,734,702,734,625,31.74,-0.23,0,0.24,OH-1 parallel with OH-2,T7,line 30 0.066->-0.102 reversed,True
S00650,IEEE_CompTestFeeder,6212,11,121,132,0.99859,1.04049,0.04191,0.90609,1.00544,0.90769,1.04049,0.03505,621,8.75,30.52,92.79,92.62,SEC-4,T7,4166.52,4041.3,-125.22,1687.33,1660.68,-26.65,441.43,437.21,-4.22,1,caution,max 1.0405>1.03; rise 0.0419>=0.03; reverse flow,CAUTION,734,702,734,621,21.77,-0.17,0,0.24,OH-1 parallel with OH-2,T7,line 30 0.055->-0.061 reversed,True
S00651,IEEE_CompTestFeeder,724,0,136,136,0.99457,1.04181,0.04725,0.90593,1.00536,0.90774,1.04181,0.03645,624,8.77,31.4,92.8,92.61,SEC-1,T7,4178.44,4037.33,-141.11,1690.21,1659.94,-30.27,442.35,437.24,-5.11,1,caution,max 1.0418>1.03; rise 0.0472>=0.03; reverse flow,CAUTION,734,702,734,624,22.63,-0.19,0,0.24,OH-1 parallel with OH-2,T7,line 30 0.066->-0.064 reversed,True
S00652,IEEE_CompTestFeeder,722,0,161,161,0.99457,1.09583,0.10126,0.90593,1.00536,0.90786,1.09583,0.09046,622,8.77,35.34,92.8,92.6,SEC-4,T7,4178.44,4019.93,-158.51,1690.21,1659.94,-30.27,442.35,444.84,2.49,1,voltage,Max voltage 1.0958 pu at bus 622 exceeds 1.05,CONSTRAINED,734,702,734,622,26.57,-0.21,0,0.24,OH-1 parallel with OH-2,T7,line 30 0.066->-0.081 reversed,True
S00653,IEEE_CompTestFeeder,6202,0,162,162,0.99457,0.99968,0.00511,0.90593,1.00536,0.90825,1.00643,0.00107,702,8.77,8.58,92.8,92.56,OH-6,T7,4178.44,4003.07,-175.37,1690.21,1650.03,-40.18,442.35,428.98,-13.37,1,caution,reverse flow,CAUTION,734,702,734,702,-0.19,-0.25,0,0.24,OH-1 parallel with OH-2,T7,line 30 0.066->-0.096 reversed,True
S00654,IEEE_CompTestFeeder,772,0,134,134,0.93426,0.94857,0.0143,0.90593,1.00536,0.912,1.00731,0.00194,702,8.77,8.34,92.8,92.37,OH-1 parallel with OH-2,T1,4178.44,3997.46,-180.98,1690.21,1606.11,-84.1,442.35,395.37,-46.98,1,caution,reverse flow,CAUTION,734,702,734,702,-0.44,-0.43,100.0,0.208,OH-1 parallel with OH-2,T7,line 21 0.100->-0.034 reversed,True
S00655,IEEE_CompTestFeeder,7641,0,186,186,0.93653,0.95947,0.02294,0.90593,1.00536,0.91409,1.00793,0.00257,702,8.77,8.18,92.8,98.8,OH-1 parallel with OH-2,T14,4178.44,3930.46,-247.98,1690.21,1579.75,-110.46,442.35,380.37,-61.98,1,caution,trafo 98.8>=95.0%; reverse flow,CAUTION,734,702,734,702,-0.6,5.99,0,0.24,OH-1 parallel with OH-2,T7,line 23 0.091->-0.094 reversed,True
S00656,IEEE_CompTestFeeder,772,0,9,9,0.93426,0.93525,0.00099,0.90593,1.00536,0.90635,1.0055,0.00014,702,8.77,8.74,92.8,92.75,OH-1 parallel with OH-2,T7,4178.44,4166.1,-12.34,1690.21,1684.24,-5.97,442.35,439.01,-3.34,0,none,No violation,SAFE,734,702,734,702,-0.03,-0.05,100.0,0.208,OH-1 parallel with OH-2,T7,none,True
S00657,IEEE_CompTestFeeder,6241,0,33,33,0.99457,1.00651,0.01194,0.90593,1.00536,0.9064,1.00651,0.00114,624,8.77,8.7,92.8,92.75,OH-1 parallel with OH-2,T7,4178.44,4142.96,-35.48,1690.21,1681.81,-8.4,442.35,439.87,-2.48,0,none,No violation,SAFE,734,702,734,624,-0.08,-0.05,0,0.24,OH-1 parallel with OH-2,T7,none,True
S00658,IEEE_CompTestFeeder,6321,0,208,208,0.92107,0.93608,0.01501,0.90593,1.00536,0.92119,1.00734,0.00197,702,8.77,8.2,92.8,119.48,OH-1 parallel with OH-2,T4,4178.44,3930.05,-248.39,1690.21,1610.15,-80.06,442.35,401.96,-40.39,1,transformer_loading,Transformer T4 loading 119.5% exceeds 100.0%,CONSTRAINED,734,702,734,702,-0.57,26.68,0,0.24,OH-1 parallel with OH-2,T7,trafo 3 reversed,True
S00659,IEEE_CompTestFeeder,623,0,72,72,0.99457,1.06381,0.06924,0.90593,1.00536,0.90686,1.06381,0.05844,623,8.77,16.28,92.8,92.7,SEC-6,T7,4178.44,4105.32,-73.12,1690.21,1674.81,-15.4,442.35,441.23,-1.12,0,voltage,Max voltage 1.0638 pu at bus 623 exceeds 1.05,CONSTRAINED,734,702,734,623,7.51,-0.1,0,0.24,OH-1 parallel with OH-2,T7,none,True
S00660,IEEE_CompTestFeeder,743,12,127,139,0.96454,0.97333,0.00878,0.90642,1.00552,0.91146,1.00705,0.00153,702,8.74,8.36,92.55,92.4,OH-1 parallel with OH-2,T1,4163.14,4002.88,-160.26,1683.76,1618.89,-64.87,439.05,405.79,-33.26,0,none,No violation,SAFE,734,702,734,702,-0.38,-0.15,240.0,0.24,OH-1 parallel with OH-2,T1,none,True
S00661,IEEE_CompTestFeeder,726,0,189,189,0.99457,1.15964,0.16507,0.90593,1.00536,0.90794,1.15964,0.15428,626,8.77,39.21,92.8,92.59,SEC-1,T7,4178.44,4003.12,-175.33,1690.21,1661.64,-28.57,442.35,456.03,13.67,1,voltage,Max voltage 1.1596 pu at bus 626 exceeds 1.05,CONSTRAINED,734,702,734,626,30.43,-0.21,0,0.24,OH-1 parallel with OH-2,T7,line 30 0.066->-0.096 reversed,True
S00662,IEEE_CompTestFeeder,6242,0,179,179,0.99457,1.05578,0.06121,0.90593,1.00536,0.90824,1.05578,0.05041,624,8.77,40.79,92.8,92.56,SEC-1,T7,4178.44,3995.27,-183.17,1690.21,1652.55,-37.66,442.35,438.18,-4.17,1,voltage,Max voltage 1.0558 pu at bus 624 exceeds 1.05,CONSTRAINED,734,702,734,624,32.01,-0.25,0,0.24,OH-1 parallel with OH-2,T7,line 30 0.066->-0.103 reversed,True
S00663,IEEE_CompTestFeeder,751,0,247,247,0.96852,0.98601,0.0175,0.90593,1.00536,0.91563,1.00827,0.00291,702,8.77,8.04,92.8,92.28,OH-1 parallel with OH-2,T1,4178.44,3866.21,-312.23,1690.21,1567.98,-122.23,442.35,377.12,-65.23,0,none,No violation,SAFE,734,702,734,702,-0.74,-0.53,0,0.48,OH-1 parallel with OH-2,T7,none,True
S00664,IEEE_CompTestFeeder,716,0,117,117,0.97764,1.03952,0.06189,0.90593,1.00536,0.90665,1.03952,0.03416,716,8.77,8.77,92.8,326.27,OH-1 parallel with OH-2,T24,4178.44,4061.48,-116.96,1690.21,1670.62,-19.59,442.35,442.4,0.04,0,voltage_rise,Voltage rise at PV bus 716 0.0619 pu exceeds 0.05,CONSTRAINED,734,702,734,716,-0.01,233.47,15.85,0.48,OH-1 parallel with OH-2,T7,none,True
S00665,IEEE_CompTestFeeder,6202,0,110,110,0.99457,0.99807,0.0035,0.90593,1.00536,0.90752,1.0061,0.00074,702,8.77,8.59,92.8,92.63,OH-6,T7,4178.44,4059.16,-119.28,1690.21,1662.31,-27.9,442.35,433.07,-9.28,1,caution,reverse flow,CAUTION,734,702,734,702,-0.19,-0.17,0,0.24,OH-1 parallel with OH-2,T7,line 30 0.066->-0.044 reversed,True
S00666,IEEE_CompTestFeeder,734,0,203,203,0.90593,1.06467,0.15875,0.90593,1.00536,0.92846,1.06467,0.05931,734,8.77,42.36,92.8,100.43,SEC-8,T4,4178.44,3963.64,-214.8,1690.21,1625.62,-64.59,442.35,430.56,-11.8,1,voltage,Max voltage 1.0647 pu at bus 734 exceeds 1.05,CONSTRAINED,734,702,735,734,33.58,7.63,15.85,0.24,OH-1 parallel with OH-2,T7,line 38 0.016->-0.164 reversed,True
S00667,IEEE_CompTestFeeder,7392,14,191,205,0.986,1.00171,0.01571,0.90645,1.00552,0.9133,1.00748,0.00196,702,8.73,8.19,92.74,109.83,OH-1 parallel with OH-2,T6,4161.15,3929.67,-231.48,1683.64,1603.04,-80.6,439.07,398.59,-40.48,1,transformer_loading,Transformer T6 loading 109.8% exceeds 100.0%,CONSTRAINED,734,702,734,702,-0.54,17.08,0,0.24,OH-1 parallel with OH-2,T7,line 25 0.102->-0.088 reversed,True
S00668,IEEE_CompTestFeeder,632,11,58,69,0.9219,0.92622,0.00432,0.90677,1.00548,0.91116,1.00606,0.00058,702,8.74,8.58,92.76,92.54,OH-1 parallel with OH-2,T7,4165.08,4095.05,-70.03,1685.48,1661.49,-23.99,439.99,427.96,-12.03,1,caution,reverse flow,CAUTION,734,702,734,702,-0.16,-0.22,0,0.24,OH-1 parallel with OH-2,T7,trafo 3 reversed,True
S00669,IEEE_CompTestFeeder,6211,10,139,149,0.99822,1.04608,0.04786,0.90607,1.00543,0.90789,1.04608,0.04065,621,8.75,34.26,92.79,92.59,SEC-4,T7,4167.6,4024.5,-143.1,1687.59,1657.61,-29.98,441.51,437.41,-4.1,1,caution,max 1.0461>1.03; rise 0.0479>=0.03; reverse flow,CAUTION,734,702,734,621,25.51,-0.19,0,0.24,OH-1 parallel with OH-2,T7,line 30 0.056->-0.076 reversed,True
S00670,IEEE_CompTestFeeder,6242,0,49,49,0.99457,1.01218,0.01761,0.90593,1.00536,0.90662,1.01218,0.00682,625,8.77,11.65,92.8,92.73,SEC-1,T7,4178.44,4126.06,-52.38,1690.21,1678.0,-12.21,442.35,438.97,-3.38,0,none,No violation,SAFE,734,702,734,625,2.87,-0.07,0,0.24,OH-1 parallel with OH-2,T7,none,True
S00671,IEEE_CompTestFeeder,7122,8,144,152,0.95862,0.96478,0.00616,0.90599,1.00541,0.90699,1.00621,0.0008,702,8.77,8.76,92.8,92.69,OH-1 parallel with OH-2,T7,4170.06,4020.18,-149.88,1688.46,1660.02,-28.44,441.97,436.09,-5.88,1,caution,reverse flow,CAUTION,734,702,734,702,-0.01,-0.11,0,0.24,OH-1 parallel with OH-2,T7,line 29 0.057->-0.087 reversed,True
S00672,IEEE_CompTestFeeder,6231,0,227,227,0.99457,1.18759,0.19302,0.90593,1.00536,0.90821,1.18759,0.18222,623,8.77,45.98,92.8,92.56,SEC-4,T7,4178.44,3973.16,-205.28,1690.21,1659.66,-30.55,442.35,464.07,21.72,1,voltage,Max voltage 1.1876 pu at bus 623 exceeds 1.05,CONSTRAINED,734,702,734,623,37.21,-0.24,0,0.24,OH-1 parallel with OH-2,T7,line 30 0.066->-0.124 reversed,True
S00673,IEEE_CompTestFeeder,759,0,54,54,0.9374,0.94407,0.00667,0.90593,1.00536,0.90837,1.00615,0.00078,702,8.77,8.6,92.8,92.51,OH-1 parallel with OH-2,T7,4178.44,4105.41,-73.03,1690.21,1656.33,-33.88,442.35,423.32,-19.03,1,caution,reverse flow,CAUTION,734,702,734,702,-0.18,-0.3,35.0,0.24,OH-1 parallel with OH-2,T7,line 18 0.035->-0.019 reversed,True
S00674,IEEE_CompTestFeeder,751,0,81,81,0.96852,0.97439,0.00587,0.90593,1.00536,0.90919,1.00636,0.00099,702,8.77,8.53,92.8,92.47,OH-1 parallel with OH-2,T1,4178.44,4074.77,-103.68,1690.21,1648.1,-42.11,442.35,419.68,-22.68,0,none,No violation,SAFE,734,702,734,702,-0.25,-0.34,0,0.48,OH-1 parallel with OH-2,T7,none,True
S00675,IEEE_CompTestFeeder,740,7,202,209,0.98264,0.99925,0.01661,0.90619,1.00544,0.91352,1.00756,0.00211,702,8.75,8.18,92.77,92.39,OH-1 parallel with OH-2,T5,4169.76,3924.11,-245.65,1686.84,1599.57,-87.27,440.68,397.03,-43.65,1,caution,reverse flow,CAUTION,734,702,734,702,-0.57,-0.39,75.0,0.24,OH-1 parallel with OH-2,T7,line 25 0.109->-0.092 reversed,True
S00676,IEEE_CompTestFeeder,769,14,185,199,0.9563,0.98373,0.02744,0.90661,1.00559,0.91503,1.00828,0.00269,702,8.73,8.12,92.72,107.66,OH-1 parallel with OH-2,T22,4158.86,3908.76,-250.09,1680.25,1563.73,-116.52,436.77,371.68,-65.09,1,transformer_loading,Transformer T22 loading 107.7% exceeds 100.0%,CONSTRAINED,734,702,734,702,-0.61,14.94,41.0,0.24,OH-1 parallel with OH-2,T7,trafo 7 reversed,True
S00677,IEEE_CompTestFeeder,7481,0,94,94,0.95588,0.96519,0.00932,0.90593,1.00536,0.9098,1.00656,0.00119,702,8.77,8.49,92.8,92.45,OH-1 parallel with OH-2,T1,4178.44,4057.21,-121.24,1690.21,1639.36,-50.85,442.35,415.12,-27.24,1,caution,reverse flow,CAUTION,734,702,734,702,-0.29,-0.36,0,0.24,OH-1 parallel with OH-2,T7,trafo 5 reversed,True
S00678,IEEE_CompTestFeeder,764,0,151,151,0.93653,0.95533,0.01881,0.90593,1.00536,0.91263,1.00748,0.00212,702,8.77,8.29,92.8,92.35,OH-1 parallel with OH-2,T1,4178.44,3976.14,-202.3,1690.21,1598.8,-91.41,442.35,391.05,-51.3,1,caution,reverse flow,CAUTION,734,702,734,702,-0.49,-0.45,46.0,0.24,OH-1 parallel with OH-2,T7,line 23 0.091->-0.059 reversed,True
S00679,IEEE_CompTestFeeder,7692,0,106,106,0.95408,0.97035,0.01627,0.90593,1.00536,0.91094,1.007,0.00163,702,8.77,8.42,92.8,92.4,OH-1 parallel with OH-2,T1,4178.44,4032.55,-145.89,1690.21,1618.96,-71.25,442.35,402.47,-39.89,1,caution,reverse flow,CAUTION,734,702,734,702,-0.36,-0.4,0,0.24,OH-1 parallel with OH-2,T7,trafo 7 reversed,True
S00680,IEEE_CompTestFeeder,6222,15,42,57,1.00497,1.03289,0.02792,0.90614,1.00547,0.90671,1.03289,0.02742,622,8.74,13.28,92.78,92.72,SEC-5,T7,4162.29,4118.76,-43.53,1686.35,1676.83,-9.52,441.2,439.68,-1.53,0,caution,max 1.0329>1.03,CAUTION,734,702,734,622,4.54,-0.06,0,0.24,OH-1 parallel with OH-2,T7,none,True
S00681,IEEE_CompTestFeeder,770,0,249,249,0.95062,0.98065,0.03004,0.90593,1.00536,0.91755,1.00914,0.00377,702,8.77,7.95,92.8,92.19,OH-1 parallel with OH-2,T1,4178.44,3839.65,-338.79,1690.21,1526.13,-164.08,442.35,352.57,-89.79,0,caution,rise 0.0300>=0.03,CAUTION,734,702,734,702,-0.83,-0.61,450.0,0.24,OH-1 parallel with OH-2,T7,none,True
S00682,IEEE_CompTestFeeder,710,0,118,118,0.95737,0.96204,0.00467,0.90593,1.00536,0.90677,1.00604,0.00067,702,8.77,8.77,92.8,92.71,OH-1 parallel with OH-2,T7,4178.44,4055.31,-123.13,1690.21,1665.97,-24.24,442.35,437.23,-5.13,1,caution,reverse flow,CAUTION,734,702,734,702,-0.01,-0.09,80.0,0.208,OH-1 parallel with OH-2,T7,trafo 17 reversed,True
S00683,IEEE_CompTestFeeder,756,6,56,62,0.93679,0.94292,0.00614,0.90621,1.00546,0.90879,1.00629,0.00083,702,8.75,8.57,92.77,92.47,OH-1 parallel with OH-2,T1,4170.24,4094.26,-75.98,1686.2,1649.88,-36.32,440.15,420.17,-19.98,0,none,No violation,SAFE,734,702,734,702,-0.18,-0.3,155.0,0.208,OH-1 parallel with OH-2,T7,none,True
S00684,IEEE_CompTestFeeder,7691,0,148,148,0.95408,0.97649,0.02241,0.90593,1.00536,0.91282,1.00759,0.00223,702,8.77,8.28,92.8,92.34,OH-1 parallel with OH-2,T1,4178.44,3976.19,-202.25,1690.21,1593.22,-96.99,442.35,388.1,-54.25,1,caution,reverse flow,CAUTION,734,702,734,702,-0.49,-0.46,0,0.24,OH-1 parallel with OH-2,T7,trafo 7 reversed,True
S00685,IEEE_CompTestFeeder,762,0,162,162,0.93632,0.95632,0.02,0.90593,1.00536,0.91309,1.00763,0.00226,702,8.77,8.25,92.8,92.34,OH-1 parallel with OH-2,T1,4178.44,3961.74,-216.7,1690.21,1592.77,-97.44,442.35,387.66,-54.7,1,caution,reverse flow,CAUTION,734,702,734,702,-0.52,-0.46,45.0,0.48,OH-1 parallel with OH-2,T7,line 23 0.091->-0.070 reversed,True
S00686,IEEE_CompTestFeeder,748,0,176,176,0.95588,0.97297,0.01709,0.90593,1.00536,0.91302,1.00752,0.00215,702,8.77,8.24,92.8,92.35,OH-1 parallel with OH-2,T1,4178.44,3953.47,-224.97,1690.21,1598.93,-91.28,442.35,393.39,-48.97,1,caution,reverse flow,CAUTION,734,702,734,702,-0.53,-0.45,76.88,0.24,OH-1 parallel with OH-2,T7,trafo 5 reversed,True
S00687,IEEE_CompTestFeeder,7643,0,64,64,0.93653,0.9447,0.00817,0.90593,1.00536,0.90885,1.0063,0.00094,702,8.77,8.56,92.8,92.47,OH-1 parallel with OH-2,T1,4178.44,4091.62,-86.83,1690.21,1649.57,-40.64,442.35,419.53,-22.83,1,caution,reverse flow,CAUTION,734,702,734,702,-0.21,-0.33,0,0.24,OH-1 parallel with OH-2,T7,line 24 0.046->-0.018 reversed,True
S00688,IEEE_CompTestFeeder,626,0,89,89,0.99457,1.07883,0.08427,0.90593,1.00536,0.90704,1.07883,0.07347,626,8.77,19.85,92.8,92.68,SEC-3,T7,4178.44,4089.36,-89.08,1690.21,1672.11,-18.1,442.35,442.27,-0.08,1,voltage,Max voltage 1.0788 pu at bus 626 exceeds 1.05,CONSTRAINED,734,702,734,626,11.07,-0.12,0,0.24,OH-1 parallel with OH-2,T7,line 30 0.066->-0.016 reversed,True
S00689,IEEE_CompTestFeeder,7392,0,202,202,0.98479,1.00147,0.01668,0.90593,1.00536,0.9132,1.00745,0.00208,702,8.77,8.2,92.8,107.87,OH-1 parallel with OH-2,T6,4178.44,3933.25,-245.19,1690.21,1604.18,-86.03,442.35,399.16,-43.19,1,transformer_loading,Transformer T6 loading 107.9% exceeds 100.0%,CONSTRAINED,734,702,734,702,-0.57,15.07,0,0.24,OH-1 parallel with OH-2,T7,line 25 0.117->-0.085 reversed,True
S00690,IEEE_CompTestFeeder,722,0,145,145,0.99457,1.08664,0.09207,0.90593,1.00536,0.9077,1.08664,0.08127,622,8.77,32.1,92.8,92.61,SEC-5,T7,4178.44,4034.42,-144.02,1690.21,1662.01,-28.2,442.35,443.33,0.98,1,voltage,Max voltage 1.0866 pu at bus 622 exceeds 1.05,CONSTRAINED,734,702,734,622,23.33,-0.19,0,0.24,OH-1 parallel with OH-2,T7,line 30 0.066->-0.067 reversed,True
S00691,IEEE_CompTestFeeder,725,0,244,244,0.99457,1.14112,0.14655,0.90593,1.00536,0.90859,1.14112,0.13575,626,8.77,51.44,92.8,92.52,SEC-1,T7,4178.44,3948.28,-230.16,1690.21,1651.86,-38.35,442.35,456.19,13.84,1,voltage,Max voltage 1.1411 pu at bus 626 exceeds 1.05,CONSTRAINED,734,702,734,626,42.66,-0.28,0,0.24,OH-1 parallel with OH-2,T7,line 30 0.066->-0.147 reversed,True
S00692,IEEE_CompTestFeeder,7392,0,56,56,0.98479,0.98957,0.00478,0.90593,1.00536,0.90802,1.00598,0.00061,702,8.77,8.61,92.8,92.57,OH-1 parallel with OH-2,T7,4178.44,4109.56,-68.88,1690.21,1664.48,-25.73,442.35,429.47,-12.88,1,caution,reverse flow,CAUTION,734,702,734,702,-0.16,-0.24,0,0.24,OH-1 parallel with OH-2,T7,line 26 0.041->-0.015 reversed,True
S00693,IEEE_CompTestFeeder,769,0,170,170,0.95408,0.97964,0.02556,0.90593,1.00536,0.91379,1.0079,0.00253,702,8.77,8.21,92.8,92.31,OH-1 parallel with OH-2,T1,4178.44,3946.97,-231.47,1690.21,1580.27,-109.94,442.35,380.88,-61.47,1,caution,reverse flow,CAUTION,734,702,734,702,-0.56,-0.49,41.0,0.24,OH-1 parallel with OH-2,T7,trafo 7 reversed,True
S00694,IEEE_CompTestFeeder,632,4,171,175,0.92137,0.9338,0.01243,0.90623,1.00541,0.91887,1.00705,0.00164,702,8.76,8.29,92.79,96.45,OH-1 parallel with OH-2,T4,4173.58,3968.87,-204.71,1688.48,1621.58,-66.91,441.49,407.79,-33.71,1,caution,trafo 96.5>=95.0%; reverse flow,CAUTION,734,702,734,702,-0.47,3.67,0,0.24,OH-1 parallel with OH-2,T7,trafo 3 reversed,True
S00695,IEEE_CompTestFeeder,743,0,190,190,0.96369,0.97674,0.01305,0.90593,1.00536,0.91342,1.00763,0.00226,702,8.77,8.21,92.8,92.34,OH-1 parallel with OH-2,T1,4178.44,3939.36,-239.08,1690.21,1594.55,-95.66,442.35,393.28,-49.08,0,none,No violation,SAFE,734,702,734,702,-0.57,-0.46,240.0,0.24,OH-1 parallel with OH-2,T7,none,True
S00696,IEEE_CompTestFeeder,624,5,111,116,0.9964,1.03517,0.03877,0.906,1.0054,0.90749,1.03517,0.02977,624,8.76,26.96,92.8,92.64,SEC-1,T7,4173.01,4057.28,-115.73,1688.89,1663.71,-25.18,441.92,437.19,-4.73,1,caution,max 1.0352>1.03; rise 0.0388>=0.03; reverse flow,CAUTION,734,702,734,624,18.19,-0.16,0,0.24,OH-1 parallel with OH-2,T7,line 30 0.061->-0.046 reversed,True
S00697,IEEE_CompTestFeeder,728,3,219,222,0.93767,0.97762,0.03994,0.90601,1.00539,0.91106,1.00699,0.00159,702,8.77,8.22,92.79,253.07,OH-1 parallel with OH-2,T3,4174.94,3930.84,-244.1,1689.1,1627.95,-61.16,441.85,416.75,-25.1,1,transformer_loading,Transformer T3 loading 253.1% exceeds 100.0%,CONSTRAINED,734,702,734,702,-0.55,160.27,38.0,0.24,OH-1 parallel with OH-2,T7,trafo 2 reversed,True
S00698,IEEE_CompTestFeeder,6252,5,244,249,0.99806,1.14373,0.14567,0.906,1.0054,0.90863,1.14373,0.13833,625,8.76,52.37,92.8,92.51,SEC-1,T7,4173.02,3944.13,-228.89,1688.9,1651.5,-37.39,441.93,457.04,15.11,1,voltage,Max voltage 1.1437 pu at bus 625 exceeds 1.05,CONSTRAINED,734,702,734,625,43.61,-0.28,0,0.24,OH-1 parallel with OH-2,T7,line 30 0.061->-0.151 reversed,True
S00699,IEEE_CompTestFeeder,770,3,81,84,0.951,0.96112,0.01012,0.90608,1.00541,0.91002,1.00671,0.0013,702,8.76,8.49,92.79,92.43,OH-1 parallel with OH-2,T1,4174.22,4061.67,-112.55,1688.02,1631.04,-56.98,441.14,409.59,-31.55,0,none,No violation,SAFE,734,702,734,702,-0.28,-0.35,450.0,0.24,OH-1 parallel with OH-2,T7,none,True
S00700,IEEE_CompTestFeeder,715,8,77,85,0.99103,0.99288,0.00185,0.90599,1.00541,0.90657,1.00588,0.00046,702,8.77,8.77,92.8,92.74,OH-1 parallel with OH-2,T7,4170.06,4089.55,-80.51,1688.37,1671.34,-17.04,441.97,438.47,-3.51,0,none,No violation,SAFE,734,702,734,702,-0.01,-0.06,0,0.208,OH-1 parallel with OH-2,T7,none,True
S00701,IEEE_CompTestFeeder,7122,11,139,150,0.95875,0.9647,0.00594,0.90601,1.00543,0.90698,1.0062,0.00077,702,8.77,8.76,92.79,92.69,OH-1 parallel with OH-2,T7,4166.91,4022.24,-144.67,1687.81,1660.38,-27.44,441.83,436.16,-5.67,1,caution,reverse flow,CAUTION,734,702,734,702,-0.01,-0.1,0,0.24,OH-1 parallel with OH-2,T7,line 29 0.054->-0.085 reversed,True
S00702,IEEE_CompTestFeeder,7482,5,222,227,0.95638,0.97765,0.02127,0.90614,1.00543,0.91495,1.00808,0.00265,702,8.76,8.09,92.78,107.09,OH-1 parallel with OH-2,T8,4171.93,3889.85,-282.07,1687.38,1575.52,-111.86,440.84,380.77,-60.07,1,transformer_loading,Transformer T8 loading 107.1% exceeds 100.0%,CONSTRAINED,734,702,734,702,-0.67,14.31,0,0.24,OH-1 parallel with OH-2,T7,trafo 5 reversed,True
S00703,IEEE_CompTestFeeder,7483,0,54,54,0.95588,0.96128,0.00541,0.90593,1.00536,0.90818,1.00606,0.0007,702,8.77,8.61,92.8,92.53,OH-1 parallel with OH-2,T7,4178.44,4108.48,-69.96,1690.21,1660.39,-29.82,442.35,426.4,-15.96,0,none,No violation,SAFE,734,702,734,702,-0.17,-0.27,0,0.24,OH-1 parallel with OH-2,T7,none,True
S00704,IEEE_CompTestFeeder,716,0,192,192,0.97764,1.07406,0.09642,0.90593,1.00536,0.90689,1.07406,0.0687,716,8.77,8.76,92.8,547.74,OH-1 parallel with OH-2,T24,4178.44,3993.46,-184.98,1690.21,1666.79,-23.42,442.35,449.38,7.02,0,voltage,Max voltage 1.0741 pu at bus 716 exceeds 1.05,CONSTRAINED,734,702,734,716,-0.01,454.94,15.85,0.48,OH-1 parallel with OH-2,T7,none,True
S00705,IEEE_CompTestFeeder,7122,0,188,188,0.95827,0.96627,0.008,0.90593,1.00536,0.90722,1.00639,0.00103,702,8.77,8.76,92.8,92.67,OH-1 parallel with OH-2,T7,4178.44,3983.02,-195.43,1690.21,1653.78,-36.43,442.35,434.93,-7.43,1,caution,reverse flow,CAUTION,734,702,734,702,-0.01,-0.14,0,0.24,OH-1 parallel with OH-2,T7,line 28 0.145->-0.043 reversed,True
S00706,IEEE_CompTestFeeder,730,0,91,91,0.94698,0.95078,0.00381,0.90593,1.00536,0.90824,1.00614,0.00078,702,8.77,8.53,92.8,92.56,OH-1 parallel with OH-2,T7,4178.44,4073.68,-104.76,1690.21,1658.98,-31.23,442.35,428.59,-13.76,0,none,No violation,SAFE,734,702,734,702,-0.24,-0.25,85.0,0.24,OH-1 parallel with OH-2,T7,none,True
S00707,IEEE_CompTestFeeder,770,0,198,198,0.95062,0.97476,0.02414,0.90593,1.00536,0.91529,1.00842,0.00305,702,8.77,8.11,92.8,92.26,OH-1 parallel with OH-2,T1,4178.44,3907.3,-271.14,1690.21,1557.05,-133.16,442.35,369.22,-73.14,0,none,No violation,SAFE,734,702,734,702,-0.66,-0.54,450.0,0.24,OH-1 parallel with OH-2,T7,none,True
S00708,IEEE_CompTestFeeder,732,0,224,224,0.92107,0.93718,0.01611,0.90593,1.00536,0.92231,1.00747,0.00211,702,8.77,8.16,92.8,130.64,OH-1 parallel with OH-2,T4,4178.44,3911.3,-267.14,1690.21,1604.78,-85.43,442.35,399.22,-43.14,1,transformer_loading,Transformer T4 loading 130.6% exceeds 100.0%,CONSTRAINED,734,702,734,702,-0.62,37.84,25.4,0.24,OH-1 parallel with OH-2,T7,trafo 3 reversed,True
S00709,IEEE_CompTestFeeder,6261,11,88,99,1.00582,1.08747,0.08165,0.90609,1.00582,0.90715,1.08747,0.08165,626,8.75,21.9,92.79,92.67,SEC-2,T7,4166.61,4080.17,-86.43,1687.38,1670.66,-16.72,441.52,443.09,1.57,1,voltage,Max voltage 1.0875 pu at bus 626 exceeds 1.05,CONSTRAINED,734,626,734,626,13.15,-0.11,0,0.24,OH-1 parallel with OH-2,T7,line 30 0.055->-0.025 reversed,True
S00710,IEEE_CompTestFeeder,712,0,29,29,0.95827,0.95954,0.00127,0.90593,1.00536,0.90614,1.00554,0.00017,702,8.77,8.77,92.8,92.78,OH-1 parallel with OH-2,T7,4178.44,4148.07,-30.37,1690.21,1683.96,-6.25,442.35,440.99,-1.37,0,none,No violation,SAFE,734,702,734,702,-0.0,-0.02,65.0,0.24,OH-1 parallel with OH-2,T7,none,True
S00711,IEEE_CompTestFeeder,730,10,87,97,0.9474,0.95103,0.00363,0.90618,1.00545,0.90839,1.00619,0.00074,702,8.75,8.52,92.78,92.54,OH-1 parallel with OH-2,T7,4166.89,4066.81,-100.08,1686.67,1657.0,-29.67,440.8,427.72,-13.08,1,caution,reverse flow,CAUTION,734,702,734,702,-0.23,-0.24,85.0,0.24,OH-1 parallel with OH-2,T7,line 31 0.075->-0.012 reversed,True
S00712,IEEE_CompTestFeeder,751,0,103,103,0.96852,0.97596,0.00744,0.90593,1.00536,0.91007,1.00662,0.00125,702,8.77,8.46,92.8,92.44,OH-1 parallel with OH-2,T1,4178.44,4046.83,-131.61,1690.21,1637.01,-53.2,442.35,413.74,-28.61,0,none,No violation,SAFE,734,702,734,702,-0.31,-0.36,0,0.48,OH-1 parallel with OH-2,T7,none,True
S00713,IEEE_CompTestFeeder,748,0,73,73,0.95588,0.96315,0.00727,0.90593,1.00536,0.90896,1.0063,0.00093,702,8.77,8.55,92.8,92.47,OH-1 parallel with OH-2,T1,4178.44,4084.07,-94.37,1690.21,1650.29,-39.92,442.35,420.98,-21.37,0,none,No violation,SAFE,734,702,734,702,-0.23,-0.33,76.88,0.24,OH-1 parallel with OH-2,T7,none,True
S00714,IEEE_CompTestFeeder,6212,0,190,190,0.99457,1.05929,0.06472,0.90593,1.00536,0.90836,1.05929,0.05392,621,8.77,43.15,92.8,92.54,SEC-4,T7,4178.44,3984.69,-193.76,1690.21,1650.8,-39.41,442.35,438.6,-3.76,1,voltage,Max voltage 1.0593 pu at bus 621 exceeds 1.05,CONSTRAINED,734,702,734,621,34.37,-0.26,0,0.24,OH-1 parallel with OH-2,T7,line 30 0.066->-0.113 reversed,True
S00715,IEEE_CompTestFeeder,621,0,97,97,0.99457,1.02877,0.0342,0.90593,1.00536,0.90726,1.02877,0.02341,621,8.77,22.68,92.8,92.66,SEC-4,T7,4178.44,4076.47,-101.97,1690.21,1667.5,-22.71,442.35,437.39,-4.97,1,caution,rise 0.0342>=0.03; reverse flow,CAUTION,734,702,734,621,13.91,-0.14,0,0.24,OH-1 parallel with OH-2,T7,line 30 0.066->-0.028 reversed,True
S00716,IEEE_CompTestFeeder,748,0,35,35,0.95588,0.9594,0.00352,0.90593,1.00536,0.90739,1.00582,0.00045,702,8.77,8.67,92.8,92.62,OH-1 parallel with OH-2,T7,4178.44,4133.0,-45.44,1690.21,1670.7,-19.51,442.35,431.91,-10.44,0,none,No violation,SAFE,734,702,734,702,-0.11,-0.18,76.88,0.24,OH-1 parallel with OH-2,T7,none,True
S00717,IEEE_CompTestFeeder,7391,0,108,108,0.98479,0.9939,0.00911,0.90593,1.00536,0.90991,1.00652,0.00116,702,8.77,8.46,92.8,92.45,OH-1 parallel with OH-2,T1,4178.44,4046.23,-132.21,1690.21,1641.9,-48.31,442.35,418.14,-24.21,1,caution,reverse flow,CAUTION,734,702,734,702,-0.31,-0.36,0,0.24,OH-1 parallel with OH-2,T7,line 26 0.041->-0.067 reversed,True
S00718,IEEE_CompTestFeeder,7483,14,202,216,0.95729,0.97665,0.01936,0.90652,1.00555,0.91454,1.00796,0.00242,702,8.73,8.12,92.73,100.05,OH-1 parallel with OH-2,T8,4160.22,3903.52,-256.7,1682.32,1580.46,-101.86,438.13,383.43,-54.7,1,transformer_loading,Transformer T8 loading 100.0% exceeds 100.0%,CONSTRAINED,734,702,734,702,-0.61,7.31,0,0.24,OH-1 parallel with OH-2,T7,trafo 5 reversed,True
S00719,IEEE_CompTestFeeder,6201,0,168,168,0.99457,0.99987,0.0053,0.90593,1.00536,0.90833,1.00647,0.00111,702,8.77,8.58,92.8,92.55,OH-6,T7,4178.44,3996.61,-181.83,1690.21,1648.65,-41.56,442.35,428.52,-13.83,1,caution,reverse flow,CAUTION,734,702,734,702,-0.19,-0.26,0,0.24,OH-1 parallel with OH-2,T7,line 30 0.066->-0.102 reversed,True
S00720,IEEE_CompTestFeeder,770,0,61,61,0.95062,0.95828,0.00767,0.90593,1.00536,0.90891,1.00635,0.00099,702,8.77,8.57,92.8,92.47,OH-1 parallel with OH-2,T1,4178.44,4093.38,-85.06,1690.21,1646.83,-43.38,442.35,418.29,-24.06,0,none,No violation,SAFE,734,702,734,702,-0.21,-0.34,450.0,0.24,OH-1 parallel with OH-2,T7,none,True
S00721,IEEE_CompTestFeeder,740,10,44,54,0.9829,0.98665,0.00375,0.90631,1.00548,0.90797,1.00597,0.00049,702,8.75,8.62,92.76,92.57,OH-1 parallel with OH-2,T7,4166.05,4111.8,-54.25,1685.41,1664.85,-20.55,439.96,429.71,-10.25,0,none,No violation,SAFE,734,702,734,702,-0.13,-0.19,75.0,0.24,OH-1 parallel with OH-2,T7,none,True
S00722,IEEE_CompTestFeeder,7122,12,100,112,0.9588,0.9631,0.00431,0.90602,1.00544,0.90672,1.006,0.00056,702,8.77,8.77,92.79,92.72,OH-1 parallel with OH-2,T7,4165.87,4061.61,-104.26,1687.6,1667.36,-20.24,441.78,437.52,-4.26,1,caution,reverse flow,CAUTION,734,702,734,702,-0.01,-0.08,0,0.24,OH-1 parallel with OH-2,T7,line 29 0.053->-0.047 reversed,True
S00723,IEEE_CompTestFeeder,6321,10,198,208,0.92183,0.93608,0.01426,0.9067,1.00547,0.92119,1.00734,0.00187,702,8.75,8.2,92.76,119.48,OH-1 parallel with OH-2,T4,4166.29,3930.05,-236.24,1685.91,1610.15,-75.76,440.21,401.96,-38.24,1,transformer_loading,Transformer T4 loading 119.5% exceeds 100.0%,CONSTRAINED,734,702,734,702,-0.55,26.72,0,0.24,OH-1 parallel with OH-2,T7,trafo 3 reversed,True
S00724,IEEE_CompTestFeeder,7691,6,200,206,0.95503,0.98471,0.02968,0.90622,1.00546,0.91533,1.00838,0.00291,702,8.75,8.1,92.77,112.27,OH-1 parallel with OH-2,T22,4170.04,3899.59,-270.44,1685.92,1559.83,-126.09,439.95,369.51,-70.44,1,transformer_loading,Transformer T22 loading 112.3% exceeds 100.0%,CONSTRAINED,734,702,734,702,-0.66,19.5,0,0.24,OH-1 parallel with OH-2,T7,trafo 7 reversed,True
S00725,IEEE_CompTestFeeder,751,0,157,157,0.96852,0.97977,0.01126,0.90593,1.00536,0.91218,1.00725,0.00189,702,8.77,8.3,92.8,92.38,OH-1 parallel with OH-2,T1,4178.44,3978.65,-199.79,1690.21,1610.42,-79.79,442.35,399.56,-42.79,0,none,No violation,SAFE,734,702,734,702,-0.47,-0.43,0,0.48,OH-1 parallel with OH-2,T7,none,True
S00726,IEEE_CompTestFeeder,710,0,140,140,0.95737,0.96289,0.00552,0.90593,1.00536,0.90692,1.00615,0.00079,702,8.77,8.76,92.8,92.7,OH-1 parallel with OH-2,T7,4178.44,4032.49,-145.95,1690.21,1661.86,-28.35,442.35,436.41,-5.95,1,caution,reverse flow,CAUTION,734,702,734,702,-0.01,-0.11,80.0,0.208,OH-1 parallel with OH-2,T7,trafo 17 reversed,True
S00727,IEEE_CompTestFeeder,6232,0,149,149,0.99457,1.12871,0.13414,0.90593,1.00536,0.90762,1.12871,0.12335,623,8.77,31.76,92.8,92.62,SEC-4,T7,4178.44,4036.2,-142.24,1690.21,1664.82,-25.39,442.35,449.12,6.76,1,voltage,Max voltage 1.1287 pu at bus 623 exceeds 1.05,CONSTRAINED,734,702,734,623,22.98,-0.18,0,0.24,OH-1 parallel with OH-2,T7,line 30 0.066->-0.066 reversed,True
S00728,IEEE_CompTestFeeder,716,0,145,145,0.97764,1.05282,0.07518,0.90593,1.00536,0.90676,1.05282,0.04745,716,8.77,8.77,92.8,410.39,OH-1 parallel with OH-2,T24,4178.44,4035.53,-142.91,1690.21,1668.49,-21.72,442.35,444.44,2.09,0,voltage,Max voltage 1.0528 pu at bus 716 exceeds 1.05,CONSTRAINED,734,702,734,716,-0.01,317.59,15.85,0.48,OH-1 parallel with OH-2,T7,none,True
S00729,IEEE_CompTestFeeder,7483,0,142,142,0.95588,0.96978,0.01391,0.90593,1.00536,0.91171,1.00713,0.00176,702,8.77,8.34,92.8,92.39,OH-1 parallel with OH-2,T1,4178.44,3996.26,-182.18,1690.21,1615.27,-74.94,442.35,402.18,-40.18,1,caution,reverse flow,CAUTION,734,702,734,702,-0.43,-0.41,0,0.24,OH-1 parallel with OH-2,T7,trafo 5 reversed,True
S00730,IEEE_CompTestFeeder,724,0,223,223,0.99457,1.06965,0.07508,0.90593,1.00536,0.90872,1.06965,0.06429,624,8.77,50.15,92.8,92.51,SEC-1,T7,4178.44,3953.34,-225.1,1690.21,1645.92,-44.29,442.35,440.25,-2.1,1,voltage,Max voltage 1.0697 pu at bus 624 exceeds 1.05,CONSTRAINED,734,702,734,624,41.38,-0.3,0,0.24,OH-1 parallel with OH-2,T7,line 30 0.066->-0.142 reversed,True
S00731,IEEE_CompTestFeeder,7642,0,179,179,0.93653,0.95865,0.02212,0.90593,1.00536,0.9138,1.00785,0.00248,702,8.77,8.2,92.8,94.09,OH-1 parallel with OH-2,T14,4178.44,3939.56,-238.88,1690.21,1583.5,-106.71,442.35,382.47,-59.88,1,caution,reverse flow,CAUTION,734,702,734,702,-0.58,1.29,0,0.24,OH-1 parallel with OH-2,T7,line 23 0.091->-0.087 reversed,True
S00732,IEEE_CompTestFeeder,734,10,28,38,0.91514,0.93993,0.0248,0.91514,1.00547,0.92388,1.00575,0.00028,702,8.75,8.67,92.76,92.66,OH-1 parallel with OH-2,T7,4166.04,4132.61,-33.43,1685.77,1674.24,-11.53,439.95,434.53,-5.43,0,none,No violation,SAFE,734,702,735,702,-0.08,-0.1,15.85,0.24,OH-1 parallel with OH-2,T7,none,True
S00733,IEEE_CompTestFeeder,7641,0,19,19,0.93653,0.93898,0.00246,0.90593,1.00536,0.90681,1.00565,0.00028,702,8.77,8.71,92.8,92.7,OH-1 parallel with OH-2,T7,4178.44,4152.49,-25.95,1690.21,1677.84,-12.37,442.35,435.4,-6.95,0,none,No violation,SAFE,734,702,734,702,-0.06,-0.11,0,0.24,OH-1 parallel with OH-2,T7,none,True
S00734,IEEE_CompTestFeeder,7122,0,111,111,0.95827,0.96306,0.00479,0.90593,1.00536,0.90672,1.00599,0.00063,702,8.77,8.77,92.8,92.72,OH-1 parallel with OH-2,T7,4178.44,4062.65,-115.8,1690.21,1667.55,-22.66,442.35,437.56,-4.8,1,caution,reverse flow,CAUTION,734,702,734,702,-0.01,-0.08,0,0.24,OH-1 parallel with OH-2,T7,line 29 0.065->-0.046 reversed,True
S00735,IEEE_CompTestFeeder,7122,0,148,148,0.95827,0.96461,0.00634,0.90593,1.00536,0.90696,1.00619,0.00082,702,8.77,8.76,92.8,92.69,OH-1 parallel with OH-2,T7,4178.44,4024.31,-154.13,1690.21,1660.73,-29.48,442.35,436.22,-6.13,1,caution,reverse flow,CAUTION,734,702,734,702,-0.01,-0.11,0,0.24,OH-1 parallel with OH-2,T7,line 29 0.065->-0.083 reversed,True
S00736,IEEE_CompTestFeeder,7391,0,83,83,0.98479,0.99184,0.00704,0.90593,1.00536,0.909,1.00626,0.0009,702,8.77,8.54,92.8,92.47,OH-1 parallel with OH-2,T1,4178.44,4076.6,-101.84,1690.21,1652.6,-37.61,442.35,423.51,-18.84,1,caution,reverse flow,CAUTION,734,702,734,702,-0.24,-0.33,0,0.24,OH-1 parallel with OH-2,T7,line 26 0.041->-0.042 reversed,True
S00737,IEEE_CompTestFeeder,622,0,214,214,0.99457,1.12518,0.13061,0.90593,1.00536,0.90835,1.12518,0.11981,622,8.77,45.75,92.8,92.55,SEC-4,T7,4178.44,3973.54,-204.9,1690.21,1654.31,-35.9,442.35,451.45,9.1,1,voltage,Max voltage 1.1252 pu at bus 622 exceeds 1.05,CONSTRAINED,734,702,734,622,36.98,-0.26,0,0.24,OH-1 parallel with OH-2,T7,line 30 0.066->-0.124 reversed,True
S00738,IEEE_CompTestFeeder,620,12,23,35,0.99496,0.9957,0.00074,0.9061,1.00545,0.90644,1.0056,0.00016,702,8.75,8.69,92.78,92.75,OH-1 parallel with OH-2,T7,4165.39,4140.39,-24.99,1687.04,1681.04,-5.99,441.3,439.31,-1.99,0,none,No violation,SAFE,734,702,734,702,-0.06,-0.04,0,0.24,OH-1 parallel with OH-2,T7,none,True
S00739,IEEE_CompTestFeeder,625,0,184,184,0.99457,1.10876,0.11419,0.90593,1.00536,0.90808,1.10876,0.1034,625,8.77,39.92,92.8,92.57,SEC-1,T7,4178.44,3999.51,-178.94,1690.21,1657.28,-32.93,442.35,447.42,5.06,1,voltage,Max voltage 1.1088 pu at bus 625 exceeds 1.05,CONSTRAINED,734,702,734,625,31.15,-0.23,0,0.24,OH-1 parallel with OH-2,T7,line 30 0.066->-0.099 reversed,True
S00740,IEEE_CompTestFeeder,633,0,20,20,0.91349,0.92331,0.00982,0.90593,1.00536,0.91583,1.00557,0.00021,702,8.77,8.72,92.8,92.73,OH-1 parallel with OH-2,T7,4178.44,4154.03,-24.42,1690.21,1681.58,-8.63,442.35,437.94,-4.42,0,none,No violation,SAFE,734,702,734,702,-0.06,-0.08,0,0.24,OH-1 parallel with OH-2,T7,none,True
S00741,IEEE_CompTestFeeder,633,10,13,23,0.91843,0.92476,0.00633,0.91091,1.00547,0.91729,1.0056,0.00013,702,8.75,8.71,92.76,92.71,OH-1 parallel with OH-2,T7,4166.17,4150.41,-15.76,1685.84,1680.32,-5.52,440.08,437.32,-2.76,0,none,No violation,SAFE,734,702,734,702,-0.04,-0.05,0,0.24,OH-1 parallel with OH-2,T7,none,True
S00742,IEEE_CompTestFeeder,769,0,201,201,0.95408,0.98401,0.02993,0.90593,1.00536,0.91512,1.00831,0.00295,702,8.77,8.11,92.8,108.98,OH-1 parallel with OH-2,T22,4178.44,3906.14,-272.3,1690.21,1562.61,-127.6,442.35,371.05,-71.3,1,transformer_loading,Transformer T22 loading 109.0% exceeds 100.0%,CONSTRAINED,734,702,734,702,-0.66,16.18,41.0,0.24,OH-1 parallel with OH-2,T7,trafo 7 reversed,True
S00743,IEEE_CompTestFeeder,722,14,170,184,1.00428,1.10876,0.10448,0.90613,1.00546,0.90808,1.10876,0.1033,622,8.74,39.92,92.78,92.57,SEC-4,T7,4163.36,3999.51,-163.85,1686.6,1657.28,-29.32,441.27,447.42,6.15,1,voltage,Max voltage 1.1088 pu at bus 622 exceeds 1.05,CONSTRAINED,734,702,734,622,31.18,-0.21,0,0.24,OH-1 parallel with OH-2,T7,line 30 0.052->-0.099 reversed,True
S00744,IEEE_CompTestFeeder,6321,0,233,233,0.92107,0.93779,0.01672,0.90593,1.00536,0.92293,1.00755,0.00219,702,8.77,8.13,92.8,136.91,OH-1 parallel with OH-2,T4,4178.44,3900.78,-277.66,1690.21,1601.8,-88.41,442.35,397.69,-44.66,1,transformer_loading,Transformer T4 loading 136.9% exceeds 100.0%,CONSTRAINED,734,702,734,702,-0.64,44.11,0,0.24,OH-1 parallel with OH-2,T7,trafo 3 reversed,True
S00745,IEEE_CompTestFeeder,6242,0,239,239,0.99457,1.0746,0.08003,0.90593,1.00536,0.90888,1.0746,0.06923,624,8.77,53.5,92.8,92.49,SEC-1,T7,4178.44,3938.36,-240.08,1690.21,1643.73,-46.48,442.35,441.27,-1.08,1,voltage,Max voltage 1.0746 pu at bus 624 exceeds 1.05,CONSTRAINED,734,702,734,624,44.73,-0.31,0,0.24,OH-1 parallel with OH-2,T7,line 30 0.066->-0.156 reversed,True
S00746,IEEE_CompTestFeeder,7692,0,225,225,0.95408,0.98734,0.03326,0.90593,1.00536,0.91613,1.00862,0.00326,702,8.77,8.04,92.8,124.74,OH-1 parallel with OH-2,T22,4178.44,3874.8,-303.64,1690.21,1549.41,-140.8,442.35,363.71,-78.64,1,transformer_loading,Transformer T22 loading 124.7% exceeds 100.0%,CONSTRAINED,734,702,734,702,-0.74,31.93,0,0.24,OH-1 parallel with OH-2,T7,trafo 7 reversed,True
S00747,IEEE_CompTestFeeder,6222,0,142,142,0.99457,1.0849,0.09033,0.90593,1.00536,0.90767,1.0849,0.07953,622,8.77,31.49,92.8,92.62,SEC-5,T7,4178.44,4037.16,-141.28,1690.21,1662.41,-27.8,442.35,443.07,0.72,1,voltage,Max voltage 1.0849 pu at bus 622 exceeds 1.05,CONSTRAINED,734,702,734,622,22.71,-0.19,0,0.24,OH-1 parallel with OH-2,T7,line 30 0.066->-0.065 reversed,True
S00748,IEEE_CompTestFeeder,6252,0,191,191,0.99457,1.11264,0.11807,0.90593,1.00536,0.90814,1.11264,0.10727,625,8.77,41.3,92.8,92.57,SEC-1,T7,4178.44,3993.38,-185.06,1690.21,1656.54,-33.67,442.35,448.29,5.94,1,voltage,Max voltage 1.1126 pu at bus 625 exceeds 1.05,CONSTRAINED,734,702,734,625,32.52,-0.24,0,0.24,OH-1 parallel with OH-2,T7,line 30 0.066->-0.105 reversed,True
S00749,IEEE_CompTestFeeder,740,15,10,25,0.98333,0.98419,0.00086,0.9065,1.00553,0.90688,1.00565,0.00011,702,8.73,8.7,92.74,92.7,OH-1 parallel with OH-2,T7,4159.86,4147.51,-12.36,1683.03,1678.3,-4.73,438.77,436.42,-2.36,0,none,No violation,SAFE,734,702,734,702,-0.03,-0.04,75.0,0.24,OH-1 parallel with OH-2,T7,none,True
S00750,IEEE_CompTestFeeder,772,0,189,189,0.93426,0.95419,0.01993,0.90593,1.00536,0.91438,1.00805,0.00268,702,8.77,8.16,92.8,92.3,OH-1 parallel with OH-2,T1,4178.44,3924.83,-253.61,1690.21,1574.4,-115.81,442.35,377.74,-64.61,1,caution,reverse flow,CAUTION,734,702,734,702,-0.61,-0.5,100.0,0.208,OH-1 parallel with OH-2,T7,line 21 0.100->-0.089 reversed,True
S00751,IEEE_CompTestFeeder,7692,0,102,102,0.95408,0.96975,0.01567,0.90593,1.00536,0.91076,1.00694,0.00157,702,8.77,8.43,92.8,92.41,OH-1 parallel with OH-2,T1,4178.44,4037.96,-140.48,1690.21,1621.48,-68.73,442.35,403.87,-38.48,1,caution,reverse flow,CAUTION,734,702,734,702,-0.34,-0.39,0,0.24,OH-1 parallel with OH-2,T7,trafo 7 reversed,True
S00752,IEEE_CompTestFeeder,743,0,93,93,0.96369,0.97019,0.0065,0.90593,1.00536,0.90966,1.00651,0.00114,702,8.77,8.49,92.8,92.45,OH-1 parallel with OH-2,T1,4178.44,4060.57,-117.87,1690.21,1641.67,-48.54,442.35,417.49,-24.87,0,none,No violation,SAFE,734,702,734,702,-0.28,-0.35,240.0,0.24,OH-1 parallel with OH-2,T7,none,True
S00753,IEEE_CompTestFeeder,724,0,244,244,0.99457,1.07613,0.08157,0.90593,1.00536,0.90893,1.07613,0.07077,624,8.77,54.54,92.8,92.48,SEC-1,T7,4178.44,3933.7,-244.74,1690.21,1643.07,-47.14,442.35,441.62,-0.74,1,voltage,Max voltage 1.0761 pu at bus 624 exceeds 1.05,CONSTRAINED,734,702,734,624,45.77,-0.32,0,0.24,OH-1 parallel with OH-2,T7,line 30 0.066->-0.160 reversed,True
S00754,IEEE_CompTestFeeder,716,0,174,174,0.97764,1.06608,0.08844,0.90593,1.00536,0.90685,1.06608,0.06071,716,8.77,8.76,92.8,495.69,OH-1 parallel with OH-2,T24,4178.44,4009.36,-169.08,1690.21,1667.18,-23.03,442.35,447.27,4.92,0,voltage,Max voltage 1.0661 pu at bus 716 exceeds 1.05,CONSTRAINED,734,702,734,716,-0.01,402.89,15.85,0.48,OH-1 parallel with OH-2,T7,none,True
S00755,IEEE_CompTestFeeder,6321,0,244,244,0.92107,0.93853,0.01747,0.90593,1.00536,0.92368,1.00764,0.00228,702,8.77,8.1,92.8,144.57,OH-1 parallel with OH-2,T4,4178.44,3887.94,-290.5,1690.21,1598.21,-92.0,442.35,395.85,-46.5,1,transformer_loading,Transformer T4 loading 144.6% exceeds 100.0%,CONSTRAINED,734,702,734,702,-0.67,51.77,0,0.24,OH-1 parallel with OH-2,T7,trafo 3 reversed,True
S00756,IEEE_CompTestFeeder,622,0,22,22,0.99457,1.00974,0.01517,0.90593,1.00536,0.90624,1.00974,0.00438,622,8.77,8.72,92.8,92.77,OH-1 parallel with OH-2,T7,4178.44,4154.87,-23.58,1690.21,1684.64,-5.57,442.35,440.78,-1.58,0,none,No violation,SAFE,734,702,734,622,-0.05,-0.03,0,0.24,OH-1 parallel with OH-2,T7,none,True
S00757,IEEE_CompTestFeeder,714,0,119,119,0.99084,0.99368,0.00285,0.90593,1.00536,0.90681,1.00607,0.00071,702,8.77,8.76,92.8,92.71,OH-1 parallel with OH-2,T7,4178.44,4054.1,-124.34,1690.21,1664.17,-26.04,442.35,437.01,-5.34,0,none,No violation,SAFE,734,702,734,702,-0.01,-0.09,240.0,0.208,OH-1 parallel with OH-2,T7,none,True
S00758,IEEE_CompTestFeeder,626,0,16,16,0.99457,1.01085,0.01628,0.90593,1.00536,0.90616,1.01085,0.00548,626,8.77,8.74,92.8,92.78,OH-1 parallel with OH-2,T7,4178.44,4161.31,-17.13,1690.21,1686.16,-4.05,442.35,441.23,-1.13,0,none,No violation,SAFE,734,702,734,626,-0.04,-0.02,0,0.24,OH-1 parallel with OH-2,T7,none,True
S00759,IEEE_CompTestFeeder,6261,0,143,143,0.99457,1.12392,0.12935,0.90593,1.00536,0.90756,1.12392,0.11856,626,8.77,30.61,92.8,92.63,SEC-1,T7,4178.44,4041.32,-137.12,1690.21,1665.41,-24.8,442.35,448.23,5.88,1,voltage,Max voltage 1.1239 pu at bus 626 exceeds 1.05,CONSTRAINED,734,702,734,626,21.83,-0.17,0,0.24,OH-1 parallel with OH-2,T7,line 30 0.066->-0.061 reversed,True
S00760,IEEE_CompTestFeeder,739,15,19,34,0.98609,0.98771,0.00163,0.90649,1.00553,0.9072,1.00574,0.00021,702,8.73,8.68,92.74,92.66,OH-1 parallel with OH-2,T7,4159.92,4136.53,-23.39,1683.17,1674.41,-8.76,438.83,434.45,-4.39,0,none,No violation,SAFE,734,702,734,702,-0.06,-0.08,41.1,0.24,OH-1 parallel with OH-2,T7,none,True
S00761,IEEE_CompTestFeeder,722,0,79,79,0.99457,1.04688,0.05232,0.90593,1.00536,0.90698,1.04688,0.04152,622,8.77,18.15,92.8,92.69,SEC-5,T7,4178.44,4096.87,-81.57,1690.21,1672.52,-17.69,442.35,439.78,-2.57,0,voltage_rise,Voltage rise at PV bus 722 0.0523 pu exceeds 0.05,CONSTRAINED,734,702,734,622,9.38,-0.11,0,0.24,OH-1 parallel with OH-2,T7,none,True
S00762,IEEE_CompTestFeeder,743,14,152,166,0.96469,0.97514,0.01046,0.9065,1.00554,0.91251,1.00736,0.00182,702,8.73,8.28,92.55,92.37,OH-1 parallel with OH-2,T1,4160.59,3969.2,-191.4,1682.69,1605.89,-76.8,438.5,399.11,-39.4,0,none,No violation,SAFE,734,702,734,702,-0.45,-0.18,240.0,0.24,OH-1 parallel with OH-2,T1,none,True
S00763,IEEE_CompTestFeeder,6202,0,202,202,0.99457,1.00091,0.00634,0.90593,1.00536,0.9088,1.00668,0.00132,702,8.77,8.58,92.8,92.5,OH-6,T7,4178.44,3960.06,-218.39,1690.21,1640.98,-49.23,442.35,425.97,-16.39,1,caution,reverse flow,CAUTION,734,702,734,702,-0.2,-0.31,0,0.24,OH-1 parallel with OH-2,T7,line 30 0.066->-0.136 reversed,True
S00764,IEEE_CompTestFeeder,6211,0,229,229,0.99457,1.07151,0.07694,0.90593,1.00536,0.90878,1.07151,0.06615,621,8.77,51.41,92.8,92.5,SEC-4,T7,4178.44,3947.71,-230.74,1690.21,1645.08,-45.13,442.35,440.62,-1.74,1,voltage,Max voltage 1.0715 pu at bus 621 exceeds 1.05,CONSTRAINED,734,702,734,621,42.64,-0.3,0,0.24,OH-1 parallel with OH-2,T7,line 30 0.066->-0.147 reversed,True
S00765,IEEE_CompTestFeeder,723,11,61,72,1.00582,1.06381,0.05799,0.90609,1.00582,0.90686,1.06381,0.05799,623,8.75,16.28,92.79,92.7,SEC-6,T7,4166.61,4105.32,-61.29,1687.38,1674.81,-12.57,441.52,441.23,-0.29,0,voltage,Max voltage 1.0638 pu at bus 623 exceeds 1.05,CONSTRAINED,734,623,734,623,7.53,-0.08,0,0.24,OH-1 parallel with OH-2,T7,none,True
S00766,IEEE_CompTestFeeder,6262,0,20,20,0.99457,1.01483,0.02026,0.90593,1.00536,0.90621,1.01483,0.00947,626,8.77,8.73,92.8,92.77,OH-1 parallel with OH-2,T7,4178.44,4157.12,-21.32,1690.21,1685.21,-5.0,442.35,441.03,-1.32,0,none,No violation,SAFE,734,702,734,626,-0.05,-0.03,0,0.24,OH-1 parallel with OH-2,T7,none,True
S00767,IEEE_CompTestFeeder,728,0,114,114,0.93707,0.95878,0.02171,0.90593,1.00536,0.90874,1.00629,0.00093,702,8.77,8.48,92.8,110.83,OH-1 parallel with OH-2,T3,4178.44,4048.44,-130.0,1690.21,1653.47,-36.74,442.35,426.35,-16.0,1,transformer_loading,Transformer T3 loading 110.8% exceeds 100.0%,CONSTRAINED,734,702,734,702,-0.3,18.03,38.0,0.24,OH-1 parallel with OH-2,T7,trafo 2 reversed,True
S00768,IEEE_CompTestFeeder,7482,0,93,93,0.95588,0.9651,0.00922,0.90593,1.00536,0.90976,1.00654,0.00118,702,8.77,8.49,92.8,92.45,OH-1 parallel with OH-2,T1,4178.44,4058.48,-119.96,1690.21,1639.88,-50.33,442.35,415.4,-26.96,1,caution,reverse flow,CAUTION,734,702,734,702,-0.29,-0.36,0,0.24,OH-1 parallel with OH-2,T7,trafo 5 reversed,True
S00769,IEEE_CompTestFeeder,6242,8,183,191,0.99749,1.0596,0.06211,0.90604,1.00542,0.90837,1.0596,0.05418,624,8.76,43.36,92.79,92.54,SEC-1,T7,4169.76,3983.73,-186.03,1688.11,1650.65,-37.46,441.67,438.64,-3.03,1,voltage,Max voltage 1.0596 pu at bus 624 exceeds 1.05,CONSTRAINED,734,702,734,624,34.61,-0.25,0,0.24,OH-1 parallel with OH-2,T7,line 30 0.058->-0.114 reversed,True
S00770,IEEE_CompTestFeeder,6321,0,81,81,0.92107,0.9271,0.00603,0.90593,1.00536,0.91206,1.00618,0.00081,702,8.77,8.55,92.8,92.5,OH-1 parallel with OH-2,T7,4178.44,4080.65,-97.79,1690.21,1656.72,-33.49,442.35,425.56,-16.79,1,caution,reverse flow,CAUTION,734,702,734,702,-0.23,-0.31,0,0.24,OH-1 parallel with OH-2,T7,trafo 3 reversed,True
S00771,IEEE_CompTestFeeder,6242,0,142,142,0.99457,1.04379,0.04922,0.90593,1.00536,0.90781,1.04379,0.03842,624,8.77,32.73,92.8,92.6,SEC-1,T7,4178.44,4031.39,-147.05,1690.21,1658.85,-31.36,442.35,437.31,-5.05,1,caution,max 1.0438>1.03; rise 0.0492>=0.03; reverse flow,CAUTION,734,702,734,624,23.95,-0.2,0,0.24,OH-1 parallel with OH-2,T7,line 30 0.066->-0.070 reversed,True
S00772,IEEE_CompTestFeeder,7392,0,62,62,0.98479,0.99008,0.00529,0.90593,1.00536,0.90824,1.00604,0.00068,702,8.77,8.6,92.8,92.54,OH-1 parallel with OH-2,T7,4178.44,4102.22,-76.22,1690.21,1661.81,-28.4,442.35,428.13,-14.22,1,caution,reverse flow,CAUTION,734,702,734,702,-0.18,-0.26,0,0.24,OH-1 parallel with OH-2,T7,line 26 0.041->-0.021 reversed,True
S00773,IEEE_CompTestFeeder,772,5,211,216,0.93481,0.9569,0.02209,0.90616,1.00544,0.91552,1.0084,0.00296,702,8.76,8.08,92.77,92.26,OH-1 parallel with OH-2,T1,4171.58,3889.5,-282.08,1686.89,1559.38,-127.5,440.49,369.41,-71.08,1,caution,reverse flow,CAUTION,734,702,734,702,-0.68,-0.51,100.0,0.208,OH-1 parallel with OH-2,T7,line 21 0.095->-0.116 reversed,True
S00774,IEEE_CompTestFeeder,7391,11,110,121,0.98574,0.99497,0.00923,0.90634,1.00549,0.91037,1.00666,0.00117,702,8.74,8.43,92.76,92.44,OH-1 parallel with OH-2,T1,4164.85,4030.49,-134.36,1685.04,1636.45,-48.58,439.77,415.41,-24.36,1,caution,reverse flow,CAUTION,734,702,734,702,-0.31,-0.32,0,0.24,OH-1 parallel with OH-2,T7,line 26 0.030->-0.080 reversed,True
S00775,IEEE_CompTestFeeder,6321,0,39,39,0.92107,0.924,0.00293,0.90593,1.00536,0.90891,1.00576,0.0004,702,8.77,8.66,92.8,92.65,OH-1 parallel with OH-2,T7,4178.44,4131.18,-47.26,1690.21,1673.71,-16.5,442.35,434.1,-8.26,0,none,No violation,SAFE,734,702,734,702,-0.11,-0.15,0,0.24,OH-1 parallel with OH-2,T7,none,True
S00776,IEEE_CompTestFeeder,6251,0,57,57,0.99457,1.03289,0.03832,0.90593,1.00536,0.90671,1.03289,0.02753,625,8.77,13.28,92.8,92.72,SEC-2,T7,4178.44,4118.76,-59.68,1690.21,1676.83,-13.38,442.35,439.68,-2.68,0,caution,max 1.0329>1.03; rise 0.0383>=0.03,CAUTION,734,702,734,625,4.5,-0.08,0,0.24,OH-1 parallel with OH-2,T7,none,True
S00777,IEEE_CompTestFeeder,6212,0,241,241,0.99457,1.07521,0.08064,0.90593,1.00536,0.9089,1.07521,0.06985,621,8.77,53.92,92.8,92.49,SEC-4,T7,4178.44,3936.49,-241.95,1690.21,1643.46,-46.75,442.35,441.41,-0.95,1,voltage,Max voltage 1.0752 pu at bus 621 exceeds 1.05,CONSTRAINED,734,702,734,621,45.14,-0.32,0,0.24,OH-1 parallel with OH-2,T7,line 30 0.066->-0.158 reversed,True
S00778,IEEE_CompTestFeeder,7121,4,142,146,0.95845,0.96453,0.00608,0.90596,1.00539,0.90695,1.00618,0.00079,702,8.77,8.76,92.8,92.69,OH-1 parallel with OH-2,T7,4174.25,4026.38,-147.87,1689.33,1661.09,-28.24,442.16,436.29,-5.87,1,caution,reverse flow,CAUTION,734,702,734,702,-0.01,-0.11,0,0.24,OH-1 parallel with OH-2,T7,line 29 0.061->-0.081 reversed,True
S00779,IEEE_CompTestFeeder,732,0,101,101,0.92107,0.92855,0.00748,0.90593,1.00536,0.91353,1.00637,0.001,702,8.77,8.49,92.8,92.46,OH-1 parallel with OH-2,T1,4178.44,4056.72,-121.72,1690.21,1648.92,-41.29,442.35,421.63,-20.72,1,caution,reverse flow,CAUTION,734,702,734,702,-0.28,-0.34,25.4,0.24,OH-1 parallel with OH-2,T7,trafo 3 reversed,True
S00780,IEEE_CompTestFeeder,625,6,210,216,0.99876,1.12626,0.1275,0.90601,1.00541,0.90836,1.12626,0.12085,625,8.76,46.14,92.79,92.54,SEC-1,T7,4171.94,3971.83,-200.11,1688.64,1654.13,-34.51,441.85,451.75,9.89,1,voltage,Max voltage 1.1263 pu at bus 625 exceeds 1.05,CONSTRAINED,734,702,734,625,37.38,-0.25,0,0.24,OH-1 parallel with OH-2,T7,line 30 0.060->-0.125 reversed,True
S00781,IEEE_CompTestFeeder,739,0,227,227,0.98479,1.00343,0.01864,0.90593,1.00536,0.91404,1.00768,0.00232,702,8.77,8.13,92.8,124.16,OH-1 parallel with OH-2,T6,4178.44,3903.51,-274.93,1690.21,1594.79,-95.42,442.35,394.42,-47.93,1,transformer_loading,Transformer T6 loading 124.2% exceeds 100.0%,CONSTRAINED,734,702,734,702,-0.64,31.36,41.1,0.24,OH-1 parallel with OH-2,T7,line 25 0.117->-0.109 reversed,True
S00782,IEEE_CompTestFeeder,6212,0,237,237,0.99457,1.07398,0.07941,0.90593,1.00536,0.90886,1.07398,0.06862,621,8.77,53.09,92.8,92.49,SEC-4,T7,4178.44,3940.22,-238.22,1690.21,1644.0,-46.21,442.35,441.14,-1.22,1,voltage,Max voltage 1.0740 pu at bus 621 exceeds 1.05,CONSTRAINED,734,702,734,621,44.31,-0.31,0,0.24,OH-1 parallel with OH-2,T7,line 30 0.066->-0.154 reversed,True
S00783,IEEE_CompTestFeeder,621,0,53,53,0.99457,1.01359,0.01902,0.90593,1.00536,0.90668,1.01359,0.00822,621,8.77,12.58,92.8,92.72,SEC-4,T7,4178.44,4121.87,-56.58,1690.21,1677.07,-13.14,442.35,438.78,-3.58,0,none,No violation,SAFE,734,702,734,621,3.8,-0.08,0,0.24,OH-1 parallel with OH-2,T7,none,True
S00784,IEEE_CompTestFeeder,720,15,127,142,0.99505,0.99907,0.00401,0.90615,1.00547,0.90797,1.00631,0.00084,702,8.74,8.58,92.78,92.59,OH-6,T7,4162.12,4024.62,-137.5,1686.25,1654.68,-31.56,441.04,430.53,-10.5,1,caution,reverse flow,CAUTION,734,702,734,702,-0.15,-0.19,66.0,0.24,OH-1 parallel with OH-2,T7,line 30 0.051->-0.076 reversed,True
S00785,IEEE_CompTestFeeder,751,0,185,185,0.96852,0.98173,0.01321,0.90593,1.00536,0.91327,1.00757,0.00221,702,8.77,8.22,92.8,92.34,OH-1 parallel with OH-2,T1,4178.44,3943.51,-234.93,1690.21,1596.96,-93.25,442.35,392.42,-49.93,0,none,No violation,SAFE,734,702,734,702,-0.56,-0.46,0,0.48,OH-1 parallel with OH-2,T7,none,True
S00786,IEEE_CompTestFeeder,734,0,66,66,0.90593,0.96344,0.05751,0.90593,1.00536,0.92478,1.006,0.00064,702,8.77,12.82,92.8,92.56,SEC-8,T7,4178.44,4100.87,-77.57,1690.21,1663.88,-26.33,442.35,430.78,-11.57,1,voltage_rise,Voltage rise at PV bus 734 0.0575 pu exceeds 0.05,CONSTRAINED,734,702,735,702,4.05,-0.24,15.85,0.24,OH-1 parallel with OH-2,T7,line 38 0.016->-0.048 reversed,True
S00787,IEEE_CompTestFeeder,7693,0,77,77,0.95408,0.96601,0.01193,0.90593,1.00536,0.90961,1.00657,0.0012,702,8.77,8.51,92.8,92.44,OH-1 parallel with OH-2,T1,4178.44,4071.93,-106.51,1690.21,1637.53,-52.68,442.35,412.85,-29.51,1,caution,reverse flow,CAUTION,734,702,734,702,-0.26,-0.36,0,0.24,OH-1 parallel with OH-2,T7,trafo 7 reversed,True
S00788,IEEE_CompTestFeeder,6242,0,171,171,0.99457,1.05321,0.05864,0.90593,1.00536,0.90815,1.05321,0.04785,624,8.77,39.06,92.8,92.57,SEC-1,T7,4178.44,4003.01,-175.43,1690.21,1653.85,-36.36,442.35,437.92,-4.43,1,voltage,Max voltage 1.0532 pu at bus 624 exceeds 1.05,CONSTRAINED,734,702,734,624,30.28,-0.24,0,0.24,OH-1 parallel with OH-2,T7,line 30 0.066->-0.096 reversed,True
S00789,IEEE_CompTestFeeder,6231,0,97,97,0.99457,1.08576,0.09119,0.90593,1.00536,0.90713,1.08576,0.08039,623,8.77,21.49,92.8,92.68,SEC-6,T7,4178.44,4082.0,-96.44,1690.21,1670.94,-19.27,442.35,442.91,0.56,1,voltage,Max voltage 1.0858 pu at bus 623 exceeds 1.05,CONSTRAINED,734,702,734,623,12.72,-0.13,0,0.24,OH-1 parallel with OH-2,T7,line 30 0.066->-0.023 reversed,True
S00790,IEEE_CompTestFeeder,7641,10,30,40,0.93782,0.94167,0.00385,0.90639,1.00551,0.90777,1.00596,0.00044,702,8.74,8.64,92.75,92.58,OH-1 parallel with OH-2,T7,4164.77,4123.98,-40.78,1683.67,1664.47,-19.2,438.68,427.89,-10.78,0,none,No violation,SAFE,734,702,734,702,-0.1,-0.17,0,0.24,OH-1 parallel with OH-2,T7,none,True
S00791,IEEE_CompTestFeeder,7392,8,239,247,0.98548,1.00499,0.0195,0.90623,1.00545,0.91472,1.00787,0.00241,702,8.75,8.08,92.77,137.17,OH-1 parallel with OH-2,T6,4168.56,3879.82,-288.74,1686.44,1587.47,-98.97,440.47,390.73,-49.74,1,transformer_loading,Transformer T6 loading 137.2% exceeds 100.0%,CONSTRAINED,734,702,734,702,-0.67,44.4,0,0.24,OH-1 parallel with OH-2,T7,line 25 0.108->-0.129 reversed,True
S00792,IEEE_CompTestFeeder,734,0,110,110,0.90593,0.99818,0.09225,0.90593,1.00536,0.92608,1.00636,0.001,702,8.77,22.85,92.8,92.46,SEC-8,T1,4178.44,4053.86,-124.58,1690.21,1649.57,-40.64,442.35,427.77,-14.58,1,voltage_rise,Voltage rise at PV bus 734 0.0923 pu exceeds 0.05,CONSTRAINED,734,702,735,702,14.07,-0.34,15.85,0.24,OH-1 parallel with OH-2,T7,line 38 0.016->-0.087 reversed,True
S00793,IEEE_CompTestFeeder,625,0,61,61,0.99457,1.03547,0.0409,0.90593,1.00536,0.90676,1.03547,0.0301,625,8.77,14.17,92.8,92.71,SEC-2,T7,4178.44,4114.74,-63.7,1690.21,1676.01,-14.2,442.35,439.65,-2.7,0,caution,max 1.0355>1.03; rise 0.0409>=0.03,CAUTION,734,702,734,625,5.4,-0.09,0,0.24,OH-1 parallel with OH-2,T7,none,True
S00794,IEEE_CompTestFeeder,723,0,146,146,0.99457,1.12632,0.13175,0.90593,1.00536,0.90759,1.12632,0.12096,623,8.77,31.18,92.8,92.63,SEC-4,T7,4178.44,4038.76,-139.69,1690.21,1665.11,-25.1,442.35,448.67,6.31,1,voltage,Max voltage 1.1263 pu at bus 623 exceeds 1.05,CONSTRAINED,734,702,734,623,22.41,-0.18,0,0.24,OH-1 parallel with OH-2,T7,line 30 0.066->-0.063 reversed,True
S00795,IEEE_CompTestFeeder,6321,0,55,55,0.92107,0.92519,0.00412,0.90593,1.00536,0.91011,1.00592,0.00056,702,8.77,8.62,92.8,92.59,OH-1 parallel with OH-2,T7,4178.44,4111.89,-66.55,1690.21,1667.14,-23.07,442.35,430.8,-11.55,1,caution,reverse flow,CAUTION,734,702,734,702,-0.16,-0.21,0,0.24,OH-1 parallel with OH-2,T7,trafo 3 reversed,True
S00796,IEEE_CompTestFeeder,6212,0,150,150,0.99457,1.04641,0.05184,0.90593,1.00536,0.9079,1.04641,0.04104,622,8.77,34.48,92.8,92.59,SEC-4,T7,4178.44,4023.51,-154.93,1690.21,1657.43,-32.78,442.35,437.43,-4.93,1,voltage_rise,Voltage rise at PV bus 6212 0.0518 pu exceeds 0.05,CONSTRAINED,734,702,734,622,25.71,-0.21,0,0.24,OH-1 parallel with OH-2,T7,line 30 0.066->-0.077 reversed,True
S00797,IEEE_CompTestFeeder,751,0,172,172,0.96852,0.98082,0.01231,0.90593,1.00536,0.91276,1.00743,0.00206,702,8.77,8.26,92.8,92.36,OH-1 parallel with OH-2,T1,4178.44,3959.81,-218.64,1690.21,1603.18,-87.03,442.35,395.72,-46.64,0,none,No violation,SAFE,734,702,734,702,-0.52,-0.44,0,0.48,OH-1 parallel with OH-2,T7,none,True
S00798,IEEE_CompTestFeeder,6221,0,215,215,0.99457,1.12572,0.13115,0.90593,1.00536,0.90835,1.12572,0.12035,622,8.77,45.94,92.8,92.54,SEC-4,T7,4178.44,3972.69,-205.76,1690.21,1654.22,-35.99,442.35,451.6,9.24,1,voltage,Max voltage 1.1257 pu at bus 622 exceeds 1.05,CONSTRAINED,734,702,734,622,37.17,-0.26,0,0.24,OH-1 parallel with OH-2,T7,line 30 0.066->-0.124 reversed,True
S00799,IEEE_CompTestFeeder,7481,13,194,207,0.95719,0.97583,0.01864,0.90647,1.00554,0.9142,1.00787,0.00233,702,8.73,8.15,92.74,94.32,OH-1 parallel with OH-2,T8,4161.52,3914.72,-246.8,1682.88,1584.55,-98.33,438.43,385.64,-52.8,1,caution,reverse flow,CAUTION,734,702,734,702,-0.59,1.58,0,0.24,OH-1 parallel with OH-2,T7,trafo 5 reversed,True
S00800,IEEE_CompTestFeeder,7481,0,192,192,0.95588,0.97445,0.01857,0.90593,1.00536,0.91363,1.0077,0.00233,702,8.77,8.19,92.8,92.33,OH-1 parallel with OH-2,T1,4178.44,3933.44,-245.0,1690.21,1591.45,-98.76,442.35,389.36,-53.0,1,caution,reverse flow,CAUTION,734,702,734,702,-0.58,-0.47,0,0.24,OH-1 parallel with OH-2,T7,trafo 5 reversed,True
S00801,IEEE_CompTestFeeder,6231,0,189,189,0.99457,1.15964,0.16507,0.90593,1.00536,0.90794,1.15964,0.15428,623,8.77,39.21,92.8,92.59,SEC-4,T7,4178.44,4003.12,-175.33,1690.21,1661.64,-28.57,442.35,456.03,13.67,1,voltage,Max voltage 1.1596 pu at bus 623 exceeds 1.05,CONSTRAINED,734,702,734,623,30.43,-0.21,0,0.24,OH-1 parallel with OH-2,T7,line 30 0.066->-0.096 reversed,True
S00802,IEEE_CompTestFeeder,7692,0,239,239,0.95408,0.98926,0.03518,0.90593,1.00536,0.91671,1.0088,0.00344,702,8.77,8.0,92.8,133.89,OH-1 parallel with OH-2,T22,4178.44,3856.62,-321.82,1690.21,1541.89,-148.32,442.35,359.54,-82.82,1,transformer_loading,Transformer T22 loading 133.9% exceeds 100.0%,CONSTRAINED,734,702,734,702,-0.78,41.09,0,0.24,OH-1 parallel with OH-2,T7,trafo 7 reversed,True
S00803,IEEE_CompTestFeeder,7692,3,139,142,0.95456,0.97562,0.02107,0.90607,1.00541,0.91256,1.00751,0.0021,702,8.76,8.3,92.79,92.35,OH-1 parallel with OH-2,T1,4174.24,3984.19,-190.04,1688.06,1596.82,-91.25,441.15,390.11,-51.04,1,caution,reverse flow,CAUTION,734,702,734,702,-0.46,-0.43,0,0.24,OH-1 parallel with OH-2,T7,trafo 7 reversed,True
S00804,IEEE_CompTestFeeder,624,4,246,250,0.99603,1.07797,0.08194,0.90599,1.00539,0.90899,1.07797,0.07258,624,8.77,55.79,92.8,92.48,SEC-1,T7,4174.1,3928.14,-245.96,1689.15,1642.29,-46.86,442.01,442.05,0.04,1,voltage,Max voltage 1.0780 pu at bus 624 exceeds 1.05,CONSTRAINED,734,702,734,624,47.03,-0.32,0,0.24,OH-1 parallel with OH-2,T7,line 30 0.062->-0.166 reversed,True
S00805,IEEE_CompTestFeeder,626,9,40,49,1.0038,1.04275,0.03895,0.90606,1.00543,0.90659,1.04275,0.03732,626,8.75,11.3,92.79,92.73,SEC-3,T7,4168.74,4127.64,-41.1,1687.88,1678.99,-8.89,441.65,440.55,-1.1,0,caution,max 1.0427>1.03; rise 0.0389>=0.03,CAUTION,734,702,734,626,2.55,-0.06,0,0.24,OH-1 parallel with OH-2,T7,none,True
S00806,IEEE_CompTestFeeder,743,0,43,43,0.96369,0.96673,0.00303,0.90593,1.00536,0.90767,1.0059,0.00054,702,8.77,8.64,92.8,92.51,OH-1 parallel with OH-2,T1,4178.44,4123.74,-54.71,1690.21,1667.35,-22.86,442.35,430.65,-11.71,0,none,No violation,SAFE,734,702,734,702,-0.13,-0.29,240.0,0.24,OH-1 parallel with OH-2,T7,none,True
S00807,IEEE_CompTestFeeder,621,0,121,121,0.99457,1.03684,0.04227,0.90593,1.00536,0.90756,1.03684,0.03148,621,8.77,28.07,92.8,92.63,SEC-4,T7,4178.44,4052.27,-126.17,1690.21,1662.75,-27.46,442.35,437.18,-5.17,1,caution,max 1.0368>1.03; rise 0.0423>=0.03; reverse flow,CAUTION,734,702,734,621,19.3,-0.17,0,0.24,OH-1 parallel with OH-2,T7,line 30 0.066->-0.050 reversed,True
S00808,IEEE_CompTestFeeder,6241,0,168,168,0.99457,1.05225,0.05768,0.90593,1.00536,0.90811,1.05225,0.04688,624,8.77,38.41,92.8,92.57,SEC-1,T7,4178.44,4005.92,-172.52,1690.21,1654.35,-35.86,442.35,437.84,-4.52,1,voltage,Max voltage 1.0522 pu at bus 624 exceeds 1.05,CONSTRAINED,734,702,734,624,29.63,-0.23,0,0.24,OH-1 parallel with OH-2,T7,line 30 0.066->-0.093 reversed,True
S00809,IEEE_CompTestFeeder,7393,0,9,9,0.98479,0.98557,0.00078,0.90593,1.00536,0.90627,1.00547,0.0001,702,8.77,8.75,92.8,92.77,OH-1 parallel with OH-2,T7,4178.44,4167.32,-11.12,1690.21,1685.97,-4.24,442.35,440.23,-2.12,0,none,No violation,SAFE,734,702,734,702,-0.03,-0.04,0,0.24,OH-1 parallel with OH-2,T7,none,True
S00810,IEEE_CompTestFeeder,620,0,110,110,0.99457,0.99807,0.0035,0.90593,1.00536,0.90752,1.0061,0.00074,702,8.77,8.59,92.8,92.63,OH-6,T7,4178.44,4059.16,-119.28,1690.21,1662.31,-27.9,442.35,433.07,-9.28,1,caution,reverse flow,CAUTION,734,702,734,702,-0.19,-0.17,0,0.24,OH-1 parallel with OH-2,T7,line 30 0.066->-0.044 reversed,True
S00811,IEEE_CompTestFeeder,621,0,189,189,0.99457,1.05897,0.0644,0.90593,1.00536,0.90835,1.05897,0.0536,621,8.77,42.93,92.8,92.55,SEC-4,T7,4178.44,3985.65,-192.8,1690.21,1650.96,-39.25,442.35,438.56,-3.8,1,voltage,Max voltage 1.0590 pu at bus 621 exceeds 1.05,CONSTRAINED,734,702,734,621,34.16,-0.26,0,0.24,OH-1 parallel with OH-2,T7,line 30 0.066->-0.112 reversed,True
S00812,IEEE_CompTestFeeder,764,0,78,78,0.93653,0.94644,0.00992,0.90593,1.00536,0.90947,1.0065,0.00113,702,8.77,8.52,92.8,92.45,OH-1 parallel with OH-2,T1,4178.44,4072.84,-105.6,1690.21,1641.06,-49.15,442.35,414.75,-27.6,1,caution,reverse flow,CAUTION,734,702,734,702,-0.26,-0.35,46.0,0.24,OH-1 parallel with OH-2,T7,line 24 0.046->-0.032 reversed,True
S00813,IEEE_CompTestFeeder,622,0,183,183,0.99457,1.1082,0.11364,0.90593,1.00536,0.90807,1.1082,0.10284,622,8.77,39.72,92.8,92.57,SEC-4,T7,4178.44,4000.39,-178.06,1690.21,1657.39,-32.82,442.35,447.3,4.94,1,voltage,Max voltage 1.1082 pu at bus 622 exceeds 1.05,CONSTRAINED,734,702,734,622,30.95,-0.23,0,0.24,OH-1 parallel with OH-2,T7,line 30 0.066->-0.099 reversed,True
S00814,IEEE_CompTestFeeder,6331,5,32,37,0.91597,0.93147,0.01551,0.90842,1.00542,0.92384,1.00574,0.00032,702,8.76,8.67,92.78,92.66,OH-1 parallel with OH-2,T7,4172.29,4133.68,-38.6,1688.01,1674.58,-13.43,441.2,434.6,-6.6,1,caution,reverse flow,CAUTION,734,702,632,702,-0.09,-0.12,0,0.24,OH-1 parallel with OH-2,T7,line 38 0.011->-0.021 reversed,True
S00815,IEEE_CompTestFeeder,714,0,66,66,0.99084,0.99243,0.00159,0.90593,1.00536,0.90643,1.00576,0.0004,702,8.77,8.77,92.8,92.75,OH-1 parallel with OH-2,T7,4178.44,4109.39,-69.05,1690.21,1675.44,-14.77,442.35,439.3,-3.05,0,none,No violation,SAFE,734,702,734,702,-0.01,-0.05,240.0,0.208,OH-1 parallel with OH-2,T7,none,True
S00816,IEEE_CompTestFeeder,732,0,69,69,0.92107,0.92622,0.00515,0.90593,1.00536,0.91116,1.00606,0.0007,702,8.77,8.58,92.8,92.54,OH-1 parallel with OH-2,T7,4178.44,4095.05,-83.39,1690.21,1661.49,-28.72,442.35,427.96,-14.39,1,caution,reverse flow,CAUTION,734,702,734,702,-0.19,-0.26,25.4,0.24,OH-1 parallel with OH-2,T7,trafo 3 reversed,True
S00817,IEEE_CompTestFeeder,6231,0,106,106,0.99457,1.09344,0.09887,0.90593,1.00536,0.90722,1.09344,0.08808,623,8.77,23.32,92.8,92.67,SEC-5,T7,4178.44,4073.82,-104.62,1690.21,1669.71,-20.5,442.35,443.74,1.38,1,voltage,Max voltage 1.0934 pu at bus 623 exceeds 1.05,CONSTRAINED,734,702,734,623,14.55,-0.14,0,0.24,OH-1 parallel with OH-2,T7,line 30 0.066->-0.031 reversed,True
S00818,IEEE_CompTestFeeder,710,0,108,108,0.95737,0.96165,0.00428,0.90593,1.00536,0.9067,1.00598,0.00062,702,8.77,8.77,92.8,92.72,OH-1 parallel with OH-2,T7,4178.44,4065.7,-112.74,1690.21,1667.89,-22.32,442.35,437.61,-4.74,1,caution,reverse flow,CAUTION,734,702,734,702,-0.01,-0.08,80.0,0.208,OH-1 parallel with OH-2,T7,trafo 17 reversed,True
S00819,IEEE_CompTestFeeder,740,0,216,216,0.98204,0.9998,0.01776,0.90593,1.00536,0.91376,1.00762,0.00226,702,8.77,8.16,92.8,96.86,OH-1 parallel with OH-2,T5,4178.44,3915.76,-262.68,1690.21,1596.87,-93.34,442.35,395.67,-46.68,1,caution,trafo 96.9>=95.0%; reverse flow,CAUTION,734,702,734,702,-0.61,4.06,75.0,0.24,OH-1 parallel with OH-2,T7,line 25 0.117->-0.099 reversed,True
S00820,IEEE_CompTestFeeder,710,0,224,224,0.95737,0.96606,0.00869,0.90593,1.00536,0.90746,1.00658,0.00122,702,8.77,8.76,92.8,92.64,OH-1 parallel with OH-2,T7,4178.44,3945.75,-232.69,1690.21,1647.31,-42.9,442.35,433.67,-8.69,1,caution,reverse flow,CAUTION,734,702,734,702,-0.02,-0.16,80.0,0.208,OH-1 parallel with OH-2,T7,line 28 0.145->-0.078 reversed,True
S00821,IEEE_CompTestFeeder,624,0,102,102,0.99457,1.03046,0.0359,0.90593,1.00536,0.90732,1.03046,0.0251,624,8.77,23.81,92.8,92.65,SEC-1,T7,4178.44,4071.4,-107.04,1690.21,1666.48,-23.73,442.35,437.31,-5.04,1,caution,max 1.0305>1.03; rise 0.0359>=0.03; reverse flow,CAUTION,734,702,734,624,15.04,-0.15,0,0.24,OH-1 parallel with OH-2,T7,line 30 0.066->-0.033 reversed,True
S00822,IEEE_CompTestFeeder,6242,0,19,19,0.99457,1.00148,0.00691,0.90593,1.00536,0.9062,1.00549,0.00013,702,8.77,8.73,92.8,92.77,OH-1 parallel with OH-2,T7,4178.44,4157.91,-20.53,1690.21,1685.29,-4.92,442.35,440.82,-1.53,0,none,No violation,SAFE,734,702,734,702,-0.05,-0.03,0,0.24,OH-1 parallel with OH-2,T7,none,True
S00823,IEEE_CompTestFeeder,621,4,132,136,0.99603,1.04181,0.04578,0.90599,1.00539,0.90774,1.04181,0.03642,621,8.77,31.4,92.8,92.61,SEC-4,T7,4174.1,4037.33,-136.77,1689.15,1659.94,-29.21,442.01,437.24,-4.77,1,caution,max 1.0418>1.03; rise 0.0458>=0.03; reverse flow,CAUTION,734,702,734,621,22.64,-0.19,0,0.24,OH-1 parallel with OH-2,T7,line 30 0.062->-0.064 reversed,True
S00824,IEEE_CompTestFeeder,6331,0,89,89,0.91349,0.95552,0.04203,0.90593,1.00536,0.92556,1.00622,0.00086,702,8.77,18.59,92.8,92.48,SEC-7,T7,4178.44,4073.6,-104.84,1690.21,1654.91,-35.3,442.35,426.51,-15.84,1,caution,rise 0.0420>=0.03; reverse flow,CAUTION,734,702,735,702,9.81,-0.32,0,0.24,OH-1 parallel with OH-2,T7,line 38 0.016->-0.071 reversed,True
S00825,IEEE_CompTestFeeder,714,3,63,66,0.99091,0.99243,0.00152,0.90595,1.00538,0.90643,1.00576,0.00038,702,8.77,8.77,92.8,92.75,OH-1 parallel with OH-2,T7,4175.3,4109.39,-65.91,1689.52,1675.44,-14.09,442.21,439.3,-2.91,0,none,No violation,SAFE,734,702,734,702,-0.01,-0.05,240.0,0.208,OH-1 parallel with OH-2,T7,none,True
S00826,IEEE_CompTestFeeder,739,14,232,246,0.986,1.00491,0.01891,0.90645,1.00552,0.91468,1.00786,0.00234,702,8.73,8.08,92.74,136.52,OH-1 parallel with OH-2,T6,4161.15,3881.0,-280.15,1683.64,1587.83,-95.81,439.07,390.91,-48.15,1,transformer_loading,Transformer T6 loading 136.5% exceeds 100.0%,CONSTRAINED,734,702,734,702,-0.65,43.78,41.1,0.24,OH-1 parallel with OH-2,T7,line 25 0.102->-0.128 reversed,True
S00827,IEEE_CompTestFeeder,7392,0,241,241,0.98479,1.00452,0.01973,0.90593,1.00536,0.91452,1.00781,0.00245,702,8.77,8.1,92.8,133.27,OH-1 parallel with OH-2,T6,4178.44,3886.92,-291.53,1690.21,1589.65,-100.56,442.35,391.83,-50.53,1,transformer_loading,Transformer T6 loading 133.3% exceeds 100.0%,CONSTRAINED,734,702,734,702,-0.68,40.47,0,0.24,OH-1 parallel with OH-2,T7,line 25 0.117->-0.123 reversed,True
S00828,IEEE_CompTestFeeder,708,0,76,76,0.95802,0.96085,0.00283,0.90593,1.00536,0.90648,1.0058,0.00044,702,8.77,8.77,92.8,92.74,OH-1 parallel with OH-2,T7,4178.44,4099.06,-79.38,1690.21,1674.26,-15.95,442.35,438.97,-3.38,0,none,No violation,SAFE,734,702,734,702,-0.01,-0.06,75.0,0.24,OH-1 parallel with OH-2,T7,none,True
S00829,IEEE_CompTestFeeder,7692,0,13,13,0.95408,0.95614,0.00206,0.90593,1.00536,0.90656,1.00557,0.00021,702,8.77,8.73,92.8,92.73,OH-1 parallel with OH-2,T7,4178.44,4160.25,-18.19,1690.21,1680.96,-9.25,442.35,437.17,-5.19,0,none,No violation,SAFE,734,702,734,702,-0.04,-0.08,0,0.24,OH-1 parallel with OH-2,T7,none,True
S00830,IEEE_CompTestFeeder,728,8,9,17,0.93867,0.94044,0.00178,0.90614,1.00544,0.90637,1.00552,8e-05,702,8.75,8.73,92.78,92.76,OH-1 parallel with OH-2,T7,4169.1,4158.64,-10.46,1687.27,1684.04,-3.23,441.02,439.55,-1.46,0,none,No violation,SAFE,734,702,734,702,-0.02,-0.03,38.0,0.24,OH-1 parallel with OH-2,T7,none,True
S00831,IEEE_CompTestFeeder,734,0,197,197,0.90593,1.06062,0.15469,0.90593,1.00536,0.92832,1.06062,0.05525,734,8.77,41.16,92.8,97.14,SEC-8,T4,4178.44,3969.15,-209.29,1690.21,1626.95,-63.26,442.35,430.06,-12.29,1,voltage,Max voltage 1.0606 pu at bus 734 exceeds 1.05,CONSTRAINED,734,702,735,734,32.39,4.34,15.85,0.24,OH-1 parallel with OH-2,T7,line 38 0.016->-0.159 reversed,True
S00832,IEEE_CompTestFeeder,6252,7,46,53,0.99945,1.0303,0.03085,0.90603,1.00541,0.90666,1.0303,0.02489,625,8.76,12.37,92.79,92.73,SEC-2,T7,4170.86,4122.81,-48.05,1688.38,1677.66,-10.72,441.77,439.72,-2.05,0,caution,max 1.0303>1.03; rise 0.0309>=0.03,CAUTION,734,702,734,625,3.62,-0.07,0,0.24,OH-1 parallel with OH-2,T7,none,True
S00833,IEEE_CompTestFeeder,748,0,222,222,0.95588,0.97719,0.02132,0.90593,1.00536,0.91477,1.00803,0.00267,702,8.77,8.11,92.8,103.88,OH-1 parallel with OH-2,T8,4178.44,3896.06,-282.38,1690.21,1577.76,-112.45,442.35,381.97,-60.38,1,transformer_loading,Transformer T8 loading 103.9% exceeds 100.0%,CONSTRAINED,734,702,734,702,-0.67,11.08,76.88,0.24,OH-1 parallel with OH-2,T7,trafo 5 reversed,True
S00834,IEEE_CompTestFeeder,6251,0,143,143,0.99457,1.08548,0.09091,0.90593,1.00536,0.90768,1.08548,0.08011,626,8.77,31.69,92.8,92.62,SEC-2,T7,4178.44,4036.25,-142.2,1690.21,1662.28,-27.93,442.35,443.16,0.8,1,voltage,Max voltage 1.0855 pu at bus 626 exceeds 1.05,CONSTRAINED,734,702,734,626,22.92,-0.19,0,0.24,OH-1 parallel with OH-2,T7,line 30 0.066->-0.065 reversed,True
S00835,IEEE_CompTestFeeder,6212,0,194,194,0.99457,1.06055,0.06599,0.90593,1.00536,0.9084,1.06055,0.05519,621,8.77,44.0,92.8,92.54,SEC-4,T7,4178.44,3980.85,-197.59,1690.21,1650.18,-40.03,442.35,438.77,-3.59,1,voltage,Max voltage 1.0606 pu at bus 621 exceeds 1.05,CONSTRAINED,734,702,734,621,35.23,-0.26,0,0.24,OH-1 parallel with OH-2,T7,line 30 0.066->-0.117 reversed,True
S00836,IEEE_CompTestFeeder,722,14,190,204,1.00428,1.11976,0.11548,0.90613,1.00546,0.90826,1.11976,0.1143,622,8.74,43.83,92.78,92.55,SEC-4,T7,4163.36,3982.11,-181.24,1686.6,1655.24,-31.36,441.27,450.03,8.76,1,voltage,Max voltage 1.1198 pu at bus 622 exceeds 1.05,CONSTRAINED,734,702,734,622,35.08,-0.23,0,0.24,OH-1 parallel with OH-2,T7,line 30 0.052->-0.116 reversed,True
S00837,IEEE_CompTestFeeder,710,0,93,93,0.95737,0.96107,0.0037,0.90593,1.00536,0.9066,1.0059,0.00054,702,8.77,8.77,92.8,92.73,OH-1 parallel with OH-2,T7,4178.44,4081.3,-97.15,1690.21,1670.8,-19.41,442.35,438.21,-4.15,1,caution,reverse flow,CAUTION,734,702,734,702,-0.01,-0.07,80.0,0.208,OH-1 parallel with OH-2,T7,trafo 17 reversed,True
S00838,IEEE_CompTestFeeder,626,0,64,64,0.99457,1.05658,0.06201,0.90593,1.00536,0.90676,1.05658,0.05122,626,8.77,14.57,92.8,92.71,SEC-3,T7,4178.44,4112.98,-65.46,1690.21,1676.2,-14.01,442.35,440.9,-1.46,0,voltage,Max voltage 1.0566 pu at bus 626 exceeds 1.05,CONSTRAINED,734,702,734,626,5.8,-0.09,0,0.24,OH-1 parallel with OH-2,T7,none,True
S00839,IEEE_CompTestFeeder,708,0,201,201,0.95802,0.96532,0.00731,0.90593,1.00536,0.90731,1.00646,0.0011,702,8.77,8.76,92.8,92.66,OH-1 parallel with OH-2,T7,4178.44,3969.54,-208.91,1690.21,1651.29,-38.92,442.35,434.45,-7.91,1,caution,reverse flow,CAUTION,734,702,734,702,-0.02,-0.15,75.0,0.24,OH-1 parallel with OH-2,T7,trafo 16 reversed,True
S00840,IEEE_CompTestFeeder,6252,8,12,20,1.00014,1.00838,0.00824,0.90604,1.00542,0.90621,1.00838,0.00296,625,8.76,8.73,92.79,92.77,OH-1 parallel with OH-2,T7,4169.78,4156.98,-12.81,1688.12,1685.12,-3.0,441.7,440.89,-0.81,0,none,No violation,SAFE,734,702,734,625,-0.03,-0.02,0,0.24,OH-1 parallel with OH-2,T7,none,True
S00841,IEEE_CompTestFeeder,762,10,130,140,0.93761,0.95371,0.0161,0.90639,1.00551,0.91216,1.00734,0.00182,702,8.74,8.32,92.75,92.37,OH-1 parallel with OH-2,T1,4164.77,3990.6,-174.17,1683.67,1604.98,-78.69,438.68,394.51,-44.17,1,caution,reverse flow,CAUTION,734,702,734,702,-0.42,-0.38,45.0,0.48,OH-1 parallel with OH-2,T7,line 23 0.081->-0.048 reversed,True
S00842,IEEE_CompTestFeeder,743,0,245,245,0.96369,0.98036,0.01666,0.90593,1.00536,0.91549,1.00824,0.00287,702,8.77,8.05,92.8,92.28,OH-1 parallel with OH-2,T1,4178.44,3871.38,-307.06,1690.21,1569.35,-120.86,442.35,380.3,-62.06,0,none,No violation,SAFE,734,702,734,702,-0.73,-0.52,240.0,0.24,OH-1 parallel with OH-2,T7,none,True
S00843,IEEE_CompTestFeeder,6242,0,163,163,0.99457,1.05063,0.05606,0.90593,1.00536,0.90805,1.05063,0.04527,624,8.77,37.32,92.8,92.58,SEC-1,T7,4178.44,4010.79,-167.65,1690.21,1655.19,-35.02,442.35,437.7,-4.65,1,voltage,Max voltage 1.0506 pu at bus 624 exceeds 1.05,CONSTRAINED,734,702,734,624,28.55,-0.23,0,0.24,OH-1 parallel with OH-2,T7,line 30 0.066->-0.089 reversed,True
S00844,IEEE_CompTestFeeder,770,14,23,37,0.9524,0.95529,0.0029,0.90662,1.00559,0.90775,1.00597,0.00037,702,8.73,8.65,92.72,92.58,OH-1 parallel with OH-2,T7,4158.79,4126.68,-32.12,1680.06,1663.63,-16.42,436.7,427.59,-9.12,0,none,No violation,SAFE,734,702,734,702,-0.08,-0.14,450.0,0.24,OH-1 parallel with OH-2,T7,none,True
S00845,IEEE_CompTestFeeder,710,0,102,102,0.95737,0.96142,0.00405,0.90593,1.00536,0.90666,1.00595,0.00058,702,8.77,8.77,92.8,92.73,OH-1 parallel with OH-2,T7,4178.44,4071.94,-106.51,1690.21,1669.05,-21.16,442.35,437.85,-4.51,1,caution,reverse flow,CAUTION,734,702,734,702,-0.01,-0.08,80.0,0.208,OH-1 parallel with OH-2,T7,trafo 17 reversed,True
S00846,IEEE_CompTestFeeder,724,8,97,105,0.99749,1.03148,0.03398,0.90604,1.00542,0.90736,1.03148,0.02606,624,8.76,24.49,92.79,92.65,SEC-1,T7,4169.76,4068.36,-101.4,1688.11,1665.88,-22.23,441.67,437.28,-4.4,1,caution,max 1.0315>1.03; rise 0.0340>=0.03; reverse flow,CAUTION,734,702,734,624,15.73,-0.14,0,0.24,OH-1 parallel with OH-2,T7,line 30 0.058->-0.036 reversed,True
S00847,IEEE_CompTestFeeder,715,0,246,246,0.99084,0.9966,0.00577,0.90593,1.00536,0.9077,1.00678,0.00141,702,8.77,8.75,92.8,92.61,OH-1 parallel with OH-2,T7,4178.44,3922.16,-256.28,1690.21,1639.31,-50.9,442.35,432.08,-10.28,0,none,No violation,SAFE,734,702,734,702,-0.02,-0.19,0,0.208,OH-1 parallel with OH-2,T7,none,True
S00848,IEEE_CompTestFeeder,6201,0,199,199,0.99457,1.00082,0.00625,0.90593,1.00536,0.90876,1.00666,0.0013,702,8.77,8.58,92.8,92.5,OH-6,T7,4178.44,3963.28,-215.16,1690.21,1641.65,-48.56,442.35,426.19,-16.16,1,caution,reverse flow,CAUTION,734,702,734,702,-0.2,-0.3,0,0.24,OH-1 parallel with OH-2,T7,line 30 0.066->-0.133 reversed,True
S00849,IEEE_CompTestFeeder,762,0,27,27,0.93632,0.93978,0.00346,0.90593,1.00536,0.90717,1.00577,0.0004,702,8.77,8.69,92.8,92.65,OH-1 parallel with OH-2,T7,4178.44,4141.62,-36.83,1690.21,1672.72,-17.49,442.35,432.53,-9.83,0,none,No violation,SAFE,734,702,734,702,-0.09,-0.15,45.0,0.48,OH-1 parallel with OH-2,T7,none,True
S00850,IEEE_CompTestFeeder,730,0,147,147,0.94698,0.95307,0.00609,0.90593,1.00536,0.90963,1.0066,0.00124,702,8.77,8.39,92.8,92.44,OH-1 parallel with OH-2,T1,4178.44,4009.65,-168.79,1690.21,1640.86,-49.35,442.35,420.56,-21.79,1,caution,reverse flow,CAUTION,734,702,734,702,-0.39,-0.36,85.0,0.24,OH-1 parallel with OH-2,T7,line 31 0.085->-0.062 reversed,True
S00851,IEEE_CompTestFeeder,7641,0,11,11,0.93653,0.93795,0.00143,0.90593,1.00536,0.90644,1.00553,0.00016,702,8.77,8.74,92.8,92.74,OH-1 parallel with OH-2,T7,4178.44,4163.4,-15.04,1690.21,1683.02,-7.19,442.35,438.31,-4.04,0,none,No violation,SAFE,734,702,734,702,-0.04,-0.06,0,0.24,OH-1 parallel with OH-2,T7,none,True
S00852,IEEE_CompTestFeeder,712,0,28,28,0.95827,0.9595,0.00123,0.90593,1.00536,0.90613,1.00553,0.00016,702,8.77,8.77,92.8,92.78,OH-1 parallel with OH-2,T7,4178.44,4149.12,-29.32,1690.21,1684.18,-6.03,442.35,441.03,-1.32,0,none,No violation,SAFE,734,702,734,702,-0.0,-0.02,65.0,0.24,OH-1 parallel with OH-2,T7,none,True
S00853,IEEE_CompTestFeeder,6211,3,79,82,0.99567,1.02365,0.02798,0.90597,1.00539,0.90706,1.02365,0.01827,621,8.77,19.27,92.8,92.68,SEC-4,T7,4175.18,4091.8,-83.38,1689.42,1670.63,-18.78,442.09,437.71,-4.38,1,caution,reverse flow,CAUTION,734,702,734,621,10.5,-0.12,0,0.24,OH-1 parallel with OH-2,T7,line 30 0.063->-0.014 reversed,True
S00854,IEEE_CompTestFeeder,6262,0,26,26,0.99457,1.02074,0.02617,0.90593,1.00536,0.90629,1.02074,0.01538,626,8.77,8.71,92.8,92.76,OH-1 parallel with OH-2,T7,4178.44,4150.89,-27.56,1690.21,1683.83,-6.38,442.35,440.8,-1.56,0,none,No violation,SAFE,734,702,734,626,-0.06,-0.04,0,0.24,OH-1 parallel with OH-2,T7,none,True
S00855,IEEE_CompTestFeeder,751,0,48,48,0.96852,0.97201,0.00349,0.90593,1.00536,0.90787,1.00596,0.00059,702,8.77,8.63,92.8,92.57,OH-1 parallel with OH-2,T7,4178.44,4116.85,-61.59,1690.21,1665.0,-25.21,442.35,428.76,-13.59,0,none,No violation,SAFE,734,702,734,702,-0.15,-0.24,0,0.48,OH-1 parallel with OH-2,T7,none,True
S00856,IEEE_CompTestFeeder,6242,0,73,73,0.99457,1.02055,0.02598,0.90593,1.00536,0.90695,1.02055,0.01519,624,8.77,17.21,92.8,92.69,SEC-1,T7,4178.44,4101.06,-77.38,1690.21,1672.58,-17.63,442.35,437.98,-4.38,0,none,No violation,SAFE,734,702,734,624,8.43,-0.11,0,0.24,OH-1 parallel with OH-2,T7,none,True
S00857,IEEE_CompTestFeeder,772,0,42,42,0.93426,0.93884,0.00458,0.90593,1.00536,0.90788,1.00599,0.00063,702,8.77,8.64,92.8,92.57,OH-1 parallel with OH-2,T7,4178.44,4121.07,-57.37,1690.21,1662.77,-27.44,442.35,426.99,-15.37,0,none,No violation,SAFE,734,702,734,702,-0.14,-0.24,100.0,0.208,OH-1 parallel with OH-2,T7,none,True
S00858,IEEE_CompTestFeeder,633,0,75,75,0.91349,0.94918,0.03569,0.90593,1.00536,0.92511,1.0061,0.00073,702,8.77,15.21,92.8,92.53,SEC-7,T7,4178.44,4089.48,-88.97,1690.21,1659.96,-30.25,442.35,428.39,-13.97,1,caution,rise 0.0357>=0.03; reverse flow,CAUTION,734,702,735,702,6.44,-0.28,0,0.24,OH-1 parallel with OH-2,T7,line 38 0.016->-0.057 reversed,True
S00859,IEEE_CompTestFeeder,6321,0,205,205,0.92107,0.93588,0.01481,0.90593,1.00536,0.92098,1.00731,0.00195,702,8.77,8.21,92.8,117.39,OH-1 parallel with OH-2,T4,4178.44,3933.57,-244.87,1690.21,1611.17,-79.04,442.35,402.48,-39.87,1,transformer_loading,Transformer T4 loading 117.4% exceeds 100.0%,CONSTRAINED,734,702,734,702,-0.57,24.59,0,0.24,OH-1 parallel with OH-2,T7,trafo 3 reversed,True
S00860,IEEE_CompTestFeeder,708,0,246,246,0.95802,0.96688,0.00886,0.90593,1.00536,0.90759,1.00668,0.00132,702,8.77,8.76,92.8,92.63,OH-1 parallel with OH-2,T7,4178.44,3923.22,-255.22,1690.21,1643.99,-46.22,442.35,433.13,-9.22,1,caution,reverse flow,CAUTION,734,702,734,702,-0.02,-0.18,75.0,0.24,OH-1 parallel with OH-2,T7,line 3 0.221->-0.025 reversed,True
S00861,IEEE_CompTestFeeder,751,10,157,167,0.96925,0.98047,0.01122,0.90633,1.00549,0.91257,1.00737,0.00188,702,8.74,8.27,92.75,92.37,OH-1 parallel with OH-2,T1,4165.57,3966.08,-199.49,1684.9,1605.59,-79.31,439.48,397.0,-42.49,0,none,No violation,SAFE,734,702,734,702,-0.47,-0.39,0,0.48,OH-1 parallel with OH-2,T7,none,True
S00862,IEEE_CompTestFeeder,733,0,39,39,0.91349,0.93242,0.01893,0.90593,1.00536,0.92392,1.00576,0.0004,702,8.77,8.67,92.8,92.66,OH-1 parallel with OH-2,T7,4178.44,4131.31,-47.13,1690.21,1673.78,-16.43,442.35,434.23,-8.13,1,caution,reverse flow,CAUTION,734,702,735,702,-0.11,-0.15,0,0.24,OH-1 parallel with OH-2,T7,line 38 0.016->-0.023 reversed,True
S00863,IEEE_CompTestFeeder,772,0,106,106,0.93426,0.94565,0.01139,0.90593,1.00536,0.91077,1.00692,0.00155,702,8.77,8.43,92.8,92.41,OH-1 parallel with OH-2,T1,4178.44,4034.79,-143.65,1690.21,1622.87,-67.34,442.35,404.71,-37.65,0,none,No violation,SAFE,734,702,734,702,-0.35,-0.39,100.0,0.208,OH-1 parallel with OH-2,T7,none,True
S00864,IEEE_CompTestFeeder,6212,0,115,115,0.99457,1.03484,0.04027,0.90593,1.00536,0.90748,1.03484,0.02947,621,8.77,26.73,92.8,92.64,SEC-4,T7,4178.44,4058.28,-120.16,1690.21,1663.91,-26.3,442.35,437.2,-5.16,1,caution,max 1.0348>1.03; rise 0.0403>=0.03; reverse flow,CAUTION,734,702,734,621,17.96,-0.17,0,0.24,OH-1 parallel with OH-2,T7,line 30 0.066->-0.045 reversed,True
S00865,IEEE_CompTestFeeder,722,0,159,159,0.99457,1.09469,0.10012,0.90593,1.00536,0.90784,1.09469,0.08932,622,8.77,34.94,92.8,92.6,SEC-4,T7,4178.44,4021.73,-156.71,1690.21,1660.19,-30.02,442.35,444.64,2.29,1,voltage,Max voltage 1.0947 pu at bus 622 exceeds 1.05,CONSTRAINED,734,702,734,622,26.17,-0.2,0,0.24,OH-1 parallel with OH-2,T7,line 30 0.066->-0.079 reversed,True
S00866,IEEE_CompTestFeeder,733,0,50,50,0.91349,0.93761,0.02412,0.90593,1.00536,0.92429,1.00587,0.0005,702,8.77,9.17,92.8,92.62,SEC-7,T7,4178.44,4118.37,-60.07,1690.21,1669.43,-20.78,442.35,432.28,-10.07,1,caution,reverse flow,CAUTION,734,702,735,702,0.4,-0.19,0,0.24,OH-1 parallel with OH-2,T7,line 38 0.016->-0.033 reversed,True
S00867,IEEE_CompTestFeeder,6252,7,193,200,0.99945,1.11758,0.11813,0.90603,1.00541,0.90822,1.11758,0.11217,625,8.76,43.05,92.79,92.56,SEC-1,T7,4170.86,3985.57,-185.3,1688.38,1655.63,-32.75,441.77,449.48,7.7,1,voltage,Max voltage 1.1176 pu at bus 625 exceeds 1.05,CONSTRAINED,734,702,734,625,34.29,-0.23,0,0.24,OH-1 parallel with OH-2,T7,line 30 0.059->-0.112 reversed,True
S00868,IEEE_CompTestFeeder,7481,15,67,82,0.95739,0.96403,0.00664,0.90656,1.00556,0.90932,1.00641,0.00085,702,8.73,8.52,92.73,92.46,OH-1 parallel with OH-2,T1,4158.92,4072.54,-86.38,1681.76,1645.58,-36.18,437.83,418.45,-19.38,0,none,No violation,SAFE,734,702,734,702,-0.21,-0.27,0,0.24,OH-1 parallel with OH-2,T7,none,True
S00869,IEEE_CompTestFeeder,6211,0,214,214,0.99457,1.06685,0.07228,0.90593,1.00536,0.90862,1.06685,0.06148,621,8.77,48.25,92.8,92.52,SEC-4,T7,4178.44,3961.83,-216.61,1690.21,1647.2,-43.01,442.35,439.74,-2.61,1,voltage,Max voltage 1.0668 pu at bus 621 exceeds 1.05,CONSTRAINED,734,702,734,621,39.48,-0.29,0,0.24,OH-1 parallel with OH-2,T7,line 30 0.066->-0.134 reversed,True
S00870,IEEE_CompTestFeeder,6252,0,243,243,0.99457,1.14059,0.14603,0.90593,1.00536,0.90859,1.14059,0.13523,625,8.77,51.25,92.8,92.52,SEC-1,T7,4178.44,3949.11,-229.33,1690.21,1651.94,-38.27,442.35,456.02,13.67,1,voltage,Max voltage 1.1406 pu at bus 625 exceeds 1.05,CONSTRAINED,734,702,734,625,42.48,-0.28,0,0.24,OH-1 parallel with OH-2,T7,line 30 0.066->-0.146 reversed,True
S00871,IEEE_CompTestFeeder,730,0,145,145,0.94698,0.95299,0.00601,0.90593,1.00536,0.90958,1.00659,0.00122,702,8.77,8.39,92.8,92.44,OH-1 parallel with OH-2,T1,4178.44,4011.93,-166.51,1690.21,1641.49,-48.72,442.35,420.84,-21.51,1,caution,reverse flow,CAUTION,734,702,734,702,-0.38,-0.36,85.0,0.24,OH-1 parallel with OH-2,T7,line 31 0.085->-0.060 reversed,True
S00872,IEEE_CompTestFeeder,623,10,246,256,1.00481,1.20808,0.20327,0.90607,1.00543,0.90839,1.20808,0.20265,623,8.75,50.98,92.79,92.54,SEC-4,T7,4167.67,3951.16,-216.51,1687.63,1658.76,-28.87,441.58,471.07,29.49,1,voltage,Max voltage 1.2081 pu at bus 623 exceeds 1.05,CONSTRAINED,734,702,734,623,42.23,-0.25,0,0.24,OH-1 parallel with OH-2,T7,line 30 0.056->-0.145 reversed,True
S00873,IEEE_CompTestFeeder,734,0,79,79,0.90593,0.97396,0.06804,0.90593,1.00536,0.92518,1.00611,0.00075,702,8.77,15.83,92.8,92.52,SEC-8,T7,4178.44,4086.64,-91.8,1690.21,1659.41,-30.8,442.35,429.55,-12.8,1,voltage_rise,Voltage rise at PV bus 734 0.0680 pu exceeds 0.05,CONSTRAINED,734,702,735,702,7.06,-0.28,15.85,0.24,OH-1 parallel with OH-2,T7,line 38 0.016->-0.060 reversed,True
S00874,IEEE_CompTestFeeder,633,15,208,223,0.92088,1.01216,0.09128,0.91337,1.00552,0.92941,1.01216,0.00664,633,8.73,49.27,92.75,119.34,SEC-7,T4,4160.08,3931.19,-228.89,1683.7,1614.28,-69.42,438.99,418.1,-20.89,1,voltage_rise,Voltage rise at PV bus 633 0.0913 pu exceeds 0.05,CONSTRAINED,734,702,735,633,40.54,26.6,0,0.24,OH-1 parallel with OH-2,T7,trafo 3 reversed,True
S00875,IEEE_CompTestFeeder,6262,0,40,40,0.99457,1.03425,0.03969,0.90593,1.00536,0.90647,1.03425,0.02889,626,8.77,9.3,92.8,92.74,SEC-3,T7,4178.44,4136.62,-41.82,1690.21,1680.8,-9.41,442.35,440.53,-1.82,0,caution,max 1.0343>1.03; rise 0.0397>=0.03,CAUTION,734,702,734,626,0.53,-0.06,0,0.24,OH-1 parallel with OH-2,T7,none,True
S00876,IEEE_CompTestFeeder,772,0,173,173,0.93426,0.95257,0.01831,0.90593,1.00536,0.91369,1.00784,0.00247,702,8.77,8.21,92.8,92.32,OH-1 parallel with OH-2,T1,4178.44,3945.86,-232.58,1690.21,1583.46,-106.75,442.35,382.78,-59.58,1,caution,reverse flow,CAUTION,734,702,734,702,-0.56,-0.48,100.0,0.208,OH-1 parallel with OH-2,T7,line 21 0.100->-0.073 reversed,True
S00877,IEEE_CompTestFeeder,724,15,101,116,1.00004,1.03517,0.03514,0.90615,1.00547,0.90749,1.03517,0.02971,624,8.74,26.96,92.78,92.64,SEC-1,T7,4162.21,4057.28,-104.93,1686.3,1663.71,-22.59,441.12,437.19,-3.93,1,caution,max 1.0352>1.03; rise 0.0351>=0.03; reverse flow,CAUTION,734,702,734,624,18.22,-0.14,0,0.24,OH-1 parallel with OH-2,T7,line 30 0.051->-0.046 reversed,True
S00878,IEEE_CompTestFeeder,708,0,158,158,0.95802,0.96381,0.00579,0.90593,1.00536,0.90703,1.00625,0.00088,702,8.77,8.76,92.8,92.69,OH-1 parallel with OH-2,T7,4178.44,4013.95,-164.49,1690.21,1658.74,-31.47,442.35,435.86,-6.49,1,caution,reverse flow,CAUTION,734,702,734,702,-0.01,-0.12,75.0,0.24,OH-1 parallel with OH-2,T7,trafo 16 reversed,True
S00879,IEEE_CompTestFeeder,7393,0,141,141,0.98479,0.9966,0.01181,0.90593,1.00536,0.91108,1.00686,0.00149,702,8.77,8.37,92.8,92.42,OH-1 parallel with OH-2,T1,4178.44,4006.35,-172.09,1690.21,1628.22,-61.99,442.35,411.26,-31.09,1,caution,reverse flow,CAUTION,734,702,734,702,-0.4,-0.39,0,0.24,OH-1 parallel with OH-2,T7,line 25 0.117->-0.024 reversed,True
S00880,IEEE_CompTestFeeder,7483,14,112,126,0.95729,0.96826,0.01097,0.90652,1.00555,0.91108,1.00694,0.00139,702,8.73,8.39,92.73,92.41,OH-1 parallel with OH-2,T1,4160.22,4016.51,-143.71,1682.32,1623.16,-59.16,438.13,406.42,-31.71,1,caution,reverse flow,CAUTION,734,702,734,702,-0.34,-0.32,0,0.24,OH-1 parallel with OH-2,T7,trafo 5 reversed,True
S00881,IEEE_CompTestFeeder,7692,0,97,97,0.95408,0.96901,0.01493,0.90593,1.00536,0.91053,1.00687,0.0015,702,8.77,8.45,92.8,92.42,OH-1 parallel with OH-2,T1,4178.44,4044.73,-133.71,1690.21,1624.65,-65.56,442.35,405.65,-36.71,1,caution,reverse flow,CAUTION,734,702,734,702,-0.33,-0.39,0,0.24,OH-1 parallel with OH-2,T7,trafo 7 reversed,True
S00882,IEEE_CompTestFeeder,7691,0,239,239,0.95408,0.98926,0.03518,0.90593,1.00536,0.91671,1.0088,0.00344,702,8.77,8.0,92.8,133.89,OH-1 parallel with OH-2,T22,4178.44,3856.62,-321.82,1690.21,1541.89,-148.32,442.35,359.54,-82.82,1,transformer_loading,Transformer T22 loading 133.9% exceeds 100.0%,CONSTRAINED,734,702,734,702,-0.78,41.09,0,0.24,OH-1 parallel with OH-2,T7,trafo 7 reversed,True
S00883,IEEE_CompTestFeeder,710,0,68,68,0.95737,0.96009,0.00272,0.90593,1.00536,0.90642,1.00576,0.0004,702,8.77,8.77,92.8,92.75,OH-1 parallel with OH-2,T7,4178.44,4107.34,-71.11,1690.21,1675.79,-14.42,442.35,439.25,-3.11,0,none,No violation,SAFE,734,702,734,702,-0.01,-0.05,80.0,0.208,OH-1 parallel with OH-2,T7,none,True
S00884,IEEE_CompTestFeeder,6231,0,161,161,0.99457,1.13817,0.1436,0.90593,1.00536,0.90772,1.13817,0.1328,623,8.77,34.03,92.8,92.61,SEC-4,T7,4178.44,4026.1,-152.34,1690.21,1663.74,-26.47,442.35,451.01,8.66,1,voltage,Max voltage 1.1382 pu at bus 623 exceeds 1.05,CONSTRAINED,734,702,734,623,25.25,-0.19,0,0.24,OH-1 parallel with OH-2,T7,line 30 0.066->-0.075 reversed,True
S00885,IEEE_CompTestFeeder,625,0,170,170,0.99457,1.10092,0.10636,0.90593,1.00536,0.90795,1.10092,0.09556,625,8.77,37.15,92.8,92.59,SEC-1,T7,4178.44,4011.88,-166.56,1690.21,1658.86,-31.35,442.35,445.8,3.44,1,voltage,Max voltage 1.1009 pu at bus 625 exceeds 1.05,CONSTRAINED,734,702,734,625,28.37,-0.22,0,0.24,OH-1 parallel with OH-2,T7,line 30 0.066->-0.088 reversed,True
S00886,IEEE_CompTestFeeder,6261,8,208,216,1.00278,1.17963,0.17685,0.90604,1.00542,0.90813,1.17963,0.17421,626,8.76,44.05,92.79,92.57,SEC-1,T7,4169.81,3981.69,-188.12,1688.14,1660.13,-28.0,441.72,461.6,19.88,1,voltage,Max voltage 1.1796 pu at bus 626 exceeds 1.05,CONSTRAINED,734,702,734,626,35.29,-0.22,0,0.24,OH-1 parallel with OH-2,T7,line 30 0.058->-0.116 reversed,True
S00887,IEEE_CompTestFeeder,6331,0,30,30,0.91349,0.92813,0.01464,0.90593,1.00536,0.92069,1.00567,0.00031,702,8.77,8.69,92.8,92.69,OH-1 parallel with OH-2,T7,4178.44,4142.01,-36.43,1690.21,1677.43,-12.78,442.35,435.93,-6.43,1,caution,reverse flow,CAUTION,734,702,734,702,-0.09,-0.11,0,0.24,OH-1 parallel with OH-2,T7,line 38 0.016->-0.014 reversed,True
S00888,IEEE_CompTestFeeder,759,0,196,196,0.9374,0.96069,0.02329,0.90593,1.00536,0.91442,1.00802,0.00266,702,8.77,8.15,92.8,112.56,OH-1 parallel with OH-2,T12,4178.44,3918.51,-259.93,1690.21,1576.37,-113.84,442.35,378.42,-63.93,1,transformer_loading,Transformer T12 loading 112.6% exceeds 100.0%,CONSTRAINED,734,702,734,702,-0.62,19.76,35.0,0.24,OH-1 parallel with OH-2,T7,line 18 0.035->-0.160 reversed,True
S00889,IEEE_CompTestFeeder,7642,0,181,181,0.93653,0.95888,0.02236,0.90593,1.00536,0.91389,1.00787,0.00251,702,8.77,8.19,92.8,95.44,OH-1 parallel with OH-2,T14,4178.44,3936.96,-241.48,1690.21,1582.42,-107.79,442.35,381.87,-60.48,1,caution,trafo 95.4>=95.0%; reverse flow,CAUTION,734,702,734,702,-0.58,2.63,0,0.24,OH-1 parallel with OH-2,T7,line 23 0.091->-0.089 reversed,True
S00890,IEEE_CompTestFeeder,740,0,105,105,0.98204,0.9909,0.00886,0.90593,1.00536,0.90984,1.00651,0.00115,702,8.77,8.47,92.8,92.45,OH-1 parallel with OH-2,T1,4178.44,4049.47,-128.97,1690.21,1642.17,-48.04,442.35,418.38,-23.97,1,caution,reverse flow,CAUTION,734,702,734,702,-0.3,-0.35,75.0,0.24,OH-1 parallel with OH-2,T7,trafo 9 reversed,True
S00891,IEEE_CompTestFeeder,7391,12,181,193,0.98583,1.00076,0.01494,0.90638,1.0055,0.91289,1.00736,0.00187,702,8.74,8.23,92.75,102.0,OH-1 parallel with OH-2,T6,4163.62,3943.99,-219.63,1684.57,1607.62,-76.95,439.53,400.9,-38.63,1,transformer_loading,Transformer T6 loading 102.0% exceeds 100.0%,CONSTRAINED,734,702,734,702,-0.51,9.25,0,0.24,OH-1 parallel with OH-2,T7,line 25 0.104->-0.076 reversed,True
S00892,IEEE_CompTestFeeder,7483,0,11,11,0.95588,0.95699,0.00111,0.90593,1.00536,0.90639,1.00551,0.00014,702,8.77,8.74,92.8,92.75,OH-1 parallel with OH-2,T7,4178.44,4164.12,-14.32,1690.21,1684.0,-6.21,442.35,439.03,-3.32,0,none,No violation,SAFE,734,702,734,702,-0.03,-0.06,0,0.24,OH-1 parallel with OH-2,T7,none,True
S00893,IEEE_CompTestFeeder,7393,0,111,111,0.98479,0.99415,0.00936,0.90593,1.00536,0.91001,1.00655,0.00119,702,8.77,8.46,92.8,92.45,OH-1 parallel with OH-2,T1,4178.44,4042.6,-135.85,1690.21,1640.64,-49.57,442.35,417.51,-24.85,1,caution,reverse flow,CAUTION,734,702,734,702,-0.32,-0.36,0,0.24,OH-1 parallel with OH-2,T7,line 26 0.041->-0.070 reversed,True
S00894,IEEE_CompTestFeeder,710,0,245,245,0.95737,0.96684,0.00947,0.90593,1.00536,0.90759,1.00668,0.00132,702,8.77,8.76,92.8,92.63,OH-1 parallel with OH-2,T7,4178.44,3924.16,-254.28,1690.21,1643.95,-46.26,442.35,433.07,-9.28,1,caution,reverse flow,CAUTION,734,702,734,702,-0.02,-0.18,80.0,0.208,OH-1 parallel with OH-2,T7,line 3 0.221->-0.024 reversed,True
S00895,IEEE_CompTestFeeder,723,0,92,92,0.99457,1.08144,0.08687,0.90593,1.00536,0.90707,1.08144,0.07608,623,8.77,20.46,92.8,92.68,SEC-6,T7,4178.44,4086.59,-91.85,1690.21,1671.67,-18.54,442.35,442.5,0.15,1,voltage,Max voltage 1.0814 pu at bus 623 exceeds 1.05,CONSTRAINED,734,702,734,623,11.69,-0.12,0,0.24,OH-1 parallel with OH-2,T7,line 30 0.066->-0.019 reversed,True
S00896,IEEE_CompTestFeeder,7122,11,128,139,0.95875,0.96424,0.00548,0.90601,1.00543,0.9069,1.00614,0.00071,702,8.77,8.76,92.79,92.7,OH-1 parallel with OH-2,T7,4166.91,4033.62,-133.29,1687.81,1662.36,-25.46,441.83,436.54,-5.29,1,caution,reverse flow,CAUTION,734,702,734,702,-0.01,-0.1,0,0.24,OH-1 parallel with OH-2,T7,line 29 0.054->-0.074 reversed,True
S00897,IEEE_CompTestFeeder,6222,0,117,117,0.99457,1.07015,0.07558,0.90593,1.00536,0.90741,1.07015,0.06479,622,8.77,26.3,92.8,92.65,SEC-5,T7,4178.44,4060.36,-118.08,1690.21,1666.05,-24.16,442.35,441.27,-1.08,1,voltage,Max voltage 1.0702 pu at bus 622 exceeds 1.05,CONSTRAINED,734,702,734,622,17.53,-0.16,0,0.24,OH-1 parallel with OH-2,T7,line 30 0.066->-0.043 reversed,True
S00898,IEEE_CompTestFeeder,7121,0,81,81,0.95827,0.96179,0.00352,0.90593,1.00536,0.90651,1.00583,0.00047,702,8.77,8.77,92.8,92.74,OH-1 parallel with OH-2,T7,4178.44,4093.82,-84.62,1690.21,1673.34,-16.87,442.35,438.74,-3.62,1,caution,reverse flow,CAUTION,734,702,734,702,-0.01,-0.06,0,0.24,OH-1 parallel with OH-2,T7,line 29 0.065->-0.016 reversed,True
S00899,IEEE_CompTestFeeder,625,4,10,14,0.99737,1.00428,0.00692,0.90599,1.00539,0.90613,1.00546,7e-05,702,8.77,8.74,92.8,92.78,OH-1 parallel with OH-2,T7,4174.1,4163.36,-10.75,1689.16,1686.6,-2.55,442.01,441.27,-0.75,0,none,No violation,SAFE,734,702,734,702,-0.02,-0.02,0,0.24,OH-1 parallel with OH-2,T7,none,True
S00900,IEEE_CompTestFeeder,6221,0,178,178,0.99457,1.10542,0.11085,0.90593,1.00536,0.90802,1.10542,0.10005,622,8.77,38.74,92.8,92.58,SEC-4,T7,4178.44,4004.79,-173.65,1690.21,1657.94,-32.27,442.35,446.7,4.35,1,voltage,Max voltage 1.1054 pu at bus 622 exceeds 1.05,CONSTRAINED,734,702,734,622,29.96,-0.22,0,0.24,OH-1 parallel with OH-2,T7,line 30 0.066->-0.095 reversed,True
S00901,IEEE_CompTestFeeder,726,14,67,81,1.00885,1.07182,0.06297,0.90613,1.00885,0.90696,1.07182,0.06297,626,8.74,18.18,92.78,92.69,SEC-3,T7,4163.43,4096.82,-66.61,1686.65,1673.35,-13.3,441.34,441.73,0.39,0,voltage,Max voltage 1.0718 pu at bus 626 exceeds 1.05,CONSTRAINED,734,626,734,626,9.44,-0.09,0,0.24,OH-1 parallel with OH-2,T7,none,True
S00902,IEEE_CompTestFeeder,7642,0,45,45,0.93653,0.9423,0.00578,0.90593,1.00536,0.90799,1.00603,0.00066,702,8.77,8.63,92.8,92.55,OH-1 parallel with OH-2,T7,4178.44,4117.22,-61.22,1690.21,1661.33,-28.88,442.35,426.13,-16.22,0,none,No violation,SAFE,734,702,734,702,-0.15,-0.25,0,0.24,OH-1 parallel with OH-2,T7,none,True
S00903,IEEE_CompTestFeeder,6212,0,250,250,0.99457,1.07797,0.0834,0.90593,1.00536,0.90899,1.07797,0.07261,621,8.77,55.79,92.8,92.48,SEC-4,T7,4178.44,3928.14,-250.31,1690.21,1642.29,-47.92,442.35,442.05,-0.31,1,voltage,Max voltage 1.0780 pu at bus 621 exceeds 1.05,CONSTRAINED,734,702,734,621,47.02,-0.33,0,0.24,OH-1 parallel with OH-2,T7,line 30 0.066->-0.166 reversed,True
S00904,IEEE_CompTestFeeder,730,0,173,173,0.94698,0.95411,0.00714,0.90593,1.00536,0.91027,1.00681,0.00145,702,8.77,8.32,92.8,92.42,OH-1 parallel with OH-2,T1,4178.44,3980.03,-198.41,1690.21,1632.73,-57.48,442.35,416.94,-25.41,1,caution,reverse flow,CAUTION,734,702,734,702,-0.45,-0.38,85.0,0.24,OH-1 parallel with OH-2,T7,line 31 0.085->-0.088 reversed,True
S00905,IEEE_CompTestFeeder,6331,0,193,193,0.91349,1.00006,0.08657,0.90593,1.00536,0.92861,1.00705,0.00168,702,8.77,42.66,92.8,101.12,SEC-7,T4,4178.44,3961.71,-216.73,1690.21,1622.28,-67.93,442.35,418.63,-23.73,1,voltage_rise,Voltage rise at PV bus 6331 0.0866 pu exceeds 0.05,CONSTRAINED,734,702,735,702,33.89,8.32,0,0.24,OH-1 parallel with OH-2,T7,line 38 0.016->-0.165 reversed,True
S00906,IEEE_CompTestFeeder,733,0,114,114,0.91349,0.96663,0.05314,0.90593,1.00536,0.92633,1.00644,0.00107,702,8.77,24.54,92.8,92.46,SEC-7,T1,4178.44,4045.77,-132.68,1690.21,1646.31,-43.9,442.35,423.68,-18.68,1,voltage_rise,Voltage rise at PV bus 733 0.0531 pu exceeds 0.05,CONSTRAINED,734,702,735,702,15.77,-0.35,0,0.24,OH-1 parallel with OH-2,T7,line 38 0.016->-0.094 reversed,True
S00907,IEEE_CompTestFeeder,6251,0,59,59,0.99457,1.03418,0.03961,0.90593,1.00536,0.90673,1.03418,0.02882,625,8.77,13.72,92.8,92.72,SEC-2,T7,4178.44,4116.75,-61.69,1690.21,1676.42,-13.79,442.35,439.66,-2.69,0,caution,max 1.0342>1.03; rise 0.0396>=0.03,CAUTION,734,702,734,625,4.95,-0.09,0,0.24,OH-1 parallel with OH-2,T7,none,True
S00908,IEEE_CompTestFeeder,734,0,185,185,0.90593,1.05243,0.1465,0.90593,1.00536,0.92804,1.05243,0.04706,734,8.77,38.75,92.8,92.41,SEC-8,T1,4178.44,3980.28,-198.16,1690.21,1629.69,-60.52,442.35,429.19,-13.16,1,voltage,Max voltage 1.0524 pu at bus 734 exceeds 1.05,CONSTRAINED,734,702,735,734,29.97,-0.39,15.85,0.24,OH-1 parallel with OH-2,T7,line 38 0.016->-0.149 reversed,True
S00909,IEEE_CompTestFeeder,633,0,209,209,0.91349,1.00655,0.09306,0.90593,1.00536,0.92904,1.00716,0.00179,702,8.77,46.2,92.8,110.88,SEC-7,T4,4178.44,3945.35,-233.1,1690.21,1617.94,-72.27,442.35,418.26,-24.1,1,voltage_rise,Voltage rise at PV bus 633 0.0931 pu exceeds 0.05,CONSTRAINED,734,702,735,702,37.43,18.08,0,0.24,OH-1 parallel with OH-2,T7,line 38 0.016->-0.179 reversed,True
S00910,IEEE_CompTestFeeder,7691,0,88,88,0.95408,0.96766,0.01358,0.90593,1.00536,0.91012,1.00673,0.00137,702,8.77,8.48,92.8,92.43,OH-1 parallel with OH-2,T1,4178.44,4056.95,-121.49,1690.21,1630.41,-59.8,442.35,408.86,-33.49,1,caution,reverse flow,CAUTION,734,702,734,702,-0.3,-0.37,0,0.24,OH-1 parallel with OH-2,T7,trafo 7 reversed,True
S00911,IEEE_CompTestFeeder,733,0,72,72,0.91349,0.94781,0.03432,0.90593,1.00536,0.92502,1.00607,0.00071,702,8.77,14.49,92.8,92.54,SEC-7,T7,4178.44,4092.91,-85.54,1690.21,1661.07,-29.14,442.35,428.82,-13.54,1,caution,rise 0.0343>=0.03; reverse flow,CAUTION,734,702,735,702,5.71,-0.27,0,0.24,OH-1 parallel with OH-2,T7,line 38 0.016->-0.055 reversed,True
S00912,IEEE_CompTestFeeder,7481,0,168,168,0.95588,0.97222,0.01635,0.90593,1.00536,0.91272,1.00743,0.00206,702,8.77,8.26,92.8,92.36,OH-1 parallel with OH-2,T1,4178.44,3963.51,-214.93,1690.21,1602.72,-87.49,442.35,395.43,-46.93,1,caution,reverse flow,CAUTION,734,702,734,702,-0.51,-0.44,0,0.24,OH-1 parallel with OH-2,T7,trafo 5 reversed,True
S00913,IEEE_CompTestFeeder,6202,0,161,161,0.99457,0.99965,0.00508,0.90593,1.00536,0.90823,1.00643,0.00106,702,8.77,8.58,92.8,92.56,OH-6,T7,4178.44,4004.15,-174.29,1690.21,1650.26,-39.95,442.35,429.06,-13.29,1,caution,reverse flow,CAUTION,734,702,734,702,-0.19,-0.25,0,0.24,OH-1 parallel with OH-2,T7,line 30 0.066->-0.095 reversed,True
S00914,IEEE_CompTestFeeder,6252,0,94,94,0.99457,1.0562,0.06163,0.90593,1.00536,0.90715,1.0562,0.05084,625,8.77,21.41,92.8,92.67,SEC-2,T7,4178.44,4082.27,-96.17,1690.21,1669.83,-20.38,442.35,440.18,-2.17,1,voltage,Max voltage 1.0562 pu at bus 625 exceeds 1.05,CONSTRAINED,734,702,734,625,12.63,-0.13,0,0.24,OH-1 parallel with OH-2,T7,line 30 0.066->-0.023 reversed,True
S00915,IEEE_CompTestFeeder,6231,12,49,61,1.00683,1.05385,0.04701,0.9061,1.00683,0.90673,1.05385,0.04701,623,8.75,13.92,92.78,92.72,SEC-6,T7,4165.54,4115.88,-49.66,1687.14,1676.73,-10.4,441.46,440.8,-0.66,0,voltage,Max voltage 1.0538 pu at bus 623 exceeds 1.05,CONSTRAINED,734,623,734,623,5.18,-0.07,0,0.24,OH-1 parallel with OH-2,T7,none,True
S00916,IEEE_CompTestFeeder,772,12,26,38,0.93558,0.93841,0.00283,0.90649,1.00555,0.90769,1.00594,0.00039,702,8.73,8.65,92.74,92.59,OH-1 parallel with OH-2,T7,4161.99,4126.51,-35.48,1682.26,1665.34,-16.93,437.9,428.42,-9.48,0,none,No violation,SAFE,734,702,734,702,-0.09,-0.15,100.0,0.208,OH-1 parallel with OH-2,T7,none,True
S00917,IEEE_CompTestFeeder,722,0,66,66,0.99457,1.03866,0.0441,0.90593,1.00536,0.90682,1.03866,0.0333,622,8.77,15.29,92.8,92.71,SEC-5,T7,4178.44,4109.74,-68.7,1690.21,1675.02,-15.19,442.35,439.65,-2.7,0,caution,max 1.0387>1.03; rise 0.0441>=0.03,CAUTION,734,702,734,622,6.51,-0.1,0,0.24,OH-1 parallel with OH-2,T7,none,True
S00918,IEEE_CompTestFeeder,6201,0,100,100,0.99457,0.99776,0.00319,0.90593,1.00536,0.90738,1.00604,0.00067,702,8.77,8.59,92.8,92.65,OH-6,T7,4178.44,4069.97,-108.48,1690.21,1664.74,-25.47,442.35,433.88,-8.48,1,caution,reverse flow,CAUTION,734,702,734,702,-0.18,-0.15,0,0.24,OH-1 parallel with OH-2,T7,line 30 0.066->-0.034 reversed,True
S00919,IEEE_CompTestFeeder,723,0,112,112,0.99457,1.0985,0.10393,0.90593,1.00536,0.90728,1.0985,0.09314,623,8.77,24.53,92.8,92.66,SEC-5,T7,4178.44,4068.43,-110.01,1690.21,1668.93,-21.28,442.35,444.35,1.99,1,voltage,Max voltage 1.0985 pu at bus 623 exceeds 1.05,CONSTRAINED,734,702,734,623,15.75,-0.14,0,0.24,OH-1 parallel with OH-2,T7,line 30 0.066->-0.036 reversed,True
S00920,IEEE_CompTestFeeder,722,0,113,113,0.99457,1.06775,0.07319,0.90593,1.00536,0.90737,1.06775,0.06239,622,8.77,25.46,92.8,92.65,SEC-5,T7,4178.44,4064.13,-114.31,1690.21,1666.68,-23.53,442.35,441.04,-1.31,1,voltage,Max voltage 1.0678 pu at bus 622 exceeds 1.05,CONSTRAINED,734,702,734,622,16.68,-0.15,0,0.24,OH-1 parallel with OH-2,T7,line 30 0.066->-0.040 reversed,True
S00921,IEEE_CompTestFeeder,730,0,142,142,0.94698,0.95286,0.00589,0.90593,1.00536,0.90951,1.00656,0.0012,702,8.77,8.4,92.8,92.44,OH-1 parallel with OH-2,T1,4178.44,4015.35,-163.09,1690.21,1642.44,-47.77,442.35,421.27,-21.09,1,caution,reverse flow,CAUTION,734,702,734,702,-0.37,-0.36,85.0,0.24,OH-1 parallel with OH-2,T7,line 31 0.085->-0.057 reversed,True
S00922,IEEE_CompTestFeeder,728,0,130,130,0.93707,0.96167,0.0246,0.90593,1.00536,0.9091,1.00641,0.00104,702,8.77,8.44,92.8,131.82,OH-1 parallel with OH-2,T3,4178.44,4030.69,-147.75,1690.21,1649.15,-41.06,442.35,424.61,-17.75,1,transformer_loading,Transformer T3 loading 131.8% exceeds 100.0%,CONSTRAINED,734,702,734,702,-0.34,39.02,38.0,0.24,OH-1 parallel with OH-2,T7,trafo 2 reversed,True
S00923,IEEE_CompTestFeeder,769,0,85,85,0.95408,0.96721,0.01313,0.90593,1.00536,0.90998,1.00669,0.00132,702,8.77,8.49,92.8,92.43,OH-1 parallel with OH-2,T1,4178.44,4061.03,-117.41,1690.21,1632.34,-57.87,442.35,409.94,-32.41,1,caution,reverse flow,CAUTION,734,702,734,702,-0.29,-0.37,41.0,0.24,OH-1 parallel with OH-2,T7,trafo 7 reversed,True
S00924,IEEE_CompTestFeeder,7121,0,226,226,0.95827,0.96782,0.00955,0.90593,1.00536,0.90746,1.00658,0.00122,702,8.77,8.76,92.8,92.64,OH-1 parallel with OH-2,T7,4178.44,3943.92,-234.52,1690.21,1647.56,-42.65,442.35,433.84,-8.52,1,caution,reverse flow,CAUTION,734,702,734,702,-0.02,-0.16,0,0.24,OH-1 parallel with OH-2,T7,line 28 0.145->-0.080 reversed,True
S00925,IEEE_CompTestFeeder,6231,10,39,49,1.00481,1.04275,0.03793,0.90607,1.00543,0.90659,1.04275,0.03731,623,8.75,11.3,92.79,92.73,SEC-6,T7,4167.67,4127.64,-40.03,1687.63,1678.99,-8.64,441.58,440.55,-1.03,0,caution,max 1.0427>1.03; rise 0.0379>=0.03,CAUTION,734,702,734,623,2.55,-0.05,0,0.24,OH-1 parallel with OH-2,T7,none,True
S00926,IEEE_CompTestFeeder,732,11,134,145,0.9219,0.93169,0.00979,0.90677,1.00548,0.91673,1.00678,0.0013,702,8.74,8.37,92.76,92.42,OH-1 parallel with OH-2,T1,4165.08,4004.35,-160.73,1685.48,1632.37,-53.11,439.99,413.27,-26.73,1,caution,reverse flow,CAUTION,734,702,734,702,-0.37,-0.34,25.4,0.24,OH-1 parallel with OH-2,T7,trafo 3 reversed,True
S00927,IEEE_CompTestFeeder,7482,0,130,130,0.95588,0.96864,0.01277,0.90593,1.00536,0.91123,1.00699,0.00162,702,8.77,8.38,92.8,92.4,OH-1 parallel with OH-2,T1,4178.44,4011.44,-167.0,1690.21,1621.18,-69.03,442.35,405.35,-37.0,1,caution,reverse flow,CAUTION,734,702,734,702,-0.4,-0.4,0,0.24,OH-1 parallel with OH-2,T7,trafo 5 reversed,True
S00928,IEEE_CompTestFeeder,6321,10,130,140,0.92183,0.93134,0.00951,0.9067,1.00547,0.91637,1.00673,0.00127,702,8.75,8.38,92.76,92.43,OH-1 parallel with OH-2,T1,4166.29,4010.28,-156.01,1685.91,1634.21,-51.7,440.21,414.2,-26.01,1,caution,reverse flow,CAUTION,734,702,734,702,-0.36,-0.34,0,0.24,OH-1 parallel with OH-2,T7,trafo 3 reversed,True
S00929,IEEE_CompTestFeeder,726,0,12,12,0.99457,1.00683,0.01226,0.90593,1.00536,0.9061,1.00683,0.00147,626,8.77,8.75,92.8,92.78,OH-1 parallel with OH-2,T7,4178.44,4165.54,-12.9,1690.21,1687.14,-3.07,442.35,441.46,-0.9,0,none,No violation,SAFE,734,702,734,626,-0.03,-0.02,0,0.24,OH-1 parallel with OH-2,T7,none,True
S00930,IEEE_CompTestFeeder,740,0,75,75,0.98204,0.98841,0.00637,0.90593,1.00536,0.90874,1.0062,0.00083,702,8.77,8.56,92.8,92.49,OH-1 parallel with OH-2,T7,4178.44,4086.06,-92.38,1690.21,1655.37,-34.84,442.35,424.98,-17.38,0,none,No violation,SAFE,734,702,734,702,-0.22,-0.32,75.0,0.24,OH-1 parallel with OH-2,T7,none,True
S00931,IEEE_CompTestFeeder,740,0,48,48,0.98204,0.98614,0.0041,0.90593,1.00536,0.90774,1.0059,0.00054,702,8.77,8.64,92.8,92.6,OH-1 parallel with OH-2,T7,4178.44,4119.17,-59.27,1690.21,1667.6,-22.61,442.35,431.08,-11.27,0,none,No violation,SAFE,734,702,734,702,-0.14,-0.2,75.0,0.24,OH-1 parallel with OH-2,T7,none,True
S00932,IEEE_CompTestFeeder,7122,0,202,202,0.95827,0.96684,0.00857,0.90593,1.00536,0.90731,1.00646,0.0011,702,8.77,8.76,92.8,92.66,OH-1 parallel with OH-2,T7,4178.44,3968.6,-209.84,1690.21,1651.44,-38.77,442.35,434.51,-7.84,1,caution,reverse flow,CAUTION,734,702,734,702,-0.02,-0.15,0,0.24,OH-1 parallel with OH-2,T7,line 28 0.145->-0.056 reversed,True
S00933,IEEE_CompTestFeeder,7482,0,33,33,0.95588,0.9592,0.00332,0.90593,1.00536,0.90731,1.00579,0.00043,702,8.77,8.67,92.8,92.64,OH-1 parallel with OH-2,T7,4178.44,4135.59,-42.86,1690.21,1671.79,-18.42,442.35,432.5,-9.86,0,none,No violation,SAFE,734,702,734,702,-0.1,-0.17,0,0.24,OH-1 parallel with OH-2,T7,none,True
S00934,IEEE_CompTestFeeder,716,0,144,144,0.97764,1.05235,0.07471,0.90593,1.00536,0.90675,1.05235,0.04699,716,8.77,8.77,92.8,407.42,OH-1 parallel with OH-2,T24,4178.44,4036.45,-142.0,1690.21,1668.55,-21.66,442.35,444.36,2.0,0,voltage,Max voltage 1.0524 pu at bus 716 exceeds 1.05,CONSTRAINED,734,702,734,716,-0.01,314.61,15.85,0.48,OH-1 parallel with OH-2,T7,none,True
S00935,IEEE_CompTestFeeder,6232,0,198,198,0.99457,1.16638,0.17181,0.90593,1.00536,0.90801,1.16638,0.16102,623,8.77,40.84,92.8,92.58,SEC-4,T7,4178.44,3995.9,-182.54,1690.21,1661.08,-29.13,442.35,457.81,15.46,1,voltage,Max voltage 1.1664 pu at bus 623 exceeds 1.05,CONSTRAINED,734,702,734,623,32.06,-0.22,0,0.24,OH-1 parallel with OH-2,T7,line 30 0.066->-0.103 reversed,True
S00936,IEEE_CompTestFeeder,625,10,144,154,1.00153,1.09183,0.0903,0.90607,1.00543,0.90779,1.09183,0.08639,625,8.75,33.93,92.79,92.6,SEC-2,T7,4167.64,4026.24,-141.4,1687.61,1660.82,-26.79,441.55,444.15,2.6,1,voltage,Max voltage 1.0918 pu at bus 625 exceeds 1.05,CONSTRAINED,734,702,734,625,25.18,-0.18,0,0.24,OH-1 parallel with OH-2,T7,line 30 0.056->-0.075 reversed,True
S00937,IEEE_CompTestFeeder,739,4,193,197,0.98514,1.00108,0.01594,0.90608,1.00541,0.91302,1.0074,0.00199,702,8.76,8.22,92.79,104.61,OH-1 parallel with OH-2,T6,4173.5,3939.21,-234.29,1688.32,1606.09,-82.24,441.41,400.12,-41.29,1,transformer_loading,Transformer T6 loading 104.6% exceeds 100.0%,CONSTRAINED,734,702,734,702,-0.55,11.82,41.1,0.24,OH-1 parallel with OH-2,T7,line 25 0.112->-0.080 reversed,True
S00938,IEEE_CompTestFeeder,751,0,13,13,0.96852,0.96947,0.00095,0.90593,1.00536,0.90646,1.00553,0.00016,702,8.77,8.74,92.8,92.74,OH-1 parallel with OH-2,T7,4178.44,4161.71,-16.73,1690.21,1683.31,-6.9,442.35,438.63,-3.73,0,none,No violation,SAFE,734,702,734,702,-0.04,-0.06,0,0.48,OH-1 parallel with OH-2,T7,none,True
S00939,IEEE_CompTestFeeder,7121,0,225,225,0.95827,0.96778,0.00951,0.90593,1.00536,0.90745,1.00658,0.00121,702,8.77,8.76,92.8,92.64,OH-1 parallel with OH-2,T7,4178.44,3944.95,-233.49,1690.21,1647.72,-42.49,442.35,433.86,-8.49,1,caution,reverse flow,CAUTION,734,702,734,702,-0.02,-0.16,0,0.24,OH-1 parallel with OH-2,T7,line 28 0.145->-0.079 reversed,True
S00940,IEEE_CompTestFeeder,712,0,35,35,0.95827,0.9598,0.00153,0.90593,1.00536,0.90618,1.00557,0.00021,702,8.77,8.77,92.8,92.78,OH-1 parallel with OH-2,T7,4178.44,4141.8,-36.64,1690.21,1682.7,-7.51,442.35,440.71,-1.64,0,none,No violation,SAFE,734,702,734,702,-0.0,-0.03,65.0,0.24,OH-1 parallel with OH-2,T7,none,True
S00941,IEEE_CompTestFeeder,748,0,193,193,0.95588,0.97454,0.01867,0.90593,1.00536,0.91367,1.00771,0.00235,702,8.77,8.19,92.8,92.33,OH-1 parallel with OH-2,T1,4178.44,3932.19,-246.25,1690.21,1590.98,-99.23,442.35,389.11,-53.25,1,caution,reverse flow,CAUTION,734,702,734,702,-0.58,-0.47,76.88,0.24,OH-1 parallel with OH-2,T7,trafo 5 reversed,True
S00942,IEEE_CompTestFeeder,6222,12,166,178,1.00291,1.10542,0.10251,0.9061,1.00545,0.90802,1.10542,0.09997,622,8.75,38.74,92.78,92.58,SEC-4,T7,4165.49,4004.79,-160.7,1687.1,1657.94,-29.16,441.41,446.7,5.3,1,voltage,Max voltage 1.1054 pu at bus 622 exceeds 1.05,CONSTRAINED,734,702,734,622,29.99,-0.21,0,0.24,OH-1 parallel with OH-2,T7,line 30 0.054->-0.095 reversed,True
S00943,IEEE_CompTestFeeder,6322,0,40,40,0.92107,0.92407,0.00301,0.90593,1.00536,0.90898,1.00577,0.00041,702,8.77,8.66,92.8,92.65,OH-1 parallel with OH-2,T7,4178.44,4129.97,-48.47,1690.21,1673.29,-16.92,442.35,433.89,-8.47,0,none,No violation,SAFE,734,702,734,702,-0.11,-0.15,0,0.24,OH-1 parallel with OH-2,T7,none,True
S00944,IEEE_CompTestFeeder,734,15,20,35,0.91967,0.93734,0.01767,0.91967,1.00552,0.92369,1.00572,0.0002,702,8.73,8.68,92.74,92.67,OH-1 parallel with OH-2,T7,4159.94,4136.11,-23.83,1683.62,1675.42,-8.2,438.85,435.02,-3.83,0,none,No violation,SAFE,734,702,632,702,-0.06,-0.07,15.85,0.24,OH-1 parallel with OH-2,T7,none,True
S00945,IEEE_CompTestFeeder,6222,0,157,157,0.99457,1.09354,0.09897,0.90593,1.00536,0.90782,1.09354,0.08818,622,8.77,34.54,92.8,92.6,SEC-5,T7,4178.44,4023.53,-154.91,1690.21,1660.44,-29.77,442.35,444.44,2.09,1,voltage,Max voltage 1.0935 pu at bus 622 exceeds 1.05,CONSTRAINED,734,702,734,622,25.76,-0.2,0,0.24,OH-1 parallel with OH-2,T7,line 30 0.066->-0.077 reversed,True
S00946,IEEE_CompTestFeeder,7691,0,185,185,0.95408,0.98177,0.02769,0.90593,1.00536,0.91443,1.0081,0.00273,702,8.77,8.16,92.8,98.44,OH-1 parallel with OH-2,T22,4178.44,3927.16,-251.28,1690.21,1571.64,-118.57,442.35,376.08,-66.28,1,caution,trafo 98.4>=95.0%; reverse flow,CAUTION,734,702,734,702,-0.61,5.63,0,0.24,OH-1 parallel with OH-2,T7,trafo 7 reversed,True
S00947,IEEE_CompTestFeeder,770,0,73,73,0.95062,0.95977,0.00915,0.90593,1.00536,0.90949,1.00654,0.00118,702,8.77,8.53,92.8,92.45,OH-1 parallel with OH-2,T1,4178.44,4076.81,-101.63,1690.21,1638.55,-51.66,442.35,413.73,-28.63,0,none,No violation,SAFE,734,702,734,702,-0.25,-0.36,450.0,0.24,OH-1 parallel with OH-2,T7,none,True
S00948,IEEE_CompTestFeeder,7641,13,213,226,0.93821,0.9641,0.02589,0.90653,1.00556,0.91573,1.00843,0.00287,702,8.73,8.06,92.73,125.64,OH-1 parallel with OH-2,T14,4160.67,3878.77,-281.9,1681.72,1558.89,-122.83,437.58,368.69,-68.9,1,transformer_loading,Transformer T14 loading 125.6% exceeds 100.0%,CONSTRAINED,734,702,734,702,-0.68,32.91,0,0.24,OH-1 parallel with OH-2,T7,line 23 0.078->-0.134 reversed,True
S00949,IEEE_CompTestFeeder,714,0,197,197,0.99084,0.99549,0.00465,0.90593,1.00536,0.90736,1.00651,0.00115,702,8.77,8.76,92.8,92.65,OH-1 parallel with OH-2,T7,4178.44,3972.98,-205.47,1690.21,1648.54,-41.67,442.35,433.89,-8.47,0,none,No violation,SAFE,734,702,734,702,-0.02,-0.15,240.0,0.208,OH-1 parallel with OH-2,T7,none,True
S00950,IEEE_CompTestFeeder,6262,7,226,233,1.00176,1.19188,0.19012,0.90603,1.00541,0.90825,1.19188,0.18647,626,8.76,47.03,92.79,92.56,SEC-1,T7,4170.88,3968.55,-202.33,1688.39,1659.43,-28.96,441.79,465.46,23.67,1,voltage,Max voltage 1.1919 pu at bus 626 exceeds 1.05,CONSTRAINED,734,702,734,626,38.27,-0.24,0,0.24,OH-1 parallel with OH-2,T7,line 30 0.059->-0.129 reversed,True
S00951,IEEE_CompTestFeeder,721,5,68,73,0.9964,1.02055,0.02415,0.906,1.0054,0.90695,1.02055,0.01515,621,8.76,17.21,92.8,92.69,SEC-4,T7,4173.01,4101.06,-71.95,1688.89,1672.58,-16.31,441.92,437.98,-3.95,0,none,No violation,SAFE,734,702,734,621,8.44,-0.1,0,0.24,OH-1 parallel with OH-2,T7,none,True
S00952,IEEE_CompTestFeeder,723,6,199,205,1.00074,1.17157,0.17083,0.90601,1.00541,0.90806,1.17157,0.16616,623,8.76,42.09,92.79,92.58,SEC-4,T7,4171.95,3990.34,-181.62,1688.64,1660.69,-27.96,441.87,459.25,17.38,1,voltage,Max voltage 1.1716 pu at bus 623 exceeds 1.05,CONSTRAINED,734,702,734,623,33.33,-0.22,0,0.24,OH-1 parallel with OH-2,T7,line 30 0.060->-0.108 reversed,True
S00953,IEEE_CompTestFeeder,6252,0,152,152,0.99457,1.09068,0.09611,0.90593,1.00536,0.90777,1.09068,0.08531,625,8.77,33.53,92.8,92.61,SEC-2,T7,4178.44,4028.05,-150.39,1690.21,1661.08,-29.13,442.35,443.96,1.61,1,voltage,Max voltage 1.0907 pu at bus 625 exceeds 1.05,CONSTRAINED,734,702,734,625,24.75,-0.2,0,0.24,OH-1 parallel with OH-2,T7,line 30 0.066->-0.073 reversed,True
S00954,IEEE_CompTestFeeder,762,0,101,101,0.93632,0.949,0.01268,0.90593,1.00536,0.91048,1.00682,0.00145,702,8.77,8.45,92.8,92.42,OH-1 parallel with OH-2,T1,4178.44,4042.17,-136.27,1690.21,1627.4,-62.81,442.35,407.08,-35.27,1,caution,reverse flow,CAUTION,734,702,734,702,-0.33,-0.38,45.0,0.48,OH-1 parallel with OH-2,T7,trafo 11 reversed,True
S00955,IEEE_CompTestFeeder,7121,0,208,208,0.95827,0.96709,0.00882,0.90593,1.00536,0.90735,1.00649,0.00113,702,8.77,8.76,92.8,92.65,OH-1 parallel with OH-2,T7,4178.44,3962.42,-216.02,1690.21,1650.46,-39.75,442.35,434.34,-8.02,1,caution,reverse flow,CAUTION,734,702,734,702,-0.02,-0.15,0,0.24,OH-1 parallel with OH-2,T7,line 28 0.145->-0.062 reversed,True
S00956,IEEE_CompTestFeeder,712,0,196,196,0.95827,0.9666,0.00833,0.90593,1.00536,0.90727,1.00643,0.00107,702,8.77,8.76,92.8,92.66,OH-1 parallel with OH-2,T7,4178.44,3974.77,-203.67,1690.21,1652.44,-37.77,442.35,434.69,-7.67,1,caution,reverse flow,CAUTION,734,702,734,702,-0.02,-0.14,65.0,0.24,OH-1 parallel with OH-2,T7,line 28 0.145->-0.050 reversed,True
S00957,IEEE_CompTestFeeder,764,0,229,229,0.93653,0.96445,0.02792,0.90593,1.00536,0.91585,1.00847,0.0031,702,8.77,8.05,92.8,127.65,OH-1 parallel with OH-2,T14,4178.44,3874.92,-303.52,1690.21,1557.36,-132.85,442.35,367.83,-74.52,1,transformer_loading,Transformer T14 loading 127.6% exceeds 100.0%,CONSTRAINED,734,702,734,702,-0.73,34.84,46.0,0.24,OH-1 parallel with OH-2,T7,line 23 0.091->-0.136 reversed,True
S00958,IEEE_CompTestFeeder,6241,0,129,129,0.99457,1.0395,0.04493,0.90593,1.00536,0.90765,1.0395,0.03414,624,8.77,29.85,92.8,92.62,SEC-1,T7,4178.44,4044.28,-134.16,1690.21,1661.24,-28.97,442.35,437.2,-5.16,1,caution,max 1.0395>1.03; rise 0.0449>=0.03; reverse flow,CAUTION,734,702,734,624,21.08,-0.18,0,0.24,OH-1 parallel with OH-2,T7,line 30 0.066->-0.058 reversed,True
S00959,IEEE_CompTestFeeder,6211,0,227,227,0.99457,1.07089,0.07632,0.90593,1.00536,0.90876,1.07089,0.06553,621,8.77,50.99,92.8,92.5,SEC-4,T7,4178.44,3949.58,-228.86,1690.21,1645.36,-44.85,442.35,440.5,-1.86,1,voltage,Max voltage 1.0709 pu at bus 621 exceeds 1.05,CONSTRAINED,734,702,734,621,42.22,-0.3,0,0.24,OH-1 parallel with OH-2,T7,line 30 0.066->-0.146 reversed,True
S00960,IEEE_CompTestFeeder,712,10,167,177,0.95871,0.96582,0.00711,0.906,1.00542,0.90715,1.00634,0.00091,702,8.77,8.76,92.8,92.67,OH-1 parallel with OH-2,T7,4167.96,3994.36,-173.6,1688.03,1655.65,-32.38,441.87,435.27,-6.6,1,caution,reverse flow,CAUTION,734,702,734,702,-0.01,-0.12,65.0,0.24,OH-1 parallel with OH-2,T7,line 28 0.135->-0.032 reversed,True
S00961,IEEE_CompTestFeeder,6231,15,141,156,1.00985,1.13424,0.1244,0.90614,1.00985,0.90768,1.13424,0.1244,623,8.74,33.09,92.78,92.62,SEC-4,T7,4162.37,4030.29,-132.08,1686.4,1664.18,-22.23,441.28,450.2,8.92,1,voltage,Max voltage 1.1342 pu at bus 623 exceeds 1.05,CONSTRAINED,734,623,734,623,24.35,-0.16,0,0.24,OH-1 parallel with OH-2,T7,line 30 0.051->-0.071 reversed,True
S00962,IEEE_CompTestFeeder,6252,0,114,114,0.99457,1.06835,0.07379,0.90593,1.00536,0.90738,1.06835,0.06299,625,8.77,25.67,92.8,92.65,SEC-2,T7,4178.44,4063.19,-115.26,1690.21,1666.52,-23.69,442.35,441.1,-1.26,1,voltage,Max voltage 1.0684 pu at bus 625 exceeds 1.05,CONSTRAINED,734,702,734,625,16.89,-0.15,0,0.24,OH-1 parallel with OH-2,T7,line 30 0.066->-0.040 reversed,True
S00963,IEEE_CompTestFeeder,739,0,87,87,0.98479,0.99217,0.00738,0.90593,1.00536,0.90915,1.00631,0.00094,702,8.77,8.52,92.8,92.47,OH-1 parallel with OH-2,T1,4178.44,4071.73,-106.71,1690.21,1650.87,-39.34,442.35,422.64,-19.71,1,caution,reverse flow,CAUTION,734,702,734,702,-0.25,-0.33,41.1,0.24,OH-1 parallel with OH-2,T7,line 26 0.041->-0.046 reversed,True
S00964,IEEE_CompTestFeeder,769,0,152,152,0.95408,0.97707,0.02299,0.90593,1.00536,0.913,1.00765,0.00228,702,8.77,8.27,92.8,92.34,OH-1 parallel with OH-2,T1,4178.44,3970.86,-207.58,1690.21,1590.84,-99.37,442.35,386.77,-55.58,1,caution,reverse flow,CAUTION,734,702,734,702,-0.51,-0.46,41.0,0.24,OH-1 parallel with OH-2,T7,trafo 7 reversed,True
S00965,IEEE_CompTestFeeder,721,0,129,129,0.99457,1.0395,0.04493,0.90593,1.00536,0.90765,1.0395,0.03414,621,8.77,29.85,92.8,92.62,SEC-4,T7,4178.44,4044.28,-134.16,1690.21,1661.24,-28.97,442.35,437.2,-5.16,1,caution,max 1.0395>1.03; rise 0.0449>=0.03; reverse flow,CAUTION,734,702,734,621,21.08,-0.18,0,0.24,OH-1 parallel with OH-2,T7,line 30 0.066->-0.058 reversed,True
S00966,IEEE_CompTestFeeder,6221,15,17,32,1.00497,1.01647,0.0115,0.90614,1.00547,0.90638,1.01647,0.01101,622,8.74,8.7,92.78,92.76,OH-1 parallel with OH-2,T7,4162.29,4144.38,-17.91,1686.35,1682.28,-4.07,441.2,440.29,-0.91,0,none,No violation,SAFE,734,702,734,622,-0.04,-0.03,0,0.24,OH-1 parallel with OH-2,T7,none,True
S00967,IEEE_CompTestFeeder,625,0,205,205,0.99457,1.1203,0.12574,0.90593,1.00536,0.90827,1.1203,0.11494,625,8.77,44.02,92.8,92.55,SEC-1,T7,4178.44,3981.25,-197.19,1690.21,1655.14,-35.07,442.35,450.16,7.81,1,voltage,Max voltage 1.1203 pu at bus 625 exceeds 1.05,CONSTRAINED,734,702,734,625,35.24,-0.25,0,0.24,OH-1 parallel with OH-2,T7,line 30 0.066->-0.116 reversed,True
S00968,IEEE_CompTestFeeder,7122,0,242,242,0.95827,0.96847,0.01019,0.90593,1.00536,0.90755,1.00666,0.00129,702,8.77,8.76,92.8,92.63,OH-1 parallel with OH-2,T7,4178.44,3927.5,-250.94,1690.21,1645.05,-45.16,442.35,433.42,-8.94,1,caution,reverse flow,CAUTION,734,702,734,702,-0.02,-0.17,0,0.24,OH-1 parallel with OH-2,T7,line 3 0.221->-0.021 reversed,True
S00969,IEEE_CompTestFeeder,725,0,5,5,0.99457,0.99806,0.00349,0.90593,1.00536,0.906,1.0054,3e-05,702,8.77,8.76,92.8,92.8,OH-1 parallel with OH-2,T7,4178.44,4173.02,-5.42,1690.21,1688.9,-1.31,442.35,441.93,-0.42,0,none,No violation,SAFE,734,702,734,702,-0.01,-0.01,0,0.24,OH-1 parallel with OH-2,T7,none,True
S00970,IEEE_CompTestFeeder,6322,0,181,181,0.92107,0.93422,0.01315,0.90593,1.00536,0.9193,1.0071,0.00174,702,8.77,8.27,92.8,100.64,OH-1 parallel with OH-2,T4,4178.44,3961.8,-216.64,1690.21,1619.47,-70.74,442.35,406.71,-35.64,1,transformer_loading,Transformer T4 loading 100.6% exceeds 100.0%,CONSTRAINED,734,702,734,702,-0.5,7.84,0,0.24,OH-1 parallel with OH-2,T7,trafo 3 reversed,True
S00971,IEEE_CompTestFeeder,721,7,45,52,0.99713,1.01324,0.01611,0.90603,1.00541,0.90666,1.01324,0.00782,621,8.76,12.35,92.79,92.72,SEC-4,T7,4170.84,4122.91,-47.93,1688.37,1677.3,-11.07,441.76,438.83,-2.93,0,none,No violation,SAFE,734,702,734,621,3.59,-0.07,0,0.24,OH-1 parallel with OH-2,T7,none,True
S00972,IEEE_CompTestFeeder,764,0,97,97,0.93653,0.94879,0.01227,0.90593,1.00536,0.91031,1.00676,0.0014,702,8.77,8.46,92.8,92.43,OH-1 parallel with OH-2,T1,4178.44,4047.48,-130.96,1690.21,1629.72,-60.49,442.35,408.39,-33.96,1,caution,reverse flow,CAUTION,734,702,734,702,-0.32,-0.38,46.0,0.24,OH-1 parallel with OH-2,T7,line 24 0.046->-0.051 reversed,True
S00973,IEEE_CompTestFeeder,756,0,175,175,0.93612,0.9548,0.01868,0.90593,1.00536,0.91377,1.00786,0.0025,702,8.77,8.21,92.8,92.32,OH-1 parallel with OH-2,T1,4178.44,3944.07,-234.37,1690.21,1582.21,-108.0,442.35,382.99,-59.37,1,caution,reverse flow,CAUTION,734,702,734,702,-0.57,-0.49,155.0,0.208,OH-1 parallel with OH-2,T7,line 16 0.156->-0.020 reversed,True
S00974,IEEE_CompTestFeeder,726,0,165,165,0.99457,1.14128,0.14671,0.90593,1.00536,0.90775,1.14128,0.13592,626,8.77,34.78,92.8,92.61,SEC-1,T7,4178.44,4022.76,-155.68,1690.21,1663.4,-26.81,442.35,451.68,9.32,1,voltage,Max voltage 1.1413 pu at bus 626 exceeds 1.05,CONSTRAINED,734,702,734,626,26.0,-0.19,0,0.24,OH-1 parallel with OH-2,T7,line 30 0.066->-0.078 reversed,True
S00975,IEEE_CompTestFeeder,6201,15,64,79,0.99505,0.99709,0.00204,0.90615,1.00547,0.90708,1.0059,0.00043,702,8.74,8.59,92.78,92.68,OH-6,T7,4162.12,4092.69,-69.44,1686.25,1669.9,-16.35,441.04,435.6,-5.44,1,caution,reverse flow,CAUTION,734,702,734,702,-0.14,-0.1,0,0.24,OH-1 parallel with OH-2,T7,line 30 0.051->-0.013 reversed,True
S00976,IEEE_CompTestFeeder,6322,0,185,185,0.92107,0.9345,0.01343,0.90593,1.00536,0.91958,1.00714,0.00177,702,8.77,8.26,92.8,103.43,OH-1 parallel with OH-2,T4,4178.44,3957.09,-221.36,1690.21,1618.07,-72.14,442.35,406.0,-36.36,1,transformer_loading,Transformer T4 loading 103.4% exceeds 100.0%,CONSTRAINED,734,702,734,702,-0.51,10.63,0,0.24,OH-1 parallel with OH-2,T7,trafo 3 reversed,True
S00977,IEEE_CompTestFeeder,714,0,127,127,0.99084,0.99387,0.00303,0.90593,1.00536,0.90687,1.00612,0.00076,702,8.77,8.76,92.8,92.7,OH-1 parallel with OH-2,T7,4178.44,4045.77,-132.68,1690.21,1662.51,-27.7,442.35,436.68,-5.68,0,none,No violation,SAFE,734,702,734,702,-0.01,-0.1,240.0,0.208,OH-1 parallel with OH-2,T7,none,True
S00978,IEEE_CompTestFeeder,708,0,62,62,0.95802,0.96033,0.00231,0.90593,1.00536,0.90638,1.00572,0.00036,702,8.77,8.77,92.8,92.76,OH-1 parallel with OH-2,T7,4178.44,4113.65,-64.8,1690.21,1677.09,-13.12,442.35,439.56,-2.8,0,none,No violation,SAFE,734,702,734,702,-0.01,-0.05,75.0,0.24,OH-1 parallel with OH-2,T7,none,True
S00979,IEEE_CompTestFeeder,7642,0,7,7,0.93653,0.93743,0.00091,0.90593,1.00536,0.90625,1.00547,0.00011,702,8.77,8.75,92.8,92.76,OH-1 parallel with OH-2,T7,4178.44,4168.86,-9.58,1690.21,1685.62,-4.59,442.35,439.78,-2.58,0,none,No violation,SAFE,734,702,734,702,-0.02,-0.04,0,0.24,OH-1 parallel with OH-2,T7,none,True
S00980,IEEE_CompTestFeeder,621,0,214,214,0.99457,1.06685,0.07228,0.90593,1.00536,0.90862,1.06685,0.06148,621,8.77,48.25,92.8,92.52,SEC-4,T7,4178.44,3961.83,-216.61,1690.21,1647.2,-43.01,442.35,439.74,-2.61,1,voltage,Max voltage 1.0668 pu at bus 621 exceeds 1.05,CONSTRAINED,734,702,734,621,39.48,-0.29,0,0.24,OH-1 parallel with OH-2,T7,line 30 0.066->-0.134 reversed,True
S00981,IEEE_CompTestFeeder,720,9,182,191,0.99486,1.00057,0.00571,0.90606,1.00543,0.90865,1.00661,0.00119,702,8.75,8.58,92.79,92.51,OH-6,T7,4168.65,3971.87,-196.78,1687.83,1643.44,-44.39,441.56,426.79,-14.78,1,caution,reverse flow,CAUTION,734,702,734,702,-0.18,-0.28,66.0,0.24,OH-1 parallel with OH-2,T7,line 30 0.057->-0.125 reversed,True
S00982,IEEE_CompTestFeeder,721,0,63,63,0.99457,1.01708,0.02251,0.90593,1.00536,0.90681,1.01708,0.01172,621,8.77,14.9,92.8,92.71,SEC-4,T7,4178.44,4111.43,-67.01,1690.21,1674.79,-15.42,442.35,438.34,-4.01,0,none,No violation,SAFE,734,702,734,621,6.13,-0.09,0,0.24,OH-1 parallel with OH-2,T7,none,True
S00983,IEEE_CompTestFeeder,6251,0,211,211,0.99457,1.12356,0.12899,0.90593,1.00536,0.90832,1.12356,0.11819,625,8.77,45.18,92.8,92.55,SEC-1,T7,4178.44,3976.1,-202.34,1690.21,1654.58,-35.63,442.35,451.02,8.66,1,voltage,Max voltage 1.1236 pu at bus 625 exceeds 1.05,CONSTRAINED,734,702,734,625,36.4,-0.26,0,0.24,OH-1 parallel with OH-2,T7,line 30 0.066->-0.121 reversed,True
S00984,IEEE_CompTestFeeder,715,0,99,99,0.99084,0.99321,0.00237,0.90593,1.00536,0.90667,1.00596,0.00059,702,8.77,8.77,92.8,92.72,OH-1 parallel with OH-2,T7,4178.44,4074.95,-103.49,1690.21,1668.36,-21.85,442.35,437.86,-4.49,0,none,No violation,SAFE,734,702,734,702,-0.01,-0.08,0,0.208,OH-1 parallel with OH-2,T7,none,True
S00985,IEEE_CompTestFeeder,772,0,203,203,0.93426,0.9556,0.02134,0.90593,1.00536,0.91497,1.00823,0.00287,702,8.77,8.12,92.8,92.28,OH-1 parallel with OH-2,T1,4178.44,3906.48,-271.96,1690.21,1566.57,-123.64,442.35,373.4,-68.96,1,caution,reverse flow,CAUTION,734,702,734,702,-0.66,-0.52,100.0,0.208,OH-1 parallel with OH-2,T7,line 21 0.100->-0.103 reversed,True
S00986,IEEE_CompTestFeeder,722,0,178,178,0.99457,1.10542,0.11085,0.90593,1.00536,0.90802,1.10542,0.10005,622,8.77,38.74,92.8,92.58,SEC-4,T7,4178.44,4004.79,-173.65,1690.21,1657.94,-32.27,442.35,446.7,4.35,1,voltage,Max voltage 1.1054 pu at bus 622 exceeds 1.05,CONSTRAINED,734,702,734,622,29.96,-0.22,0,0.24,OH-1 parallel with OH-2,T7,line 30 0.066->-0.095 reversed,True
S00987,IEEE_CompTestFeeder,723,0,149,149,0.99457,1.12871,0.13414,0.90593,1.00536,0.90762,1.12871,0.12335,623,8.77,31.76,92.8,92.62,SEC-4,T7,4178.44,4036.2,-142.24,1690.21,1664.82,-25.39,442.35,449.12,6.76,1,voltage,Max voltage 1.1287 pu at bus 623 exceeds 1.05,CONSTRAINED,734,702,734,623,22.98,-0.18,0,0.24,OH-1 parallel with OH-2,T7,line 30 0.066->-0.066 reversed,True
S00988,IEEE_CompTestFeeder,621,0,47,47,0.99457,1.01147,0.01691,0.90593,1.00536,0.9066,1.01147,0.00611,621,8.77,11.18,92.8,92.73,SEC-4,T7,4178.44,4128.16,-50.28,1690.21,1678.47,-11.74,442.35,439.08,-3.28,0,none,No violation,SAFE,734,702,734,621,2.4,-0.07,0,0.24,OH-1 parallel with OH-2,T7,none,True
S00989,IEEE_CompTestFeeder,6332,0,59,59,0.91349,0.94181,0.02832,0.90593,1.00536,0.92459,1.00595,0.00059,702,8.77,11.34,92.8,92.58,SEC-7,T7,4178.44,4107.88,-70.56,1690.21,1665.95,-24.26,442.35,430.8,-11.56,1,caution,reverse flow,CAUTION,734,702,735,702,2.56,-0.22,0,0.24,OH-1 parallel with OH-2,T7,line 38 0.016->-0.042 reversed,True
S00990,IEEE_CompTestFeeder,724,12,180,192,0.99895,1.05992,0.06097,0.9061,1.00545,0.90838,1.05992,0.05447,624,8.75,43.58,92.78,92.54,SEC-1,T7,4165.44,3982.77,-182.67,1687.07,1650.49,-36.58,441.35,438.68,-2.67,1,voltage,Max voltage 1.0599 pu at bus 624 exceeds 1.05,CONSTRAINED,734,702,734,624,34.83,-0.24,0,0.24,OH-1 parallel with OH-2,T7,line 30 0.054->-0.115 reversed,True
S00991,IEEE_CompTestFeeder,6332,4,234,238,0.91547,1.0181,0.10262,0.90793,1.00541,0.9298,1.0181,0.01269,633,8.76,52.52,92.79,128.32,SEC-7,T4,4173.52,3916.19,-257.32,1688.45,1610.49,-77.96,441.43,418.11,-23.32,1,voltage_rise,Voltage rise at PV bus 6332 0.1026 pu exceeds 0.05,CONSTRAINED,734,702,735,633,43.76,35.53,0,0.24,OH-1 parallel with OH-2,T7,line 38 0.012->-0.204 reversed,True
S00992,IEEE_CompTestFeeder,714,0,36,36,0.99084,0.99171,0.00087,0.90593,1.00536,0.9062,1.00558,0.00022,702,8.77,8.77,92.8,92.77,OH-1 parallel with OH-2,T7,4178.44,4140.75,-37.69,1690.21,1682.05,-8.16,442.35,440.66,-1.69,0,none,No violation,SAFE,734,702,734,702,-0.0,-0.03,240.0,0.208,OH-1 parallel with OH-2,T7,none,True
S00993,IEEE_CompTestFeeder,6251,0,114,114,0.99457,1.06835,0.07379,0.90593,1.00536,0.90738,1.06835,0.06299,625,8.77,25.67,92.8,92.65,SEC-2,T7,4178.44,4063.19,-115.26,1690.21,1666.52,-23.69,442.35,441.1,-1.26,1,voltage,Max voltage 1.0684 pu at bus 625 exceeds 1.05,CONSTRAINED,734,702,734,625,16.89,-0.15,0,0.24,OH-1 parallel with OH-2,T7,line 30 0.066->-0.040 reversed,True
S00994,IEEE_CompTestFeeder,6202,6,75,81,0.99476,0.99716,0.0024,0.90601,1.00541,0.90711,1.00591,0.00051,702,8.76,8.59,92.79,92.68,OH-6,T7,4171.91,4090.52,-81.39,1688.62,1669.41,-19.21,441.83,435.43,-6.39,1,caution,reverse flow,CAUTION,734,702,734,702,-0.17,-0.12,0,0.24,OH-1 parallel with OH-2,T7,line 30 0.060->-0.015 reversed,True
S00995,IEEE_CompTestFeeder,710,0,158,158,0.95737,0.96358,0.00621,0.90593,1.00536,0.90704,1.00625,0.00088,702,8.77,8.76,92.8,92.68,OH-1 parallel with OH-2,T7,4178.44,4013.86,-164.59,1690.21,1658.59,-31.62,442.35,435.77,-6.59,1,caution,reverse flow,CAUTION,734,702,734,702,-0.01,-0.12,80.0,0.208,OH-1 parallel with OH-2,T7,line 28 0.145->-0.013 reversed,True
S00996,IEEE_CompTestFeeder,769,14,11,25,0.9563,0.95802,0.00173,0.90661,1.00559,0.90715,1.00577,0.00018,702,8.73,8.69,92.72,92.66,OH-1 parallel with OH-2,T7,4158.86,4143.54,-15.32,1680.25,1672.55,-7.7,436.77,432.45,-4.32,0,none,No violation,SAFE,734,702,734,702,-0.04,-0.06,41.0,0.24,OH-1 parallel with OH-2,T7,none,True
S00997,IEEE_CompTestFeeder,772,0,160,160,0.93426,0.95124,0.01698,0.90593,1.00536,0.91313,1.00766,0.0023,702,8.77,8.25,92.8,92.34,OH-1 parallel with OH-2,T1,4178.44,3963.01,-215.43,1690.21,1590.93,-99.28,442.35,386.92,-55.43,1,caution,reverse flow,CAUTION,734,702,734,702,-0.52,-0.47,100.0,0.208,OH-1 parallel with OH-2,T7,line 21 0.100->-0.060 reversed,True
S00998,IEEE_CompTestFeeder,7641,0,105,105,0.93653,0.94977,0.01325,0.90593,1.00536,0.91066,1.00687,0.00151,702,8.77,8.43,92.8,92.41,OH-1 parallel with OH-2,T1,4178.44,4036.84,-141.6,1690.21,1625.02,-65.19,442.35,405.75,-36.6,1,caution,reverse flow,CAUTION,734,702,734,702,-0.34,-0.39,0,0.24,OH-1 parallel with OH-2,T7,line 23 0.091->-0.014 reversed,True
S00999,IEEE_CompTestFeeder,770,0,205,205,0.95062,0.97558,0.02496,0.90593,1.00536,0.9156,1.00852,0.00315,702,8.77,8.09,92.8,92.25,OH-1 parallel with OH-2,T1,4178.44,3897.97,-280.47,1690.21,1552.73,-137.48,442.35,366.88,-75.47,0,none,No violation,SAFE,734,702,734,702,-0.69,-0.55,450.0,0.24,OH-1 parallel with OH-2,T7,none,True
S01000,IEEE_CompTestFeeder,748,0,33,33,0.95588,0.9592,0.00332,0.90593,1.00536,0.90731,1.00579,0.00043,702,8.77,8.67,92.8,92.64,OH-1 parallel with OH-2,T7,4178.44,4135.59,-42.86,1690.21,1671.79,-18.42,442.35,432.5,-9.86,0,none,No violation,SAFE,734,702,734,702,-0.1,-0.17,76.88,0.24,OH-1 parallel with OH-2,T7,none,True
S01001,IEEE_CompTestFeeder,748,0,157,157,0.95588,0.97119,0.01532,0.90593,1.00536,0.91229,1.0073,0.00194,702,8.77,8.3,92.8,92.37,OH-1 parallel with OH-2,T1,4178.44,3977.35,-201.09,1690.21,1607.99,-82.22,442.35,398.26,-44.09,1,caution,reverse flow,CAUTION,734,702,734,702,-0.48,-0.43,76.88,0.24,OH-1 parallel with OH-2,T7,trafo 5 reversed,True
S01002,IEEE_CompTestFeeder,708,0,8,8,0.95802,0.95832,0.0003,0.90593,1.00536,0.90599,1.00541,5e-05,702,8.77,8.77,92.8,92.8,OH-1 parallel with OH-2,T7,4178.44,4170.06,-8.38,1690.21,1688.46,-1.75,442.35,441.98,-0.38,0,none,No violation,SAFE,734,702,734,702,-0.0,-0.01,75.0,0.24,OH-1 parallel with OH-2,T7,none,True
S01003,IEEE_CompTestFeeder,6232,5,104,109,0.99972,1.09598,0.09626,0.906,1.0054,0.90725,1.09598,0.09058,623,8.76,23.92,92.8,92.66,SEC-5,T7,4173.03,4071.12,-101.91,1688.9,1669.31,-19.59,441.94,444.04,2.09,1,voltage,Max voltage 1.0960 pu at bus 623 exceeds 1.05,CONSTRAINED,734,702,734,623,15.16,-0.13,0,0.24,OH-1 parallel with OH-2,T7,line 30 0.061->-0.033 reversed,True
S01004,IEEE_CompTestFeeder,6321,0,179,179,0.92107,0.93408,0.01301,0.90593,1.00536,0.91916,1.00708,0.00172,702,8.77,8.28,92.8,99.24,OH-1 parallel with OH-2,T4,4178.44,3964.16,-214.29,1690.21,1620.17,-70.04,442.35,407.07,-35.29,1,caution,trafo 99.2>=95.0%; reverse flow,CAUTION,734,702,734,702,-0.5,6.44,0,0.24,OH-1 parallel with OH-2,T7,trafo 3 reversed,True
S01005,IEEE_CompTestFeeder,728,15,23,38,0.94005,0.94454,0.00449,0.90632,1.0055,0.90691,1.0057,0.0002,702,8.73,8.67,92.76,92.7,OH-1 parallel with OH-2,T7,4160.96,4134.39,-26.57,1684.75,1676.76,-7.99,439.88,436.3,-3.57,0,none,No violation,SAFE,734,702,734,702,-0.06,-0.06,38.0,0.24,OH-1 parallel with OH-2,T7,none,True
S01006,IEEE_CompTestFeeder,622,0,8,8,0.99457,1.00014,0.00558,0.90593,1.00536,0.90604,1.00542,5e-05,702,8.77,8.76,92.8,92.79,OH-1 parallel with OH-2,T7,4178.44,4169.78,-8.66,1690.21,1688.12,-2.09,442.35,441.7,-0.66,0,none,No violation,SAFE,734,702,734,702,-0.02,-0.01,0,0.24,OH-1 parallel with OH-2,T7,none,True
S01007,IEEE_CompTestFeeder,759,0,241,241,0.9374,0.96569,0.0283,0.90593,1.00536,0.91623,1.00856,0.0032,702,8.77,8.01,92.8,142.86,OH-1 parallel with OH-2,T12,4178.44,3860.72,-317.72,1690.21,1553.6,-136.61,442.35,365.63,-76.72,1,transformer_loading,Transformer T12 loading 142.9% exceeds 100.0%,CONSTRAINED,734,702,734,702,-0.76,50.05,35.0,0.24,OH-1 parallel with OH-2,T7,line 18 0.035->-0.204 reversed,True
S01008,IEEE_CompTestFeeder,632,9,134,143,0.92175,0.93155,0.0098,0.90662,1.00546,0.91659,1.00676,0.0013,702,8.75,8.38,92.77,92.42,OH-1 parallel with OH-2,T1,4167.51,4006.73,-160.78,1686.34,1633.11,-53.23,440.42,413.64,-26.78,1,caution,reverse flow,CAUTION,734,702,734,702,-0.37,-0.34,0,0.24,OH-1 parallel with OH-2,T7,trafo 3 reversed,True
S01009,IEEE_CompTestFeeder,769,0,133,133,0.95408,0.97431,0.02023,0.90593,1.00536,0.91216,1.00738,0.00202,702,8.77,8.33,92.8,92.36,OH-1 parallel with OH-2,T1,4178.44,3996.23,-182.21,1690.21,1602.26,-87.95,442.35,393.14,-49.21,1,caution,reverse flow,CAUTION,734,702,734,702,-0.44,-0.44,41.0,0.24,OH-1 parallel with OH-2,T7,trafo 7 reversed,True
S01010,IEEE_CompTestFeeder,6321,0,107,107,0.92107,0.92898,0.00791,0.90593,1.00536,0.91397,1.00643,0.00106,702,8.77,8.48,92.8,92.46,OH-1 parallel with OH-2,T1,4178.44,4049.55,-128.89,1690.21,1646.61,-43.6,442.35,420.47,-21.89,1,caution,reverse flow,CAUTION,734,702,734,702,-0.3,-0.35,0,0.24,OH-1 parallel with OH-2,T7,trafo 3 reversed,True
S01011,IEEE_CompTestFeeder,710,0,142,142,0.95737,0.96297,0.00559,0.90593,1.00536,0.90693,1.00616,0.0008,702,8.77,8.76,92.8,92.7,OH-1 parallel with OH-2,T7,4178.44,4030.42,-148.02,1690.21,1661.49,-28.72,442.35,436.33,-6.02,1,caution,reverse flow,CAUTION,734,702,734,702,-0.01,-0.11,80.0,0.208,OH-1 parallel with OH-2,T7,trafo 17 reversed,True
S01012,IEEE_CompTestFeeder,724,0,84,84,0.99457,1.02434,0.02977,0.90593,1.00536,0.90709,1.02434,0.01897,624,8.77,19.73,92.8,92.68,SEC-1,T7,4178.44,4089.74,-88.7,1690.21,1670.21,-20.0,442.35,437.66,-4.7,1,caution,reverse flow,CAUTION,734,702,734,624,10.95,-0.12,0,0.24,OH-1 parallel with OH-2,T7,line 30 0.066->-0.016 reversed,True
S01013,IEEE_CompTestFeeder,710,0,57,57,0.95737,0.95965,0.00228,0.90593,1.00536,0.90634,1.0057,0.00033,702,8.77,8.77,92.8,92.76,OH-1 parallel with OH-2,T7,4178.44,4118.81,-59.63,1690.21,1678.04,-12.17,442.35,439.72,-2.63,0,none,No violation,SAFE,734,702,734,702,-0.0,-0.04,80.0,0.208,OH-1 parallel with OH-2,T7,none,True
S01014,IEEE_CompTestFeeder,724,0,105,105,0.99457,1.03148,0.03691,0.90593,1.00536,0.90736,1.03148,0.02611,624,8.77,24.49,92.8,92.65,SEC-1,T7,4178.44,4068.36,-110.08,1690.21,1665.88,-24.33,442.35,437.28,-5.08,1,caution,max 1.0315>1.03; rise 0.0369>=0.03; reverse flow,CAUTION,734,702,734,624,15.71,-0.15,0,0.24,OH-1 parallel with OH-2,T7,line 30 0.066->-0.036 reversed,True
S01015,IEEE_CompTestFeeder,633,0,116,116,0.91349,0.96751,0.05402,0.90593,1.00536,0.9264,1.00645,0.00109,702,8.77,25.01,92.8,92.45,SEC-7,T1,4178.44,4043.57,-134.88,1690.21,1645.64,-44.57,442.35,423.48,-18.88,1,voltage_rise,Voltage rise at PV bus 633 0.0540 pu exceeds 0.05,CONSTRAINED,734,702,735,702,16.24,-0.35,0,0.24,OH-1 parallel with OH-2,T7,line 38 0.016->-0.096 reversed,True
S01016,IEEE_CompTestFeeder,748,0,27,27,0.95588,0.9586,0.00272,0.90593,1.00536,0.90706,1.00572,0.00035,702,8.77,8.69,92.8,92.67,OH-1 parallel with OH-2,T7,4178.44,4143.35,-35.09,1690.21,1675.09,-15.12,442.35,434.27,-8.09,0,none,No violation,SAFE,734,702,734,702,-0.08,-0.14,76.88,0.24,OH-1 parallel with OH-2,T7,none,True
S01017,IEEE_CompTestFeeder,6331,0,161,161,0.91349,0.98681,0.07332,0.90593,1.00536,0.92772,1.00681,0.00145,702,8.77,35.45,92.8,92.42,SEC-7,T1,4178.44,3995.09,-183.35,1690.21,1631.47,-58.74,442.35,420.0,-22.35,1,voltage_rise,Voltage rise at PV bus 6331 0.0733 pu exceeds 0.05,CONSTRAINED,734,702,735,702,26.68,-0.38,0,0.24,OH-1 parallel with OH-2,T7,line 38 0.016->-0.137 reversed,True
S01018,IEEE_CompTestFeeder,722,5,132,137,0.99806,1.08198,0.08392,0.906,1.0054,0.90762,1.08198,0.07658,622,8.76,30.46,92.8,92.62,SEC-5,T7,4173.02,4041.75,-131.27,1688.9,1663.1,-25.79,441.93,442.66,0.73,1,voltage,Max voltage 1.0820 pu at bus 622 exceeds 1.05,CONSTRAINED,734,702,734,622,21.7,-0.17,0,0.24,OH-1 parallel with OH-2,T7,line 30 0.061->-0.060 reversed,True
S01019,IEEE_CompTestFeeder,6222,0,205,205,0.99457,1.1203,0.12574,0.90593,1.00536,0.90827,1.1203,0.11494,622,8.77,44.02,92.8,92.55,SEC-4,T7,4178.44,3981.25,-197.19,1690.21,1655.14,-35.07,442.35,450.16,7.81,1,voltage,Max voltage 1.1203 pu at bus 622 exceeds 1.05,CONSTRAINED,734,702,734,622,35.24,-0.25,0,0.24,OH-1 parallel with OH-2,T7,line 30 0.066->-0.116 reversed,True
S01020,IEEE_CompTestFeeder,759,0,37,37,0.9374,0.94199,0.0046,0.90593,1.00536,0.90761,1.0059,0.00054,702,8.77,8.65,92.8,92.6,OH-1 parallel with OH-2,T7,4178.44,4128.28,-50.16,1690.21,1666.77,-23.43,442.35,429.19,-13.16,0,none,No violation,SAFE,734,702,734,702,-0.12,-0.2,35.0,0.24,OH-1 parallel with OH-2,T7,none,True
S01021,IEEE_CompTestFeeder,762,4,202,206,0.93683,0.96144,0.02461,0.90611,1.00542,0.91491,1.00818,0.00276,702,8.76,8.12,92.78,113.28,OH-1 parallel with OH-2,T13,4172.97,3904.55,-268.41,1687.59,1569.24,-118.35,440.88,374.47,-66.41,1,transformer_loading,Transformer T13 loading 113.3% exceeds 100.0%,CONSTRAINED,734,702,734,702,-0.65,20.5,45.0,0.48,OH-1 parallel with OH-2,T7,line 23 0.087->-0.114 reversed,True
S01022,IEEE_CompTestFeeder,762,0,72,72,0.93632,0.94543,0.00912,0.90593,1.00536,0.9092,1.00641,0.00105,702,8.77,8.54,92.8,92.46,OH-1 parallel with OH-2,T1,4178.44,4080.89,-97.55,1690.21,1644.71,-45.5,442.35,416.8,-25.55,1,caution,reverse flow,CAUTION,734,702,734,702,-0.24,-0.34,45.0,0.48,OH-1 parallel with OH-2,T7,trafo 11 reversed,True
S01023,IEEE_CompTestFeeder,708,0,135,135,0.95802,0.96299,0.00497,0.90593,1.00536,0.90688,1.00612,0.00076,702,8.77,8.76,92.8,92.7,OH-1 parallel with OH-2,T7,4178.44,4037.77,-140.68,1690.21,1662.92,-27.29,442.35,436.68,-5.68,1,caution,reverse flow,CAUTION,734,702,734,702,-0.01,-0.1,75.0,0.24,OH-1 parallel with OH-2,T7,trafo 16 reversed,True
S01024,IEEE_CompTestFeeder,6232,0,224,224,0.99457,1.18543,0.19086,0.90593,1.00536,0.90819,1.18543,0.18006,623,8.77,45.46,92.8,92.56,SEC-4,T7,4178.44,3975.47,-202.97,1690.21,1659.78,-30.43,442.35,463.39,21.03,1,voltage,Max voltage 1.1854 pu at bus 623 exceeds 1.05,CONSTRAINED,734,702,734,623,36.68,-0.24,0,0.24,OH-1 parallel with OH-2,T7,line 30 0.066->-0.122 reversed,True
S01025,IEEE_CompTestFeeder,726,0,70,70,0.99457,1.06201,0.06744,0.90593,1.00536,0.90683,1.06201,0.05665,626,8.77,15.86,92.8,92.71,SEC-3,T7,4178.44,4107.23,-71.22,1690.21,1675.15,-15.06,442.35,441.14,-1.22,0,voltage,Max voltage 1.0620 pu at bus 626 exceeds 1.05,CONSTRAINED,734,702,734,626,7.08,-0.1,0,0.24,OH-1 parallel with OH-2,T7,none,True
S01026,IEEE_CompTestFeeder,715,13,190,203,0.99115,0.99563,0.00447,0.90603,1.00544,0.90741,1.00655,0.0011,702,8.77,8.76,92.79,92.65,OH-1 parallel with OH-2,T7,4164.82,3966.75,-198.08,1687.23,1647.39,-39.84,441.74,433.66,-8.08,0,none,No violation,SAFE,734,702,734,702,-0.02,-0.15,0,0.208,OH-1 parallel with OH-2,T7,none,True
S01027,IEEE_CompTestFeeder,716,0,135,135,0.97764,1.04813,0.07049,0.90593,1.00536,0.90672,1.04813,0.04276,716,8.77,8.77,92.8,380.55,OH-1 parallel with OH-2,T24,4178.44,4044.72,-133.72,1690.21,1669.15,-21.06,442.35,443.63,1.28,0,voltage_rise,Voltage rise at PV bus 716 0.0705 pu exceeds 0.05,CONSTRAINED,734,702,734,716,-0.01,287.75,15.85,0.48,OH-1 parallel with OH-2,T7,none,True
S01028,IEEE_CompTestFeeder,620,0,225,225,0.99457,1.0016,0.00703,0.90593,1.00536,0.90911,1.00682,0.00146,702,8.77,8.57,92.8,92.46,OH-6,T7,4178.44,3935.37,-243.07,1690.21,1635.93,-54.28,442.35,424.29,-18.07,1,caution,reverse flow,CAUTION,734,702,734,702,-0.2,-0.34,0,0.24,OH-1 parallel with OH-2,T7,line 30 0.066->-0.159 reversed,True
S01029,IEEE_CompTestFeeder,621,0,125,125,0.99457,1.03817,0.0436,0.90593,1.00536,0.90761,1.03817,0.03281,621,8.77,28.96,92.8,92.62,SEC-4,T7,4178.44,4048.27,-130.17,1690.21,1661.99,-28.22,442.35,437.18,-5.17,1,caution,max 1.0382>1.03; rise 0.0436>=0.03; reverse flow,CAUTION,734,702,734,621,20.19,-0.18,0,0.24,OH-1 parallel with OH-2,T7,line 30 0.066->-0.054 reversed,True
S01030,IEEE_CompTestFeeder,6232,0,43,43,0.99457,1.0371,0.04253,0.90593,1.00536,0.90651,1.0371,0.03174,623,8.77,9.97,92.8,92.74,SEC-6,T7,4178.44,4133.61,-44.83,1690.21,1680.19,-10.02,442.35,440.52,-1.83,0,caution,max 1.0371>1.03; rise 0.0425>=0.03,CAUTION,734,702,734,623,1.2,-0.06,0,0.24,OH-1 parallel with OH-2,T7,none,True
S01031,IEEE_CompTestFeeder,728,3,146,149,0.93767,0.96506,0.02738,0.90601,1.00539,0.90953,1.00654,0.00114,702,8.77,8.39,92.79,156.9,OH-1 parallel with OH-2,T3,4174.94,4009.77,-165.17,1689.1,1644.27,-44.83,441.85,422.68,-19.17,1,transformer_loading,Transformer T3 loading 156.9% exceeds 100.0%,CONSTRAINED,734,702,734,702,-0.38,64.1,38.0,0.24,OH-1 parallel with OH-2,T7,trafo 2 reversed,True
S01032,IEEE_CompTestFeeder,6321,0,68,68,0.92107,0.92614,0.00508,0.90593,1.00536,0.91109,1.00605,0.00069,702,8.77,8.58,92.8,92.55,OH-1 parallel with OH-2,T7,4178.44,4096.25,-82.19,1690.21,1661.89,-28.32,442.35,428.16,-14.19,1,caution,reverse flow,CAUTION,734,702,734,702,-0.19,-0.26,0,0.24,OH-1 parallel with OH-2,T7,trafo 3 reversed,True
S01033,IEEE_CompTestFeeder,6321,8,74,82,0.92167,0.92717,0.00549,0.90654,1.00545,0.91213,1.00619,0.00074,702,8.75,8.54,92.77,92.49,OH-1 parallel with OH-2,T7,4168.72,4079.45,-89.27,1686.77,1656.33,-30.44,440.63,425.36,-15.27,1,caution,reverse flow,CAUTION,734,702,734,702,-0.21,-0.28,0,0.24,OH-1 parallel with OH-2,T7,trafo 3 reversed,True
S01034,IEEE_CompTestFeeder,708,0,35,35,0.95802,0.95933,0.00131,0.90593,1.00536,0.90618,1.00557,0.00021,702,8.77,8.77,92.8,92.78,OH-1 parallel with OH-2,T7,4178.44,4141.82,-36.62,1690.21,1682.68,-7.53,442.35,440.74,-1.62,0,none,No violation,SAFE,734,702,734,702,-0.0,-0.03,75.0,0.24,OH-1 parallel with OH-2,T7,none,True
S01035,IEEE_CompTestFeeder,7483,0,18,18,0.95588,0.95769,0.00182,0.90593,1.00536,0.90668,1.0056,0.00024,702,8.77,8.72,92.8,92.71,OH-1 parallel with OH-2,T7,4178.44,4155.03,-23.42,1690.21,1680.09,-10.12,442.35,436.94,-5.42,0,none,No violation,SAFE,734,702,734,702,-0.06,-0.09,0,0.24,OH-1 parallel with OH-2,T7,none,True
S01036,IEEE_CompTestFeeder,728,0,137,137,0.93707,0.96292,0.02585,0.90593,1.00536,0.90926,1.00646,0.00109,702,8.77,8.42,92.8,141.05,OH-1 parallel with OH-2,T3,4178.44,4022.96,-155.48,1690.21,1647.32,-42.89,442.35,423.88,-18.48,1,transformer_loading,Transformer T3 loading 141.0% exceeds 100.0%,CONSTRAINED,734,702,734,702,-0.35,48.24,38.0,0.24,OH-1 parallel with OH-2,T7,trafo 2 reversed,True
S01037,IEEE_CompTestFeeder,625,4,229,233,0.99737,1.13533,0.13796,0.90599,1.00539,0.9085,1.13533,0.12993,625,8.77,49.37,92.8,92.53,SEC-1,T7,4174.1,3957.46,-216.64,1689.16,1652.7,-36.46,442.01,454.37,12.36,1,voltage,Max voltage 1.1353 pu at bus 625 exceeds 1.05,CONSTRAINED,734,702,734,625,40.6,-0.27,0,0.24,OH-1 parallel with OH-2,T7,line 30 0.062->-0.139 reversed,True
S01038,IEEE_CompTestFeeder,7391,15,221,236,0.98609,1.00413,0.01805,0.90649,1.00553,0.91435,1.00777,0.00223,702,8.73,8.11,92.74,130.02,OH-1 parallel with OH-2,T6,4159.92,3892.84,-267.08,1683.17,1591.47,-91.7,438.83,392.75,-46.08,1,transformer_loading,Transformer T6 loading 130.0% exceeds 100.0%,CONSTRAINED,734,702,734,702,-0.62,37.28,0,0.24,OH-1 parallel with OH-2,T7,line 25 0.101->-0.118 reversed,True
S01039,IEEE_CompTestFeeder,6201,0,146,146,0.99457,0.99919,0.00462,0.90593,1.00536,0.90803,1.00633,0.00097,702,8.77,8.58,92.8,92.58,OH-6,T7,4178.44,4020.31,-158.13,1690.21,1653.75,-36.46,442.35,430.22,-12.13,1,caution,reverse flow,CAUTION,734,702,734,702,-0.19,-0.22,0,0.24,OH-1 parallel with OH-2,T7,line 30 0.066->-0.080 reversed,True
S01040,IEEE_CompTestFeeder,770,0,82,82,0.95062,0.96087,0.01026,0.90593,1.00536,0.90992,1.00668,0.00132,702,8.77,8.49,92.8,92.43,OH-1 parallel with OH-2,T1,4178.44,4064.42,-114.02,1690.21,1632.4,-57.81,442.35,410.34,-32.02,0,none,No violation,SAFE,734,702,734,702,-0.28,-0.37,450.0,0.24,OH-1 parallel with OH-2,T7,none,True
S01041,IEEE_CompTestFeeder,751,0,156,156,0.96852,0.9797,0.01119,0.90593,1.00536,0.91214,1.00724,0.00188,702,8.77,8.3,92.8,92.38,OH-1 parallel with OH-2,T1,4178.44,3979.91,-198.54,1690.21,1610.9,-79.31,442.35,399.82,-42.54,0,none,No violation,SAFE,734,702,734,702,-0.47,-0.43,0,0.48,OH-1 parallel with OH-2,T7,none,True
S01042,IEEE_CompTestFeeder,7482,15,55,70,0.95739,0.96286,0.00546,0.90656,1.00556,0.90883,1.00626,0.0007,702,8.73,8.56,92.73,92.47,OH-1 parallel with OH-2,T1,4158.92,4087.92,-71.0,1681.76,1651.88,-29.88,437.83,421.83,-16.0,0,none,No violation,SAFE,734,702,734,702,-0.17,-0.25,0,0.24,OH-1 parallel with OH-2,T7,none,True
S01043,IEEE_CompTestFeeder,7692,6,43,49,0.95503,0.96174,0.00671,0.90622,1.00546,0.9083,1.00614,0.00068,702,8.75,8.61,92.77,92.52,OH-1 parallel with OH-2,T7,4170.04,4110.33,-59.71,1685.92,1656.11,-29.81,439.95,423.24,-16.71,0,none,No violation,SAFE,734,702,734,702,-0.15,-0.25,0,0.24,OH-1 parallel with OH-2,T7,none,True
S01044,IEEE_CompTestFeeder,620,3,64,67,0.99467,0.99672,0.00205,0.90597,1.00539,0.9069,1.00582,0.00043,702,8.77,8.61,92.8,92.7,OH-1 parallel with OH-2,T7,4175.18,4105.68,-69.49,1689.41,1672.9,-16.51,442.09,436.6,-5.49,0,none,No violation,SAFE,734,702,734,702,-0.16,-0.1,0,0.24,OH-1 parallel with OH-2,T7,none,True
S01045,IEEE_CompTestFeeder,7692,0,219,219,0.95408,0.98651,0.03243,0.90593,1.00536,0.91587,1.00855,0.00318,702,8.77,8.06,92.8,120.8,OH-1 parallel with OH-2,T22,4178.44,3882.61,-295.83,1690.21,1552.67,-137.54,442.35,365.53,-76.83,1,transformer_loading,Transformer T22 loading 120.8% exceeds 100.0%,CONSTRAINED,734,702,734,702,-0.72,28.0,0,0.24,OH-1 parallel with OH-2,T7,trafo 7 reversed,True
S01046,IEEE_CompTestFeeder,621,3,199,202,0.99567,1.06308,0.06741,0.90597,1.00539,0.90849,1.06308,0.0577,621,8.77,45.71,92.8,92.53,SEC-4,T7,4175.18,3973.22,-201.96,1689.42,1648.97,-40.45,442.09,439.13,-2.96,1,voltage,Max voltage 1.0631 pu at bus 621 exceeds 1.05,CONSTRAINED,734,702,734,621,36.94,-0.27,0,0.24,OH-1 parallel with OH-2,T7,line 30 0.063->-0.124 reversed,True
S01047,IEEE_CompTestFeeder,6242,14,83,97,0.99967,1.02877,0.0291,0.90613,1.00546,0.90726,1.02877,0.02331,624,8.74,22.68,92.78,92.66,SEC-1,T7,4163.28,4076.47,-86.81,1686.56,1667.5,-19.06,441.2,437.39,-3.81,1,caution,reverse flow,CAUTION,734,702,734,624,13.94,-0.12,0,0.24,OH-1 parallel with OH-2,T7,line 30 0.052->-0.028 reversed,True
S01048,IEEE_CompTestFeeder,715,0,65,65,0.99084,0.9924,0.00157,0.90593,1.00536,0.90642,1.00576,0.00039,702,8.77,8.77,92.8,92.75,OH-1 parallel with OH-2,T7,4178.44,4110.44,-68.01,1690.21,1675.65,-14.56,442.35,439.35,-3.01,0,none,No violation,SAFE,734,702,734,702,-0.01,-0.05,0,0.208,OH-1 parallel with OH-2,T7,none,True
S01049,IEEE_CompTestFeeder,6321,0,20,20,0.92107,0.92258,0.00151,0.90593,1.00536,0.90746,1.00557,0.00021,702,8.77,8.72,92.8,92.73,OH-1 parallel with OH-2,T7,4178.44,4154.17,-24.28,1690.21,1681.66,-8.55,442.35,438.08,-4.28,0,none,No violation,SAFE,734,702,734,702,-0.06,-0.08,0,0.24,OH-1 parallel with OH-2,T7,none,True
S01050,IEEE_CompTestFeeder,723,4,16,20,0.99869,1.01483,0.01614,0.90599,1.00539,0.90621,1.01483,0.00944,623,8.77,8.73,92.8,92.77,OH-1 parallel with OH-2,T7,4174.11,4157.12,-16.99,1689.16,1685.21,-3.95,442.02,441.03,-0.99,0,none,No violation,SAFE,734,702,734,623,-0.04,-0.02,0,0.24,OH-1 parallel with OH-2,T7,none,True
S01051,IEEE_CompTestFeeder,743,11,110,121,0.96447,0.97211,0.00763,0.90638,1.0055,0.91076,1.00684,0.00133,702,8.74,8.41,92.55,92.42,OH-1 parallel with OH-2,T1,4164.41,4025.41,-139.0,1684.29,1627.71,-56.58,439.33,410.32,-29.0,0,none,No violation,SAFE,734,702,734,702,-0.33,-0.13,240.0,0.24,OH-1 parallel with OH-2,T1,none,True
S01052,IEEE_CompTestFeeder,6241,0,196,196,0.99457,1.06119,0.06662,0.90593,1.00536,0.90843,1.06119,0.05582,624,8.77,44.43,92.8,92.54,SEC-1,T7,4178.44,3978.94,-199.5,1690.21,1649.88,-40.33,442.35,438.85,-3.5,1,voltage,Max voltage 1.0612 pu at bus 624 exceeds 1.05,CONSTRAINED,734,702,734,624,35.66,-0.27,0,0.24,OH-1 parallel with OH-2,T7,line 30 0.066->-0.118 reversed,True
S01053,IEEE_CompTestFeeder,710,0,134,134,0.95737,0.96266,0.00529,0.90593,1.00536,0.90688,1.00612,0.00076,702,8.77,8.76,92.8,92.7,OH-1 parallel with OH-2,T7,4178.44,4038.71,-139.73,1690.21,1662.97,-27.24,442.35,436.63,-5.73,1,caution,reverse flow,CAUTION,734,702,734,702,-0.01,-0.1,80.0,0.208,OH-1 parallel with OH-2,T7,trafo 17 reversed,True
S01054,IEEE_CompTestFeeder,722,0,105,105,0.99457,1.06292,0.06835,0.90593,1.00536,0.90728,1.06292,0.05756,622,8.77,23.76,92.8,92.66,SEC-5,T7,4178.44,4071.72,-106.72,1690.21,1667.97,-22.24,442.35,440.63,-1.72,1,voltage,Max voltage 1.0629 pu at bus 622 exceeds 1.05,CONSTRAINED,734,702,734,622,14.99,-0.14,0,0.24,OH-1 parallel with OH-2,T7,line 30 0.066->-0.032 reversed,True
S01055,IEEE_CompTestFeeder,708,0,20,20,0.95802,0.95877,0.00075,0.90593,1.00536,0.90607,1.00548,0.00012,702,8.77,8.77,92.8,92.79,OH-1 parallel with OH-2,T7,4178.44,4157.5,-20.94,1690.21,1685.87,-4.34,442.35,441.42,-0.94,0,none,No violation,SAFE,734,702,734,702,-0.0,-0.02,75.0,0.24,OH-1 parallel with OH-2,T7,none,True
S01056,IEEE_CompTestFeeder,6331,0,38,38,0.91349,0.93195,0.01846,0.90593,1.00536,0.92389,1.00575,0.00039,702,8.77,8.67,92.8,92.66,OH-1 parallel with OH-2,T7,4178.44,4132.5,-45.94,1690.21,1674.18,-16.03,442.35,434.41,-7.94,1,caution,reverse flow,CAUTION,734,702,735,702,-0.11,-0.14,0,0.24,OH-1 parallel with OH-2,T7,line 38 0.016->-0.022 reversed,True
S01057,IEEE_CompTestFeeder,6202,9,184,193,0.99486,1.00063,0.00577,0.90606,1.00543,0.90868,1.00663,0.0012,702,8.75,8.58,92.79,92.51,OH-6,T7,4168.65,3969.72,-198.92,1687.83,1642.99,-44.84,441.56,426.64,-14.92,1,caution,reverse flow,CAUTION,734,702,734,702,-0.18,-0.28,0,0.24,OH-1 parallel with OH-2,T7,line 30 0.057->-0.127 reversed,True
S01058,IEEE_CompTestFeeder,6211,0,74,74,0.99457,1.0209,0.02633,0.90593,1.00536,0.90696,1.0209,0.01553,621,8.77,17.44,92.8,92.69,SEC-4,T7,4178.44,4100.03,-78.41,1690.21,1672.36,-17.85,442.35,437.94,-4.41,0,none,No violation,SAFE,734,702,734,621,8.66,-0.11,0,0.24,OH-1 parallel with OH-2,T7,none,True
S01059,IEEE_CompTestFeeder,743,0,56,56,0.96369,0.96763,0.00394,0.90593,1.00536,0.90819,1.00606,0.00069,702,8.77,8.61,92.8,92.49,OH-1 parallel with OH-2,T1,4178.44,4107.27,-71.17,1690.21,1660.58,-29.63,442.35,427.18,-15.17,0,none,No violation,SAFE,734,702,734,702,-0.17,-0.31,240.0,0.24,OH-1 parallel with OH-2,T7,none,True
S01060,IEEE_CompTestFeeder,722,12,32,44,1.00291,1.02442,0.02152,0.9061,1.00545,0.90654,1.02442,0.01898,622,8.75,10.33,92.78,92.74,SEC-5,T7,4165.49,4131.98,-33.51,1687.1,1679.59,-7.52,441.41,439.9,-1.51,0,none,No violation,SAFE,734,702,734,622,1.59,-0.05,0,0.24,OH-1 parallel with OH-2,T7,none,True
S01061,IEEE_CompTestFeeder,724,0,120,120,0.99457,1.03651,0.04194,0.90593,1.00536,0.90754,1.03651,0.03114,625,8.77,27.85,92.8,92.63,SEC-1,T7,4178.44,4053.27,-125.17,1690.21,1662.94,-27.27,442.35,437.18,-5.17,1,caution,max 1.0365>1.03; rise 0.0419>=0.03; reverse flow,CAUTION,734,702,734,625,19.08,-0.17,0,0.24,OH-1 parallel with OH-2,T7,line 30 0.066->-0.049 reversed,True
S01062,IEEE_CompTestFeeder,7391,0,35,35,0.98479,0.9878,0.003,0.90593,1.00536,0.90724,1.00575,0.00039,702,8.77,8.67,92.8,92.66,OH-1 parallel with OH-2,T7,4178.44,4135.3,-43.14,1690.21,1673.95,-16.26,442.35,434.22,-8.14,0,none,No violation,SAFE,734,702,734,702,-0.1,-0.15,0,0.24,OH-1 parallel with OH-2,T7,none,True
S01063,IEEE_CompTestFeeder,7691,0,202,202,0.95408,0.98415,0.03007,0.90593,1.00536,0.91516,1.00832,0.00296,702,8.77,8.11,92.8,109.64,OH-1 parallel with OH-2,T22,4178.44,3904.83,-273.61,1690.21,1562.05,-128.16,442.35,370.74,-71.61,1,transformer_loading,Transformer T22 loading 109.6% exceeds 100.0%,CONSTRAINED,734,702,734,702,-0.66,16.84,0,0.24,OH-1 parallel with OH-2,T7,trafo 7 reversed,True
S01064,IEEE_CompTestFeeder,734,0,123,123,0.90593,1.00799,0.10207,0.90593,1.00536,0.92644,1.00799,0.00263,734,8.77,25.71,92.8,92.45,SEC-8,T1,4178.44,4040.56,-137.88,1690.21,1645.75,-44.46,442.35,427.48,-14.88,1,voltage_rise,Voltage rise at PV bus 734 0.1021 pu exceeds 0.05,CONSTRAINED,734,702,735,734,16.93,-0.35,15.85,0.24,OH-1 parallel with OH-2,T7,line 38 0.016->-0.098 reversed,True
S01065,IEEE_CompTestFeeder,759,4,45,49,0.9379,0.94346,0.00556,0.90611,1.00542,0.90815,1.00607,0.00065,702,8.76,8.61,92.78,92.53,OH-1 parallel with OH-2,T7,4172.99,4112.12,-60.87,1687.63,1659.38,-28.25,440.91,425.04,-15.87,1,caution,reverse flow,CAUTION,734,702,734,702,-0.15,-0.25,35.0,0.24,OH-1 parallel with OH-2,T7,line 18 0.031->-0.014 reversed,True
S01066,IEEE_CompTestFeeder,772,14,159,173,0.9358,0.95257,0.01677,0.90658,1.00558,0.91369,1.00784,0.00226,702,8.73,8.21,92.72,92.32,OH-1 parallel with OH-2,T1,4159.25,3945.86,-213.39,1680.95,1583.46,-97.49,437.16,382.78,-54.39,1,caution,reverse flow,CAUTION,734,702,734,702,-0.52,-0.4,100.0,0.208,OH-1 parallel with OH-2,T7,line 21 0.086->-0.073 reversed,True
S01067,IEEE_CompTestFeeder,625,0,224,224,0.99457,1.13054,0.13597,0.90593,1.00536,0.90843,1.13054,0.12518,625,8.77,47.66,92.8,92.54,SEC-1,T7,4178.44,3965.04,-213.4,1690.21,1653.44,-36.77,442.35,452.95,10.6,1,voltage,Max voltage 1.1305 pu at bus 625 exceeds 1.05,CONSTRAINED,734,702,734,625,38.89,-0.27,0,0.24,OH-1 parallel with OH-2,T7,line 30 0.066->-0.132 reversed,True
S01068,IEEE_CompTestFeeder,6211,0,187,187,0.99457,1.05833,0.06376,0.90593,1.00536,0.90833,1.05833,0.05297,621,8.77,42.51,92.8,92.55,SEC-4,T7,4178.44,3987.57,-190.88,1690.21,1651.27,-38.94,442.35,438.48,-3.88,1,voltage,Max voltage 1.0583 pu at bus 621 exceeds 1.05,CONSTRAINED,734,702,734,621,33.73,-0.26,0,0.24,OH-1 parallel with OH-2,T7,line 30 0.066->-0.110 reversed,True
S01069,IEEE_CompTestFeeder,751,9,136,145,0.96918,0.97893,0.00975,0.90629,1.00548,0.91172,1.00711,0.00164,702,8.75,8.34,92.76,92.39,OH-1 parallel with OH-2,T1,4166.86,3993.75,-173.11,1685.43,1616.25,-69.18,439.77,402.67,-37.11,0,none,No violation,SAFE,734,702,734,702,-0.41,-0.37,0,0.48,OH-1 parallel with OH-2,T7,none,True
S01070,IEEE_CompTestFeeder,626,0,71,71,0.99457,1.06291,0.06834,0.90593,1.00536,0.90684,1.06291,0.05755,626,8.77,16.07,92.8,92.71,SEC-3,T7,4178.44,4106.27,-72.17,1690.21,1674.98,-15.23,442.35,441.18,-1.17,0,voltage,Max voltage 1.0629 pu at bus 626 exceeds 1.05,CONSTRAINED,734,702,734,626,7.29,-0.1,0,0.24,OH-1 parallel with OH-2,T7,none,True
S01071,IEEE_CompTestFeeder,728,0,108,108,0.93707,0.95769,0.02061,0.90593,1.00536,0.9086,1.00625,0.00088,702,8.77,8.49,92.8,103.02,OH-1 parallel with OH-2,T3,4178.44,4055.12,-123.32,1690.21,1655.15,-35.06,442.35,427.04,-15.32,1,transformer_loading,Transformer T3 loading 103.0% exceeds 100.0%,CONSTRAINED,734,702,734,702,-0.28,10.22,38.0,0.24,OH-1 parallel with OH-2,T7,trafo 2 reversed,True
S01072,IEEE_CompTestFeeder,7121,0,145,145,0.95827,0.96449,0.00622,0.90593,1.00536,0.90694,1.00617,0.00081,702,8.77,8.76,92.8,92.69,OH-1 parallel with OH-2,T7,4178.44,4027.42,-151.03,1690.21,1661.27,-28.94,442.35,436.33,-6.03,1,caution,reverse flow,CAUTION,734,702,734,702,-0.01,-0.11,0,0.24,OH-1 parallel with OH-2,T7,line 29 0.065->-0.080 reversed,True
S01073,IEEE_CompTestFeeder,751,0,31,31,0.96852,0.97078,0.00226,0.90593,1.00536,0.90719,1.00575,0.00038,702,8.77,8.68,92.8,92.65,OH-1 parallel with OH-2,T7,4178.44,4138.61,-39.83,1690.21,1673.85,-16.36,442.35,433.52,-8.83,0,none,No violation,SAFE,734,702,734,702,-0.09,-0.15,0,0.48,OH-1 parallel with OH-2,T7,none,True
S01074,IEEE_CompTestFeeder,722,0,20,20,0.99457,1.00838,0.01381,0.90593,1.00536,0.90621,1.00838,0.00302,622,8.77,8.73,92.8,92.77,OH-1 parallel with OH-2,T7,4178.44,4156.98,-21.46,1690.21,1685.12,-5.09,442.35,440.89,-1.46,0,none,No violation,SAFE,734,702,734,622,-0.05,-0.03,0,0.24,OH-1 parallel with OH-2,T7,none,True
S01075,IEEE_CompTestFeeder,740,0,215,215,0.98204,0.99973,0.01769,0.90593,1.00536,0.91372,1.00761,0.00225,702,8.77,8.16,92.8,96.22,OH-1 parallel with OH-2,T5,4178.44,3916.95,-261.49,1690.21,1597.26,-92.95,442.35,395.86,-46.49,1,caution,trafo 96.2>=95.0%; reverse flow,CAUTION,734,702,734,702,-0.61,3.42,75.0,0.24,OH-1 parallel with OH-2,T7,line 25 0.117->-0.098 reversed,True
S01076,IEEE_CompTestFeeder,6261,0,166,166,0.99457,1.14206,0.14749,0.90593,1.00536,0.90776,1.14206,0.1367,626,8.77,34.97,92.8,92.61,SEC-1,T7,4178.44,4021.93,-156.51,1690.21,1663.32,-26.89,442.35,451.85,9.49,1,voltage,Max voltage 1.1421 pu at bus 626 exceeds 1.05,CONSTRAINED,734,702,734,626,26.19,-0.2,0,0.24,OH-1 parallel with OH-2,T7,line 30 0.066->-0.079 reversed,True
S01077,IEEE_CompTestFeeder,710,0,71,71,0.95737,0.96021,0.00283,0.90593,1.00536,0.90644,1.00578,0.00041,702,8.77,8.77,92.8,92.75,OH-1 parallel with OH-2,T7,4178.44,4104.21,-74.23,1690.21,1675.19,-15.02,442.35,439.12,-3.23,0,none,No violation,SAFE,734,702,734,702,-0.01,-0.06,80.0,0.208,OH-1 parallel with OH-2,T7,none,True
S01078,IEEE_CompTestFeeder,708,0,21,21,0.95802,0.95881,0.00079,0.90593,1.00536,0.90608,1.00549,0.00012,702,8.77,8.77,92.8,92.79,OH-1 parallel with OH-2,T7,4178.44,4156.46,-21.98,1690.21,1685.65,-4.56,442.35,441.37,-0.98,0,none,No violation,SAFE,734,702,734,702,-0.0,-0.02,75.0,0.24,OH-1 parallel with OH-2,T7,none,True
S01079,IEEE_CompTestFeeder,733,10,212,222,0.91843,1.01176,0.09333,0.91091,1.00547,0.92939,1.01176,0.00629,633,8.75,49.05,92.76,118.74,SEC-7,T4,4166.17,3932.2,-233.97,1685.84,1614.54,-71.31,440.08,418.11,-21.97,1,voltage_rise,Voltage rise at PV bus 733 0.0933 pu exceeds 0.05,CONSTRAINED,734,702,735,633,40.31,25.97,0,0.24,OH-1 parallel with OH-2,T7,trafo 3 reversed,True
S01080,IEEE_CompTestFeeder,721,0,221,221,0.99457,1.06903,0.07446,0.90593,1.00536,0.90869,1.06903,0.06367,623,8.77,49.73,92.8,92.51,SEC-4,T7,4178.44,3955.22,-223.22,1690.21,1646.2,-44.01,442.35,440.14,-2.22,1,voltage,Max voltage 1.0690 pu at bus 623 exceeds 1.05,CONSTRAINED,734,702,734,623,40.96,-0.3,0,0.24,OH-1 parallel with OH-2,T7,line 30 0.066->-0.140 reversed,True
S01081,IEEE_CompTestFeeder,6212,0,246,246,0.99457,1.07675,0.08218,0.90593,1.00536,0.90895,1.07675,0.07138,622,8.77,54.96,92.8,92.48,SEC-4,T7,4178.44,3931.85,-246.6,1690.21,1642.81,-47.4,442.35,441.76,-0.6,1,voltage,Max voltage 1.0767 pu at bus 622 exceeds 1.05,CONSTRAINED,734,702,734,622,46.19,-0.32,0,0.24,OH-1 parallel with OH-2,T7,line 30 0.066->-0.162 reversed,True
S01082,IEEE_CompTestFeeder,6331,9,132,141,0.91794,0.97833,0.06039,0.91041,1.00546,0.92714,1.00666,0.0012,702,8.75,30.86,92.77,92.43,SEC-7,T1,4167.39,4016.4,-150.99,1686.27,1637.58,-48.7,440.3,421.31,-18.99,1,voltage_rise,Voltage rise at PV bus 6331 0.0604 pu exceeds 0.05,CONSTRAINED,734,702,735,702,22.11,-0.33,0,0.24,OH-1 parallel with OH-2,T7,trafo 3 reversed,True
S01083,IEEE_CompTestFeeder,728,0,237,237,0.93707,0.98011,0.04304,0.90593,1.00536,0.91135,1.00707,0.00171,702,8.77,8.18,92.8,272.67,OH-1 parallel with OH-2,T3,4178.44,3914.9,-263.54,1690.21,1625.05,-65.16,442.35,415.81,-26.54,1,transformer_loading,Transformer T3 loading 272.7% exceeds 100.0%,CONSTRAINED,734,702,734,702,-0.59,179.87,38.0,0.24,OH-1 parallel with OH-2,T7,trafo 2 reversed,True
S01084,IEEE_CompTestFeeder,730,0,119,119,0.94698,0.95193,0.00495,0.90593,1.00536,0.90894,1.00638,0.00101,702,8.77,8.46,92.8,92.48,OH-1 parallel with OH-2,T7,4178.44,4041.62,-136.82,1690.21,1649.82,-40.39,442.35,424.54,-17.82,1,caution,reverse flow,CAUTION,734,702,734,702,-0.31,-0.32,85.0,0.24,OH-1 parallel with OH-2,T7,line 31 0.085->-0.034 reversed,True
S01085,IEEE_CompTestFeeder,724,0,163,163,0.99457,1.05063,0.05606,0.90593,1.00536,0.90805,1.05063,0.04527,624,8.77,37.32,92.8,92.58,SEC-1,T7,4178.44,4010.79,-167.65,1690.21,1655.19,-35.02,442.35,437.7,-4.65,1,voltage,Max voltage 1.0506 pu at bus 624 exceeds 1.05,CONSTRAINED,734,702,734,624,28.55,-0.23,0,0.24,OH-1 parallel with OH-2,T7,line 30 0.066->-0.089 reversed,True
S01086,IEEE_CompTestFeeder,751,0,132,132,0.96852,0.97801,0.0095,0.90593,1.00536,0.91121,1.00696,0.0016,702,8.77,8.38,92.8,92.41,OH-1 parallel with OH-2,T1,4178.44,4010.15,-168.3,1690.21,1622.62,-67.59,442.35,406.06,-36.3,0,none,No violation,SAFE,734,702,734,702,-0.4,-0.4,0,0.48,OH-1 parallel with OH-2,T7,none,True
S01087,IEEE_CompTestFeeder,6262,10,20,30,1.00481,1.02464,0.01983,0.90607,1.00543,0.90634,1.02464,0.01921,626,8.75,8.7,92.79,92.76,OH-1 parallel with OH-2,T7,4167.67,4146.77,-20.9,1687.63,1682.94,-4.7,441.58,440.68,-0.9,0,none,No violation,SAFE,734,702,734,626,-0.05,-0.03,0,0.24,OH-1 parallel with OH-2,T7,none,True
S01088,IEEE_CompTestFeeder,712,0,40,40,0.95827,0.96002,0.00175,0.90593,1.00536,0.90622,1.0056,0.00023,702,8.77,8.77,92.8,92.77,OH-1 parallel with OH-2,T7,4178.44,4136.58,-41.87,1690.21,1681.65,-8.56,442.35,440.49,-1.87,0,none,No violation,SAFE,734,702,734,702,-0.0,-0.03,65.0,0.24,OH-1 parallel with OH-2,T7,none,True
S01089,IEEE_CompTestFeeder,6321,0,231,231,0.92107,0.93765,0.01659,0.90593,1.00536,0.92279,1.00753,0.00217,702,8.77,8.14,92.8,135.52,OH-1 parallel with OH-2,T4,4178.44,3903.12,-275.33,1690.21,1602.46,-87.75,442.35,398.03,-44.33,1,transformer_loading,Transformer T4 loading 135.5% exceeds 100.0%,CONSTRAINED,734,702,734,702,-0.64,42.71,0,0.24,OH-1 parallel with OH-2,T7,trafo 3 reversed,True
S01090,IEEE_CompTestFeeder,7643,0,210,210,0.93653,0.96226,0.02574,0.90593,1.00536,0.91508,1.00823,0.00287,702,8.77,8.1,92.8,114.91,OH-1 parallel with OH-2,T14,4178.44,3899.38,-279.06,1690.21,1567.12,-123.09,442.35,373.3,-69.06,1,transformer_loading,Transformer T14 loading 114.9% exceeds 100.0%,CONSTRAINED,734,702,734,702,-0.67,22.11,0,0.24,OH-1 parallel with OH-2,T7,line 23 0.091->-0.118 reversed,True
S01091,IEEE_CompTestFeeder,7692,9,205,214,0.95551,0.98582,0.03031,0.90637,1.00551,0.91566,1.00848,0.00297,702,8.74,8.07,92.75,117.53,OH-1 parallel with OH-2,T22,4165.84,3889.14,-276.7,1683.79,1555.41,-128.38,438.75,367.05,-71.7,1,transformer_loading,Transformer T22 loading 117.5% exceeds 100.0%,CONSTRAINED,734,702,734,702,-0.67,24.78,0,0.24,OH-1 parallel with OH-2,T7,trafo 7 reversed,True
S01092,IEEE_CompTestFeeder,6231,0,205,205,0.99457,1.17157,0.177,0.90593,1.00536,0.90806,1.17157,0.1662,623,8.77,42.09,92.8,92.58,SEC-4,T7,4178.44,3990.34,-188.11,1690.21,1660.69,-29.52,442.35,459.25,16.89,1,voltage,Max voltage 1.1716 pu at bus 623 exceeds 1.05,CONSTRAINED,734,702,734,623,33.32,-0.23,0,0.24,OH-1 parallel with OH-2,T7,line 30 0.066->-0.108 reversed,True
S01093,IEEE_CompTestFeeder,7481,0,149,149,0.95588,0.97044,0.01457,0.90593,1.00536,0.91198,1.00721,0.00184,702,8.77,8.32,92.8,92.38,OH-1 parallel with OH-2,T1,4178.44,3987.43,-191.01,1690.21,1611.85,-78.36,442.35,400.34,-42.01,1,caution,reverse flow,CAUTION,734,702,734,702,-0.45,-0.42,0,0.24,OH-1 parallel with OH-2,T7,trafo 5 reversed,True
S01094,IEEE_CompTestFeeder,7483,0,74,74,0.95588,0.96325,0.00737,0.90593,1.00536,0.909,1.00631,0.00095,702,8.77,8.55,92.8,92.47,OH-1 parallel with OH-2,T1,4178.44,4082.79,-95.65,1690.21,1649.77,-40.44,442.35,420.7,-21.65,0,none,No violation,SAFE,734,702,734,702,-0.23,-0.33,0,0.24,OH-1 parallel with OH-2,T7,none,True
S01095,IEEE_CompTestFeeder,730,0,157,157,0.94698,0.95347,0.0065,0.90593,1.00536,0.90988,1.00668,0.00132,702,8.77,8.36,92.8,92.43,OH-1 parallel with OH-2,T1,4178.44,3998.25,-180.19,1690.21,1637.71,-52.5,442.35,419.16,-23.19,1,caution,reverse flow,CAUTION,734,702,734,702,-0.41,-0.37,85.0,0.24,OH-1 parallel with OH-2,T7,line 31 0.085->-0.072 reversed,True
S01096,IEEE_CompTestFeeder,740,0,212,212,0.98204,0.99949,0.01745,0.90593,1.00536,0.91362,1.00758,0.00222,702,8.77,8.17,92.8,94.3,OH-1 parallel with OH-2,T5,4178.44,3920.53,-257.91,1690.21,1598.41,-91.8,442.35,396.44,-45.91,1,caution,reverse flow,CAUTION,734,702,734,702,-0.6,1.5,75.0,0.24,OH-1 parallel with OH-2,T7,line 25 0.117->-0.095 reversed,True
S01097,IEEE_CompTestFeeder,764,0,125,125,0.93653,0.95221,0.01568,0.90593,1.00536,0.91152,1.00714,0.00178,702,8.77,8.37,92.8,92.39,OH-1 parallel with OH-2,T1,4178.44,4010.35,-168.09,1690.21,1613.45,-76.76,442.35,399.27,-43.09,1,caution,reverse flow,CAUTION,734,702,734,702,-0.41,-0.42,46.0,0.24,OH-1 parallel with OH-2,T7,line 23 0.091->-0.034 reversed,True
S01098,IEEE_CompTestFeeder,7643,0,154,154,0.93653,0.95569,0.01917,0.90593,1.00536,0.91276,1.00752,0.00216,702,8.77,8.28,92.8,92.35,OH-1 parallel with OH-2,T1,4178.44,3972.21,-206.24,1690.21,1597.14,-93.07,442.35,390.12,-52.24,1,caution,reverse flow,CAUTION,734,702,734,702,-0.5,-0.45,0,0.24,OH-1 parallel with OH-2,T7,line 23 0.091->-0.062 reversed,True
S01099,IEEE_CompTestFeeder,743,4,68,72,0.96398,0.96874,0.00477,0.90609,1.00542,0.90883,1.00625,0.00084,702,8.76,8.56,92.56,92.48,OH-1 parallel with OH-2,T1,4173.34,4087.04,-86.29,1688.05,1652.34,-35.71,441.25,422.96,-18.29,0,none,No violation,SAFE,734,702,734,702,-0.21,-0.08,240.0,0.24,OH-1 parallel with OH-2,T1,none,True
S01100,IEEE_CompTestFeeder,748,0,213,213,0.95588,0.97637,0.0205,0.90593,1.00536,0.91443,1.00793,0.00257,702,8.77,8.13,92.8,98.13,OH-1 parallel with OH-2,T8,4178.44,3907.25,-271.19,1690.21,1581.82,-108.39,442.35,384.16,-58.19,1,caution,trafo 98.1>=95.0%; reverse flow,CAUTION,734,702,734,702,-0.64,5.33,76.88,0.24,OH-1 parallel with OH-2,T7,trafo 5 reversed,True
S01101,IEEE_CompTestFeeder,632,6,152,158,0.92152,0.93261,0.01109,0.90639,1.00543,0.91766,1.0069,0.00147,702,8.76,8.34,92.78,92.41,OH-1 parallel with OH-2,T1,4171.15,3988.96,-182.19,1687.62,1627.65,-59.98,441.06,410.87,-30.19,1,caution,reverse flow,CAUTION,734,702,734,702,-0.42,-0.37,0,0.24,OH-1 parallel with OH-2,T7,trafo 3 reversed,True
S01102,IEEE_CompTestFeeder,6251,0,219,219,0.99457,1.12787,0.1333,0.90593,1.00536,0.90839,1.12787,0.1225,625,8.77,46.71,92.8,92.54,SEC-1,T7,4178.44,3969.28,-209.16,1690.21,1653.87,-36.34,442.35,452.19,9.84,1,voltage,Max voltage 1.1279 pu at bus 625 exceeds 1.05,CONSTRAINED,734,702,734,625,37.94,-0.26,0,0.24,OH-1 parallel with OH-2,T7,line 30 0.066->-0.128 reversed,True
S01103,IEEE_CompTestFeeder,728,0,156,156,0.93707,0.96629,0.02922,0.90593,1.00536,0.90968,1.00658,0.00122,702,8.77,8.37,92.8,166.15,OH-1 parallel with OH-2,T3,4178.44,4002.1,-176.34,1690.21,1642.54,-47.67,442.35,422.01,-20.34,1,transformer_loading,Transformer T3 loading 166.1% exceeds 100.0%,CONSTRAINED,734,702,734,702,-0.4,73.35,38.0,0.24,OH-1 parallel with OH-2,T7,trafo 2 reversed,True
S01104,IEEE_CompTestFeeder,6202,14,96,110,0.99502,0.99807,0.00305,0.90613,1.00546,0.90752,1.0061,0.00064,702,8.74,8.59,92.78,92.63,OH-6,T7,4163.21,4059.16,-104.05,1686.51,1662.31,-24.2,441.12,433.07,-8.05,1,caution,reverse flow,CAUTION,734,702,734,702,-0.15,-0.15,0,0.24,OH-1 parallel with OH-2,T7,line 30 0.052->-0.044 reversed,True
S01105,IEEE_CompTestFeeder,623,8,247,255,1.00278,1.20739,0.2046,0.90604,1.00542,0.90838,1.20739,0.20197,623,8.76,50.81,92.79,92.54,SEC-4,T7,4169.81,3951.91,-217.9,1688.14,1658.78,-29.35,441.72,470.82,29.1,1,voltage,Max voltage 1.2074 pu at bus 623 exceeds 1.05,CONSTRAINED,734,702,734,623,42.05,-0.25,0,0.24,OH-1 parallel with OH-2,T7,line 30 0.058->-0.144 reversed,True
S01106,IEEE_CompTestFeeder,723,0,53,53,0.99457,1.04647,0.0519,0.90593,1.00536,0.90663,1.04647,0.04111,623,8.77,12.18,92.8,92.73,SEC-6,T7,4178.44,4123.69,-54.75,1690.21,1678.22,-11.99,442.35,440.61,-1.75,0,voltage_rise,Voltage rise at PV bus 723 0.0519 pu exceeds 0.05,CONSTRAINED,734,702,734,623,3.41,-0.08,0,0.24,OH-1 parallel with OH-2,T7,none,True
S01107,IEEE_CompTestFeeder,7482,0,49,49,0.95588,0.96079,0.00491,0.90593,1.00536,0.90797,1.006,0.00063,702,8.77,8.62,92.8,92.55,OH-1 parallel with OH-2,T7,4178.44,4114.92,-63.52,1690.21,1663.09,-27.12,442.35,427.84,-14.52,0,none,No violation,SAFE,734,702,734,702,-0.15,-0.25,0,0.24,OH-1 parallel with OH-2,T7,none,True
S01108,IEEE_CompTestFeeder,7481,0,19,19,0.95588,0.9578,0.00192,0.90593,1.00536,0.90673,1.00561,0.00025,702,8.77,8.72,92.8,92.71,OH-1 parallel with OH-2,T7,4178.44,4153.73,-24.71,1690.21,1679.53,-10.68,442.35,436.64,-5.71,0,none,No violation,SAFE,734,702,734,702,-0.06,-0.1,0,0.24,OH-1 parallel with OH-2,T7,none,True
S01109,IEEE_CompTestFeeder,743,0,10,10,0.96369,0.9644,0.00071,0.90593,1.00536,0.90633,1.00549,0.00013,702,8.77,8.74,92.8,92.55,OH-1 parallel with OH-2,T1,4178.44,4165.69,-12.75,1690.21,1684.83,-5.38,442.35,439.6,-2.75,0,none,No violation,SAFE,734,702,734,702,-0.03,-0.25,240.0,0.24,OH-1 parallel with OH-2,T7,none,True
S01110,IEEE_CompTestFeeder,7643,0,89,89,0.93653,0.94781,0.01128,0.90593,1.00536,0.90996,1.00665,0.00129,702,8.77,8.48,92.8,92.44,OH-1 parallel with OH-2,T1,4178.44,4058.14,-120.3,1690.21,1634.46,-55.75,442.35,411.05,-31.3,1,caution,reverse flow,CAUTION,734,702,734,702,-0.29,-0.37,0,0.24,OH-1 parallel with OH-2,T7,line 24 0.046->-0.043 reversed,True
S01111,IEEE_CompTestFeeder,733,8,188,196,0.91745,1.00128,0.08384,0.90991,1.00545,0.92869,1.00707,0.00162,702,8.75,43.33,92.77,102.96,SEC-7,T4,4168.61,3958.63,-209.98,1686.71,1621.45,-65.26,440.52,418.54,-21.98,1,voltage_rise,Voltage rise at PV bus 733 0.0838 pu exceeds 0.05,CONSTRAINED,734,702,735,702,34.58,10.19,0,0.24,OH-1 parallel with OH-2,T7,trafo 3 reversed,True
S01112,IEEE_CompTestFeeder,728,8,20,28,0.93867,0.9426,0.00393,0.90614,1.00544,0.90666,1.00561,0.00018,702,8.75,8.7,92.78,92.73,OH-1 parallel with OH-2,T7,4169.1,4145.91,-23.2,1687.27,1680.18,-7.09,441.02,437.82,-3.2,0,none,No violation,SAFE,734,702,734,702,-0.05,-0.06,38.0,0.24,OH-1 parallel with OH-2,T7,none,True
S01113,IEEE_CompTestFeeder,622,0,185,185,0.99457,1.10932,0.11475,0.90593,1.00536,0.90809,1.10932,0.10395,622,8.77,40.12,92.8,92.57,SEC-4,T7,4178.44,3998.63,-179.81,1690.21,1657.17,-33.04,442.35,447.54,5.19,1,voltage,Max voltage 1.1093 pu at bus 622 exceeds 1.05,CONSTRAINED,734,702,734,622,31.34,-0.23,0,0.24,OH-1 parallel with OH-2,T7,line 30 0.066->-0.100 reversed,True
S01114,IEEE_CompTestFeeder,723,11,225,236,1.00582,1.19402,0.1882,0.90609,1.00582,0.90827,1.19402,0.1882,623,8.75,47.55,92.79,92.55,SEC-4,T7,4166.61,3966.25,-200.35,1687.38,1659.32,-28.06,441.52,466.17,24.65,1,voltage,Max voltage 1.1940 pu at bus 623 exceeds 1.05,CONSTRAINED,734,623,734,623,38.8,-0.23,0,0.24,OH-1 parallel with OH-2,T7,line 30 0.055->-0.131 reversed,True
S01115,IEEE_CompTestFeeder,6232,8,185,193,1.00278,1.16265,0.15986,0.90604,1.00542,0.90797,1.16265,0.15723,623,8.76,39.93,92.79,92.59,SEC-4,T7,4169.81,3999.9,-169.91,1688.14,1661.38,-26.75,441.72,456.81,15.09,1,voltage,Max voltage 1.1626 pu at bus 623 exceeds 1.05,CONSTRAINED,734,702,734,623,31.18,-0.21,0,0.24,OH-1 parallel with OH-2,T7,line 30 0.058->-0.099 reversed,True
S01116,IEEE_CompTestFeeder,772,0,45,45,0.93426,0.93917,0.0049,0.90593,1.00536,0.90802,1.00604,0.00067,702,8.77,8.63,92.8,92.55,OH-1 parallel with OH-2,T7,4178.44,4117.0,-61.44,1690.21,1660.84,-29.37,442.35,425.91,-16.44,0,none,No violation,SAFE,734,702,734,702,-0.15,-0.25,100.0,0.208,OH-1 parallel with OH-2,T7,none,True
S01117,IEEE_CompTestFeeder,6331,10,171,181,0.91843,0.99513,0.0767,0.91091,1.00547,0.92828,1.00696,0.00149,702,8.75,39.98,92.76,93.74,SEC-7,T4,4166.17,3974.13,-192.04,1685.84,1625.64,-60.2,440.08,419.04,-21.04,1,voltage_rise,Voltage rise at PV bus 6331 0.0767 pu exceeds 0.05,CONSTRAINED,734,702,735,702,31.23,0.98,0,0.24,OH-1 parallel with OH-2,T7,trafo 3 reversed,True
S01118,IEEE_CompTestFeeder,6202,0,148,148,0.99457,0.99925,0.00468,0.90593,1.00536,0.90805,1.00635,0.00098,702,8.77,8.58,92.8,92.58,OH-6,T7,4178.44,4018.15,-160.29,1690.21,1653.28,-36.93,442.35,430.07,-12.29,1,caution,reverse flow,CAUTION,734,702,734,702,-0.19,-0.23,0,0.24,OH-1 parallel with OH-2,T7,line 30 0.066->-0.082 reversed,True
S01119,IEEE_CompTestFeeder,6231,0,155,155,0.99457,1.13346,0.13889,0.90593,1.00536,0.90767,1.13346,0.12809,623,8.77,32.9,92.8,92.62,SEC-4,T7,4178.44,4031.13,-147.31,1690.21,1664.27,-25.94,442.35,450.04,7.69,1,voltage,Max voltage 1.1335 pu at bus 623 exceeds 1.05,CONSTRAINED,734,702,734,623,24.12,-0.19,0,0.24,OH-1 parallel with OH-2,T7,line 30 0.066->-0.070 reversed,True
S01120,IEEE_CompTestFeeder,728,0,192,192,0.93707,0.97254,0.03546,0.90593,1.00536,0.91045,1.00681,0.00145,702,8.77,8.29,92.8,213.67,OH-1 parallel with OH-2,T3,4178.44,3963.0,-215.44,1690.21,1634.2,-56.01,442.35,418.91,-23.44,1,transformer_loading,Transformer T3 loading 213.7% exceeds 100.0%,CONSTRAINED,734,702,734,702,-0.49,120.87,38.0,0.24,OH-1 parallel with OH-2,T7,trafo 2 reversed,True
S01121,IEEE_CompTestFeeder,770,0,191,191,0.95062,0.97394,0.02332,0.90593,1.00536,0.91497,1.00832,0.00295,702,8.77,8.14,92.8,92.27,OH-1 parallel with OH-2,T1,4178.44,3916.65,-261.79,1690.21,1561.4,-128.81,442.35,371.57,-70.79,0,none,No violation,SAFE,734,702,734,702,-0.64,-0.53,450.0,0.24,OH-1 parallel with OH-2,T7,none,True
S01122,IEEE_CompTestFeeder,620,12,105,117,0.99496,0.99829,0.00333,0.9061,1.00545,0.90762,1.00615,0.0007,702,8.75,8.59,92.78,92.62,OH-6,T7,4165.39,4051.6,-113.79,1687.04,1660.62,-26.42,441.3,432.51,-8.79,1,caution,reverse flow,CAUTION,734,702,734,702,-0.16,-0.16,0,0.24,OH-1 parallel with OH-2,T7,line 30 0.054->-0.051 reversed,True
S01123,IEEE_CompTestFeeder,624,0,86,86,0.99457,1.02502,0.03045,0.90593,1.00536,0.90712,1.02502,0.01966,624,8.77,20.18,92.8,92.68,SEC-1,T7,4178.44,4087.7,-90.75,1690.21,1669.78,-20.43,442.35,437.61,-4.75,1,caution,rise 0.0305>=0.03; reverse flow,CAUTION,734,702,734,624,11.41,-0.13,0,0.24,OH-1 parallel with OH-2,T7,line 30 0.066->-0.018 reversed,True
S01124,IEEE_CompTestFeeder,740,0,31,31,0.98204,0.9847,0.00266,0.90593,1.00536,0.9071,1.00571,0.00035,702,8.77,8.68,92.8,92.67,OH-1 parallel with OH-2,T7,4178.44,4140.1,-38.34,1690.21,1675.48,-14.73,442.35,435.01,-7.34,0,none,No violation,SAFE,734,702,734,702,-0.09,-0.13,75.0,0.24,OH-1 parallel with OH-2,T7,none,True
S01125,IEEE_CompTestFeeder,7482,0,195,195,0.95588,0.97472,0.01885,0.90593,1.00536,0.91375,1.00773,0.00237,702,8.77,8.18,92.8,92.33,OH-1 parallel with OH-2,T1,4178.44,3929.69,-248.75,1690.21,1590.06,-100.15,442.35,388.61,-53.75,1,caution,reverse flow,CAUTION,734,702,734,702,-0.59,-0.47,0,0.24,OH-1 parallel with OH-2,T7,trafo 5 reversed,True
S01126,IEEE_CompTestFeeder,708,0,86,86,0.95802,0.96121,0.0032,0.90593,1.00536,0.90655,1.00586,0.00049,702,8.77,8.77,92.8,92.74,OH-1 parallel with OH-2,T7,4178.44,4088.65,-89.79,1690.21,1672.28,-17.93,442.35,438.56,-3.79,1,caution,reverse flow,CAUTION,734,702,734,702,-0.01,-0.07,75.0,0.24,OH-1 parallel with OH-2,T7,trafo 16 reversed,True
S01127,IEEE_CompTestFeeder,726,0,27,27,0.99457,1.02172,0.02715,0.90593,1.00536,0.90631,1.02172,0.01636,626,8.77,8.71,92.8,92.76,OH-1 parallel with OH-2,T7,4178.44,4149.85,-28.59,1690.21,1683.61,-6.6,442.35,440.77,-1.59,0,none,No violation,SAFE,734,702,734,626,-0.06,-0.04,0,0.24,OH-1 parallel with OH-2,T7,none,True
S01128,IEEE_CompTestFeeder,6212,0,72,72,0.99457,1.02021,0.02564,0.90593,1.00536,0.90693,1.02021,0.01484,622,8.77,16.98,92.8,92.7,SEC-4,T7,4178.44,4102.1,-76.34,1690.21,1672.79,-17.42,442.35,438.01,-4.34,0,none,No violation,SAFE,734,702,734,622,8.2,-0.11,0,0.24,OH-1 parallel with OH-2,T7,none,True
S01129,IEEE_CompTestFeeder,734,0,22,22,0.90593,0.92594,0.02001,0.90593,1.00536,0.92275,1.00559,0.00023,702,8.77,8.71,92.8,92.72,OH-1 parallel with OH-2,T7,4178.44,4151.49,-26.95,1690.21,1680.68,-9.53,442.35,437.41,-4.95,0,none,No violation,SAFE,734,702,632,702,-0.06,-0.09,15.85,0.24,OH-1 parallel with OH-2,T7,none,True
S01130,IEEE_CompTestFeeder,6222,0,32,32,0.99457,1.01647,0.0219,0.90593,1.00536,0.90638,1.01647,0.01111,622,8.77,8.7,92.8,92.76,OH-1 parallel with OH-2,T7,4178.44,4144.38,-34.06,1690.21,1682.28,-7.93,442.35,440.29,-2.06,0,none,No violation,SAFE,734,702,734,622,-0.08,-0.05,0,0.24,OH-1 parallel with OH-2,T7,none,True
S01131,IEEE_CompTestFeeder,620,0,117,117,0.99457,0.99829,0.00372,0.90593,1.00536,0.90762,1.00615,0.00078,702,8.77,8.59,92.8,92.62,OH-6,T7,4178.44,4051.6,-126.84,1690.21,1660.62,-29.59,442.35,432.51,-9.84,1,caution,reverse flow,CAUTION,734,702,734,702,-0.19,-0.18,0,0.24,OH-1 parallel with OH-2,T7,line 30 0.066->-0.051 reversed,True
S01132,IEEE_CompTestFeeder,6321,9,131,140,0.92175,0.93134,0.00959,0.90662,1.00546,0.91637,1.00673,0.00128,702,8.75,8.38,92.77,92.43,OH-1 parallel with OH-2,T1,4167.51,4010.28,-157.22,1686.34,1634.21,-52.13,440.42,414.2,-26.22,1,caution,reverse flow,CAUTION,734,702,734,702,-0.36,-0.34,0,0.24,OH-1 parallel with OH-2,T7,trafo 3 reversed,True
S01133,IEEE_CompTestFeeder,6242,0,101,101,0.99457,1.03013,0.03556,0.90593,1.00536,0.90731,1.03013,0.02476,624,8.77,23.59,92.8,92.66,SEC-1,T7,4178.44,4072.41,-106.03,1690.21,1666.69,-23.52,442.35,437.33,-5.03,1,caution,max 1.0301>1.03; rise 0.0356>=0.03; reverse flow,CAUTION,734,702,734,624,14.81,-0.15,0,0.24,OH-1 parallel with OH-2,T7,line 30 0.066->-0.032 reversed,True
S01134,IEEE_CompTestFeeder,714,15,226,241,0.9912,0.99649,0.00529,0.90604,1.00546,0.90766,1.00675,0.00129,702,8.77,8.75,92.79,92.62,OH-1 parallel with OH-2,T7,4162.73,3927.34,-235.39,1686.78,1640.23,-46.55,441.64,432.26,-9.39,0,none,No violation,SAFE,734,702,734,702,-0.02,-0.17,240.0,0.208,OH-1 parallel with OH-2,T7,none,True
S01135,IEEE_CompTestFeeder,740,0,23,23,0.98204,0.98402,0.00198,0.90593,1.00536,0.9068,1.00562,0.00026,702,8.77,8.71,92.8,92.7,OH-1 parallel with OH-2,T7,4178.44,4149.97,-28.47,1690.21,1679.24,-10.97,442.35,436.89,-5.47,0,none,No violation,SAFE,734,702,734,702,-0.07,-0.1,75.0,0.24,OH-1 parallel with OH-2,T7,none,True
S01136,IEEE_CompTestFeeder,759,4,92,96,0.9379,0.94912,0.01122,0.90611,1.00542,0.91022,1.00673,0.0013,702,8.76,8.46,92.78,92.43,OH-1 parallel with OH-2,T1,4172.99,4049.38,-123.62,1687.63,1631.34,-56.29,440.91,409.29,-31.62,1,caution,reverse flow,CAUTION,734,702,734,702,-0.3,-0.35,35.0,0.24,OH-1 parallel with OH-2,T7,line 18 0.031->-0.061 reversed,True
S01137,IEEE_CompTestFeeder,726,5,192,197,0.99972,1.16563,0.16592,0.906,1.0054,0.908,1.16563,0.16024,626,8.76,40.66,92.8,92.58,SEC-1,T7,4173.03,3996.7,-176.33,1688.9,1661.14,-27.76,441.94,457.61,15.67,1,voltage,Max voltage 1.1656 pu at bus 626 exceeds 1.05,CONSTRAINED,734,702,734,626,31.89,-0.21,0,0.24,OH-1 parallel with OH-2,T7,line 30 0.061->-0.102 reversed,True
S01138,IEEE_CompTestFeeder,708,0,234,234,0.95802,0.96647,0.00845,0.90593,1.00536,0.90751,1.00663,0.00126,702,8.77,8.76,92.8,92.63,OH-1 parallel with OH-2,T7,4178.44,3935.55,-242.89,1690.21,1645.89,-44.32,442.35,433.47,-8.89,1,caution,reverse flow,CAUTION,734,702,734,702,-0.02,-0.17,75.0,0.24,OH-1 parallel with OH-2,T7,line 3 0.221->-0.013 reversed,True
S01139,IEEE_CompTestFeeder,712,0,162,162,0.95827,0.9652,0.00693,0.90593,1.00536,0.90705,1.00626,0.0009,702,8.77,8.76,92.8,92.68,OH-1 parallel with OH-2,T7,4178.44,4009.84,-168.6,1690.21,1658.25,-31.96,442.35,435.75,-6.6,1,caution,reverse flow,CAUTION,734,702,734,702,-0.01,-0.12,65.0,0.24,OH-1 parallel with OH-2,T7,line 28 0.145->-0.017 reversed,True
S01140,IEEE_CompTestFeeder,7393,9,246,255,0.98557,1.0056,0.02003,0.90627,1.00547,0.91498,1.00794,0.00247,702,8.75,8.06,92.77,142.37,OH-1 parallel with OH-2,T6,4167.32,3870.36,-296.96,1685.97,1584.59,-101.39,440.23,389.27,-50.96,1,transformer_loading,Transformer T6 loading 142.4% exceeds 100.0%,CONSTRAINED,734,702,734,702,-0.69,49.61,0,0.24,OH-1 parallel with OH-2,T7,line 25 0.107->-0.137 reversed,True
S01141,IEEE_CompTestFeeder,726,0,116,116,0.99457,1.10185,0.10728,0.90593,1.00536,0.90732,1.10185,0.09648,626,8.77,25.33,92.8,92.66,SEC-2,T7,4178.44,4064.87,-113.57,1690.21,1668.42,-21.79,442.35,444.78,2.43,1,voltage,Max voltage 1.1018 pu at bus 626 exceeds 1.05,CONSTRAINED,734,702,734,626,16.55,-0.15,0,0.24,OH-1 parallel with OH-2,T7,line 30 0.066->-0.039 reversed,True
S01142,IEEE_CompTestFeeder,725,0,89,89,0.99457,1.05311,0.05855,0.90593,1.00536,0.9071,1.05311,0.04775,625,8.77,20.33,92.8,92.68,SEC-2,T7,4178.44,4087.11,-91.33,1690.21,1670.7,-19.51,442.35,440.02,-2.33,1,voltage,Max voltage 1.0531 pu at bus 625 exceeds 1.05,CONSTRAINED,734,702,734,625,11.56,-0.12,0,0.24,OH-1 parallel with OH-2,T7,line 30 0.066->-0.018 reversed,True
S01143,IEEE_CompTestFeeder,734,9,183,192,0.91423,1.05722,0.14299,0.91423,1.00546,0.9282,1.05722,0.05176,734,8.75,40.16,92.77,94.38,SEC-8,T4,4167.27,3973.77,-193.5,1686.21,1628.07,-58.13,440.18,429.68,-10.5,1,voltage,Max voltage 1.0572 pu at bus 734 exceeds 1.05,CONSTRAINED,734,702,735,734,31.41,1.61,15.85,0.24,OH-1 parallel with OH-2,T7,trafo 3 reversed,True
S01144,IEEE_CompTestFeeder,7693,14,143,157,0.9563,0.97778,0.02149,0.90661,1.00559,0.91322,1.00772,0.00213,702,8.73,8.25,92.72,92.33,OH-1 parallel with OH-2,T1,4158.86,3964.21,-194.65,1680.25,1587.88,-92.38,436.77,385.12,-51.65,1,caution,reverse flow,CAUTION,734,702,734,702,-0.47,-0.39,0,0.24,OH-1 parallel with OH-2,T7,trafo 7 reversed,True
S01145,IEEE_CompTestFeeder,759,0,81,81,0.9374,0.94733,0.00993,0.90593,1.00536,0.90957,1.00652,0.00116,702,8.77,8.51,92.8,92.45,OH-1 parallel with OH-2,T1,4178.44,4069.31,-109.13,1690.21,1640.13,-50.08,442.35,414.22,-28.13,1,caution,reverse flow,CAUTION,734,702,734,702,-0.26,-0.35,35.0,0.24,OH-1 parallel with OH-2,T7,line 18 0.035->-0.046 reversed,True
S01146,IEEE_CompTestFeeder,748,0,105,105,0.95588,0.96625,0.01038,0.90593,1.00536,0.91024,1.00669,0.00132,702,8.77,8.45,92.8,92.43,OH-1 parallel with OH-2,T1,4178.44,4043.18,-135.26,1690.21,1633.73,-56.48,442.35,412.1,-30.26,1,caution,reverse flow,CAUTION,734,702,734,702,-0.32,-0.37,76.88,0.24,OH-1 parallel with OH-2,T7,trafo 5 reversed,True
S01147,IEEE_CompTestFeeder,7693,5,18,23,0.95487,0.95771,0.00283,0.90617,1.00545,0.90705,1.00573,0.00029,702,8.76,8.7,92.77,92.67,OH-1 parallel with OH-2,T7,4171.44,4146.32,-25.12,1686.63,1673.95,-12.69,440.35,433.23,-7.12,0,none,No violation,SAFE,734,702,734,702,-0.06,-0.11,0,0.24,OH-1 parallel with OH-2,T7,none,True
S01148,IEEE_CompTestFeeder,6232,0,27,27,0.99457,1.02172,0.02715,0.90593,1.00536,0.90631,1.02172,0.01636,623,8.77,8.71,92.8,92.76,OH-1 parallel with OH-2,T7,4178.44,4149.85,-28.59,1690.21,1683.61,-6.6,442.35,440.77,-1.59,0,none,No violation,SAFE,734,702,734,623,-0.06,-0.04,0,0.24,OH-1 parallel with OH-2,T7,none,True
S01149,IEEE_CompTestFeeder,770,13,158,171,0.95227,0.97159,0.01932,0.90657,1.00558,0.91407,1.00803,0.00245,702,8.73,8.2,92.73,92.3,OH-1 parallel with OH-2,T1,4160.19,3943.46,-216.73,1680.78,1573.96,-106.82,437.1,378.37,-58.73,0,none,No violation,SAFE,734,702,734,702,-0.53,-0.42,450.0,0.24,OH-1 parallel with OH-2,T7,none,True
S01150,IEEE_CompTestFeeder,7393,0,11,11,0.98479,0.98574,0.00095,0.90593,1.00536,0.90634,1.00549,0.00012,702,8.77,8.74,92.8,92.76,OH-1 parallel with OH-2,T7,4178.44,4164.85,-13.59,1690.21,1685.04,-5.17,442.35,439.77,-2.59,0,none,No violation,SAFE,734,702,734,702,-0.03,-0.05,0,0.24,OH-1 parallel with OH-2,T7,none,True
S01151,IEEE_CompTestFeeder,710,0,34,34,0.95737,0.95874,0.00137,0.90593,1.00536,0.90618,1.00557,0.0002,702,8.77,8.77,92.8,92.78,OH-1 parallel with OH-2,T7,4178.44,4142.84,-35.61,1690.21,1682.85,-7.36,442.35,440.75,-1.61,0,none,No violation,SAFE,734,702,734,702,-0.0,-0.03,80.0,0.208,OH-1 parallel with OH-2,T7,none,True
S01152,IEEE_CompTestFeeder,6201,10,130,140,0.99489,0.999,0.00411,0.90607,1.00543,0.90794,1.0063,0.00086,702,8.75,8.58,92.79,92.59,OH-6,T7,4167.56,4026.78,-140.78,1687.56,1655.15,-32.41,441.47,430.69,-10.78,1,caution,reverse flow,CAUTION,734,702,734,702,-0.17,-0.2,0,0.24,OH-1 parallel with OH-2,T7,line 30 0.056->-0.074 reversed,True
S01153,IEEE_CompTestFeeder,759,0,144,144,0.9374,0.95475,0.01735,0.90593,1.00536,0.91227,1.00736,0.002,702,8.77,8.31,92.8,92.37,OH-1 parallel with OH-2,T1,4178.44,3986.13,-192.32,1690.21,1604.18,-86.03,442.35,394.04,-48.32,1,caution,reverse flow,CAUTION,734,702,734,702,-0.46,-0.44,35.0,0.24,OH-1 parallel with OH-2,T7,line 18 0.035->-0.108 reversed,True
S01154,IEEE_CompTestFeeder,6251,0,231,231,0.99457,1.13427,0.1397,0.90593,1.00536,0.90849,1.13427,0.1289,625,8.77,48.99,92.8,92.53,SEC-1,T7,4178.44,3959.14,-219.3,1690.21,1652.86,-37.35,442.35,454.05,11.7,1,voltage,Max voltage 1.1343 pu at bus 625 exceeds 1.05,CONSTRAINED,734,702,734,625,40.22,-0.27,0,0.24,OH-1 parallel with OH-2,T7,line 30 0.066->-0.137 reversed,True
S01155,IEEE_CompTestFeeder,6242,0,119,119,0.99457,1.03617,0.04161,0.90593,1.00536,0.90753,1.03617,0.03081,624,8.77,27.63,92.8,92.63,SEC-1,T7,4178.44,4054.27,-124.17,1690.21,1663.13,-27.08,442.35,437.18,-5.17,1,caution,max 1.0362>1.03; rise 0.0416>=0.03; reverse flow,CAUTION,734,702,734,624,18.85,-0.17,0,0.24,OH-1 parallel with OH-2,T7,line 30 0.066->-0.049 reversed,True
S01156,IEEE_CompTestFeeder,625,0,124,124,0.99457,1.07432,0.07976,0.90593,1.00536,0.90749,1.07432,0.06896,625,8.77,27.77,92.8,92.64,SEC-2,T7,4178.44,4053.8,-124.64,1690.21,1664.99,-25.22,442.35,441.71,-0.64,1,voltage,Max voltage 1.0743 pu at bus 625 exceeds 1.05,CONSTRAINED,734,702,734,625,18.99,-0.17,0,0.24,OH-1 parallel with OH-2,T7,line 30 0.066->-0.049 reversed,True
S01157,IEEE_CompTestFeeder,759,0,73,73,0.9374,0.94637,0.00897,0.90593,1.00536,0.90921,1.00641,0.00105,702,8.77,8.54,92.8,92.46,OH-1 parallel with OH-2,T1,4178.44,4079.98,-98.46,1690.21,1644.88,-45.33,442.35,416.89,-25.46,1,caution,reverse flow,CAUTION,734,702,734,702,-0.24,-0.34,35.0,0.24,OH-1 parallel with OH-2,T7,line 18 0.035->-0.038 reversed,True
S01158,IEEE_CompTestFeeder,632,0,183,183,0.92107,0.93436,0.01329,0.90593,1.00536,0.91944,1.00712,0.00176,702,8.77,8.27,92.8,102.04,OH-1 parallel with OH-2,T4,4178.44,3959.44,-219.0,1690.21,1618.77,-71.44,442.35,406.36,-36.0,1,transformer_loading,Transformer T4 loading 102.0% exceeds 100.0%,CONSTRAINED,734,702,734,702,-0.51,9.23,0,0.24,OH-1 parallel with OH-2,T7,trafo 3 reversed,True
S01159,IEEE_CompTestFeeder,7692,0,198,198,0.95408,0.98359,0.02951,0.90593,1.00536,0.91499,1.00827,0.00291,702,8.77,8.12,92.8,107.01,OH-1 parallel with OH-2,T22,4178.44,3910.08,-268.37,1690.21,1564.29,-125.92,442.35,371.99,-70.37,1,transformer_loading,Transformer T22 loading 107.0% exceeds 100.0%,CONSTRAINED,734,702,734,702,-0.65,14.2,0,0.24,OH-1 parallel with OH-2,T7,trafo 7 reversed,True
S01160,IEEE_CompTestFeeder,743,0,220,220,0.96369,0.97872,0.01503,0.90593,1.00536,0.91456,1.00796,0.0026,702,8.77,8.12,92.8,92.31,OH-1 parallel with OH-2,T1,4178.44,3902.22,-276.22,1690.21,1580.67,-109.54,442.35,386.13,-56.22,0,none,No violation,SAFE,734,702,734,702,-0.65,-0.5,240.0,0.24,OH-1 parallel with OH-2,T7,none,True
S01161,IEEE_CompTestFeeder,6251,9,142,151,1.00084,1.0901,0.08926,0.90606,1.00543,0.90776,1.0901,0.08468,625,8.75,33.32,92.79,92.61,SEC-2,T7,4168.71,4028.96,-139.75,1687.87,1661.21,-26.65,441.62,443.87,2.25,1,voltage,Max voltage 1.0901 pu at bus 625 exceeds 1.05,CONSTRAINED,734,702,734,625,24.57,-0.18,0,0.24,OH-1 parallel with OH-2,T7,line 30 0.057->-0.072 reversed,True
S01162,IEEE_CompTestFeeder,7392,0,65,65,0.98479,0.99033,0.00554,0.90593,1.00536,0.90835,1.00607,0.00071,702,8.77,8.59,92.8,92.53,OH-1 parallel with OH-2,T7,4178.44,4098.55,-79.89,1690.21,1660.48,-29.73,442.35,427.47,-14.89,1,caution,reverse flow,CAUTION,734,702,734,702,-0.19,-0.27,0,0.24,OH-1 parallel with OH-2,T7,line 26 0.041->-0.024 reversed,True
S01163,IEEE_CompTestFeeder,7392,0,106,106,0.98479,0.99374,0.00895,0.90593,1.00536,0.90983,1.0065,0.00114,702,8.77,8.47,92.8,92.45,OH-1 parallel with OH-2,T1,4178.44,4048.66,-129.79,1690.21,1642.75,-47.46,442.35,418.57,-23.79,1,caution,reverse flow,CAUTION,734,702,734,702,-0.3,-0.35,0,0.24,OH-1 parallel with OH-2,T7,line 26 0.041->-0.065 reversed,True
S01164,IEEE_CompTestFeeder,624,0,235,235,0.99457,1.07337,0.0788,0.90593,1.00536,0.90884,1.07337,0.068,624,8.77,52.67,92.8,92.49,SEC-1,T7,4178.44,3942.09,-236.35,1690.21,1644.27,-45.94,442.35,441.0,-1.35,1,voltage,Max voltage 1.0734 pu at bus 624 exceeds 1.05,CONSTRAINED,734,702,734,624,43.89,-0.31,0,0.24,OH-1 parallel with OH-2,T7,line 30 0.066->-0.153 reversed,True
S01165,IEEE_CompTestFeeder,7642,13,163,176,0.93821,0.9583,0.02009,0.90653,1.00556,0.91368,1.00781,0.00225,702,8.73,8.21,92.73,92.32,OH-1 parallel with OH-2,T1,4160.67,3943.47,-217.2,1681.72,1585.11,-96.6,437.58,383.38,-54.2,1,caution,reverse flow,CAUTION,734,702,734,702,-0.52,-0.41,0,0.24,OH-1 parallel with OH-2,T7,line 23 0.078->-0.084 reversed,True
S01166,IEEE_CompTestFeeder,723,0,198,198,0.99457,1.16638,0.17181,0.90593,1.00536,0.90801,1.16638,0.16102,623,8.77,40.84,92.8,92.58,SEC-4,T7,4178.44,3995.9,-182.54,1690.21,1661.08,-29.13,442.35,457.81,15.46,1,voltage,Max voltage 1.1664 pu at bus 623 exceeds 1.05,CONSTRAINED,734,702,734,623,32.06,-0.22,0,0.24,OH-1 parallel with OH-2,T7,line 30 0.066->-0.103 reversed,True
S01167,IEEE_CompTestFeeder,7121,0,47,47,0.95827,0.96032,0.00205,0.90593,1.00536,0.90627,1.00564,0.00027,702,8.77,8.77,92.8,92.77,OH-1 parallel with OH-2,T7,4178.44,4129.26,-49.18,1690.21,1680.2,-10.01,442.35,440.18,-2.18,0,none,No violation,SAFE,734,702,734,702,-0.0,-0.04,0,0.24,OH-1 parallel with OH-2,T7,none,True
S01168,IEEE_CompTestFeeder,739,5,15,20,0.98522,0.98651,0.00129,0.90612,1.00542,0.90668,1.00559,0.00017,702,8.76,8.72,92.78,92.72,OH-1 parallel with OH-2,T7,4172.26,4153.76,-18.51,1687.85,1680.85,-7.0,441.17,437.67,-3.51,0,none,No violation,SAFE,734,702,734,702,-0.04,-0.06,41.1,0.24,OH-1 parallel with OH-2,T7,none,True
S01169,IEEE_CompTestFeeder,6322,0,179,179,0.92107,0.93408,0.01301,0.90593,1.00536,0.91916,1.00708,0.00172,702,8.77,8.28,92.8,99.24,OH-1 parallel with OH-2,T4,4178.44,3964.16,-214.29,1690.21,1620.17,-70.04,442.35,407.07,-35.29,1,caution,trafo 99.2>=95.0%; reverse flow,CAUTION,734,702,734,702,-0.5,6.44,0,0.24,OH-1 parallel with OH-2,T7,trafo 3 reversed,True
S01170,IEEE_CompTestFeeder,6331,0,215,215,0.91349,1.00896,0.09547,0.90593,1.00536,0.9292,1.00896,0.0036,633,8.77,47.52,92.8,114.52,SEC-7,T4,4178.44,3939.26,-239.18,1690.21,1616.35,-73.86,442.35,418.17,-24.18,1,voltage_rise,Voltage rise at PV bus 6331 0.0955 pu exceeds 0.05,CONSTRAINED,734,702,735,633,38.75,21.71,0,0.24,OH-1 parallel with OH-2,T7,line 38 0.016->-0.184 reversed,True
S01171,IEEE_CompTestFeeder,723,7,86,93,1.00176,1.08231,0.08054,0.90603,1.00541,0.90708,1.08231,0.0769,623,8.76,20.67,92.79,92.68,SEC-6,T7,4170.88,4085.67,-85.21,1688.39,1671.52,-16.87,441.79,442.58,0.79,1,voltage,Max voltage 1.0823 pu at bus 623 exceeds 1.05,CONSTRAINED,734,702,734,623,11.91,-0.11,0,0.24,OH-1 parallel with OH-2,T7,line 30 0.059->-0.020 reversed,True
S01172,IEEE_CompTestFeeder,633,0,147,147,0.91349,0.98089,0.0674,0.90593,1.00536,0.92732,1.0067,0.00134,702,8.77,32.24,92.8,92.43,SEC-7,T1,4178.44,4009.97,-168.47,1690.21,1635.71,-54.5,442.35,420.88,-21.47,1,voltage_rise,Voltage rise at PV bus 633 0.0674 pu exceeds 0.05,CONSTRAINED,734,702,735,702,23.47,-0.37,0,0.24,OH-1 parallel with OH-2,T7,line 38 0.016->-0.124 reversed,True
S01173,IEEE_CompTestFeeder,6252,0,224,224,0.99457,1.13054,0.13597,0.90593,1.00536,0.90843,1.13054,0.12518,625,8.77,47.66,92.8,92.54,SEC-1,T7,4178.44,3965.04,-213.4,1690.21,1653.44,-36.77,442.35,452.95,10.6,1,voltage,Max voltage 1.1305 pu at bus 625 exceeds 1.05,CONSTRAINED,734,702,734,625,38.89,-0.27,0,0.24,OH-1 parallel with OH-2,T7,line 30 0.066->-0.132 reversed,True
S01174,IEEE_CompTestFeeder,764,0,239,239,0.93653,0.96559,0.02906,0.90593,1.00536,0.91625,1.00859,0.00322,702,8.77,8.02,92.8,134.34,OH-1 parallel with OH-2,T14,4178.44,3862.09,-316.35,1690.21,1552.31,-137.9,442.35,365.01,-77.35,1,transformer_loading,Transformer T14 loading 134.3% exceeds 100.0%,CONSTRAINED,734,702,734,702,-0.76,41.54,46.0,0.24,OH-1 parallel with OH-2,T7,line 23 0.091->-0.146 reversed,True
S01175,IEEE_CompTestFeeder,621,12,155,167,0.99895,1.05192,0.05298,0.9061,1.00545,0.9081,1.05192,0.04648,621,8.75,38.19,92.78,92.57,SEC-4,T7,4165.44,4006.9,-158.54,1687.07,1654.52,-32.55,441.35,437.81,-3.54,1,voltage,Max voltage 1.0519 pu at bus 621 exceeds 1.05,CONSTRAINED,734,702,734,621,29.44,-0.21,0,0.24,OH-1 parallel with OH-2,T7,line 30 0.054->-0.092 reversed,True
S01176,IEEE_CompTestFeeder,7642,4,111,115,0.93705,0.951,0.01395,0.90611,1.00542,0.91109,1.00701,0.00158,702,8.76,8.4,92.78,92.4,OH-1 parallel with OH-2,T1,4172.97,4023.58,-149.39,1687.58,1619.2,-68.38,440.88,402.49,-38.39,1,caution,reverse flow,CAUTION,734,702,734,702,-0.36,-0.38,0,0.24,OH-1 parallel with OH-2,T7,line 23 0.087->-0.024 reversed,True
S01177,IEEE_CompTestFeeder,724,0,155,155,0.99457,1.04804,0.05347,0.90593,1.00536,0.90796,1.04804,0.04267,624,8.77,35.58,92.8,92.59,SEC-1,T7,4178.44,4018.61,-159.83,1690.21,1656.56,-33.65,442.35,437.52,-4.83,1,voltage_rise,Voltage rise at PV bus 724 0.0535 pu exceeds 0.05,CONSTRAINED,734,702,734,624,26.8,-0.22,0,0.24,OH-1 parallel with OH-2,T7,line 30 0.066->-0.082 reversed,True
S01178,IEEE_CompTestFeeder,714,12,204,216,0.99113,0.99592,0.0048,0.90602,1.00544,0.9075,1.00662,0.00118,702,8.77,8.76,92.79,92.64,OH-1 parallel with OH-2,T7,4165.87,3953.26,-212.61,1687.46,1644.91,-42.55,441.78,433.17,-8.61,0,none,No violation,SAFE,734,702,734,702,-0.02,-0.16,240.0,0.208,OH-1 parallel with OH-2,T7,none,True
S01179,IEEE_CompTestFeeder,714,11,230,241,0.9911,0.99649,0.00539,0.90601,1.00543,0.90766,1.00675,0.00132,702,8.77,8.75,92.79,92.62,OH-1 parallel with OH-2,T7,4166.92,3927.34,-239.57,1687.69,1640.23,-47.46,441.83,432.26,-9.57,0,none,No violation,SAFE,734,702,734,702,-0.02,-0.18,240.0,0.208,OH-1 parallel with OH-2,T7,none,True
S01180,IEEE_CompTestFeeder,6222,7,103,110,0.99945,1.06595,0.0665,0.90603,1.00541,0.90733,1.06595,0.06053,622,8.76,24.82,92.79,92.65,SEC-5,T7,4170.86,4066.97,-103.89,1688.38,1667.16,-21.22,441.77,440.88,-0.89,1,voltage,Max voltage 1.0659 pu at bus 622 exceeds 1.05,CONSTRAINED,734,702,734,622,16.07,-0.14,0,0.24,OH-1 parallel with OH-2,T7,line 30 0.059->-0.037 reversed,True
S01181,IEEE_CompTestFeeder,7481,0,126,126,0.95588,0.96826,0.01239,0.90593,1.00536,0.91108,1.00694,0.00158,702,8.77,8.39,92.8,92.41,OH-1 parallel with OH-2,T1,4178.44,4016.51,-161.93,1690.21,1623.16,-67.05,442.35,406.42,-35.93,1,caution,reverse flow,CAUTION,734,702,734,702,-0.39,-0.4,0,0.24,OH-1 parallel with OH-2,T7,trafo 5 reversed,True
S01182,IEEE_CompTestFeeder,624,0,108,108,0.99457,1.03249,0.03792,0.90593,1.00536,0.9074,1.03249,0.02712,624,8.77,25.16,92.8,92.65,SEC-1,T7,4178.44,4065.33,-113.11,1690.21,1665.28,-24.93,442.35,437.24,-5.11,1,caution,max 1.0325>1.03; rise 0.0379>=0.03; reverse flow,CAUTION,734,702,734,624,16.39,-0.16,0,0.24,OH-1 parallel with OH-2,T7,line 30 0.066->-0.038 reversed,True
S01183,IEEE_CompTestFeeder,723,0,179,179,0.99457,1.15206,0.15749,0.90593,1.00536,0.90786,1.15206,0.1467,623,8.77,37.38,92.8,92.6,SEC-4,T7,4178.44,4011.23,-167.21,1690.21,1662.32,-27.89,442.35,454.14,11.79,1,voltage,Max voltage 1.1521 pu at bus 623 exceeds 1.05,CONSTRAINED,734,702,734,623,28.6,-0.21,0,0.24,OH-1 parallel with OH-2,T7,line 30 0.066->-0.089 reversed,True
S01184,IEEE_CompTestFeeder,6261,0,232,232,0.99457,1.19117,0.1966,0.90593,1.00536,0.90824,1.19117,0.18581,626,8.77,46.85,92.8,92.56,SEC-1,T7,4178.44,3969.31,-209.13,1690.21,1659.47,-30.74,442.35,465.23,22.87,1,voltage,Max voltage 1.1912 pu at bus 626 exceeds 1.05,CONSTRAINED,734,702,734,626,38.08,-0.25,0,0.24,OH-1 parallel with OH-2,T7,line 30 0.066->-0.128 reversed,True
S01185,IEEE_CompTestFeeder,6212,0,17,17,0.99457,1.00076,0.00619,0.90593,1.00536,0.90617,1.00548,0.00012,702,8.77,8.73,92.8,92.78,OH-1 parallel with OH-2,T7,4178.44,4160.06,-18.39,1690.21,1685.79,-4.42,442.35,440.97,-1.39,0,none,No violation,SAFE,734,702,734,702,-0.04,-0.03,0,0.24,OH-1 parallel with OH-2,T7,none,True
S01186,IEEE_CompTestFeeder,7392,8,10,18,0.98548,0.98634,0.00086,0.90623,1.00545,0.90661,1.00557,0.00011,702,8.75,8.72,92.77,92.73,OH-1 parallel with OH-2,T7,4168.56,4156.22,-12.34,1686.44,1681.78,-4.67,440.47,438.13,-2.34,0,none,No violation,SAFE,734,702,734,702,-0.03,-0.04,0,0.24,OH-1 parallel with OH-2,T7,none,True
S01187,IEEE_CompTestFeeder,6221,7,84,91,0.99945,1.05435,0.0549,0.90603,1.00541,0.90712,1.05435,0.04894,622,8.76,20.76,92.79,92.68,SEC-5,T7,4170.86,4085.17,-85.69,1688.38,1670.35,-18.03,441.77,440.08,-1.69,1,voltage,Max voltage 1.0544 pu at bus 622 exceeds 1.05,CONSTRAINED,734,702,734,622,12.0,-0.12,0,0.24,OH-1 parallel with OH-2,T7,line 30 0.059->-0.020 reversed,True
S01188,IEEE_CompTestFeeder,764,14,180,194,0.93834,0.9604,0.02207,0.90658,1.00557,0.91442,1.00803,0.00246,702,8.73,8.15,92.72,104.17,OH-1 parallel with OH-2,T14,4159.31,3920.08,-239.23,1681.07,1575.5,-105.57,437.22,377.99,-59.23,1,transformer_loading,Transformer T14 loading 104.2% exceeds 100.0%,CONSTRAINED,734,702,734,702,-0.58,11.45,46.0,0.24,OH-1 parallel with OH-2,T7,line 23 0.077->-0.102 reversed,True
S01189,IEEE_CompTestFeeder,714,6,39,45,0.99098,0.99192,0.00094,0.90597,1.0054,0.90627,1.00564,0.00024,702,8.77,8.77,92.8,92.77,OH-1 parallel with OH-2,T7,4172.16,4131.34,-40.82,1688.83,1680.05,-8.79,442.07,440.25,-1.82,0,none,No violation,SAFE,734,702,734,702,-0.0,-0.03,240.0,0.208,OH-1 parallel with OH-2,T7,none,True
S01190,IEEE_CompTestFeeder,772,10,203,213,0.93536,0.9566,0.02124,0.90639,1.00552,0.91539,1.00836,0.00285,702,8.74,8.09,92.75,92.27,OH-1 parallel with OH-2,T1,4164.73,3893.42,-271.31,1683.58,1561.03,-122.55,438.64,370.33,-68.31,1,caution,reverse flow,CAUTION,734,702,734,702,-0.65,-0.48,100.0,0.208,OH-1 parallel with OH-2,T7,line 21 0.090->-0.113 reversed,True
S01191,IEEE_CompTestFeeder,6211,0,111,111,0.99457,1.0335,0.03893,0.90593,1.00536,0.90743,1.0335,0.02813,621,8.77,25.84,92.8,92.64,SEC-4,T7,4178.44,4062.31,-116.13,1690.21,1664.69,-25.52,442.35,437.22,-5.13,1,caution,max 1.0335>1.03; rise 0.0389>=0.03; reverse flow,CAUTION,734,702,734,621,17.06,-0.16,0,0.24,OH-1 parallel with OH-2,T7,line 30 0.066->-0.041 reversed,True
S01192,IEEE_CompTestFeeder,712,0,59,59,0.95827,0.96084,0.00257,0.90593,1.00536,0.90636,1.00571,0.00034,702,8.77,8.77,92.8,92.76,OH-1 parallel with OH-2,T7,4178.44,4116.74,-61.7,1690.21,1677.75,-12.46,442.35,439.66,-2.7,0,none,No violation,SAFE,734,702,734,702,-0.0,-0.05,65.0,0.24,OH-1 parallel with OH-2,T7,none,True
S01193,IEEE_CompTestFeeder,6262,15,137,152,1.00985,1.13109,0.12124,0.90614,1.00985,0.90764,1.13109,0.12124,626,8.74,32.33,92.78,92.62,SEC-1,T7,4162.37,4033.66,-128.71,1686.4,1664.54,-21.86,441.28,449.58,8.29,1,voltage,Max voltage 1.1311 pu at bus 626 exceeds 1.05,CONSTRAINED,734,626,734,626,23.59,-0.16,0,0.24,OH-1 parallel with OH-2,T7,line 30 0.051->-0.068 reversed,True
S01194,IEEE_CompTestFeeder,6241,11,207,218,0.99859,1.0681,0.06951,0.90609,1.00544,0.90866,1.0681,0.06266,624,8.75,49.1,92.79,92.51,SEC-1,T7,4166.52,3958.05,-208.47,1687.33,1646.62,-40.7,441.43,439.97,-1.47,1,voltage,Max voltage 1.0681 pu at bus 624 exceeds 1.05,CONSTRAINED,734,702,734,624,40.35,-0.27,0,0.24,OH-1 parallel with OH-2,T7,line 30 0.055->-0.138 reversed,True
S01195,IEEE_CompTestFeeder,725,0,186,186,0.99457,1.10987,0.1153,0.90593,1.00536,0.9081,1.10987,0.10451,625,8.77,40.31,92.8,92.57,SEC-1,T7,4178.44,3997.75,-180.69,1690.21,1657.07,-33.14,442.35,447.67,5.31,1,voltage,Max voltage 1.1099 pu at bus 625 exceeds 1.05,CONSTRAINED,734,702,734,625,31.54,-0.23,0,0.24,OH-1 parallel with OH-2,T7,line 30 0.066->-0.101 reversed,True
S01196,IEEE_CompTestFeeder,7483,0,204,204,0.95588,0.97555,0.01968,0.90593,1.00536,0.91409,1.00783,0.00247,702,8.77,8.16,92.8,92.41,OH-1 parallel with OH-2,T8,4178.44,3918.46,-259.98,1690.21,1585.92,-104.29,442.35,386.38,-55.98,1,caution,reverse flow,CAUTION,734,702,734,702,-0.62,-0.39,0,0.24,OH-1 parallel with OH-2,T7,trafo 5 reversed,True
S01197,IEEE_CompTestFeeder,7643,3,49,52,0.93692,0.94319,0.00627,0.90607,1.00541,0.90831,1.00613,0.00072,702,8.76,8.6,92.79,92.51,OH-1 parallel with OH-2,T7,4174.33,4107.77,-66.56,1688.24,1656.97,-31.27,441.25,423.68,-17.56,0,none,No violation,SAFE,734,702,734,702,-0.16,-0.27,0,0.24,OH-1 parallel with OH-2,T7,none,True
S01198,IEEE_CompTestFeeder,732,6,219,225,0.92152,0.93725,0.01572,0.90639,1.00543,0.92237,1.00748,0.00206,702,8.76,8.16,92.78,131.34,OH-1 parallel with OH-2,T4,4171.15,3910.13,-261.02,1687.62,1604.44,-83.18,441.06,399.05,-42.02,1,transformer_loading,Transformer T4 loading 131.3% exceeds 100.0%,CONSTRAINED,734,702,734,702,-0.6,38.56,25.4,0.24,OH-1 parallel with OH-2,T7,trafo 3 reversed,True
S01199,IEEE_CompTestFeeder,632,0,121,121,0.92107,0.92999,0.00892,0.90593,1.00536,0.91499,1.00656,0.00119,702,8.77,8.44,92.8,92.44,OH-1 parallel with OH-2,T1,4178.44,4032.87,-145.57,1690.21,1641.29,-48.92,442.35,417.78,-24.57,1,caution,reverse flow,CAUTION,734,702,734,702,-0.34,-0.36,0,0.24,OH-1 parallel with OH-2,T7,trafo 3 reversed,True
S01200,IEEE_CompTestFeeder,626,14,55,69,1.00885,1.06111,0.05227,0.90613,1.00885,0.90682,1.06111,0.05227,626,8.74,15.64,92.78,92.71,SEC-3,T7,4163.43,4108.18,-55.24,1686.65,1675.32,-11.32,441.34,441.09,-0.24,0,voltage,Max voltage 1.0611 pu at bus 626 exceeds 1.05,CONSTRAINED,734,626,734,626,6.9,-0.07,0,0.24,OH-1 parallel with OH-2,T7,none,True
S01201,IEEE_CompTestFeeder,764,0,123,123,0.93653,0.95197,0.01544,0.90593,1.00536,0.91144,1.00711,0.00175,702,8.77,8.38,92.8,92.39,OH-1 parallel with OH-2,T1,4178.44,4013.0,-165.45,1690.21,1614.6,-75.61,442.35,399.91,-42.45,1,caution,reverse flow,CAUTION,734,702,734,702,-0.4,-0.41,46.0,0.24,OH-1 parallel with OH-2,T7,line 23 0.091->-0.032 reversed,True
S01202,IEEE_CompTestFeeder,7483,0,241,241,0.95588,0.97891,0.02304,0.90593,1.00536,0.91547,1.00824,0.00287,702,8.77,8.05,92.8,116.09,OH-1 parallel with OH-2,T8,4178.44,3872.51,-305.94,1690.21,1569.32,-120.89,442.35,377.42,-64.94,1,transformer_loading,Transformer T8 loading 116.1% exceeds 100.0%,CONSTRAINED,734,702,734,702,-0.72,23.29,0,0.24,OH-1 parallel with OH-2,T7,trafo 5 reversed,True
S01203,IEEE_CompTestFeeder,720,0,66,66,0.99457,0.99668,0.00211,0.90593,1.00536,0.90689,1.00581,0.00045,702,8.77,8.61,92.8,92.7,OH-1 parallel with OH-2,T7,4178.44,4106.77,-71.67,1690.21,1673.15,-17.06,442.35,436.68,-5.67,0,none,No violation,SAFE,734,702,734,702,-0.16,-0.1,66.0,0.24,OH-1 parallel with OH-2,T7,none,True
S01204,IEEE_CompTestFeeder,6241,0,119,119,0.99457,1.03617,0.04161,0.90593,1.00536,0.90753,1.03617,0.03081,624,8.77,27.63,92.8,92.63,SEC-1,T7,4178.44,4054.27,-124.17,1690.21,1663.13,-27.08,442.35,437.18,-5.17,1,caution,max 1.0362>1.03; rise 0.0416>=0.03; reverse flow,CAUTION,734,702,734,624,18.85,-0.17,0,0.24,OH-1 parallel with OH-2,T7,line 30 0.066->-0.049 reversed,True
S01205,IEEE_CompTestFeeder,728,10,155,165,0.93906,0.96787,0.02881,0.90619,1.00545,0.90987,1.00664,0.00119,702,8.75,8.35,92.78,178.04,OH-1 parallel with OH-2,T3,4166.78,3992.27,-174.5,1686.55,1640.36,-46.18,440.69,421.19,-19.5,1,transformer_loading,Transformer T3 loading 178.0% exceeds 100.0%,CONSTRAINED,734,702,734,702,-0.4,85.27,38.0,0.24,OH-1 parallel with OH-2,T7,trafo 2 reversed,True
S01206,IEEE_CompTestFeeder,7693,0,46,46,0.95408,0.96128,0.0072,0.90593,1.00536,0.90815,1.0061,0.00073,702,8.77,8.62,92.8,92.53,OH-1 parallel with OH-2,T7,4178.44,4114.46,-63.98,1690.21,1658.14,-32.07,442.35,424.38,-17.98,0,none,No violation,SAFE,734,702,734,702,-0.16,-0.27,0,0.24,OH-1 parallel with OH-2,T7,none,True
S01207,IEEE_CompTestFeeder,759,14,28,42,0.93915,0.9426,0.00346,0.90657,1.00557,0.90784,1.00598,0.0004,702,8.73,8.64,92.73,92.57,OH-1 parallel with OH-2,T7,4159.4,4121.54,-37.86,1681.23,1663.68,-17.55,437.31,427.45,-9.86,0,none,No violation,SAFE,734,702,734,702,-0.09,-0.15,35.0,0.24,OH-1 parallel with OH-2,T7,none,True
S01208,IEEE_CompTestFeeder,769,0,17,17,0.95408,0.95677,0.00269,0.90593,1.00536,0.90676,1.00564,0.00027,702,8.77,8.72,92.8,92.7,OH-1 parallel with OH-2,T7,4178.44,4154.67,-23.77,1690.21,1678.14,-12.07,442.35,435.59,-6.77,0,none,No violation,SAFE,734,702,734,702,-0.06,-0.1,41.0,0.24,OH-1 parallel with OH-2,T7,none,True
S01209,IEEE_CompTestFeeder,725,15,59,74,1.00497,1.04374,0.03877,0.90614,1.00547,0.90692,1.04374,0.03827,625,8.74,17.06,92.78,92.7,SEC-2,T7,4162.29,4101.8,-60.49,1686.35,1673.46,-12.89,441.2,439.71,-1.49,0,caution,max 1.0437>1.03; rise 0.0388>=0.03,CAUTION,734,702,734,625,8.32,-0.08,0,0.24,OH-1 parallel with OH-2,T7,none,True
S01210,IEEE_CompTestFeeder,740,0,178,178,0.98204,0.9968,0.01476,0.90593,1.00536,0.91244,1.00725,0.00189,702,8.77,8.27,92.8,92.38,OH-1 parallel with OH-2,T1,4178.44,3961.24,-217.2,1690.21,1611.77,-78.44,442.35,403.15,-39.2,1,caution,reverse flow,CAUTION,734,702,734,702,-0.51,-0.43,75.0,0.24,OH-1 parallel with OH-2,T7,line 25 0.117->-0.061 reversed,True
S01211,IEEE_CompTestFeeder,734,0,109,109,0.90593,0.99741,0.09149,0.90593,1.00536,0.92605,1.00635,0.00099,702,8.77,22.62,92.8,92.46,SEC-8,T1,4178.44,4054.9,-123.55,1690.21,1649.87,-40.34,442.35,427.81,-14.55,1,voltage_rise,Voltage rise at PV bus 734 0.0915 pu exceeds 0.05,CONSTRAINED,734,702,735,702,13.85,-0.34,15.85,0.24,OH-1 parallel with OH-2,T7,line 38 0.016->-0.086 reversed,True
S01212,IEEE_CompTestFeeder,7641,0,204,204,0.93653,0.96157,0.02504,0.90593,1.00536,0.91483,1.00816,0.00279,702,8.77,8.12,92.8,110.89,OH-1 parallel with OH-2,T14,4178.44,3907.13,-271.31,1690.21,1570.24,-119.97,442.35,375.05,-67.31,1,transformer_loading,Transformer T14 loading 110.9% exceeds 100.0%,CONSTRAINED,734,702,734,702,-0.65,18.08,0,0.24,OH-1 parallel with OH-2,T7,line 23 0.091->-0.112 reversed,True
S01213,IEEE_CompTestFeeder,621,0,38,38,0.99457,1.00829,0.01372,0.90593,1.00536,0.90647,1.00829,0.00292,621,8.77,9.07,92.8,92.75,SEC-4,T7,4178.44,4137.66,-40.78,1690.21,1680.6,-9.61,442.35,439.57,-2.78,0,none,No violation,SAFE,734,702,734,621,0.29,-0.06,0,0.24,OH-1 parallel with OH-2,T7,none,True
S01214,IEEE_CompTestFeeder,728,0,7,7,0.93707,0.93847,0.00139,0.90593,1.00536,0.90611,1.00543,6e-05,702,8.77,8.76,92.8,92.78,OH-1 parallel with OH-2,T7,4178.44,4170.27,-8.17,1690.21,1687.64,-2.57,442.35,441.18,-1.17,0,none,No violation,SAFE,734,702,734,702,-0.02,-0.02,38.0,0.24,OH-1 parallel with OH-2,T7,none,True
S01215,IEEE_CompTestFeeder,740,0,211,211,0.98204,0.99941,0.01737,0.90593,1.00536,0.91359,1.00757,0.00221,702,8.77,8.17,92.8,93.66,OH-1 parallel with OH-2,T5,4178.44,3921.73,-256.72,1690.21,1598.8,-91.41,442.35,396.64,-45.72,1,caution,reverse flow,CAUTION,734,702,734,702,-0.6,0.86,75.0,0.24,OH-1 parallel with OH-2,T7,line 25 0.117->-0.094 reversed,True
S01216,IEEE_CompTestFeeder,6201,14,169,183,0.99502,1.00033,0.00531,0.90613,1.00546,0.90854,1.00657,0.0011,702,8.74,8.58,92.78,92.53,OH-6,T7,4163.21,3980.47,-182.74,1686.51,1645.24,-41.27,441.12,427.39,-13.74,1,caution,reverse flow,CAUTION,734,702,734,702,-0.16,-0.26,0,0.24,OH-1 parallel with OH-2,T7,line 30 0.052->-0.117 reversed,True
S01217,IEEE_CompTestFeeder,764,0,101,101,0.93653,0.94928,0.01276,0.90593,1.00536,0.91048,1.00682,0.00145,702,8.77,8.45,92.8,92.42,OH-1 parallel with OH-2,T1,4178.44,4042.16,-136.28,1690.21,1627.37,-62.84,442.35,407.07,-35.28,1,caution,reverse flow,CAUTION,734,702,734,702,-0.33,-0.38,46.0,0.24,OH-1 parallel with OH-2,T7,line 24 0.046->-0.055 reversed,True
S01218,IEEE_CompTestFeeder,6222,0,60,60,0.99457,1.03482,0.04025,0.90593,1.00536,0.90674,1.03482,0.02946,622,8.77,13.95,92.8,92.72,SEC-5,T7,4178.44,4115.74,-62.7,1690.21,1676.22,-13.99,442.35,439.66,-2.7,0,caution,max 1.0348>1.03; rise 0.0403>=0.03,CAUTION,734,702,734,622,5.17,-0.09,0,0.24,OH-1 parallel with OH-2,T7,none,True
S01219,IEEE_CompTestFeeder,7391,0,138,138,0.98479,0.99636,0.01156,0.90593,1.00536,0.91097,1.00683,0.00146,702,8.77,8.38,92.8,92.42,OH-1 parallel with OH-2,T1,4178.44,4009.97,-168.47,1690.21,1629.44,-60.77,442.35,411.88,-30.47,1,caution,reverse flow,CAUTION,734,702,734,702,-0.39,-0.39,0,0.24,OH-1 parallel with OH-2,T7,line 25 0.117->-0.021 reversed,True
S01220,IEEE_CompTestFeeder,6252,0,6,6,0.99457,0.99876,0.00419,0.90593,1.00536,0.90601,1.00541,4e-05,702,8.77,8.76,92.8,92.79,OH-1 parallel with OH-2,T7,4178.44,4171.94,-6.5,1690.21,1688.64,-1.57,442.35,441.85,-0.5,0,none,No violation,SAFE,734,702,734,702,-0.01,-0.01,0,0.24,OH-1 parallel with OH-2,T7,none,True
S01221,IEEE_CompTestFeeder,7641,8,148,156,0.93756,0.95593,0.01837,0.9063,1.00548,0.91284,1.00755,0.00206,702,8.75,8.27,92.76,92.35,OH-1 parallel with OH-2,T1,4167.5,3969.59,-197.91,1684.97,1596.03,-88.94,439.41,389.5,-49.91,1,caution,reverse flow,CAUTION,734,702,734,702,-0.48,-0.41,0,0.24,OH-1 parallel with OH-2,T7,line 23 0.083->-0.064 reversed,True
S01222,IEEE_CompTestFeeder,769,0,32,32,0.95408,0.95911,0.00503,0.90593,1.00536,0.90748,1.00588,0.00051,702,8.77,8.67,92.8,92.61,OH-1 parallel with OH-2,T7,4178.44,4133.82,-44.62,1690.21,1667.71,-22.5,442.35,429.74,-12.62,0,none,No violation,SAFE,734,702,734,702,-0.11,-0.19,41.0,0.24,OH-1 parallel with OH-2,T7,none,True
S01223,IEEE_CompTestFeeder,7393,0,75,75,0.98479,0.99117,0.00638,0.90593,1.00536,0.90871,1.00618,0.00082,702,8.77,8.56,92.8,92.49,OH-1 parallel with OH-2,T7,4178.44,4086.35,-92.09,1690.21,1656.09,-34.12,442.35,425.26,-17.09,1,caution,reverse flow,CAUTION,734,702,734,702,-0.22,-0.31,0,0.24,OH-1 parallel with OH-2,T7,line 26 0.041->-0.034 reversed,True
S01224,IEEE_CompTestFeeder,6211,7,172,179,0.99713,1.05578,0.05865,0.90603,1.00541,0.90824,1.05578,0.05037,621,8.76,40.79,92.79,92.56,SEC-4,T7,4170.84,3995.27,-175.57,1688.37,1652.55,-35.82,441.76,438.18,-3.57,1,voltage,Max voltage 1.0558 pu at bus 621 exceeds 1.05,CONSTRAINED,734,702,734,621,32.03,-0.24,0,0.24,OH-1 parallel with OH-2,T7,line 30 0.059->-0.103 reversed,True
S01225,IEEE_CompTestFeeder,772,0,137,137,0.93426,0.94888,0.01461,0.90593,1.00536,0.91213,1.00735,0.00198,702,8.77,8.33,92.8,92.37,OH-1 parallel with OH-2,T1,4178.44,3993.47,-184.97,1690.21,1604.34,-85.87,442.35,394.39,-47.97,1,caution,reverse flow,CAUTION,734,702,734,702,-0.45,-0.44,100.0,0.208,OH-1 parallel with OH-2,T7,line 21 0.100->-0.037 reversed,True
S01226,IEEE_CompTestFeeder,748,15,224,239,0.95739,0.97873,0.02134,0.90656,1.00556,0.9154,1.00821,0.00265,702,8.73,8.06,92.73,114.81,OH-1 parallel with OH-2,T8,4158.92,3874.98,-283.94,1681.76,1570.2,-111.56,437.83,377.89,-59.94,1,transformer_loading,Transformer T8 loading 114.8% exceeds 100.0%,CONSTRAINED,734,702,734,702,-0.67,22.08,76.88,0.24,OH-1 parallel with OH-2,T7,trafo 5 reversed,True
S01227,IEEE_CompTestFeeder,6261,0,179,179,0.99457,1.15206,0.15749,0.90593,1.00536,0.90786,1.15206,0.1467,626,8.77,37.38,92.8,92.6,SEC-1,T7,4178.44,4011.23,-167.21,1690.21,1662.32,-27.89,442.35,454.14,11.79,1,voltage,Max voltage 1.1521 pu at bus 626 exceeds 1.05,CONSTRAINED,734,702,734,626,28.6,-0.21,0,0.24,OH-1 parallel with OH-2,T7,line 30 0.066->-0.089 reversed,True
S01228,IEEE_CompTestFeeder,722,13,132,145,1.0036,1.08664,0.08304,0.90612,1.00545,0.9077,1.08664,0.08118,622,8.74,32.1,92.78,92.61,SEC-5,T7,4164.42,4034.42,-130.01,1686.85,1662.01,-24.85,441.34,443.33,1.99,1,voltage,Max voltage 1.0866 pu at bus 622 exceeds 1.05,CONSTRAINED,734,702,734,622,23.36,-0.17,0,0.24,OH-1 parallel with OH-2,T7,line 30 0.053->-0.067 reversed,True
S01229,IEEE_CompTestFeeder,770,0,112,112,0.95062,0.96453,0.01392,0.90593,1.00536,0.91134,1.00714,0.00178,702,8.77,8.39,92.8,92.39,OH-1 parallel with OH-2,T1,4178.44,4023.34,-155.11,1690.21,1612.22,-77.99,442.35,399.25,-43.11,0,none,No violation,SAFE,734,702,734,702,-0.38,-0.41,450.0,0.24,OH-1 parallel with OH-2,T7,none,True
S01230,IEEE_CompTestFeeder,6261,0,14,14,0.99457,1.00885,0.01428,0.90593,1.00536,0.90613,1.00885,0.00348,626,8.77,8.74,92.8,92.78,OH-1 parallel with OH-2,T7,4178.44,4163.43,-15.02,1690.21,1686.65,-3.56,442.35,441.34,-1.02,0,none,No violation,SAFE,734,702,734,626,-0.03,-0.02,0,0.24,OH-1 parallel with OH-2,T7,none,True
S01231,IEEE_CompTestFeeder,732,0,187,187,0.92107,0.93463,0.01357,0.90593,1.00536,0.91972,1.00715,0.00179,702,8.77,8.26,92.8,104.83,OH-1 parallel with OH-2,T4,4178.44,3954.73,-223.71,1690.21,1617.37,-72.84,442.35,405.64,-36.71,1,transformer_loading,Transformer T4 loading 104.8% exceeds 100.0%,CONSTRAINED,734,702,734,702,-0.52,12.02,25.4,0.24,OH-1 parallel with OH-2,T7,trafo 3 reversed,True
S01232,IEEE_CompTestFeeder,740,0,168,168,0.98204,0.99601,0.01397,0.90593,1.00536,0.91209,1.00716,0.00179,702,8.77,8.29,92.8,92.39,OH-1 parallel with OH-2,T1,4178.44,3973.26,-205.18,1690.21,1615.79,-74.42,442.35,405.17,-37.18,1,caution,reverse flow,CAUTION,734,702,734,702,-0.48,-0.42,75.0,0.24,OH-1 parallel with OH-2,T7,line 25 0.117->-0.051 reversed,True
S01233,IEEE_CompTestFeeder,7392,13,96,109,0.98591,0.99399,0.00807,0.90642,1.00551,0.90994,1.00653,0.00102,702,8.74,8.46,92.75,92.45,OH-1 parallel with OH-2,T1,4162.39,4045.02,-117.37,1684.1,1641.48,-42.62,439.3,417.93,-21.37,1,caution,reverse flow,CAUTION,734,702,734,702,-0.28,-0.3,0,0.24,OH-1 parallel with OH-2,T7,line 26 0.028->-0.068 reversed,True
S01234,IEEE_CompTestFeeder,7483,0,48,48,0.95588,0.96069,0.00481,0.90593,1.00536,0.90793,1.00599,0.00062,702,8.77,8.63,92.8,92.56,OH-1 parallel with OH-2,T7,4178.44,4116.21,-62.23,1690.21,1663.62,-26.58,442.35,428.13,-14.23,0,none,No violation,SAFE,734,702,734,702,-0.15,-0.24,0,0.24,OH-1 parallel with OH-2,T7,none,True
S01235,IEEE_CompTestFeeder,730,0,125,125,0.94698,0.95217,0.0052,0.90593,1.00536,0.90909,1.00642,0.00106,702,8.77,8.45,92.8,92.47,OH-1 parallel with OH-2,T7,4178.44,4034.77,-143.68,1690.21,1647.88,-42.33,442.35,423.68,-18.68,1,caution,reverse flow,CAUTION,734,702,734,702,-0.33,-0.34,85.0,0.24,OH-1 parallel with OH-2,T7,line 31 0.085->-0.040 reversed,True
S01236,IEEE_CompTestFeeder,721,14,211,225,0.99967,1.07027,0.0706,0.90613,1.00546,0.90874,1.07027,0.06481,621,8.74,50.57,92.78,92.5,SEC-4,T7,4163.28,3951.46,-211.82,1686.56,1645.64,-40.92,441.2,440.37,-0.82,1,voltage,Max voltage 1.0703 pu at bus 621 exceeds 1.05,CONSTRAINED,734,702,734,621,41.83,-0.28,0,0.24,OH-1 parallel with OH-2,T7,line 30 0.052->-0.144 reversed,True
S01237,IEEE_CompTestFeeder,730,8,172,180,0.94731,0.9544,0.00708,0.90613,1.00543,0.91044,1.00687,0.00143,702,8.75,8.3,92.78,92.41,OH-1 parallel with OH-2,T1,4169.2,3972.07,-197.13,1687.37,1630.57,-56.8,441.11,415.98,-25.13,1,caution,reverse flow,CAUTION,734,702,734,702,-0.45,-0.37,85.0,0.24,OH-1 parallel with OH-2,T7,line 31 0.077->-0.095 reversed,True
S01238,IEEE_CompTestFeeder,712,0,62,62,0.95827,0.96097,0.0027,0.90593,1.00536,0.90638,1.00572,0.00036,702,8.77,8.77,92.8,92.76,OH-1 parallel with OH-2,T7,4178.44,4113.62,-64.83,1690.21,1677.14,-13.07,442.35,439.53,-2.83,0,none,No violation,SAFE,734,702,734,702,-0.01,-0.05,65.0,0.24,OH-1 parallel with OH-2,T7,none,True
S01239,IEEE_CompTestFeeder,6201,0,232,232,0.99457,1.00181,0.00725,0.90593,1.00536,0.90921,1.00686,0.0015,702,8.77,8.57,92.8,92.45,OH-6,T7,4178.44,3927.87,-250.57,1690.21,1634.42,-55.79,442.35,423.78,-18.57,1,caution,reverse flow,CAUTION,734,702,734,702,-0.2,-0.35,0,0.24,OH-1 parallel with OH-2,T7,line 30 0.066->-0.166 reversed,True
S01240,IEEE_CompTestFeeder,6212,0,154,154,0.99457,1.04771,0.05314,0.90593,1.00536,0.90795,1.04771,0.04235,621,8.77,35.36,92.8,92.59,SEC-4,T7,4178.44,4019.59,-158.85,1690.21,1656.73,-33.48,442.35,437.5,-4.85,1,voltage_rise,Voltage rise at PV bus 6212 0.0531 pu exceeds 0.05,CONSTRAINED,734,702,734,621,26.58,-0.22,0,0.24,OH-1 parallel with OH-2,T7,line 30 0.066->-0.081 reversed,True
S01241,IEEE_CompTestFeeder,770,0,35,35,0.95062,0.95504,0.00443,0.90593,1.00536,0.90765,1.00594,0.00057,702,8.77,8.65,92.8,92.59,OH-1 parallel with OH-2,T7,4178.44,4129.46,-48.98,1690.21,1665.05,-25.16,442.35,428.37,-13.98,0,none,No violation,SAFE,734,702,734,702,-0.12,-0.21,450.0,0.24,OH-1 parallel with OH-2,T7,none,True
S01242,IEEE_CompTestFeeder,7392,0,167,167,0.98479,0.99869,0.0139,0.90593,1.00536,0.91199,1.00711,0.00175,702,8.77,8.3,92.8,92.39,OH-1 parallel with OH-2,T1,4178.44,3975.1,-203.35,1690.21,1617.77,-72.44,442.35,406.01,-36.35,1,caution,reverse flow,CAUTION,734,702,734,702,-0.48,-0.41,0,0.24,OH-1 parallel with OH-2,T7,line 25 0.117->-0.050 reversed,True
S01243,IEEE_CompTestFeeder,708,0,54,54,0.95802,0.96004,0.00202,0.90593,1.00536,0.90632,1.00568,0.00031,702,8.77,8.77,92.8,92.76,OH-1 parallel with OH-2,T7,4178.44,4121.99,-56.45,1690.21,1678.72,-11.49,442.35,439.9,-2.45,0,none,No violation,SAFE,734,702,734,702,-0.0,-0.04,75.0,0.24,OH-1 parallel with OH-2,T7,none,True
S01244,IEEE_CompTestFeeder,7483,0,179,179,0.95588,0.97325,0.01737,0.90593,1.00536,0.91314,1.00755,0.00219,702,8.77,8.23,92.8,92.35,OH-1 parallel with OH-2,T1,4178.44,3949.71,-228.73,1690.21,1597.52,-92.69,442.35,392.63,-49.73,1,caution,reverse flow,CAUTION,734,702,734,702,-0.54,-0.46,0,0.24,OH-1 parallel with OH-2,T7,trafo 5 reversed,True
S01245,IEEE_CompTestFeeder,6242,0,110,110,0.99457,1.03316,0.03859,0.90593,1.00536,0.90742,1.03316,0.0278,624,8.77,25.61,92.8,92.64,SEC-1,T7,4178.44,4063.32,-115.13,1690.21,1664.89,-25.32,442.35,437.23,-5.13,1,caution,max 1.0332>1.03; rise 0.0386>=0.03; reverse flow,CAUTION,734,702,734,624,16.84,-0.16,0,0.24,OH-1 parallel with OH-2,T7,line 30 0.066->-0.040 reversed,True
S01246,IEEE_CompTestFeeder,626,5,40,45,0.99972,1.03899,0.03927,0.906,1.0054,0.90654,1.03899,0.03359,626,8.76,10.42,92.8,92.74,SEC-3,T7,4173.03,4131.61,-41.42,1688.9,1679.78,-9.12,441.94,440.52,-1.42,0,caution,max 1.0390>1.03; rise 0.0393>=0.03,CAUTION,734,702,734,626,1.66,-0.06,0,0.24,OH-1 parallel with OH-2,T7,none,True
S01247,IEEE_CompTestFeeder,733,0,150,150,0.91349,0.98216,0.06867,0.90593,1.00536,0.9274,1.00673,0.00136,702,8.77,32.93,92.8,92.43,SEC-7,T1,4178.44,4006.76,-171.68,1690.21,1634.79,-55.42,442.35,420.68,-21.68,1,voltage_rise,Voltage rise at PV bus 733 0.0687 pu exceeds 0.05,CONSTRAINED,734,702,735,702,24.16,-0.38,0,0.24,OH-1 parallel with OH-2,T7,line 38 0.016->-0.127 reversed,True
S01248,IEEE_CompTestFeeder,7122,0,225,225,0.95827,0.96778,0.00951,0.90593,1.00536,0.90745,1.00658,0.00121,702,8.77,8.76,92.8,92.64,OH-1 parallel with OH-2,T7,4178.44,3944.95,-233.49,1690.21,1647.72,-42.49,442.35,433.86,-8.49,1,caution,reverse flow,CAUTION,734,702,734,702,-0.02,-0.16,0,0.24,OH-1 parallel with OH-2,T7,line 28 0.145->-0.079 reversed,True
S01249,IEEE_CompTestFeeder,730,10,90,100,0.9474,0.95115,0.00375,0.90618,1.00545,0.90847,1.00622,0.00077,702,8.75,8.51,92.78,92.53,OH-1 parallel with OH-2,T7,4166.89,4063.37,-103.52,1686.67,1656.01,-30.66,440.8,427.28,-13.52,1,caution,reverse flow,CAUTION,734,702,734,702,-0.24,-0.24,85.0,0.24,OH-1 parallel with OH-2,T7,line 31 0.075->-0.015 reversed,True
S01250,IEEE_CompTestFeeder,728,0,19,19,0.93707,0.94084,0.00376,0.90593,1.00536,0.90642,1.00553,0.00017,702,8.77,8.72,92.8,92.75,OH-1 parallel with OH-2,T7,4178.44,4156.32,-22.12,1690.21,1683.33,-6.88,442.35,439.23,-3.12,0,none,No violation,SAFE,734,702,734,702,-0.05,-0.05,38.0,0.24,OH-1 parallel with OH-2,T7,none,True
S01251,IEEE_CompTestFeeder,620,0,58,58,0.99457,0.99643,0.00186,0.90593,1.00536,0.90677,1.00576,0.00039,702,8.77,8.63,92.8,92.71,OH-1 parallel with OH-2,T7,4178.44,4115.44,-63.0,1690.21,1675.17,-15.04,442.35,437.35,-5.0,0,none,No violation,SAFE,734,702,734,702,-0.14,-0.09,0,0.24,OH-1 parallel with OH-2,T7,none,True
S01252,IEEE_CompTestFeeder,726,0,45,45,0.99457,1.03899,0.04442,0.90593,1.00536,0.90654,1.03899,0.03363,626,8.77,10.42,92.8,92.74,SEC-3,T7,4178.44,4131.61,-46.83,1690.21,1679.78,-10.43,442.35,440.52,-1.83,0,caution,max 1.0390>1.03; rise 0.0444>=0.03,CAUTION,734,702,734,626,1.64,-0.07,0,0.24,OH-1 parallel with OH-2,T7,none,True
S01253,IEEE_CompTestFeeder,7481,15,27,42,0.95739,0.96009,0.0027,0.90656,1.00556,0.90768,1.00591,0.00035,702,8.73,8.64,92.73,92.59,OH-1 parallel with OH-2,T7,4158.92,4123.95,-34.97,1681.76,1666.88,-14.88,437.83,429.87,-7.97,0,none,No violation,SAFE,734,702,734,702,-0.08,-0.14,0,0.24,OH-1 parallel with OH-2,T7,none,True
S01254,IEEE_CompTestFeeder,6322,0,127,127,0.92107,0.93041,0.00935,0.90593,1.00536,0.91543,1.00661,0.00125,702,8.77,8.42,92.8,92.44,OH-1 parallel with OH-2,T1,4178.44,4025.73,-152.71,1690.21,1639.04,-51.17,442.35,416.64,-25.71,1,caution,reverse flow,CAUTION,734,702,734,702,-0.35,-0.36,0,0.24,OH-1 parallel with OH-2,T7,trafo 3 reversed,True
S01255,IEEE_CompTestFeeder,6251,0,141,141,0.99457,1.08431,0.08975,0.90593,1.00536,0.90766,1.08431,0.07895,625,8.77,31.28,92.8,92.62,SEC-2,T7,4178.44,4038.08,-140.36,1690.21,1662.55,-27.66,442.35,442.99,0.64,1,voltage,Max voltage 1.0843 pu at bus 625 exceeds 1.05,CONSTRAINED,734,702,734,625,22.51,-0.19,0,0.24,OH-1 parallel with OH-2,T7,line 30 0.066->-0.064 reversed,True
S01256,IEEE_CompTestFeeder,733,3,233,236,0.91498,1.01731,0.10233,0.90743,1.0054,0.92975,1.01731,0.01191,633,8.77,52.09,92.79,127.13,SEC-7,T4,4174.74,3918.18,-256.56,1688.89,1610.99,-77.9,441.66,418.1,-23.56,1,voltage_rise,Voltage rise at PV bus 733 0.1023 pu exceeds 0.05,CONSTRAINED,734,702,735,633,43.32,34.34,0,0.24,OH-1 parallel with OH-2,T7,line 38 0.013->-0.202 reversed,True
S01257,IEEE_CompTestFeeder,6211,11,53,64,0.99859,1.01743,0.01885,0.90609,1.00544,0.90683,1.01743,0.01199,621,8.75,15.13,92.79,92.71,SEC-4,T7,4166.52,4110.39,-56.13,1687.33,1674.57,-12.76,441.43,438.3,-3.13,0,none,No violation,SAFE,734,702,734,621,6.38,-0.08,0,0.24,OH-1 parallel with OH-2,T7,none,True
S01258,IEEE_CompTestFeeder,622,0,165,165,0.99457,1.0981,0.10353,0.90593,1.00536,0.9079,1.0981,0.09273,622,8.77,36.15,92.8,92.59,SEC-4,T7,4178.44,4016.34,-162.1,1690.21,1659.46,-30.75,442.35,445.26,2.9,1,voltage,Max voltage 1.0981 pu at bus 622 exceeds 1.05,CONSTRAINED,734,702,734,622,27.37,-0.21,0,0.24,OH-1 parallel with OH-2,T7,line 30 0.066->-0.084 reversed,True
S01259,IEEE_CompTestFeeder,751,0,229,229,0.96852,0.98478,0.01626,0.90593,1.00536,0.91495,1.00807,0.00271,702,8.77,8.09,92.8,92.3,OH-1 parallel with OH-2,T1,4178.44,3888.58,-289.86,1690.21,1576.28,-113.93,442.35,381.49,-60.86,0,none,No violation,SAFE,734,702,734,702,-0.69,-0.51,0,0.48,OH-1 parallel with OH-2,T7,none,True
S01260,IEEE_CompTestFeeder,6222,0,31,31,0.99457,1.0158,0.02124,0.90593,1.00536,0.90637,1.0158,0.01044,622,8.77,8.7,92.8,92.76,OH-1 parallel with OH-2,T7,4178.44,4145.42,-33.02,1690.21,1682.51,-7.7,442.35,440.34,-2.02,0,none,No violation,SAFE,734,702,734,622,-0.07,-0.05,0,0.24,OH-1 parallel with OH-2,T7,none,True
S01261,IEEE_CompTestFeeder,6251,0,83,83,0.99457,1.04939,0.05482,0.90593,1.00536,0.90703,1.04939,0.04402,625,8.77,19.03,92.8,92.69,SEC-2,T7,4178.44,4092.95,-85.49,1690.21,1671.78,-18.43,442.35,439.87,-2.49,1,voltage_rise,Voltage rise at PV bus 6251 0.0548 pu exceeds 0.05,CONSTRAINED,734,702,734,625,10.25,-0.12,0,0.24,OH-1 parallel with OH-2,T7,line 30 0.066->-0.013 reversed,True
S01262,IEEE_CompTestFeeder,726,0,16,16,0.99457,1.01085,0.01628,0.90593,1.00536,0.90616,1.01085,0.00548,626,8.77,8.74,92.8,92.78,OH-1 parallel with OH-2,T7,4178.44,4161.31,-17.13,1690.21,1686.16,-4.05,442.35,441.23,-1.13,0,none,No violation,SAFE,734,702,734,626,-0.04,-0.02,0,0.24,OH-1 parallel with OH-2,T7,none,True
S01263,IEEE_CompTestFeeder,772,10,191,201,0.93536,0.9554,0.02004,0.90639,1.00552,0.91489,1.00821,0.00269,702,8.74,8.12,92.75,92.28,OH-1 parallel with OH-2,T1,4164.73,3909.1,-255.63,1683.58,1567.68,-115.9,438.64,374.01,-64.63,1,caution,reverse flow,CAUTION,734,702,734,702,-0.62,-0.46,100.0,0.208,OH-1 parallel with OH-2,T7,line 21 0.090->-0.101 reversed,True
S01264,IEEE_CompTestFeeder,7642,0,91,91,0.93653,0.94805,0.01153,0.90593,1.00536,0.91005,1.00668,0.00131,702,8.77,8.48,92.8,92.43,OH-1 parallel with OH-2,T1,4178.44,4055.47,-122.97,1690.21,1633.28,-56.93,442.35,410.39,-31.97,1,caution,reverse flow,CAUTION,734,702,734,702,-0.3,-0.37,0,0.24,OH-1 parallel with OH-2,T7,line 24 0.046->-0.045 reversed,True
S01265,IEEE_CompTestFeeder,6331,5,92,97,0.91597,0.95911,0.04314,0.90842,1.00542,0.92581,1.00629,0.00088,702,8.76,20.5,92.78,92.47,SEC-7,T1,4172.29,4064.62,-107.66,1688.01,1652.1,-35.91,441.2,425.54,-15.66,1,caution,rise 0.0431>=0.03; reverse flow,CAUTION,734,702,735,702,11.74,-0.31,0,0.24,OH-1 parallel with OH-2,T7,line 38 0.011->-0.078 reversed,True
S01266,IEEE_CompTestFeeder,7481,0,53,53,0.95588,0.96118,0.00531,0.90593,1.00536,0.90814,1.00605,0.00068,702,8.77,8.61,92.8,92.53,OH-1 parallel with OH-2,T7,4178.44,4109.77,-68.67,1690.21,1660.93,-29.28,442.35,426.68,-15.67,0,none,No violation,SAFE,734,702,734,702,-0.16,-0.27,0,0.24,OH-1 parallel with OH-2,T7,none,True
S01267,IEEE_CompTestFeeder,726,15,108,123,1.00985,1.10766,0.09781,0.90614,1.00985,0.90738,1.10766,0.09781,626,8.74,26.71,92.78,92.65,SEC-1,T7,4162.37,4058.68,-103.69,1686.4,1667.58,-18.82,441.28,445.59,4.31,1,voltage,Max voltage 1.1077 pu at bus 626 exceeds 1.05,CONSTRAINED,734,626,734,626,17.97,-0.13,0,0.24,OH-1 parallel with OH-2,T7,line 30 0.051->-0.045 reversed,True
S01268,IEEE_CompTestFeeder,622,0,191,191,0.99457,1.11264,0.11807,0.90593,1.00536,0.90814,1.11264,0.10727,622,8.77,41.3,92.8,92.57,SEC-4,T7,4178.44,3993.38,-185.06,1690.21,1656.54,-33.67,442.35,448.29,5.94,1,voltage,Max voltage 1.1126 pu at bus 622 exceeds 1.05,CONSTRAINED,734,702,734,622,32.52,-0.24,0,0.24,OH-1 parallel with OH-2,T7,line 30 0.066->-0.105 reversed,True
S01269,IEEE_CompTestFeeder,721,0,10,10,0.99457,0.99822,0.00365,0.90593,1.00536,0.90607,1.00543,7e-05,702,8.77,8.75,92.8,92.79,OH-1 parallel with OH-2,T7,4178.44,4167.6,-10.84,1690.21,1687.59,-2.62,442.35,441.51,-0.84,0,none,No violation,SAFE,734,702,734,702,-0.02,-0.02,0,0.24,OH-1 parallel with OH-2,T7,none,True
S01270,IEEE_CompTestFeeder,7483,0,98,98,0.95588,0.96558,0.0097,0.90593,1.00536,0.90996,1.0066,0.00124,702,8.77,8.47,92.8,92.44,OH-1 parallel with OH-2,T1,4178.44,4052.1,-126.34,1690.21,1637.31,-52.9,442.35,414.02,-28.34,1,caution,reverse flow,CAUTION,734,702,734,702,-0.3,-0.36,0,0.24,OH-1 parallel with OH-2,T7,trafo 5 reversed,True
S01271,IEEE_CompTestFeeder,624,0,168,168,0.99457,1.05225,0.05768,0.90593,1.00536,0.90811,1.05225,0.04688,624,8.77,38.41,92.8,92.57,SEC-1,T7,4178.44,4005.92,-172.52,1690.21,1654.35,-35.86,442.35,437.84,-4.52,1,voltage,Max voltage 1.0522 pu at bus 624 exceeds 1.05,CONSTRAINED,734,702,734,624,29.63,-0.23,0,0.24,OH-1 parallel with OH-2,T7,line 30 0.066->-0.093 reversed,True
S01272,IEEE_CompTestFeeder,756,12,17,29,0.93745,0.93933,0.00188,0.90649,1.00555,0.90728,1.0058,0.00026,702,8.73,8.68,92.74,92.64,OH-1 parallel with OH-2,T7,4162.04,4138.9,-23.14,1682.22,1671.05,-11.17,437.96,431.81,-6.14,0,none,No violation,SAFE,734,702,734,702,-0.06,-0.1,155.0,0.208,OH-1 parallel with OH-2,T7,none,True
S01273,IEEE_CompTestFeeder,626,0,172,172,0.99457,1.1467,0.15213,0.90593,1.00536,0.90781,1.1467,0.14133,626,8.77,36.08,92.8,92.6,SEC-1,T7,4178.44,4016.97,-161.47,1690.21,1662.84,-27.37,442.35,452.88,10.53,1,voltage,Max voltage 1.1467 pu at bus 626 exceeds 1.05,CONSTRAINED,734,702,734,626,27.31,-0.2,0,0.24,OH-1 parallel with OH-2,T7,line 30 0.066->-0.083 reversed,True
S01274,IEEE_CompTestFeeder,622,0,34,34,0.99457,1.01781,0.02324,0.90593,1.00536,0.90641,1.01781,0.01244,622,8.77,8.69,92.8,92.75,OH-1 parallel with OH-2,T7,4178.44,4142.3,-36.14,1690.21,1681.82,-8.39,442.35,440.21,-2.14,0,none,No violation,SAFE,734,702,734,622,-0.08,-0.05,0,0.24,OH-1 parallel with OH-2,T7,none,True
S01275,IEEE_CompTestFeeder,6321,0,36,36,0.92107,0.92378,0.00271,0.90593,1.00536,0.90868,1.00573,0.00037,702,8.77,8.67,92.8,92.67,OH-1 parallel with OH-2,T7,4178.44,4134.81,-43.64,1690.21,1674.95,-15.26,442.35,434.72,-7.64,0,none,No violation,SAFE,734,702,734,702,-0.1,-0.14,0,0.24,OH-1 parallel with OH-2,T7,none,True
S01276,IEEE_CompTestFeeder,724,0,180,180,0.99457,1.0561,0.06153,0.90593,1.00536,0.90825,1.0561,0.05073,624,8.77,41.0,92.8,92.56,SEC-1,T7,4178.44,3994.3,-184.14,1690.21,1652.39,-37.82,442.35,438.22,-4.14,1,voltage,Max voltage 1.0561 pu at bus 624 exceeds 1.05,CONSTRAINED,734,702,734,624,32.23,-0.25,0,0.24,OH-1 parallel with OH-2,T7,line 30 0.066->-0.104 reversed,True
S01277,IEEE_CompTestFeeder,621,0,174,174,0.99457,1.05418,0.05961,0.90593,1.00536,0.90818,1.05418,0.04881,621,8.77,39.71,92.8,92.56,SEC-4,T7,4178.44,4000.1,-178.34,1690.21,1653.36,-36.85,442.35,438.02,-4.34,1,voltage,Max voltage 1.0542 pu at bus 621 exceeds 1.05,CONSTRAINED,734,702,734,621,30.93,-0.24,0,0.24,OH-1 parallel with OH-2,T7,line 30 0.066->-0.099 reversed,True
S01278,IEEE_CompTestFeeder,714,0,74,74,0.99084,0.99262,0.00178,0.90593,1.00536,0.90648,1.00581,0.00045,702,8.77,8.77,92.8,92.74,OH-1 parallel with OH-2,T7,4178.44,4101.04,-77.41,1690.21,1673.7,-16.51,442.35,438.95,-3.41,0,none,No violation,SAFE,734,702,734,702,-0.01,-0.06,240.0,0.208,OH-1 parallel with OH-2,T7,none,True
S01279,IEEE_CompTestFeeder,722,0,235,235,0.99457,1.13638,0.14182,0.90593,1.00536,0.90852,1.13638,0.13102,622,8.77,49.75,92.8,92.53,SEC-4,T7,4178.44,3955.78,-222.66,1690.21,1652.54,-37.67,442.35,454.7,12.34,1,voltage,Max voltage 1.1364 pu at bus 622 exceeds 1.05,CONSTRAINED,734,702,734,622,40.97,-0.28,0,0.24,OH-1 parallel with OH-2,T7,line 30 0.066->-0.140 reversed,True
S01280,IEEE_CompTestFeeder,715,0,163,163,0.99084,0.99471,0.00387,0.90593,1.00536,0.90713,1.00632,0.00096,702,8.77,8.76,92.8,92.68,OH-1 parallel with OH-2,T7,4178.44,4008.3,-170.14,1690.21,1655.22,-34.99,442.35,435.21,-7.14,0,none,No violation,SAFE,734,702,734,702,-0.01,-0.13,0,0.208,OH-1 parallel with OH-2,T7,none,True
S01281,IEEE_CompTestFeeder,720,0,205,205,0.99457,1.001,0.00643,0.90593,1.00536,0.90884,1.0067,0.00134,702,8.77,8.57,92.8,92.49,OH-6,T7,4178.44,3956.83,-221.61,1690.21,1640.32,-49.89,442.35,425.75,-16.61,1,caution,reverse flow,CAUTION,734,702,734,702,-0.2,-0.31,66.0,0.24,OH-1 parallel with OH-2,T7,line 30 0.066->-0.139 reversed,True
S01282,IEEE_CompTestFeeder,715,0,160,160,0.99084,0.99464,0.0038,0.90593,1.00536,0.90711,1.00631,0.00094,702,8.77,8.76,92.8,92.68,OH-1 parallel with OH-2,T7,4178.44,4011.42,-167.02,1690.21,1655.81,-34.4,442.35,435.33,-7.02,0,none,No violation,SAFE,734,702,734,702,-0.01,-0.13,0,0.208,OH-1 parallel with OH-2,T7,none,True
S01283,IEEE_CompTestFeeder,733,11,56,67,0.91892,0.94551,0.02659,0.9114,1.00548,0.92485,1.00603,0.00055,702,8.74,13.28,92.76,92.55,SEC-7,T7,4164.95,4098.64,-66.3,1685.41,1662.93,-22.48,439.86,429.56,-10.3,1,caution,reverse flow,CAUTION,734,702,735,702,4.53,-0.21,0,0.24,OH-1 parallel with OH-2,T7,trafo 3 reversed,True
S01284,IEEE_CompTestFeeder,6231,7,46,53,1.00176,1.04647,0.04471,0.90603,1.00541,0.90663,1.04647,0.04106,623,8.76,12.18,92.79,92.73,SEC-6,T7,4170.88,4123.69,-47.19,1688.39,1678.22,-10.17,441.79,440.61,-1.19,0,caution,max 1.0465>1.03; rise 0.0447>=0.03,CAUTION,734,702,734,623,3.43,-0.06,0,0.24,OH-1 parallel with OH-2,T7,none,True
S01285,IEEE_CompTestFeeder,625,0,238,238,0.99457,1.13797,0.1434,0.90593,1.00536,0.90855,1.13797,0.1326,625,8.77,50.31,92.8,92.52,SEC-1,T7,4178.44,3953.28,-225.17,1690.21,1652.31,-37.9,442.35,455.19,12.83,1,voltage,Max voltage 1.1380 pu at bus 625 exceeds 1.05,CONSTRAINED,734,702,734,625,41.54,-0.28,0,0.24,OH-1 parallel with OH-2,T7,line 30 0.066->-0.143 reversed,True
S01286,IEEE_CompTestFeeder,734,0,128,128,0.90593,1.01172,0.10579,0.90593,1.00536,0.92658,1.01172,0.00635,734,8.77,26.8,92.8,92.45,SEC-8,T1,4178.44,4035.51,-142.93,1690.21,1644.32,-45.89,442.35,427.43,-14.93,1,voltage_rise,Voltage rise at PV bus 734 0.1058 pu exceeds 0.05,CONSTRAINED,734,702,735,734,18.02,-0.35,15.85,0.24,OH-1 parallel with OH-2,T7,line 38 0.016->-0.103 reversed,True
S01287,IEEE_CompTestFeeder,6212,0,8,8,0.99457,0.99749,0.00292,0.90593,1.00536,0.90604,1.00542,5e-05,702,8.77,8.76,92.8,92.79,OH-1 parallel with OH-2,T7,4178.44,4169.76,-8.68,1690.21,1688.11,-2.1,442.35,441.67,-0.68,0,none,No violation,SAFE,734,702,734,702,-0.02,-0.01,0,0.24,OH-1 parallel with OH-2,T7,none,True
S01288,IEEE_CompTestFeeder,712,12,176,188,0.9588,0.96627,0.00747,0.90602,1.00544,0.90722,1.00639,0.00096,702,8.77,8.76,92.79,92.67,OH-1 parallel with OH-2,T7,4165.87,3983.02,-182.85,1687.6,1653.78,-33.82,441.78,434.93,-6.85,1,caution,reverse flow,CAUTION,734,702,734,702,-0.01,-0.13,65.0,0.24,OH-1 parallel with OH-2,T7,line 28 0.133->-0.043 reversed,True
S01289,IEEE_CompTestFeeder,7482,0,28,28,0.95588,0.9587,0.00282,0.90593,1.00536,0.9071,1.00573,0.00036,702,8.77,8.69,92.8,92.66,OH-1 parallel with OH-2,T7,4178.44,4142.06,-36.38,1690.21,1674.54,-15.67,442.35,433.97,-8.38,0,none,No violation,SAFE,734,702,734,702,-0.09,-0.14,0,0.24,OH-1 parallel with OH-2,T7,none,True
S01290,IEEE_CompTestFeeder,7641,0,190,190,0.93653,0.95994,0.02341,0.90593,1.00536,0.91426,1.00798,0.00262,702,8.77,8.17,92.8,101.48,OH-1 parallel with OH-2,T14,4178.44,3925.27,-253.18,1690.21,1577.62,-112.59,442.35,379.18,-63.18,1,transformer_loading,Transformer T14 loading 101.5% exceeds 100.0%,CONSTRAINED,734,702,734,702,-0.61,8.68,0,0.24,OH-1 parallel with OH-2,T7,line 23 0.091->-0.098 reversed,True
S01291,IEEE_CompTestFeeder,714,13,64,77,0.99115,0.99269,0.00154,0.90603,1.00544,0.90651,1.00583,0.00038,702,8.77,8.77,92.79,92.74,OH-1 parallel with OH-2,T7,4164.82,4097.9,-66.92,1687.23,1673.05,-14.18,441.74,438.82,-2.92,0,none,No violation,SAFE,734,702,734,702,-0.01,-0.05,240.0,0.208,OH-1 parallel with OH-2,T7,none,True
S01292,IEEE_CompTestFeeder,7122,7,72,79,0.95858,0.9617,0.00312,0.90598,1.00541,0.9065,1.00582,0.00041,702,8.77,8.77,92.8,92.74,OH-1 parallel with OH-2,T7,4171.1,4095.91,-75.2,1688.68,1673.74,-14.94,442.02,438.82,-3.2,1,caution,reverse flow,CAUTION,734,702,734,702,-0.01,-0.06,0,0.24,OH-1 parallel with OH-2,T7,line 29 0.058->-0.014 reversed,True
S01293,IEEE_CompTestFeeder,7391,0,213,213,0.98479,1.00234,0.01755,0.90593,1.00536,0.91357,1.00755,0.00219,702,8.77,8.17,92.8,115.04,OH-1 parallel with OH-2,T6,4178.44,3920.15,-258.29,1690.21,1600.01,-90.2,442.35,397.06,-45.29,1,transformer_loading,Transformer T6 loading 115.0% exceeds 100.0%,CONSTRAINED,734,702,734,702,-0.6,22.24,0,0.24,OH-1 parallel with OH-2,T7,line 25 0.117->-0.095 reversed,True
S01294,IEEE_CompTestFeeder,728,7,97,104,0.93847,0.95696,0.01849,0.90611,1.00543,0.90851,1.00622,0.00079,702,8.76,8.5,92.78,97.85,OH-1 parallel with OH-2,T3,4170.27,4059.59,-110.68,1687.64,1656.28,-31.36,441.18,427.5,-13.68,1,caution,trafo 97.8>=95.0%; reverse flow,CAUTION,734,702,734,702,-0.25,5.06,38.0,0.24,OH-1 parallel with OH-2,T7,trafo 2 reversed,True
S01295,IEEE_CompTestFeeder,6202,0,34,34,0.99457,0.99566,0.00109,0.90593,1.00536,0.90643,1.0056,0.00023,702,8.77,8.69,92.8,92.75,OH-1 parallel with OH-2,T7,4178.44,4141.48,-36.96,1690.21,1681.3,-8.91,442.35,439.39,-2.96,0,none,No violation,SAFE,734,702,734,702,-0.08,-0.05,0,0.24,OH-1 parallel with OH-2,T7,none,True
S01296,IEEE_CompTestFeeder,714,3,7,10,0.99091,0.99108,0.00017,0.90595,1.00538,0.906,1.00543,4e-05,702,8.77,8.77,92.8,92.8,OH-1 parallel with OH-2,T7,4175.3,4167.97,-7.33,1689.52,1687.92,-1.6,442.21,441.88,-0.33,0,none,No violation,SAFE,734,702,734,702,-0.0,-0.01,240.0,0.208,OH-1 parallel with OH-2,T7,none,True
S01297,IEEE_CompTestFeeder,722,0,48,48,0.99457,1.02705,0.03248,0.90593,1.00536,0.90659,1.02705,0.02168,622,8.77,11.24,92.8,92.73,SEC-5,T7,4178.44,4127.89,-50.55,1690.21,1678.72,-11.49,442.35,439.8,-2.55,0,caution,rise 0.0325>=0.03,CAUTION,734,702,734,622,2.47,-0.07,0,0.24,OH-1 parallel with OH-2,T7,none,True
S01298,IEEE_CompTestFeeder,6212,0,117,117,0.99457,1.03551,0.04094,0.90593,1.00536,0.90751,1.03551,0.03014,621,8.77,27.18,92.8,92.63,SEC-4,T7,4178.44,4056.28,-122.17,1690.21,1663.52,-26.69,442.35,437.19,-5.17,1,caution,max 1.0355>1.03; rise 0.0409>=0.03; reverse flow,CAUTION,734,702,734,621,18.41,-0.17,0,0.24,OH-1 parallel with OH-2,T7,line 30 0.066->-0.047 reversed,True
S01299,IEEE_CompTestFeeder,762,4,100,104,0.93683,0.94937,0.01253,0.90611,1.00542,0.91061,1.00686,0.00143,702,8.76,8.44,92.78,92.42,OH-1 parallel with OH-2,T1,4172.97,4038.18,-134.78,1687.59,1625.64,-61.95,440.88,406.1,-34.78,1,caution,reverse flow,CAUTION,734,702,734,702,-0.33,-0.36,45.0,0.48,OH-1 parallel with OH-2,T7,line 23 0.087->-0.013 reversed,True
S01300,IEEE_CompTestFeeder,6221,0,107,107,0.99457,1.06413,0.06957,0.90593,1.00536,0.9073,1.06413,0.05877,623,8.77,24.19,92.8,92.66,SEC-5,T7,4178.44,4069.82,-108.62,1690.21,1667.64,-22.57,442.35,440.73,-1.62,1,voltage,Max voltage 1.0641 pu at bus 623 exceeds 1.05,CONSTRAINED,734,702,734,623,15.41,-0.15,0,0.24,OH-1 parallel with OH-2,T7,line 30 0.066->-0.034 reversed,True
S01301,IEEE_CompTestFeeder,6261,7,218,225,1.00176,1.18615,0.18439,0.90603,1.00541,0.90819,1.18615,0.18074,626,8.76,45.63,92.79,92.56,SEC-1,T7,4170.88,3974.7,-196.18,1688.39,1659.74,-28.65,441.79,463.61,21.82,1,voltage,Max voltage 1.1861 pu at bus 626 exceeds 1.05,CONSTRAINED,734,702,734,626,36.87,-0.23,0,0.24,OH-1 parallel with OH-2,T7,line 30 0.059->-0.123 reversed,True
S01302,IEEE_CompTestFeeder,6251,0,127,127,0.99457,1.0761,0.08153,0.90593,1.00536,0.90752,1.0761,0.07074,625,8.77,28.39,92.8,92.63,SEC-2,T7,4178.44,4051.01,-127.44,1690.21,1664.54,-25.67,442.35,441.92,-0.44,1,voltage,Max voltage 1.0761 pu at bus 625 exceeds 1.05,CONSTRAINED,734,702,734,625,19.62,-0.17,0,0.24,OH-1 parallel with OH-2,T7,line 30 0.066->-0.052 reversed,True
S01303,IEEE_CompTestFeeder,6321,0,209,209,0.92107,0.93615,0.01508,0.90593,1.00536,0.92126,1.00735,0.00198,702,8.77,8.2,92.8,120.18,OH-1 parallel with OH-2,T4,4178.44,3928.88,-249.56,1690.21,1609.81,-80.4,442.35,401.79,-40.56,1,transformer_loading,Transformer T4 loading 120.2% exceeds 100.0%,CONSTRAINED,734,702,734,702,-0.58,27.38,0,0.24,OH-1 parallel with OH-2,T7,trafo 3 reversed,True
S01304,IEEE_CompTestFeeder,726,0,183,183,0.99457,1.15511,0.16054,0.90593,1.00536,0.90789,1.15511,0.14974,626,8.77,38.11,92.8,92.59,SEC-1,T7,4178.44,4007.97,-170.47,1690.21,1662.04,-28.17,442.35,454.88,12.53,1,voltage,Max voltage 1.1551 pu at bus 626 exceeds 1.05,CONSTRAINED,734,702,734,626,29.34,-0.21,0,0.24,OH-1 parallel with OH-2,T7,line 30 0.066->-0.092 reversed,True
S01305,IEEE_CompTestFeeder,632,5,31,36,0.92145,0.92378,0.00233,0.90631,1.00542,0.90868,1.00573,0.00032,702,8.76,8.67,92.78,92.67,OH-1 parallel with OH-2,T7,4172.36,4134.81,-37.56,1688.05,1674.95,-13.1,441.28,434.72,-6.56,0,none,No violation,SAFE,734,702,734,702,-0.09,-0.12,0,0.24,OH-1 parallel with OH-2,T7,none,True
S01306,IEEE_CompTestFeeder,6321,10,210,220,0.92183,0.9369,0.01508,0.9067,1.00547,0.92203,1.00744,0.00197,702,8.75,8.17,92.76,127.85,OH-1 parallel with OH-2,T4,4166.29,3915.99,-250.31,1685.91,1606.11,-79.8,440.21,399.9,-40.31,1,transformer_loading,Transformer T4 loading 127.9% exceeds 100.0%,CONSTRAINED,734,702,734,702,-0.58,35.09,0,0.24,OH-1 parallel with OH-2,T7,trafo 3 reversed,True
S01307,IEEE_CompTestFeeder,6332,0,102,102,0.91349,0.96133,0.04784,0.90593,1.00536,0.92597,1.00634,0.00097,702,8.77,21.7,92.8,92.47,SEC-7,T1,4178.44,4059.05,-119.4,1690.21,1650.37,-39.84,442.35,424.96,-17.4,1,caution,rise 0.0478>=0.03; reverse flow,CAUTION,734,702,735,702,12.92,-0.34,0,0.24,OH-1 parallel with OH-2,T7,line 38 0.016->-0.083 reversed,True
S01308,IEEE_CompTestFeeder,716,10,16,26,0.98339,0.9924,0.00901,0.90601,1.00543,0.90613,1.00553,0.0001,702,8.77,8.77,92.79,92.78,OH-1 parallel with OH-2,T7,4167.83,4151.12,-16.71,1687.77,1684.18,-3.58,441.75,441.03,-0.71,0,none,No violation,SAFE,734,702,734,702,-0.0,-0.01,15.85,0.48,OH-1 parallel with OH-2,T7,none,True
S01309,IEEE_CompTestFeeder,633,0,85,85,0.91349,0.95372,0.04023,0.90593,1.00536,0.92543,1.00619,0.00082,702,8.77,17.62,92.8,92.49,SEC-7,T7,4178.44,4078.11,-100.33,1690.21,1656.34,-33.87,442.35,427.03,-15.33,1,caution,rise 0.0402>=0.03; reverse flow,CAUTION,734,702,735,702,8.85,-0.31,0,0.24,OH-1 parallel with OH-2,T7,line 38 0.016->-0.067 reversed,True
S01310,IEEE_CompTestFeeder,621,13,139,152,0.99931,1.04706,0.04775,0.90612,1.00545,0.90793,1.04706,0.04161,621,8.74,34.92,92.78,92.59,SEC-4,T7,4164.36,4021.55,-142.81,1686.81,1657.08,-29.73,441.27,437.46,-3.81,1,caution,max 1.0471>1.03; rise 0.0477>=0.03; reverse flow,CAUTION,734,702,734,621,26.18,-0.19,0,0.24,OH-1 parallel with OH-2,T7,line 30 0.053->-0.079 reversed,True
S01311,IEEE_CompTestFeeder,740,13,228,241,0.98316,1.00175,0.01859,0.90642,1.00551,0.91461,1.00786,0.00235,702,8.74,8.09,92.75,112.89,OH-1 parallel with OH-2,T5,4162.34,3886.0,-276.34,1683.98,1587.41,-96.57,439.25,390.91,-48.34,1,transformer_loading,Transformer T5 loading 112.9% exceeds 100.0%,CONSTRAINED,734,702,734,702,-0.64,20.14,75.0,0.24,OH-1 parallel with OH-2,T7,line 25 0.103->-0.124 reversed,True
S01312,IEEE_CompTestFeeder,6221,0,181,181,0.99457,1.10709,0.11252,0.90593,1.00536,0.90805,1.10709,0.10173,622,8.77,39.33,92.8,92.58,SEC-4,T7,4178.44,4002.14,-176.3,1690.21,1657.61,-32.6,442.35,447.06,4.7,1,voltage,Max voltage 1.1071 pu at bus 622 exceeds 1.05,CONSTRAINED,734,702,734,622,30.55,-0.23,0,0.24,OH-1 parallel with OH-2,T7,line 30 0.066->-0.097 reversed,True
S01313,IEEE_CompTestFeeder,751,0,174,174,0.96852,0.98096,0.01245,0.90593,1.00536,0.91284,1.00745,0.00208,702,8.77,8.25,92.8,92.36,OH-1 parallel with OH-2,T1,4178.44,3957.3,-221.14,1690.21,1602.22,-87.99,442.35,395.21,-47.14,0,none,No violation,SAFE,734,702,734,702,-0.52,-0.45,0,0.48,OH-1 parallel with OH-2,T7,none,True
S01314,IEEE_CompTestFeeder,6251,0,216,216,0.99457,1.12626,0.13169,0.90593,1.00536,0.90836,1.12626,0.12089,625,8.77,46.14,92.8,92.54,SEC-1,T7,4178.44,3971.83,-206.61,1690.21,1654.13,-36.08,442.35,451.75,9.39,1,voltage,Max voltage 1.1263 pu at bus 625 exceeds 1.05,CONSTRAINED,734,702,734,625,37.36,-0.26,0,0.24,OH-1 parallel with OH-2,T7,line 30 0.066->-0.125 reversed,True
S01315,IEEE_CompTestFeeder,626,0,244,244,0.99457,1.19968,0.20511,0.90593,1.00536,0.90832,1.19968,0.19432,626,8.77,48.93,92.8,92.55,SEC-1,T7,4178.44,3960.18,-218.27,1690.21,1659.07,-31.14,442.35,468.09,25.73,1,voltage,Max voltage 1.1997 pu at bus 626 exceeds 1.05,CONSTRAINED,734,702,734,626,40.15,-0.26,0,0.24,OH-1 parallel with OH-2,T7,line 30 0.066->-0.136 reversed,True
S01316,IEEE_CompTestFeeder,725,0,125,125,0.99457,1.07492,0.08035,0.90593,1.00536,0.9075,1.07492,0.06955,625,8.77,27.97,92.8,92.64,SEC-2,T7,4178.44,4052.87,-125.57,1690.21,1664.84,-25.37,442.35,441.78,-0.57,1,voltage,Max voltage 1.0749 pu at bus 625 exceeds 1.05,CONSTRAINED,734,702,734,625,19.2,-0.17,0,0.24,OH-1 parallel with OH-2,T7,line 30 0.066->-0.050 reversed,True
S01317,IEEE_CompTestFeeder,7482,4,197,201,0.95628,0.97528,0.019,0.9061,1.00542,0.91398,1.0078,0.00238,702,8.76,8.17,92.78,92.32,OH-1 parallel with OH-2,T1,4173.23,3922.2,-251.03,1687.94,1587.29,-100.65,441.14,387.12,-54.03,1,caution,reverse flow,CAUTION,734,702,734,702,-0.6,-0.46,0,0.24,OH-1 parallel with OH-2,T7,trafo 5 reversed,True
S01318,IEEE_CompTestFeeder,7481,0,89,89,0.95588,0.96471,0.00883,0.90593,1.00536,0.9096,1.0065,0.00113,702,8.77,8.5,92.8,92.45,OH-1 parallel with OH-2,T1,4178.44,4063.59,-114.85,1690.21,1641.94,-48.27,442.35,416.5,-25.85,1,caution,reverse flow,CAUTION,734,702,734,702,-0.27,-0.35,0,0.24,OH-1 parallel with OH-2,T7,trafo 5 reversed,True
S01319,IEEE_CompTestFeeder,764,0,62,62,0.93653,0.94445,0.00792,0.90593,1.00536,0.90876,1.00627,0.00091,702,8.77,8.57,92.8,92.47,OH-1 parallel with OH-2,T1,4178.44,4094.3,-84.14,1690.21,1650.79,-39.42,442.35,420.22,-22.14,1,caution,reverse flow,CAUTION,734,702,734,702,-0.2,-0.33,46.0,0.24,OH-1 parallel with OH-2,T7,line 24 0.046->-0.016 reversed,True
S01320,IEEE_CompTestFeeder,7693,0,108,108,0.95408,0.97064,0.01656,0.90593,1.00536,0.91103,1.00703,0.00166,702,8.77,8.41,92.8,92.4,OH-1 parallel with OH-2,T1,4178.44,4029.85,-148.59,1690.21,1617.7,-72.51,442.35,401.76,-40.59,1,caution,reverse flow,CAUTION,734,702,734,702,-0.36,-0.4,0,0.24,OH-1 parallel with OH-2,T7,trafo 7 reversed,True
S01321,IEEE_CompTestFeeder,748,0,118,118,0.95588,0.9675,0.01163,0.90593,1.00536,0.91076,1.00685,0.00148,702,8.77,8.41,92.8,92.42,OH-1 parallel with OH-2,T1,4178.44,4026.66,-151.79,1690.21,1627.16,-63.05,442.35,408.57,-33.79,1,caution,reverse flow,CAUTION,734,702,734,702,-0.36,-0.39,76.88,0.24,OH-1 parallel with OH-2,T7,trafo 5 reversed,True
S01322,IEEE_CompTestFeeder,7121,0,132,132,0.95827,0.96395,0.00568,0.90593,1.00536,0.90686,1.00611,0.00074,702,8.77,8.76,92.8,92.7,OH-1 parallel with OH-2,T7,4178.44,4040.87,-137.57,1690.21,1663.64,-26.57,442.35,436.79,-5.57,1,caution,reverse flow,CAUTION,734,702,734,702,-0.01,-0.1,0,0.24,OH-1 parallel with OH-2,T7,line 29 0.065->-0.067 reversed,True
S01323,IEEE_CompTestFeeder,622,0,110,110,0.99457,1.06595,0.07138,0.90593,1.00536,0.90733,1.06595,0.06058,622,8.77,24.82,92.8,92.65,SEC-5,T7,4178.44,4066.97,-111.47,1690.21,1667.16,-23.05,442.35,440.88,-1.47,1,voltage,Max voltage 1.0659 pu at bus 622 exceeds 1.05,CONSTRAINED,734,702,734,622,16.05,-0.15,0,0.24,OH-1 parallel with OH-2,T7,line 30 0.066->-0.037 reversed,True
S01324,IEEE_CompTestFeeder,624,0,5,5,0.99457,0.9964,0.00183,0.90593,1.00536,0.906,1.0054,3e-05,702,8.77,8.76,92.8,92.8,OH-1 parallel with OH-2,T7,4178.44,4173.01,-5.43,1690.21,1688.89,-1.32,442.35,441.92,-0.43,0,none,No violation,SAFE,734,702,734,702,-0.01,-0.01,0,0.24,OH-1 parallel with OH-2,T7,none,True
S01325,IEEE_CompTestFeeder,712,12,168,180,0.9588,0.96594,0.00714,0.90602,1.00544,0.90717,1.00635,0.00092,702,8.77,8.76,92.79,92.67,OH-1 parallel with OH-2,T7,4165.87,3991.26,-174.6,1687.6,1655.14,-32.46,441.78,435.18,-6.6,1,caution,reverse flow,CAUTION,734,702,734,702,-0.01,-0.12,65.0,0.24,OH-1 parallel with OH-2,T7,line 28 0.133->-0.035 reversed,True
S01326,IEEE_CompTestFeeder,772,11,57,68,0.93547,0.94163,0.00616,0.90644,1.00553,0.90906,1.00637,0.00084,702,8.74,8.55,92.74,92.46,OH-1 parallel with OH-2,T1,4163.36,4085.86,-77.5,1682.92,1646.28,-36.64,438.27,417.77,-20.5,0,none,No violation,SAFE,734,702,734,702,-0.19,-0.28,100.0,0.208,OH-1 parallel with OH-2,T7,none,True
S01327,IEEE_CompTestFeeder,7122,8,216,224,0.95862,0.96774,0.00912,0.90599,1.00541,0.90744,1.00657,0.00116,702,8.77,8.76,92.8,92.64,OH-1 parallel with OH-2,T7,4170.06,3945.98,-224.08,1688.46,1647.88,-40.59,441.97,433.89,-8.08,1,caution,reverse flow,CAUTION,734,702,734,702,-0.02,-0.16,0,0.24,OH-1 parallel with OH-2,T7,line 28 0.137->-0.078 reversed,True
S01328,IEEE_CompTestFeeder,626,10,89,99,1.00481,1.08747,0.08266,0.90607,1.00543,0.90715,1.08747,0.08204,626,8.75,21.9,92.79,92.67,SEC-2,T7,4167.67,4080.17,-87.5,1687.63,1670.66,-16.97,441.58,443.09,1.5,1,voltage,Max voltage 1.0875 pu at bus 626 exceeds 1.05,CONSTRAINED,734,702,734,626,13.15,-0.11,0,0.24,OH-1 parallel with OH-2,T7,line 30 0.056->-0.025 reversed,True
S01329,IEEE_CompTestFeeder,7392,8,188,196,0.98548,1.001,0.01552,0.90623,1.00545,0.91299,1.00739,0.00194,702,8.75,8.22,92.77,103.96,OH-1 parallel with OH-2,T6,4168.56,3940.4,-228.15,1686.44,1606.47,-79.97,440.47,400.32,-40.15,1,transformer_loading,Transformer T6 loading 104.0% exceeds 100.0%,CONSTRAINED,734,702,734,702,-0.53,11.19,0,0.24,OH-1 parallel with OH-2,T7,line 25 0.108->-0.079 reversed,True
S01330,IEEE_CompTestFeeder,7121,0,199,199,0.95827,0.96672,0.00845,0.90593,1.00536,0.90729,1.00645,0.00108,702,8.77,8.76,92.8,92.66,OH-1 parallel with OH-2,T7,4178.44,3971.69,-206.76,1690.21,1651.94,-38.27,442.35,434.6,-7.76,1,caution,reverse flow,CAUTION,734,702,734,702,-0.02,-0.15,0,0.24,OH-1 parallel with OH-2,T7,line 28 0.145->-0.053 reversed,True
S01331,IEEE_CompTestFeeder,740,0,95,95,0.98204,0.99007,0.00803,0.90593,1.00536,0.90948,1.00641,0.00104,702,8.77,8.5,92.8,92.46,OH-1 parallel with OH-2,T1,4178.44,4061.64,-116.8,1690.21,1646.52,-43.69,442.35,420.56,-21.8,1,caution,reverse flow,CAUTION,734,702,734,702,-0.27,-0.34,75.0,0.24,OH-1 parallel with OH-2,T7,trafo 9 reversed,True
S01332,IEEE_CompTestFeeder,770,0,100,100,0.95062,0.96308,0.01246,0.90593,1.00536,0.91077,1.00696,0.0016,702,8.77,8.43,92.8,92.41,OH-1 parallel with OH-2,T1,4178.44,4039.73,-138.71,1690.21,1620.23,-69.98,442.35,403.64,-38.71,0,none,No violation,SAFE,734,702,734,702,-0.34,-0.4,450.0,0.24,OH-1 parallel with OH-2,T7,none,True
S01333,IEEE_CompTestFeeder,715,0,47,47,0.99084,0.99197,0.00114,0.90593,1.00536,0.90628,1.00565,0.00029,702,8.77,8.77,92.8,92.77,OH-1 parallel with OH-2,T7,4178.44,4129.25,-49.19,1690.21,1679.6,-10.61,442.35,440.16,-2.19,0,none,No violation,SAFE,734,702,734,702,-0.0,-0.04,0,0.208,OH-1 parallel with OH-2,T7,none,True
S01334,IEEE_CompTestFeeder,7482,0,188,188,0.95588,0.97408,0.0182,0.90593,1.00536,0.91348,1.00765,0.00229,702,8.77,8.2,92.8,92.34,OH-1 parallel with OH-2,T1,4178.44,3938.44,-240.0,1690.21,1593.3,-96.91,442.35,390.36,-52.0,1,caution,reverse flow,CAUTION,734,702,734,702,-0.57,-0.47,0,0.24,OH-1 parallel with OH-2,T7,trafo 5 reversed,True
S01335,IEEE_CompTestFeeder,6262,0,161,161,0.99457,1.13817,0.1436,0.90593,1.00536,0.90772,1.13817,0.1328,626,8.77,34.03,92.8,92.61,SEC-1,T7,4178.44,4026.1,-152.34,1690.21,1663.74,-26.47,442.35,451.01,8.66,1,voltage,Max voltage 1.1382 pu at bus 626 exceeds 1.05,CONSTRAINED,734,702,734,626,25.25,-0.19,0,0.24,OH-1 parallel with OH-2,T7,line 30 0.066->-0.075 reversed,True
S01336,IEEE_CompTestFeeder,733,0,243,243,0.91349,1.02006,0.10657,0.90593,1.00536,0.92993,1.02006,0.0147,633,8.77,53.6,92.8,131.3,SEC-7,T4,4178.44,3911.23,-267.21,1690.21,1609.26,-80.95,442.35,418.14,-24.21,1,voltage_rise,Voltage rise at PV bus 733 0.1066 pu exceeds 0.05,CONSTRAINED,734,702,735,633,44.82,38.49,0,0.24,OH-1 parallel with OH-2,T7,line 38 0.016->-0.208 reversed,True
S01337,IEEE_CompTestFeeder,6252,0,216,216,0.99457,1.12626,0.13169,0.90593,1.00536,0.90836,1.12626,0.12089,625,8.77,46.14,92.8,92.54,SEC-1,T7,4178.44,3971.83,-206.61,1690.21,1654.13,-36.08,442.35,451.75,9.39,1,voltage,Max voltage 1.1263 pu at bus 625 exceeds 1.05,CONSTRAINED,734,702,734,625,37.36,-0.26,0,0.24,OH-1 parallel with OH-2,T7,line 30 0.066->-0.125 reversed,True
S01338,IEEE_CompTestFeeder,732,4,198,202,0.92137,0.93567,0.0143,0.90623,1.00541,0.92077,1.00729,0.00188,702,8.76,8.22,92.79,115.3,OH-1 parallel with OH-2,T4,4173.58,3937.09,-236.49,1688.48,1612.19,-76.29,441.49,403.01,-38.49,1,transformer_loading,Transformer T4 loading 115.3% exceeds 100.0%,CONSTRAINED,734,702,734,702,-0.55,22.51,25.4,0.24,OH-1 parallel with OH-2,T7,trafo 3 reversed,True
S01339,IEEE_CompTestFeeder,6321,0,167,167,0.92107,0.93324,0.01217,0.90593,1.00536,0.9183,1.00698,0.00161,702,8.77,8.31,92.8,92.4,OH-1 parallel with OH-2,T1,4178.44,3978.32,-200.12,1690.21,1624.42,-65.79,442.35,409.23,-33.12,1,caution,reverse flow,CAUTION,734,702,734,702,-0.46,-0.4,0,0.24,OH-1 parallel with OH-2,T7,trafo 3 reversed,True
S01340,IEEE_CompTestFeeder,720,10,122,132,0.99489,0.99876,0.00386,0.90607,1.00543,0.90783,1.00624,0.00081,702,8.75,8.59,92.79,92.6,OH-6,T7,4167.56,4035.41,-132.16,1687.56,1657.04,-30.52,441.47,431.32,-10.16,1,caution,reverse flow,CAUTION,734,702,734,702,-0.16,-0.19,66.0,0.24,OH-1 parallel with OH-2,T7,line 30 0.056->-0.066 reversed,True
S01341,IEEE_CompTestFeeder,7483,0,132,132,0.95588,0.96883,0.01296,0.90593,1.00536,0.91131,1.00701,0.00165,702,8.77,8.37,92.8,92.4,OH-1 parallel with OH-2,T1,4178.44,4008.91,-169.53,1690.21,1620.19,-70.02,442.35,404.82,-37.53,1,caution,reverse flow,CAUTION,734,702,734,702,-0.4,-0.4,0,0.24,OH-1 parallel with OH-2,T7,trafo 5 reversed,True
S01342,IEEE_CompTestFeeder,620,0,17,17,0.99457,0.99512,0.00055,0.90593,1.00536,0.90618,1.00548,0.00012,702,8.77,8.73,92.8,92.78,OH-1 parallel with OH-2,T7,4178.44,4159.95,-18.49,1690.21,1685.72,-4.49,442.35,440.86,-1.49,0,none,No violation,SAFE,734,702,734,702,-0.04,-0.03,0,0.24,OH-1 parallel with OH-2,T7,none,True
S01343,IEEE_CompTestFeeder,7693,12,128,140,0.95598,0.97533,0.01935,0.90652,1.00556,0.91247,1.00748,0.00192,702,8.73,8.31,92.73,92.36,OH-1 parallel with OH-2,T1,4161.65,3986.87,-174.78,1681.67,1598.02,-83.65,437.56,390.78,-46.78,1,caution,reverse flow,CAUTION,734,702,734,702,-0.43,-0.38,0,0.24,OH-1 parallel with OH-2,T7,trafo 7 reversed,True
S01344,IEEE_CompTestFeeder,7641,5,182,187,0.93718,0.95959,0.02241,0.90616,1.00544,0.91413,1.00795,0.00251,702,8.76,8.17,92.78,99.47,OH-1 parallel with OH-2,T14,4171.6,3929.16,-242.44,1686.93,1579.21,-107.72,440.51,380.07,-60.44,1,caution,trafo 99.5>=95.0%; reverse flow,CAUTION,734,702,734,702,-0.58,6.69,0,0.24,OH-1 parallel with OH-2,T7,line 23 0.086->-0.095 reversed,True
S01345,IEEE_CompTestFeeder,728,5,31,36,0.93807,0.94415,0.00608,0.90606,1.00541,0.90686,1.00568,0.00027,702,8.76,8.68,92.79,92.7,OH-1 parallel with OH-2,T7,4172.6,4136.69,-35.91,1688.37,1677.44,-10.93,441.51,436.6,-4.91,0,none,No violation,SAFE,734,702,734,702,-0.08,-0.09,38.0,0.24,OH-1 parallel with OH-2,T7,none,True
S01346,IEEE_CompTestFeeder,6251,0,160,160,0.99457,1.09526,0.10069,0.90593,1.00536,0.90785,1.09526,0.08989,625,8.77,35.14,92.8,92.6,SEC-1,T7,4178.44,4020.83,-157.61,1690.21,1660.07,-30.14,442.35,444.74,2.39,1,voltage,Max voltage 1.0953 pu at bus 625 exceeds 1.05,CONSTRAINED,734,702,734,625,26.37,-0.21,0,0.24,OH-1 parallel with OH-2,T7,line 30 0.066->-0.080 reversed,True
S01347,IEEE_CompTestFeeder,6211,0,103,103,0.99457,1.0308,0.03623,0.90593,1.00536,0.90733,1.0308,0.02544,621,8.77,24.04,92.8,92.65,SEC-4,T7,4178.44,4070.39,-108.06,1690.21,1666.28,-23.93,442.35,437.3,-5.06,1,caution,max 1.0308>1.03; rise 0.0362>=0.03; reverse flow,CAUTION,734,702,734,621,15.26,-0.15,0,0.24,OH-1 parallel with OH-2,T7,line 30 0.066->-0.034 reversed,True
S01348,IEEE_CompTestFeeder,6321,14,200,214,0.92213,0.93649,0.01437,0.907,1.00551,0.92161,1.00739,0.00188,702,8.74,8.18,92.75,123.67,OH-1 parallel with OH-2,T4,4161.44,3923.01,-238.42,1684.2,1608.12,-76.08,439.35,400.93,-38.42,1,transformer_loading,Transformer T4 loading 123.7% exceeds 100.0%,CONSTRAINED,734,702,734,702,-0.55,30.92,0,0.24,OH-1 parallel with OH-2,T7,trafo 3 reversed,True
S01349,IEEE_CompTestFeeder,751,0,92,92,0.96852,0.97517,0.00665,0.90593,1.00536,0.90963,1.00649,0.00112,702,8.77,8.5,92.8,92.45,OH-1 parallel with OH-2,T1,4178.44,4060.79,-117.66,1690.21,1642.53,-47.68,442.35,416.7,-25.66,0,none,No violation,SAFE,734,702,734,702,-0.28,-0.35,0,0.48,OH-1 parallel with OH-2,T7,none,True
S01350,IEEE_CompTestFeeder,770,0,39,39,0.95062,0.95554,0.00493,0.90593,1.00536,0.90785,1.006,0.00064,702,8.77,8.64,92.8,92.57,OH-1 parallel with OH-2,T7,4178.44,4123.89,-54.55,1690.21,1662.22,-27.99,442.35,426.8,-15.55,0,none,No violation,SAFE,734,702,734,702,-0.13,-0.23,450.0,0.24,OH-1 parallel with OH-2,T7,none,True
S01351,IEEE_CompTestFeeder,722,0,184,184,0.99457,1.10876,0.11419,0.90593,1.00536,0.90808,1.10876,0.1034,622,8.77,39.92,92.8,92.57,SEC-4,T7,4178.44,3999.51,-178.94,1690.21,1657.28,-32.93,442.35,447.42,5.06,1,voltage,Max voltage 1.1088 pu at bus 622 exceeds 1.05,CONSTRAINED,734,702,734,622,31.15,-0.23,0,0.24,OH-1 parallel with OH-2,T7,line 30 0.066->-0.099 reversed,True
S01352,IEEE_CompTestFeeder,7641,0,184,184,0.93653,0.95924,0.02271,0.90593,1.00536,0.91401,1.00791,0.00254,702,8.77,8.18,92.8,97.45,OH-1 parallel with OH-2,T14,4178.44,3933.06,-245.38,1690.21,1580.81,-109.4,442.35,380.97,-61.38,1,caution,trafo 97.5>=95.0%; reverse flow,CAUTION,734,702,734,702,-0.59,4.65,0,0.24,OH-1 parallel with OH-2,T7,line 23 0.091->-0.092 reversed,True
S01353,IEEE_CompTestFeeder,7693,14,193,207,0.9563,0.98485,0.02855,0.90661,1.00559,0.91537,1.00839,0.0028,702,8.73,8.1,92.72,112.93,OH-1 parallel with OH-2,T22,4158.86,3898.28,-260.57,1680.25,1559.27,-120.98,436.77,369.2,-67.57,1,transformer_loading,Transformer T22 loading 112.9% exceeds 100.0%,CONSTRAINED,734,702,734,702,-0.63,20.21,0,0.24,OH-1 parallel with OH-2,T7,trafo 7 reversed,True
S01354,IEEE_CompTestFeeder,7693,0,56,56,0.95408,0.96282,0.00874,0.90593,1.00536,0.90863,1.00625,0.00089,702,8.77,8.58,92.8,92.48,OH-1 parallel with OH-2,T1,4178.44,4100.69,-77.75,1690.21,1651.4,-38.81,442.35,420.61,-21.75,1,caution,reverse flow,CAUTION,734,702,734,702,-0.19,-0.33,0,0.24,OH-1 parallel with OH-2,T7,trafo 7 reversed,True
S01355,IEEE_CompTestFeeder,6222,5,186,191,0.99806,1.11264,0.11457,0.906,1.0054,0.90814,1.11264,0.10724,622,8.76,41.3,92.8,92.57,SEC-4,T7,4173.02,3993.38,-179.64,1688.9,1656.54,-32.36,441.93,448.29,6.36,1,voltage,Max voltage 1.1126 pu at bus 622 exceeds 1.05,CONSTRAINED,734,702,734,622,32.53,-0.23,0,0.24,OH-1 parallel with OH-2,T7,line 30 0.061->-0.105 reversed,True
S01356,IEEE_CompTestFeeder,728,0,182,182,0.93707,0.97082,0.03375,0.90593,1.00536,0.91024,1.00675,0.00138,702,8.77,8.31,92.8,200.49,OH-1 parallel with OH-2,T3,4178.44,3973.81,-204.64,1690.21,1636.42,-53.79,442.35,419.72,-22.64,1,transformer_loading,Transformer T3 loading 200.5% exceeds 100.0%,CONSTRAINED,734,702,734,702,-0.46,107.69,38.0,0.24,OH-1 parallel with OH-2,T7,trafo 2 reversed,True
S01357,IEEE_CompTestFeeder,6211,15,95,110,1.00004,1.03316,0.03312,0.90615,1.00547,0.90742,1.03316,0.02769,621,8.74,25.61,92.78,92.64,SEC-4,T7,4162.21,4063.32,-98.89,1686.3,1664.89,-21.41,441.12,437.23,-3.89,1,caution,max 1.0332>1.03; rise 0.0331>=0.03; reverse flow,CAUTION,734,702,734,621,16.87,-0.14,0,0.24,OH-1 parallel with OH-2,T7,line 30 0.051->-0.040 reversed,True
S01358,IEEE_CompTestFeeder,7393,0,246,246,0.98479,1.00491,0.02012,0.90593,1.00536,0.91468,1.00786,0.00249,702,8.77,8.08,92.8,136.52,OH-1 parallel with OH-2,T6,4178.44,3881.0,-297.44,1690.21,1587.83,-102.38,442.35,390.91,-51.44,1,transformer_loading,Transformer T6 loading 136.5% exceeds 100.0%,CONSTRAINED,734,702,734,702,-0.69,43.72,0,0.24,OH-1 parallel with OH-2,T7,line 25 0.117->-0.128 reversed,True
S01359,IEEE_CompTestFeeder,7691,0,221,221,0.95408,0.98679,0.03271,0.90593,1.00536,0.91596,1.00857,0.00321,702,8.77,8.05,92.8,122.12,OH-1 parallel with OH-2,T22,4178.44,3880.01,-298.43,1690.21,1551.58,-138.63,442.35,364.92,-77.43,1,transformer_loading,Transformer T22 loading 122.1% exceeds 100.0%,CONSTRAINED,734,702,734,702,-0.72,29.31,0,0.24,OH-1 parallel with OH-2,T7,trafo 7 reversed,True
S01360,IEEE_CompTestFeeder,6322,11,32,43,0.9219,0.9243,0.0024,0.90677,1.00548,0.90921,1.0058,0.00032,702,8.74,8.65,92.76,92.64,OH-1 parallel with OH-2,T7,4165.08,4126.35,-38.73,1685.48,1672.05,-13.43,439.99,433.27,-6.73,0,none,No violation,SAFE,734,702,734,702,-0.09,-0.12,0,0.24,OH-1 parallel with OH-2,T7,none,True
S01361,IEEE_CompTestFeeder,623,0,18,18,0.99457,1.01284,0.01828,0.90593,1.00536,0.90618,1.01284,0.00748,623,8.77,8.73,92.8,92.78,OH-1 parallel with OH-2,T7,4178.44,4159.21,-19.23,1690.21,1685.68,-4.53,442.35,441.13,-1.23,0,none,No violation,SAFE,734,702,734,623,-0.04,-0.03,0,0.24,OH-1 parallel with OH-2,T7,none,True
S01362,IEEE_CompTestFeeder,632,0,197,197,0.92107,0.93533,0.01426,0.90593,1.00536,0.92042,1.00724,0.00188,702,8.77,8.23,92.8,111.81,OH-1 parallel with OH-2,T4,4178.44,3942.97,-235.47,1690.21,1613.91,-76.3,442.35,403.88,-38.47,1,transformer_loading,Transformer T4 loading 111.8% exceeds 100.0%,CONSTRAINED,734,702,734,702,-0.54,19.0,0,0.24,OH-1 parallel with OH-2,T7,trafo 3 reversed,True
S01363,IEEE_CompTestFeeder,725,13,69,82,1.0036,1.04876,0.04517,0.90612,1.00545,0.90701,1.04876,0.04331,625,8.74,18.81,92.78,92.69,SEC-2,T7,4164.42,4093.93,-70.49,1686.85,1671.97,-14.89,441.34,439.84,-1.49,1,caution,max 1.0488>1.03; rise 0.0452>=0.03; reverse flow,CAUTION,734,702,734,625,10.07,-0.1,0,0.24,OH-1 parallel with OH-2,T7,line 30 0.053->-0.012 reversed,True
S01364,IEEE_CompTestFeeder,723,14,205,219,1.00885,1.18181,0.17297,0.90613,1.00885,0.90815,1.18181,0.17297,623,8.74,44.58,92.78,92.57,SEC-4,T7,4163.43,3979.35,-184.07,1686.65,1659.99,-26.65,441.34,462.27,20.93,1,voltage,Max voltage 1.1818 pu at bus 623 exceeds 1.05,CONSTRAINED,734,623,734,623,35.84,-0.22,0,0.24,OH-1 parallel with OH-2,T7,line 30 0.052->-0.118 reversed,True
S01365,IEEE_CompTestFeeder,770,0,143,143,0.95062,0.96826,0.01765,0.90593,1.00536,0.91278,1.00761,0.00225,702,8.77,8.29,92.8,92.34,OH-1 parallel with OH-2,T1,4178.44,3981.22,-197.22,1690.21,1591.88,-98.33,442.35,388.13,-54.22,0,none,No violation,SAFE,734,702,734,702,-0.48,-0.46,450.0,0.24,OH-1 parallel with OH-2,T7,none,True
S01366,IEEE_CompTestFeeder,624,0,120,120,0.99457,1.03651,0.04194,0.90593,1.00536,0.90754,1.03651,0.03114,624,8.77,27.85,92.8,92.63,SEC-1,T7,4178.44,4053.27,-125.17,1690.21,1662.94,-27.27,442.35,437.18,-5.17,1,caution,max 1.0365>1.03; rise 0.0419>=0.03; reverse flow,CAUTION,734,702,734,624,19.08,-0.17,0,0.24,OH-1 parallel with OH-2,T7,line 30 0.066->-0.049 reversed,True
S01367,IEEE_CompTestFeeder,715,0,177,177,0.99084,0.99503,0.00419,0.90593,1.00536,0.90723,1.0064,0.00104,702,8.77,8.76,92.8,92.66,OH-1 parallel with OH-2,T7,4178.44,3993.75,-184.69,1690.21,1652.44,-37.77,442.35,434.66,-7.69,0,none,No violation,SAFE,734,702,734,702,-0.02,-0.14,0,0.208,OH-1 parallel with OH-2,T7,none,True
S01368,IEEE_CompTestFeeder,740,11,104,115,0.98299,0.99172,0.00873,0.90635,1.00549,0.9102,1.00662,0.00113,702,8.74,8.44,92.76,92.44,OH-1 parallel with OH-2,T1,4164.81,4037.31,-127.5,1684.93,1637.87,-47.07,439.72,416.23,-23.5,1,caution,reverse flow,CAUTION,734,702,734,702,-0.3,-0.32,75.0,0.24,OH-1 parallel with OH-2,T7,trafo 9 reversed,True
S01369,IEEE_CompTestFeeder,748,0,208,208,0.95588,0.97592,0.02004,0.90593,1.00536,0.91424,1.00788,0.00251,702,8.77,8.15,92.8,94.95,OH-1 parallel with OH-2,T8,4178.44,3913.48,-264.96,1690.21,1584.09,-106.12,442.35,385.39,-56.96,1,caution,reverse flow,CAUTION,734,702,734,702,-0.63,2.15,76.88,0.24,OH-1 parallel with OH-2,T7,trafo 5 reversed,True
S01370,IEEE_CompTestFeeder,6242,0,249,249,0.99457,1.07766,0.0831,0.90593,1.00536,0.90898,1.07766,0.0723,624,8.77,55.58,92.8,92.48,SEC-1,T7,4178.44,3929.06,-249.38,1690.21,1642.42,-47.79,442.35,441.97,-0.38,1,voltage,Max voltage 1.0777 pu at bus 624 exceeds 1.05,CONSTRAINED,734,702,734,624,46.81,-0.33,0,0.24,OH-1 parallel with OH-2,T7,line 30 0.066->-0.165 reversed,True
S01371,IEEE_CompTestFeeder,6202,3,8,11,0.99467,0.99492,0.00026,0.90597,1.00539,0.90609,1.00544,6e-05,702,8.77,8.75,92.8,92.79,OH-1 parallel with OH-2,T7,4175.18,4166.47,-8.7,1689.41,1687.3,-2.11,442.09,441.39,-0.7,0,none,No violation,SAFE,734,702,734,702,-0.02,-0.01,0,0.24,OH-1 parallel with OH-2,T7,none,True
S01372,IEEE_CompTestFeeder,756,0,227,227,0.93612,0.96005,0.02394,0.90593,1.00536,0.91596,1.00854,0.00318,702,8.77,8.05,92.8,92.25,OH-1 parallel with OH-2,T1,4178.44,3876.27,-302.17,1690.21,1553.44,-136.77,442.35,367.19,-75.17,1,caution,reverse flow,CAUTION,734,702,734,702,-0.73,-0.55,155.0,0.208,OH-1 parallel with OH-2,T7,line 16 0.156->-0.072 reversed,True
S01373,IEEE_CompTestFeeder,6332,13,185,198,0.9199,1.0021,0.0822,0.91239,1.0055,0.92875,1.00708,0.00158,702,8.74,43.77,92.75,104.18,SEC-7,T4,4162.51,3956.58,-205.93,1684.55,1620.9,-63.65,439.42,418.49,-20.93,1,voltage_rise,Voltage rise at PV bus 6332 0.0822 pu exceeds 0.05,CONSTRAINED,734,702,735,702,35.03,11.43,0,0.24,OH-1 parallel with OH-2,T7,trafo 3 reversed,True
S01374,IEEE_CompTestFeeder,6241,11,194,205,0.99859,1.06403,0.06544,0.90609,1.00544,0.90852,1.06403,0.05859,624,8.75,46.35,92.79,92.53,SEC-1,T7,4166.52,3970.36,-196.16,1687.33,1648.52,-38.81,441.43,439.28,-2.16,1,voltage,Max voltage 1.0640 pu at bus 624 exceeds 1.05,CONSTRAINED,734,702,734,624,37.6,-0.26,0,0.24,OH-1 parallel with OH-2,T7,line 30 0.055->-0.126 reversed,True
S01375,IEEE_CompTestFeeder,733,6,80,86,0.91646,0.95417,0.03771,0.90892,1.00543,0.92546,1.0062,0.00077,702,8.76,17.87,92.78,92.49,SEC-7,T7,4171.06,4076.98,-94.08,1687.58,1655.98,-31.6,440.97,426.9,-14.08,1,caution,rise 0.0377>=0.03; reverse flow,CAUTION,734,702,735,702,9.11,-0.29,0,0.24,OH-1 parallel with OH-2,T7,line 38 0.010->-0.068 reversed,True
S01376,IEEE_CompTestFeeder,7121,0,179,179,0.95827,0.9659,0.00763,0.90593,1.00536,0.90716,1.00635,0.00098,702,8.77,8.76,92.8,92.67,OH-1 parallel with OH-2,T7,4178.44,3992.29,-186.15,1690.21,1655.31,-34.9,442.35,435.21,-7.15,1,caution,reverse flow,CAUTION,734,702,734,702,-0.01,-0.13,0,0.24,OH-1 parallel with OH-2,T7,line 28 0.145->-0.034 reversed,True
S01377,IEEE_CompTestFeeder,708,0,49,49,0.95802,0.95985,0.00183,0.90593,1.00536,0.90628,1.00565,0.00029,702,8.77,8.77,92.8,92.77,OH-1 parallel with OH-2,T7,4178.44,4127.21,-51.24,1690.21,1679.75,-10.46,442.35,440.12,-2.24,0,none,No violation,SAFE,734,702,734,702,-0.0,-0.04,75.0,0.24,OH-1 parallel with OH-2,T7,none,True
S01378,IEEE_CompTestFeeder,6322,0,72,72,0.92107,0.92644,0.00537,0.90593,1.00536,0.91139,1.00609,0.00073,702,8.77,8.57,92.8,92.53,OH-1 parallel with OH-2,T7,4178.44,4091.45,-86.99,1690.21,1660.29,-29.92,442.35,427.36,-14.99,1,caution,reverse flow,CAUTION,734,702,734,702,-0.2,-0.27,0,0.24,OH-1 parallel with OH-2,T7,trafo 3 reversed,True
S01379,IEEE_CompTestFeeder,756,0,124,124,0.93612,0.94952,0.01341,0.90593,1.00536,0.91156,1.00717,0.00181,702,8.77,8.37,92.8,92.39,OH-1 parallel with OH-2,T1,4178.44,4011.36,-167.09,1690.21,1611.85,-78.36,442.35,399.27,-43.09,0,none,No violation,SAFE,734,702,734,702,-0.41,-0.42,155.0,0.208,OH-1 parallel with OH-2,T7,none,True
S01380,IEEE_CompTestFeeder,724,0,242,242,0.99457,1.07552,0.08095,0.90593,1.00536,0.90891,1.07552,0.07016,624,8.77,54.13,92.8,92.49,SEC-1,T7,4178.44,3935.56,-242.88,1690.21,1643.33,-46.88,442.35,441.48,-0.88,1,voltage,Max voltage 1.0755 pu at bus 624 exceeds 1.05,CONSTRAINED,734,702,734,624,45.35,-0.32,0,0.24,OH-1 parallel with OH-2,T7,line 30 0.066->-0.159 reversed,True
S01381,IEEE_CompTestFeeder,6211,0,203,203,0.99457,1.0634,0.06883,0.90593,1.00536,0.9085,1.0634,0.05803,621,8.77,45.92,92.8,92.53,SEC-4,T7,4178.44,3972.27,-206.18,1690.21,1648.82,-41.39,442.35,439.18,-3.18,1,voltage,Max voltage 1.0634 pu at bus 621 exceeds 1.05,CONSTRAINED,734,702,734,621,37.15,-0.27,0,0.24,OH-1 parallel with OH-2,T7,line 30 0.066->-0.125 reversed,True
S01382,IEEE_CompTestFeeder,772,0,151,151,0.93426,0.95032,0.01606,0.90593,1.00536,0.91274,1.00754,0.00217,702,8.77,8.28,92.8,92.35,OH-1 parallel with OH-2,T1,4178.44,3974.91,-203.53,1690.21,1596.14,-94.07,442.35,389.82,-52.53,1,caution,reverse flow,CAUTION,734,702,734,702,-0.49,-0.45,100.0,0.208,OH-1 parallel with OH-2,T7,line 21 0.100->-0.051 reversed,True
S01383,IEEE_CompTestFeeder,7693,0,205,205,0.95408,0.98457,0.03049,0.90593,1.00536,0.91528,1.00836,0.003,702,8.77,8.1,92.8,111.61,OH-1 parallel with OH-2,T22,4178.44,3900.9,-277.54,1690.21,1560.38,-129.83,442.35,369.81,-72.54,1,transformer_loading,Transformer T22 loading 111.6% exceeds 100.0%,CONSTRAINED,734,702,734,702,-0.67,18.81,0,0.24,OH-1 parallel with OH-2,T7,trafo 7 reversed,True
S01384,IEEE_CompTestFeeder,6202,0,249,249,0.99457,1.00232,0.00776,0.90593,1.00536,0.90943,1.00697,0.0016,702,8.77,8.57,92.8,92.43,OH-6,T7,4178.44,3909.66,-268.79,1690.21,1630.78,-59.43,442.35,422.57,-19.79,1,caution,reverse flow,CAUTION,734,702,734,702,-0.21,-0.37,0,0.24,OH-1 parallel with OH-2,T7,line 30 0.066->-0.182 reversed,True
S01385,IEEE_CompTestFeeder,730,0,206,206,0.94698,0.95543,0.00846,0.90593,1.00536,0.91107,1.00707,0.00171,702,8.77,8.24,92.8,92.39,OH-1 parallel with OH-2,T1,4178.44,3942.54,-235.91,1690.21,1622.66,-67.55,442.35,412.45,-29.91,1,caution,reverse flow,CAUTION,734,702,734,702,-0.54,-0.41,85.0,0.24,OH-1 parallel with OH-2,T7,line 31 0.085->-0.121 reversed,True
S01386,IEEE_CompTestFeeder,7483,0,144,144,0.95588,0.96997,0.0141,0.90593,1.00536,0.91178,1.00715,0.00179,702,8.77,8.34,92.8,92.39,OH-1 parallel with OH-2,T1,4178.44,3993.74,-184.7,1690.21,1614.29,-75.92,442.35,401.65,-40.7,1,caution,reverse flow,CAUTION,734,702,734,702,-0.44,-0.42,0,0.24,OH-1 parallel with OH-2,T7,trafo 5 reversed,True
S01387,IEEE_CompTestFeeder,7691,0,94,94,0.95408,0.96856,0.01448,0.90593,1.00536,0.9104,1.00682,0.00146,702,8.77,8.46,92.8,92.42,OH-1 parallel with OH-2,T1,4178.44,4048.8,-129.64,1690.21,1626.56,-63.65,442.35,406.71,-35.64,1,caution,reverse flow,CAUTION,734,702,734,702,-0.32,-0.38,0,0.24,OH-1 parallel with OH-2,T7,trafo 7 reversed,True
S01388,IEEE_CompTestFeeder,740,13,89,102,0.98316,0.99065,0.00749,0.90642,1.00551,0.90973,1.00648,0.00097,702,8.74,8.48,92.75,92.45,OH-1 parallel with OH-2,T1,4162.34,4053.12,-109.22,1683.98,1643.47,-40.5,439.25,419.03,-20.22,1,caution,reverse flow,CAUTION,734,702,734,702,-0.26,-0.29,75.0,0.24,OH-1 parallel with OH-2,T7,trafo 9 reversed,True
S01389,IEEE_CompTestFeeder,6212,0,60,60,0.99457,1.01604,0.02147,0.90593,1.00536,0.90677,1.01604,0.01067,621,8.77,14.21,92.8,92.71,SEC-4,T7,4178.44,4114.55,-63.89,1690.21,1675.47,-14.74,442.35,438.47,-3.89,0,none,No violation,SAFE,734,702,734,621,5.43,-0.09,0,0.24,OH-1 parallel with OH-2,T7,none,True
S01390,IEEE_CompTestFeeder,7643,0,148,148,0.93653,0.95498,0.01845,0.90593,1.00536,0.9125,1.00745,0.00208,702,8.77,8.3,92.8,92.36,OH-1 parallel with OH-2,T1,4178.44,3980.07,-198.37,1690.21,1600.47,-89.74,442.35,391.99,-50.37,1,caution,reverse flow,CAUTION,734,702,734,702,-0.48,-0.45,0,0.24,OH-1 parallel with OH-2,T7,line 23 0.091->-0.056 reversed,True
S01391,IEEE_CompTestFeeder,621,0,93,93,0.99457,1.02741,0.03284,0.90593,1.00536,0.90721,1.02741,0.02205,621,8.77,21.78,92.8,92.67,SEC-4,T7,4178.44,4080.54,-97.9,1690.21,1668.32,-21.89,442.35,437.46,-4.9,1,caution,rise 0.0328>=0.03; reverse flow,CAUTION,734,702,734,621,13.0,-0.14,0,0.24,OH-1 parallel with OH-2,T7,line 30 0.066->-0.024 reversed,True
S01392,IEEE_CompTestFeeder,7121,0,169,169,0.95827,0.96549,0.00722,0.90593,1.00536,0.9071,1.0063,0.00093,702,8.77,8.76,92.8,92.68,OH-1 parallel with OH-2,T7,4178.44,4002.61,-175.83,1690.21,1657.03,-33.18,442.35,435.53,-6.83,1,caution,reverse flow,CAUTION,734,702,734,702,-0.01,-0.13,0,0.24,OH-1 parallel with OH-2,T7,line 28 0.145->-0.024 reversed,True
S01393,IEEE_CompTestFeeder,751,13,231,244,0.96947,0.98581,0.01634,0.90646,1.00553,0.91552,1.00824,0.00271,702,8.74,8.04,92.74,92.28,OH-1 parallel with OH-2,T1,4161.71,3869.93,-291.78,1683.31,1569.36,-113.95,438.63,377.85,-60.78,0,none,No violation,SAFE,734,702,734,702,-0.69,-0.46,0,0.48,OH-1 parallel with OH-2,T7,none,True
S01394,IEEE_CompTestFeeder,6211,0,208,208,0.99457,1.06497,0.0704,0.90593,1.00536,0.90856,1.06497,0.0596,621,8.77,46.98,92.8,92.52,SEC-4,T7,4178.44,3967.51,-210.93,1690.21,1648.07,-42.14,442.35,439.43,-2.93,1,voltage,Max voltage 1.0650 pu at bus 621 exceeds 1.05,CONSTRAINED,734,702,734,621,38.21,-0.28,0,0.24,OH-1 parallel with OH-2,T7,line 30 0.066->-0.129 reversed,True
S01395,IEEE_CompTestFeeder,716,0,143,143,0.97764,1.05189,0.07425,0.90593,1.00536,0.90675,1.05189,0.04652,716,8.77,8.77,92.8,404.44,OH-1 parallel with OH-2,T24,4178.44,4037.36,-141.08,1690.21,1668.61,-21.6,442.35,444.27,1.92,0,voltage,Max voltage 1.0519 pu at bus 716 exceeds 1.05,CONSTRAINED,734,702,734,716,-0.01,311.64,15.85,0.48,OH-1 parallel with OH-2,T7,none,True
S01396,IEEE_CompTestFeeder,769,0,137,137,0.95408,0.9749,0.02082,0.90593,1.00536,0.91234,1.00744,0.00208,702,8.77,8.32,92.8,92.36,OH-1 parallel with OH-2,T1,4178.44,3990.88,-187.57,1690.21,1599.83,-90.38,442.35,391.79,-50.57,1,caution,reverse flow,CAUTION,734,702,734,702,-0.46,-0.44,41.0,0.24,OH-1 parallel with OH-2,T7,trafo 7 reversed,True
S01397,IEEE_CompTestFeeder,6241,0,135,135,0.99457,1.04148,0.04692,0.90593,1.00536,0.90773,1.04148,0.03612,624,8.77,31.18,92.8,92.61,SEC-1,T7,4178.44,4038.32,-140.12,1690.21,1660.13,-30.08,442.35,437.23,-5.12,1,caution,max 1.0415>1.03; rise 0.0469>=0.03; reverse flow,CAUTION,734,702,734,624,22.41,-0.19,0,0.24,OH-1 parallel with OH-2,T7,line 30 0.066->-0.063 reversed,True
S01398,IEEE_CompTestFeeder,7121,0,80,80,0.95827,0.96174,0.00347,0.90593,1.00536,0.9065,1.00582,0.00046,702,8.77,8.77,92.8,92.74,OH-1 parallel with OH-2,T7,4178.44,4094.86,-83.58,1690.21,1673.54,-16.67,442.35,438.78,-3.58,1,caution,reverse flow,CAUTION,734,702,734,702,-0.01,-0.06,0,0.24,OH-1 parallel with OH-2,T7,line 29 0.065->-0.015 reversed,True
S01399,IEEE_CompTestFeeder,732,0,26,26,0.92107,0.92303,0.00196,0.90593,1.00536,0.90792,1.00563,0.00027,702,8.77,8.7,92.8,92.7,OH-1 parallel with OH-2,T7,4178.44,4146.9,-31.54,1690.21,1679.13,-11.08,442.35,436.81,-5.54,0,none,No violation,SAFE,734,702,734,702,-0.07,-0.1,25.4,0.24,OH-1 parallel with OH-2,T7,none,True
S01400,IEEE_CompTestFeeder,714,0,249,249,0.99084,0.99667,0.00583,0.90593,1.00536,0.90772,1.00679,0.00143,702,8.77,8.75,92.8,92.61,OH-1 parallel with OH-2,T7,4178.44,3919.06,-259.38,1690.21,1638.76,-51.45,442.35,431.97,-10.38,0,none,No violation,SAFE,734,702,734,702,-0.02,-0.19,240.0,0.208,OH-1 parallel with OH-2,T7,none,True
S01401,IEEE_CompTestFeeder,7691,0,165,165,0.95408,0.97893,0.02485,0.90593,1.00536,0.91357,1.00783,0.00246,702,8.77,8.23,92.8,92.32,OH-1 parallel with OH-2,T1,4178.44,3953.59,-224.85,1690.21,1583.18,-107.03,442.35,382.51,-59.85,1,caution,reverse flow,CAUTION,734,702,734,702,-0.55,-0.48,0,0.24,OH-1 parallel with OH-2,T7,trafo 7 reversed,True
S01402,IEEE_CompTestFeeder,633,0,166,166,0.91349,0.9889,0.07541,0.90593,1.00536,0.92786,1.00685,0.00148,702,8.77,36.59,92.8,92.42,SEC-7,T1,4178.44,3989.81,-188.63,1690.21,1629.98,-60.23,442.35,419.73,-22.63,1,voltage_rise,Voltage rise at PV bus 633 0.0754 pu exceeds 0.05,CONSTRAINED,734,702,735,702,27.81,-0.39,0,0.24,OH-1 parallel with OH-2,T7,line 38 0.016->-0.141 reversed,True
S01403,IEEE_CompTestFeeder,739,9,218,227,0.98557,1.00343,0.01787,0.90627,1.00547,0.91404,1.00768,0.00222,702,8.75,8.13,92.77,124.16,OH-1 parallel with OH-2,T6,4167.32,3903.51,-263.81,1685.97,1594.79,-91.18,440.23,394.42,-45.81,1,transformer_loading,Transformer T6 loading 124.2% exceeds 100.0%,CONSTRAINED,734,702,734,702,-0.61,31.4,41.1,0.24,OH-1 parallel with OH-2,T7,line 25 0.107->-0.109 reversed,True
S01404,IEEE_CompTestFeeder,715,0,217,217,0.99084,0.99594,0.00511,0.90593,1.00536,0.9075,1.00662,0.00126,702,8.77,8.76,92.8,92.64,OH-1 parallel with OH-2,T7,4178.44,3952.22,-226.22,1690.21,1644.72,-45.49,442.35,433.14,-9.22,0,none,No violation,SAFE,734,702,734,702,-0.02,-0.17,0,0.208,OH-1 parallel with OH-2,T7,none,True
S01405,IEEE_CompTestFeeder,6331,0,245,245,0.91349,1.02084,0.10735,0.90593,1.00536,0.92998,1.02084,0.01548,633,8.77,54.03,92.8,132.48,SEC-7,T4,4178.44,3909.25,-269.19,1690.21,1608.77,-81.44,442.35,418.16,-24.19,1,voltage_rise,Voltage rise at PV bus 6331 0.1074 pu exceeds 0.05,CONSTRAINED,734,702,735,633,45.25,39.68,0,0.24,OH-1 parallel with OH-2,T7,line 38 0.016->-0.210 reversed,True
S01406,IEEE_CompTestFeeder,708,5,11,16,0.9582,0.95862,0.00041,0.90596,1.00539,0.90604,1.00546,6e-05,702,8.77,8.77,92.8,92.79,OH-1 parallel with OH-2,T7,4173.2,4161.69,-11.51,1689.11,1686.73,-2.39,442.12,441.6,-0.51,0,none,No violation,SAFE,734,702,734,702,-0.0,-0.01,75.0,0.24,OH-1 parallel with OH-2,T7,none,True
S01407,IEEE_CompTestFeeder,7122,3,27,30,0.9584,0.95958,0.00118,0.90595,1.00538,0.90615,1.00554,0.00016,702,8.77,8.77,92.8,92.78,OH-1 parallel with OH-2,T7,4175.3,4147.03,-28.27,1689.55,1683.75,-5.8,442.21,440.94,-1.27,0,none,No violation,SAFE,734,702,734,702,-0.0,-0.02,0,0.24,OH-1 parallel with OH-2,T7,none,True
S01408,IEEE_CompTestFeeder,708,0,208,208,0.95802,0.96557,0.00755,0.90593,1.00536,0.90735,1.0065,0.00113,702,8.77,8.76,92.8,92.65,OH-1 parallel with OH-2,T7,4178.44,3962.32,-216.12,1690.21,1650.12,-40.09,442.35,434.23,-8.12,1,caution,reverse flow,CAUTION,734,702,734,702,-0.02,-0.15,75.0,0.24,OH-1 parallel with OH-2,T7,trafo 16 reversed,True
S01409,IEEE_CompTestFeeder,756,0,152,152,0.93612,0.95244,0.01632,0.90593,1.00536,0.91278,1.00755,0.00219,702,8.77,8.28,92.8,92.35,OH-1 parallel with OH-2,T1,4178.44,3974.32,-204.12,1690.21,1595.4,-94.81,442.35,390.23,-52.12,0,none,No violation,SAFE,734,702,734,702,-0.49,-0.46,155.0,0.208,OH-1 parallel with OH-2,T7,none,True
S01410,IEEE_CompTestFeeder,743,9,104,113,0.96433,0.97156,0.00723,0.90629,1.00548,0.91045,1.00674,0.00126,702,8.75,8.43,92.55,92.43,OH-1 parallel with OH-2,T1,4166.96,4035.44,-131.52,1685.36,1631.67,-53.69,439.87,412.35,-27.52,0,none,No violation,SAFE,734,702,734,702,-0.31,-0.13,240.0,0.24,OH-1 parallel with OH-2,T1,none,True
S01411,IEEE_CompTestFeeder,7121,0,115,115,0.95827,0.96323,0.00496,0.90593,1.00536,0.90674,1.00602,0.00065,702,8.77,8.77,92.8,92.72,OH-1 parallel with OH-2,T7,4178.44,4058.5,-119.95,1690.21,1666.79,-23.42,442.35,437.41,-4.95,1,caution,reverse flow,CAUTION,734,702,734,702,-0.01,-0.09,0,0.24,OH-1 parallel with OH-2,T7,line 29 0.065->-0.050 reversed,True
S01412,IEEE_CompTestFeeder,6202,0,177,177,0.99457,1.00014,0.00557,0.90593,1.00536,0.90846,1.00653,0.00116,702,8.77,8.58,92.8,92.53,OH-6,T7,4178.44,3986.93,-191.51,1690.21,1646.6,-43.61,442.35,427.84,-14.51,1,caution,reverse flow,CAUTION,734,702,734,702,-0.2,-0.27,0,0.24,OH-1 parallel with OH-2,T7,line 30 0.066->-0.111 reversed,True
S01413,IEEE_CompTestFeeder,720,0,169,169,0.99457,0.9999,0.00533,0.90593,1.00536,0.90834,1.00648,0.00111,702,8.77,8.58,92.8,92.55,OH-6,T7,4178.44,3995.54,-182.91,1690.21,1648.42,-41.79,442.35,428.45,-13.91,1,caution,reverse flow,CAUTION,734,702,734,702,-0.19,-0.26,66.0,0.24,OH-1 parallel with OH-2,T7,line 30 0.066->-0.103 reversed,True
S01414,IEEE_CompTestFeeder,633,12,16,28,0.91941,0.92717,0.00776,0.91189,1.00549,0.91972,1.00565,0.00016,702,8.74,8.7,92.76,92.7,OH-1 parallel with OH-2,T7,4163.73,4144.41,-19.32,1684.98,1678.25,-6.73,439.64,436.32,-3.32,0,none,No violation,SAFE,734,702,734,702,-0.05,-0.06,0,0.24,OH-1 parallel with OH-2,T7,none,True
S01415,IEEE_CompTestFeeder,708,0,133,133,0.95802,0.96291,0.0049,0.90593,1.00536,0.90687,1.00611,0.00075,702,8.77,8.76,92.8,92.7,OH-1 parallel with OH-2,T7,4178.44,4039.84,-138.6,1690.21,1663.29,-26.92,442.35,436.75,-5.6,1,caution,reverse flow,CAUTION,734,702,734,702,-0.01,-0.1,75.0,0.24,OH-1 parallel with OH-2,T7,trafo 16 reversed,True
S01416,IEEE_CompTestFeeder,715,0,180,180,0.99084,0.9951,0.00426,0.90593,1.00536,0.90725,1.00642,0.00105,702,8.77,8.76,92.8,92.66,OH-1 parallel with OH-2,T7,4178.44,3990.63,-187.81,1690.21,1651.85,-38.36,442.35,434.54,-7.81,0,none,No violation,SAFE,734,702,734,702,-0.02,-0.14,0,0.208,OH-1 parallel with OH-2,T7,none,True
S01417,IEEE_CompTestFeeder,772,0,77,77,0.93426,0.94259,0.00833,0.90593,1.00536,0.90947,1.0065,0.00114,702,8.77,8.52,92.8,92.45,OH-1 parallel with OH-2,T1,4178.44,4073.72,-104.72,1690.21,1640.67,-49.54,442.35,414.64,-27.72,0,none,No violation,SAFE,734,702,734,702,-0.25,-0.35,100.0,0.208,OH-1 parallel with OH-2,T7,none,True
S01418,IEEE_CompTestFeeder,6332,0,215,215,0.91349,1.00896,0.09547,0.90593,1.00536,0.9292,1.00896,0.0036,633,8.77,47.52,92.8,114.52,SEC-7,T4,4178.44,3939.26,-239.18,1690.21,1616.35,-73.86,442.35,418.17,-24.18,1,voltage_rise,Voltage rise at PV bus 6332 0.0955 pu exceeds 0.05,CONSTRAINED,734,702,735,633,38.75,21.71,0,0.24,OH-1 parallel with OH-2,T7,line 38 0.016->-0.184 reversed,True
S01419,IEEE_CompTestFeeder,623,0,141,141,0.99457,1.12232,0.12775,0.90593,1.00536,0.90755,1.12232,0.11695,623,8.77,30.22,92.8,92.63,SEC-4,T7,4178.44,4043.03,-135.41,1690.21,1665.61,-24.6,442.35,447.95,5.59,1,voltage,Max voltage 1.1223 pu at bus 623 exceeds 1.05,CONSTRAINED,734,702,734,623,21.45,-0.17,0,0.24,OH-1 parallel with OH-2,T7,line 30 0.066->-0.059 reversed,True
S01420,IEEE_CompTestFeeder,7692,0,167,167,0.95408,0.97921,0.02513,0.90593,1.00536,0.91366,1.00786,0.00249,702,8.77,8.22,92.8,92.32,OH-1 parallel with OH-2,T1,4178.44,3950.94,-227.5,1690.21,1582.01,-108.2,442.35,381.85,-60.5,1,caution,reverse flow,CAUTION,734,702,734,702,-0.55,-0.49,0,0.24,OH-1 parallel with OH-2,T7,trafo 7 reversed,True
S01421,IEEE_CompTestFeeder,723,0,232,232,0.99457,1.19117,0.1966,0.90593,1.00536,0.90824,1.19117,0.18581,623,8.77,46.85,92.8,92.56,SEC-4,T7,4178.44,3969.31,-209.13,1690.21,1659.47,-30.74,442.35,465.23,22.87,1,voltage,Max voltage 1.1912 pu at bus 623 exceeds 1.05,CONSTRAINED,734,702,734,623,38.08,-0.25,0,0.24,OH-1 parallel with OH-2,T7,line 30 0.066->-0.128 reversed,True
S01422,IEEE_CompTestFeeder,6241,3,146,149,0.99567,1.04608,0.05041,0.90597,1.00539,0.90789,1.04608,0.0407,624,8.77,34.26,92.8,92.59,SEC-1,T7,4175.18,4024.5,-150.68,1689.42,1657.61,-31.81,442.09,437.41,-4.68,1,voltage_rise,Voltage rise at PV bus 6241 0.0504 pu exceeds 0.05,CONSTRAINED,734,702,734,624,25.5,-0.2,0,0.24,OH-1 parallel with OH-2,T7,line 30 0.063->-0.076 reversed,True
S01423,IEEE_CompTestFeeder,723,0,6,6,0.99457,1.00074,0.00617,0.90593,1.00536,0.90601,1.00541,4e-05,702,8.77,8.76,92.8,92.79,OH-1 parallel with OH-2,T7,4178.44,4171.95,-6.49,1690.21,1688.64,-1.57,442.35,441.87,-0.49,0,none,No violation,SAFE,734,702,734,702,-0.01,-0.01,0,0.24,OH-1 parallel with OH-2,T7,none,True
S01424,IEEE_CompTestFeeder,6252,0,247,247,0.99457,1.14269,0.14812,0.90593,1.00536,0.90862,1.14269,0.13732,625,8.77,52.0,92.8,92.52,SEC-1,T7,4178.44,3945.79,-232.65,1690.21,1651.65,-38.56,442.35,456.7,14.35,1,voltage,Max voltage 1.1427 pu at bus 625 exceeds 1.05,CONSTRAINED,734,702,734,625,43.22,-0.29,0,0.24,OH-1 parallel with OH-2,T7,line 30 0.066->-0.149 reversed,True
S01425,IEEE_CompTestFeeder,710,0,196,196,0.95737,0.96502,0.00764,0.90593,1.00536,0.90728,1.00644,0.00108,702,8.77,8.76,92.8,92.66,OH-1 parallel with OH-2,T7,4178.44,3974.6,-203.84,1690.21,1651.96,-38.25,442.35,434.51,-7.84,1,caution,reverse flow,CAUTION,734,702,734,702,-0.02,-0.14,80.0,0.208,OH-1 parallel with OH-2,T7,line 28 0.145->-0.051 reversed,True
S01426,IEEE_CompTestFeeder,6222,0,236,236,0.99457,1.13691,0.14234,0.90593,1.00536,0.90853,1.13691,0.13155,622,8.77,49.94,92.8,92.53,SEC-4,T7,4178.44,3954.95,-223.49,1690.21,1652.47,-37.74,442.35,454.86,12.51,1,voltage,Max voltage 1.1369 pu at bus 622 exceeds 1.05,CONSTRAINED,734,702,734,622,41.16,-0.28,0,0.24,OH-1 parallel with OH-2,T7,line 30 0.066->-0.141 reversed,True
S01427,IEEE_CompTestFeeder,7641,0,52,52,0.93653,0.94319,0.00666,0.90593,1.00536,0.90831,1.00613,0.00076,702,8.77,8.6,92.8,92.51,OH-1 parallel with OH-2,T7,4178.44,4107.77,-70.67,1690.21,1656.97,-33.24,442.35,423.68,-18.67,0,none,No violation,SAFE,734,702,734,702,-0.17,-0.29,0,0.24,OH-1 parallel with OH-2,T7,none,True
S01428,IEEE_CompTestFeeder,740,0,69,69,0.98204,0.98791,0.00587,0.90593,1.00536,0.90852,1.00613,0.00077,702,8.77,8.57,92.8,92.51,OH-1 parallel with OH-2,T7,4178.44,4093.41,-85.04,1690.21,1658.06,-32.15,442.35,426.32,-16.04,0,none,No violation,SAFE,734,702,734,702,-0.2,-0.29,75.0,0.24,OH-1 parallel with OH-2,T7,none,True
S01429,IEEE_CompTestFeeder,732,0,176,176,0.92107,0.93387,0.0128,0.90593,1.00536,0.91894,1.00706,0.00169,702,8.77,8.29,92.8,97.15,OH-1 parallel with OH-2,T4,4178.44,3967.69,-210.75,1690.21,1621.23,-68.98,442.35,407.61,-34.75,1,caution,trafo 97.2>=95.0%; reverse flow,CAUTION,734,702,734,702,-0.49,4.35,25.4,0.24,OH-1 parallel with OH-2,T7,trafo 3 reversed,True
S01430,IEEE_CompTestFeeder,626,11,123,134,1.00582,1.11666,0.11084,0.90609,1.00582,0.90748,1.11666,0.11084,626,8.75,28.87,92.79,92.64,SEC-1,T7,4166.61,4049.07,-117.54,1687.38,1666.34,-21.04,441.52,446.98,5.46,1,voltage,Max voltage 1.1167 pu at bus 626 exceeds 1.05,CONSTRAINED,734,626,734,626,20.12,-0.15,0,0.24,OH-1 parallel with OH-2,T7,line 30 0.055->-0.054 reversed,True
S01431,IEEE_CompTestFeeder,7693,0,176,176,0.95408,0.98049,0.02641,0.90593,1.00536,0.91405,1.00798,0.00261,702,8.77,8.19,92.8,92.49,OH-1 parallel with OH-2,T22,4178.44,3939.04,-239.41,1690.21,1576.8,-113.41,442.35,378.95,-63.41,1,caution,reverse flow,CAUTION,734,702,734,702,-0.58,-0.31,0,0.24,OH-1 parallel with OH-2,T7,trafo 7 reversed,True
S01432,IEEE_CompTestFeeder,633,0,55,55,0.91349,0.93995,0.02646,0.90593,1.00536,0.92446,1.00592,0.00055,702,8.77,10.37,92.8,92.6,SEC-7,T7,4178.44,4112.53,-65.91,1690.21,1667.49,-22.72,442.35,431.44,-10.91,1,caution,reverse flow,CAUTION,734,702,735,702,1.6,-0.21,0,0.24,OH-1 parallel with OH-2,T7,line 38 0.016->-0.038 reversed,True
S01433,IEEE_CompTestFeeder,7481,8,37,45,0.95669,0.96039,0.00371,0.90626,1.00547,0.90781,1.00595,0.00048,702,8.75,8.64,92.76,92.57,OH-1 parallel with OH-2,T7,4168.02,4120.08,-47.94,1685.69,1665.25,-20.44,439.94,429.0,-10.94,0,none,No violation,SAFE,734,702,734,702,-0.11,-0.19,0,0.24,OH-1 parallel with OH-2,T7,none,True
S01434,IEEE_CompTestFeeder,748,0,163,163,0.95588,0.97176,0.01588,0.90593,1.00536,0.91252,1.00737,0.00201,702,8.77,8.28,92.8,92.37,OH-1 parallel with OH-2,T1,4178.44,3969.8,-208.64,1690.21,1605.11,-85.1,442.35,396.71,-45.64,1,caution,reverse flow,CAUTION,734,702,734,702,-0.5,-0.44,76.88,0.24,OH-1 parallel with OH-2,T7,trafo 5 reversed,True
S01435,IEEE_CompTestFeeder,633,8,129,137,0.91745,0.97662,0.05917,0.90991,1.00545,0.92702,1.00663,0.00118,702,8.75,29.93,92.77,92.44,SEC-7,T1,4168.61,4020.71,-147.9,1686.71,1638.83,-47.87,440.52,421.62,-18.9,1,voltage_rise,Voltage rise at PV bus 633 0.0592 pu exceeds 0.05,CONSTRAINED,734,702,735,702,21.18,-0.33,0,0.24,OH-1 parallel with OH-2,T7,trafo 3 reversed,True
S01436,IEEE_CompTestFeeder,7121,0,173,173,0.95827,0.96565,0.00738,0.90593,1.00536,0.90712,1.00632,0.00095,702,8.77,8.76,92.8,92.68,OH-1 parallel with OH-2,T7,4178.44,3998.48,-179.96,1690.21,1656.34,-33.87,442.35,435.4,-6.96,1,caution,reverse flow,CAUTION,734,702,734,702,-0.01,-0.13,0,0.24,OH-1 parallel with OH-2,T7,line 28 0.145->-0.028 reversed,True
S01437,IEEE_CompTestFeeder,6201,0,44,44,0.99457,0.99598,0.00141,0.90593,1.00536,0.90657,1.00567,0.0003,702,8.77,8.67,92.8,92.73,OH-1 parallel with OH-2,T7,4178.44,4130.62,-47.82,1690.21,1678.73,-11.48,442.35,438.54,-3.82,0,none,No violation,SAFE,734,702,734,702,-0.11,-0.07,0,0.24,OH-1 parallel with OH-2,T7,none,True
S01438,IEEE_CompTestFeeder,6232,9,48,57,1.0038,1.05017,0.04638,0.90606,1.00543,0.90668,1.05017,0.04475,623,8.75,13.06,92.79,92.72,SEC-6,T7,4168.74,4119.77,-48.96,1687.88,1677.47,-10.42,441.65,440.69,-0.96,0,voltage,Max voltage 1.0502 pu at bus 623 exceeds 1.05,CONSTRAINED,734,702,734,623,4.3,-0.07,0,0.24,OH-1 parallel with OH-2,T7,none,True
S01439,IEEE_CompTestFeeder,620,0,206,206,0.99457,1.00103,0.00646,0.90593,1.00536,0.90885,1.00671,0.00134,702,8.77,8.57,92.8,92.49,OH-6,T7,4178.44,3955.76,-222.68,1690.21,1640.09,-50.12,442.35,425.67,-16.68,1,caution,reverse flow,CAUTION,734,702,734,702,-0.2,-0.31,0,0.24,OH-1 parallel with OH-2,T7,line 30 0.066->-0.140 reversed,True
S01440,IEEE_CompTestFeeder,740,13,116,129,0.98316,0.99286,0.0097,0.90642,1.00551,0.91071,1.00676,0.00125,702,8.74,8.4,92.75,92.42,OH-1 parallel with OH-2,T1,4162.34,4020.34,-142.0,1683.98,1631.91,-52.06,439.25,413.25,-26.0,1,caution,reverse flow,CAUTION,734,702,734,702,-0.33,-0.32,75.0,0.24,OH-1 parallel with OH-2,T7,line 25 0.103->-0.013 reversed,True
S01441,IEEE_CompTestFeeder,764,5,178,183,0.93718,0.95912,0.02194,0.90616,1.00544,0.91397,1.0079,0.00246,702,8.76,8.19,92.78,96.78,OH-1 parallel with OH-2,T14,4171.6,3934.36,-237.24,1686.93,1581.35,-105.58,440.51,381.27,-59.24,1,caution,trafo 96.8>=95.0%; reverse flow,CAUTION,734,702,734,702,-0.57,4.01,46.0,0.24,OH-1 parallel with OH-2,T7,line 23 0.086->-0.091 reversed,True
S01442,IEEE_CompTestFeeder,6212,10,119,129,0.99822,1.0395,0.04128,0.90607,1.00543,0.90765,1.0395,0.03407,621,8.75,29.85,92.79,92.62,SEC-4,T7,4167.6,4044.28,-123.32,1687.59,1661.24,-26.35,441.51,437.2,-4.32,1,caution,max 1.0395>1.03; rise 0.0413>=0.03; reverse flow,CAUTION,734,702,734,621,21.1,-0.17,0,0.24,OH-1 parallel with OH-2,T7,line 30 0.056->-0.058 reversed,True
S01443,IEEE_CompTestFeeder,6231,10,146,156,1.00481,1.13424,0.12943,0.90607,1.00543,0.90768,1.13424,0.12881,623,8.75,33.09,92.79,92.62,SEC-4,T7,4167.67,4030.29,-137.38,1687.63,1664.18,-23.46,441.58,450.2,8.62,1,voltage,Max voltage 1.1342 pu at bus 623 exceeds 1.05,CONSTRAINED,734,702,734,623,24.34,-0.17,0,0.24,OH-1 parallel with OH-2,T7,line 30 0.056->-0.071 reversed,True
S01444,IEEE_CompTestFeeder,710,5,233,238,0.95757,0.96658,0.00901,0.90596,1.00539,0.90754,1.00665,0.00126,702,8.77,8.76,92.8,92.63,OH-1 parallel with OH-2,T7,4173.2,3931.35,-241.84,1689.11,1645.06,-44.05,442.11,433.27,-8.84,1,caution,reverse flow,CAUTION,734,702,734,702,-0.02,-0.17,80.0,0.208,OH-1 parallel with OH-2,T7,line 3 0.216->-0.017 reversed,True
S01445,IEEE_CompTestFeeder,7691,0,192,192,0.95408,0.98275,0.02867,0.90593,1.00536,0.91473,1.00819,0.00283,702,8.77,8.14,92.8,103.05,OH-1 parallel with OH-2,T22,4178.44,3917.95,-260.49,1690.21,1567.67,-122.54,442.35,373.87,-68.49,1,transformer_loading,Transformer T22 loading 103.1% exceeds 100.0%,CONSTRAINED,734,702,734,702,-0.63,10.25,0,0.24,OH-1 parallel with OH-2,T7,trafo 7 reversed,True
S01446,IEEE_CompTestFeeder,708,3,222,225,0.95813,0.96616,0.00803,0.90595,1.00538,0.90746,1.00658,0.0012,702,8.77,8.76,92.8,92.64,OH-1 parallel with OH-2,T7,4175.3,3944.81,-230.49,1689.55,1647.34,-42.22,442.21,433.73,-8.49,1,caution,reverse flow,CAUTION,734,702,734,702,-0.02,-0.16,75.0,0.24,OH-1 parallel with OH-2,T7,trafo 16 reversed,True
S01447,IEEE_CompTestFeeder,7483,0,213,213,0.95588,0.97637,0.0205,0.90593,1.00536,0.91443,1.00793,0.00257,702,8.77,8.13,92.8,98.13,OH-1 parallel with OH-2,T8,4178.44,3907.25,-271.19,1690.21,1581.82,-108.39,442.35,384.16,-58.19,1,caution,trafo 98.1>=95.0%; reverse flow,CAUTION,734,702,734,702,-0.64,5.33,0,0.24,OH-1 parallel with OH-2,T7,trafo 5 reversed,True
S01448,IEEE_CompTestFeeder,6261,6,237,243,1.00074,1.19898,0.19824,0.90601,1.00541,0.90831,1.19898,0.19357,626,8.76,48.76,92.79,92.55,SEC-1,T7,4171.95,3960.93,-211.02,1688.64,1659.1,-29.55,441.87,467.85,25.98,1,voltage,Max voltage 1.1990 pu at bus 626 exceeds 1.05,CONSTRAINED,734,702,734,626,39.99,-0.24,0,0.24,OH-1 parallel with OH-2,T7,line 30 0.060->-0.136 reversed,True
S01449,IEEE_CompTestFeeder,624,0,144,144,0.99457,1.04444,0.04988,0.90593,1.00536,0.90783,1.04444,0.03908,624,8.77,33.17,92.8,92.6,SEC-1,T7,4178.44,4029.42,-149.02,1690.21,1658.5,-31.71,442.35,437.33,-5.02,1,caution,max 1.0444>1.03; rise 0.0499>=0.03; reverse flow,CAUTION,734,702,734,624,24.39,-0.2,0,0.24,OH-1 parallel with OH-2,T7,line 30 0.066->-0.072 reversed,True
S01450,IEEE_CompTestFeeder,7692,0,203,203,0.95408,0.98429,0.03021,0.90593,1.00536,0.9152,1.00834,0.00297,702,8.77,8.11,92.8,110.3,OH-1 parallel with OH-2,T22,4178.44,3903.52,-274.92,1690.21,1561.5,-128.71,442.35,370.43,-71.92,1,transformer_loading,Transformer T22 loading 110.3% exceeds 100.0%,CONSTRAINED,734,702,734,702,-0.67,17.49,0,0.24,OH-1 parallel with OH-2,T7,trafo 7 reversed,True
S01451,IEEE_CompTestFeeder,724,0,62,62,0.99457,1.01673,0.02217,0.90593,1.00536,0.9068,1.01673,0.01137,624,8.77,14.67,92.8,92.71,SEC-1,T7,4178.44,4112.47,-65.97,1690.21,1675.02,-15.19,442.35,438.38,-3.97,0,none,No violation,SAFE,734,702,734,624,5.89,-0.09,0,0.24,OH-1 parallel with OH-2,T7,none,True
S01452,IEEE_CompTestFeeder,770,0,133,133,0.95062,0.96707,0.01645,0.90593,1.00536,0.91232,1.00746,0.0021,702,8.77,8.32,92.8,92.36,OH-1 parallel with OH-2,T1,4178.44,3994.77,-183.67,1690.21,1598.39,-91.82,442.35,391.68,-50.67,0,none,No violation,SAFE,734,702,734,702,-0.45,-0.45,450.0,0.24,OH-1 parallel with OH-2,T7,none,True
S01453,IEEE_CompTestFeeder,7641,0,98,98,0.93653,0.94892,0.01239,0.90593,1.00536,0.91035,1.00677,0.00141,702,8.77,8.45,92.8,92.42,OH-1 parallel with OH-2,T1,4178.44,4046.15,-132.29,1690.21,1629.13,-61.08,442.35,408.06,-34.29,1,caution,reverse flow,CAUTION,734,702,734,702,-0.32,-0.38,0,0.24,OH-1 parallel with OH-2,T7,line 24 0.046->-0.052 reversed,True
S01454,IEEE_CompTestFeeder,7483,0,66,66,0.95588,0.96246,0.00659,0.90593,1.00536,0.90867,1.00621,0.00085,702,8.77,8.57,92.8,92.48,OH-1 parallel with OH-2,T1,4178.44,4093.05,-85.39,1690.21,1653.99,-36.22,442.35,422.96,-19.39,0,none,No violation,SAFE,734,702,734,702,-0.2,-0.32,0,0.24,OH-1 parallel with OH-2,T7,none,True
S01455,IEEE_CompTestFeeder,726,5,119,124,0.99972,1.10848,0.10876,0.906,1.0054,0.90739,1.10848,0.10308,626,8.76,26.91,92.8,92.65,SEC-1,T7,4173.03,4057.8,-115.23,1688.9,1667.46,-21.44,441.94,445.71,3.77,1,voltage,Max voltage 1.1085 pu at bus 626 exceeds 1.05,CONSTRAINED,734,702,734,626,18.15,-0.15,0,0.24,OH-1 parallel with OH-2,T7,line 30 0.061->-0.045 reversed,True
S01456,IEEE_CompTestFeeder,725,0,247,247,0.99457,1.14269,0.14812,0.90593,1.00536,0.90862,1.14269,0.13732,625,8.77,52.0,92.8,92.52,SEC-1,T7,4178.44,3945.79,-232.65,1690.21,1651.65,-38.56,442.35,456.7,14.35,1,voltage,Max voltage 1.1427 pu at bus 625 exceeds 1.05,CONSTRAINED,734,702,734,625,43.22,-0.29,0,0.24,OH-1 parallel with OH-2,T7,line 30 0.066->-0.149 reversed,True
S01457,IEEE_CompTestFeeder,723,10,245,255,1.00481,1.20739,0.20257,0.90607,1.00543,0.90838,1.20739,0.20195,623,8.75,50.81,92.79,92.54,SEC-4,T7,4167.67,3951.91,-215.77,1687.63,1658.78,-28.85,441.58,470.82,29.23,1,voltage,Max voltage 1.2074 pu at bus 623 exceeds 1.05,CONSTRAINED,734,702,734,623,42.06,-0.25,0,0.24,OH-1 parallel with OH-2,T7,line 30 0.056->-0.144 reversed,True
S01458,IEEE_CompTestFeeder,6231,0,199,199,0.99457,1.16712,0.17255,0.90593,1.00536,0.90801,1.16712,0.16176,623,8.77,41.02,92.8,92.58,SEC-4,T7,4178.44,3995.1,-183.34,1690.21,1661.02,-29.19,442.35,458.01,15.66,1,voltage,Max voltage 1.1671 pu at bus 623 exceeds 1.05,CONSTRAINED,734,702,734,623,32.24,-0.22,0,0.24,OH-1 parallel with OH-2,T7,line 30 0.066->-0.104 reversed,True
S01459,IEEE_CompTestFeeder,7481,0,72,72,0.95588,0.96305,0.00718,0.90593,1.00536,0.90891,1.00629,0.00092,702,8.77,8.55,92.8,92.47,OH-1 parallel with OH-2,T1,4178.44,4085.35,-93.09,1690.21,1650.82,-39.39,442.35,421.26,-21.09,0,none,No violation,SAFE,734,702,734,702,-0.22,-0.33,0,0.24,OH-1 parallel with OH-2,T7,none,True
S01460,IEEE_CompTestFeeder,6241,0,176,176,0.99457,1.05482,0.06025,0.90593,1.00536,0.9082,1.05482,0.04945,624,8.77,40.14,92.8,92.56,SEC-1,T7,4178.44,3998.17,-180.27,1690.21,1653.03,-37.18,442.35,438.08,-4.27,1,voltage,Max voltage 1.0548 pu at bus 624 exceeds 1.05,CONSTRAINED,734,702,734,624,31.36,-0.24,0,0.24,OH-1 parallel with OH-2,T7,line 30 0.066->-0.101 reversed,True
S01461,IEEE_CompTestFeeder,734,0,207,207,0.90593,1.06736,0.16143,0.90593,1.00536,0.92856,1.06736,0.06199,734,8.77,43.15,92.8,102.62,SEC-8,T4,4178.44,3959.99,-218.45,1690.21,1624.75,-65.46,442.35,430.91,-11.45,1,voltage,Max voltage 1.0674 pu at bus 734 exceeds 1.05,CONSTRAINED,734,702,735,734,34.38,9.82,15.85,0.24,OH-1 parallel with OH-2,T7,line 38 0.016->-0.167 reversed,True
S01462,IEEE_CompTestFeeder,6232,0,239,239,0.99457,1.19615,0.20158,0.90593,1.00536,0.90828,1.19615,0.19079,623,8.77,48.07,92.8,92.55,SEC-4,T7,4178.44,3963.97,-214.47,1690.21,1659.22,-30.99,442.35,466.88,24.53,1,voltage,Max voltage 1.1962 pu at bus 623 exceeds 1.05,CONSTRAINED,734,702,734,623,39.29,-0.25,0,0.24,OH-1 parallel with OH-2,T7,line 30 0.066->-0.133 reversed,True
S01463,IEEE_CompTestFeeder,7122,3,171,174,0.9584,0.96569,0.00729,0.90595,1.00538,0.90713,1.00632,0.00094,702,8.77,8.76,92.8,92.67,OH-1 parallel with OH-2,T7,4175.3,3997.45,-177.84,1689.55,1656.16,-33.39,442.21,435.36,-6.84,1,caution,reverse flow,CAUTION,734,702,734,702,-0.01,-0.13,0,0.24,OH-1 parallel with OH-2,T7,line 28 0.142->-0.029 reversed,True
S01464,IEEE_CompTestFeeder,6211,0,138,138,0.99457,1.04247,0.0479,0.90593,1.00536,0.90776,1.04247,0.03711,621,8.77,31.84,92.8,92.61,SEC-4,T7,4178.44,4035.35,-143.09,1690.21,1659.58,-30.63,442.35,437.26,-5.09,1,caution,max 1.0425>1.03; rise 0.0479>=0.03; reverse flow,CAUTION,734,702,734,621,23.07,-0.2,0,0.24,OH-1 parallel with OH-2,T7,line 30 0.066->-0.066 reversed,True
S01465,IEEE_CompTestFeeder,764,7,153,160,0.93743,0.95641,0.01897,0.90625,1.00547,0.91301,1.0076,0.00213,702,8.75,8.26,92.76,92.34,OH-1 parallel with OH-2,T1,4168.86,3964.35,-204.51,1685.62,1593.83,-91.79,439.78,388.26,-51.51,1,caution,reverse flow,CAUTION,734,702,734,702,-0.49,-0.42,46.0,0.24,OH-1 parallel with OH-2,T7,line 23 0.084->-0.068 reversed,True
S01466,IEEE_CompTestFeeder,7692,0,101,101,0.95408,0.96961,0.01553,0.90593,1.00536,0.91072,1.00692,0.00156,702,8.77,8.44,92.8,92.41,OH-1 parallel with OH-2,T1,4178.44,4039.31,-139.13,1690.21,1622.11,-68.1,442.35,404.23,-38.13,1,caution,reverse flow,CAUTION,734,702,734,702,-0.34,-0.39,0,0.24,OH-1 parallel with OH-2,T7,trafo 7 reversed,True
S01467,IEEE_CompTestFeeder,6242,0,172,172,0.99457,1.05353,0.05897,0.90593,1.00536,0.90816,1.05353,0.04817,624,8.77,39.27,92.8,92.57,SEC-1,T7,4178.44,4002.04,-176.4,1690.21,1653.69,-36.52,442.35,437.95,-4.4,1,voltage,Max voltage 1.0535 pu at bus 624 exceeds 1.05,CONSTRAINED,734,702,734,624,30.5,-0.24,0,0.24,OH-1 parallel with OH-2,T7,line 30 0.066->-0.097 reversed,True
S01468,IEEE_CompTestFeeder,708,0,101,101,0.95802,0.96176,0.00374,0.90593,1.00536,0.90665,1.00594,0.00058,702,8.77,8.77,92.8,92.73,OH-1 parallel with OH-2,T7,4178.44,4073.05,-105.39,1690.21,1669.35,-20.86,442.35,437.97,-4.39,1,caution,reverse flow,CAUTION,734,702,734,702,-0.01,-0.08,75.0,0.24,OH-1 parallel with OH-2,T7,trafo 16 reversed,True
S01469,IEEE_CompTestFeeder,6222,0,128,128,0.99457,1.07669,0.08212,0.90593,1.00536,0.90753,1.07669,0.07133,622,8.77,28.6,92.8,92.63,SEC-5,T7,4178.44,4050.08,-128.37,1690.21,1664.39,-25.82,442.35,441.99,-0.37,1,voltage,Max voltage 1.0767 pu at bus 622 exceeds 1.05,CONSTRAINED,734,702,734,622,19.82,-0.17,0,0.24,OH-1 parallel with OH-2,T7,line 30 0.066->-0.053 reversed,True
S01470,IEEE_CompTestFeeder,620,0,40,40,0.99457,0.99586,0.00129,0.90593,1.00536,0.90651,1.00564,0.00027,702,8.77,8.68,92.8,92.74,OH-1 parallel with OH-2,T7,4178.44,4134.97,-43.48,1690.21,1679.76,-10.45,442.35,438.88,-3.48,0,none,No violation,SAFE,734,702,734,702,-0.1,-0.06,0,0.24,OH-1 parallel with OH-2,T7,none,True
S01471,IEEE_CompTestFeeder,6332,0,24,24,0.91349,0.92524,0.01175,0.90593,1.00536,0.91778,1.00561,0.00025,702,8.77,8.71,92.8,92.71,OH-1 parallel with OH-2,T7,4178.44,4149.21,-29.24,1690.21,1679.91,-10.3,442.35,437.12,-5.24,0,none,No violation,SAFE,734,702,734,702,-0.07,-0.09,0,0.24,OH-1 parallel with OH-2,T7,none,True
S01472,IEEE_CompTestFeeder,7641,0,59,59,0.93653,0.94407,0.00754,0.90593,1.00536,0.90863,1.00623,0.00086,702,8.77,8.58,92.8,92.48,OH-1 parallel with OH-2,T1,4178.44,4098.34,-80.1,1690.21,1652.64,-37.57,442.35,421.25,-21.1,1,caution,reverse flow,CAUTION,734,702,734,702,-0.19,-0.33,0,0.24,OH-1 parallel with OH-2,T7,line 24 0.046->-0.013 reversed,True
S01473,IEEE_CompTestFeeder,724,0,97,97,0.99457,1.02877,0.0342,0.90593,1.00536,0.90726,1.02877,0.02341,624,8.77,22.68,92.8,92.66,SEC-1,T7,4178.44,4076.47,-101.97,1690.21,1667.5,-22.71,442.35,437.39,-4.97,1,caution,rise 0.0342>=0.03; reverse flow,CAUTION,734,702,734,624,13.91,-0.14,0,0.24,OH-1 parallel with OH-2,T7,line 30 0.066->-0.028 reversed,True
S01474,IEEE_CompTestFeeder,6212,10,177,187,0.99822,1.05833,0.06011,0.90607,1.00543,0.90833,1.05833,0.0529,621,8.75,42.51,92.79,92.55,SEC-4,T7,4167.6,3987.57,-180.03,1687.59,1651.27,-36.31,441.51,438.48,-3.03,1,voltage,Max voltage 1.0583 pu at bus 621 exceeds 1.05,CONSTRAINED,734,702,734,621,33.75,-0.24,0,0.24,OH-1 parallel with OH-2,T7,line 30 0.056->-0.110 reversed,True
S01475,IEEE_CompTestFeeder,7393,0,156,156,0.98479,0.99781,0.01302,0.90593,1.00536,0.91161,1.00701,0.00164,702,8.77,8.33,92.8,92.4,OH-1 parallel with OH-2,T1,4178.44,3988.3,-190.14,1690.21,1622.15,-68.06,442.35,408.22,-34.14,1,caution,reverse flow,CAUTION,734,702,734,702,-0.44,-0.4,0,0.24,OH-1 parallel with OH-2,T7,line 25 0.117->-0.039 reversed,True
S01476,IEEE_CompTestFeeder,725,0,110,110,0.99457,1.06595,0.07138,0.90593,1.00536,0.90733,1.06595,0.06058,625,8.77,24.82,92.8,92.65,SEC-2,T7,4178.44,4066.97,-111.47,1690.21,1667.16,-23.05,442.35,440.88,-1.47,1,voltage,Max voltage 1.0659 pu at bus 625 exceeds 1.05,CONSTRAINED,734,702,734,625,16.05,-0.15,0,0.24,OH-1 parallel with OH-2,T7,line 30 0.066->-0.037 reversed,True
S01477,IEEE_CompTestFeeder,622,0,37,37,0.99457,1.0198,0.02523,0.90593,1.00536,0.90645,1.0198,0.01444,622,8.77,8.73,92.8,92.75,SEC-5,T7,4178.44,4139.19,-39.25,1690.21,1681.14,-9.07,442.35,440.1,-2.25,0,none,No violation,SAFE,734,702,734,622,-0.05,-0.06,0,0.24,OH-1 parallel with OH-2,T7,none,True
S01478,IEEE_CompTestFeeder,725,0,136,136,0.99457,1.0814,0.08683,0.90593,1.00536,0.90761,1.0814,0.07603,625,8.77,30.25,92.8,92.62,SEC-2,T7,4178.44,4042.67,-135.77,1690.21,1663.24,-26.97,442.35,442.59,0.23,1,voltage,Max voltage 1.0814 pu at bus 625 exceeds 1.05,CONSTRAINED,734,702,734,625,21.48,-0.18,0,0.24,OH-1 parallel with OH-2,T7,line 30 0.066->-0.059 reversed,True
S01479,IEEE_CompTestFeeder,625,5,19,24,0.99806,1.01109,0.01303,0.906,1.0054,0.90627,1.01109,0.0057,625,8.76,8.72,92.8,92.77,OH-1 parallel with OH-2,T7,4173.02,4152.76,-20.26,1688.9,1684.16,-4.74,441.93,440.67,-1.26,0,none,No violation,SAFE,734,702,734,625,-0.05,-0.03,0,0.24,OH-1 parallel with OH-2,T7,none,True
S01480,IEEE_CompTestFeeder,726,0,51,51,0.99457,1.04461,0.05004,0.90593,1.00536,0.90661,1.04461,0.03925,626,8.77,11.74,92.8,92.73,SEC-3,T7,4178.44,4125.66,-52.78,1690.21,1678.6,-11.61,442.35,440.57,-1.78,0,voltage_rise,Voltage rise at PV bus 726 0.0500 pu exceeds 0.05,CONSTRAINED,734,702,734,626,2.97,-0.07,0,0.24,OH-1 parallel with OH-2,T7,none,True
S01481,IEEE_CompTestFeeder,7642,12,149,161,0.93808,0.95652,0.01844,0.90648,1.00554,0.91305,1.00761,0.00207,702,8.74,8.26,92.74,92.34,OH-1 parallel with OH-2,T1,4162.03,3963.04,-198.99,1682.37,1593.28,-89.09,437.95,387.96,-49.99,1,caution,reverse flow,CAUTION,734,702,734,702,-0.48,-0.39,0,0.24,OH-1 parallel with OH-2,T7,line 23 0.079->-0.069 reversed,True
S01482,IEEE_CompTestFeeder,622,14,174,188,1.00428,1.11098,0.1067,0.90613,1.00546,0.90812,1.11098,0.10552,622,8.74,40.71,92.78,92.57,SEC-4,T7,4163.36,3996.0,-167.35,1686.6,1656.85,-29.75,441.27,447.91,6.65,1,voltage,Max voltage 1.1110 pu at bus 622 exceeds 1.05,CONSTRAINED,734,702,734,622,31.97,-0.21,0,0.24,OH-1 parallel with OH-2,T7,line 30 0.052->-0.103 reversed,True
S01483,IEEE_CompTestFeeder,769,6,119,125,0.95503,0.97315,0.01811,0.90622,1.00546,0.9118,1.00727,0.00181,702,8.75,8.36,92.77,92.38,OH-1 parallel with OH-2,T1,4170.04,4006.96,-163.08,1685.92,1607.15,-78.77,439.95,395.87,-44.08,1,caution,reverse flow,CAUTION,734,702,734,702,-0.4,-0.39,41.0,0.24,OH-1 parallel with OH-2,T7,trafo 7 reversed,True
S01484,IEEE_CompTestFeeder,7392,5,61,66,0.98522,0.99041,0.00519,0.90612,1.00542,0.90838,1.00609,0.00066,702,8.76,8.58,92.78,92.53,OH-1 parallel with OH-2,T7,4172.26,4097.33,-74.93,1687.85,1660.04,-27.81,441.17,427.24,-13.93,1,caution,reverse flow,CAUTION,734,702,734,702,-0.18,-0.26,0,0.24,OH-1 parallel with OH-2,T7,line 26 0.036->-0.025 reversed,True
S01485,IEEE_CompTestFeeder,6262,0,208,208,0.99457,1.17378,0.17921,0.90593,1.00536,0.90808,1.17378,0.16841,626,8.77,42.63,92.8,92.57,SEC-1,T7,4178.44,3987.97,-190.47,1690.21,1660.53,-29.68,442.35,459.88,17.53,1,voltage,Max voltage 1.1738 pu at bus 626 exceeds 1.05,CONSTRAINED,734,702,734,626,33.85,-0.23,0,0.24,OH-1 parallel with OH-2,T7,line 30 0.066->-0.110 reversed,True
S01486,IEEE_CompTestFeeder,730,0,135,135,0.94698,0.95258,0.00561,0.90593,1.00536,0.90934,1.00651,0.00114,702,8.77,8.42,92.8,92.45,OH-1 parallel with OH-2,T1,4178.44,4023.34,-155.1,1690.21,1644.67,-45.54,442.35,422.26,-20.1,1,caution,reverse flow,CAUTION,734,702,734,702,-0.36,-0.35,85.0,0.24,OH-1 parallel with OH-2,T7,line 31 0.085->-0.050 reversed,True
S01487,IEEE_CompTestFeeder,759,0,180,180,0.9374,0.95888,0.02148,0.90593,1.00536,0.91377,1.00782,0.00246,702,8.77,8.2,92.8,101.75,OH-1 parallel with OH-2,T12,4178.44,3939.22,-239.23,1690.21,1584.75,-105.46,442.35,383.13,-59.23,1,transformer_loading,Transformer T12 loading 101.7% exceeds 100.0%,CONSTRAINED,734,702,734,702,-0.58,8.94,35.0,0.24,OH-1 parallel with OH-2,T7,line 18 0.035->-0.144 reversed,True
S01488,IEEE_CompTestFeeder,6221,12,156,168,1.00291,1.0998,0.09689,0.9061,1.00545,0.90793,1.0998,0.09435,622,8.75,36.75,92.78,92.59,SEC-4,T7,4165.49,4013.67,-151.83,1687.1,1659.1,-28.01,441.41,445.58,4.17,1,voltage,Max voltage 1.0998 pu at bus 622 exceeds 1.05,CONSTRAINED,734,702,734,622,28.0,-0.2,0,0.24,OH-1 parallel with OH-2,T7,line 30 0.054->-0.086 reversed,True
S01489,IEEE_CompTestFeeder,633,0,103,103,0.91349,0.96178,0.04829,0.90593,1.00536,0.926,1.00635,0.00098,702,8.77,21.93,92.8,92.47,SEC-7,T1,4178.44,4057.93,-120.51,1690.21,1650.03,-40.18,442.35,424.85,-17.51,1,caution,rise 0.0483>=0.03; reverse flow,CAUTION,734,702,735,702,13.16,-0.34,0,0.24,OH-1 parallel with OH-2,T7,line 38 0.016->-0.084 reversed,True
S01490,IEEE_CompTestFeeder,721,0,56,56,0.99457,1.01464,0.02007,0.90593,1.00536,0.90672,1.01464,0.00927,621,8.77,13.28,92.8,92.72,SEC-4,T7,4178.44,4118.73,-59.71,1690.21,1676.38,-13.83,442.35,438.64,-3.71,0,none,No violation,SAFE,734,702,734,621,4.5,-0.08,0,0.24,OH-1 parallel with OH-2,T7,none,True
S01491,IEEE_CompTestFeeder,7642,11,180,191,0.93795,0.96005,0.0221,0.90644,1.00553,0.9143,1.008,0.00247,702,8.74,8.16,92.74,102.15,OH-1 parallel with OH-2,T14,4163.4,3923.97,-239.43,1683.02,1577.09,-105.93,438.31,378.88,-59.43,1,transformer_loading,Transformer T14 loading 102.2% exceeds 100.0%,CONSTRAINED,734,702,734,702,-0.58,9.41,0,0.24,OH-1 parallel with OH-2,T7,line 23 0.080->-0.099 reversed,True
S01492,IEEE_CompTestFeeder,6321,12,29,41,0.92198,0.92415,0.00217,0.90685,1.00549,0.90906,1.00578,0.00029,702,8.74,8.66,92.76,92.65,OH-1 parallel with OH-2,T7,4163.87,4128.77,-35.1,1685.06,1672.88,-12.18,439.78,433.68,-6.1,0,none,No violation,SAFE,734,702,734,702,-0.08,-0.11,0,0.24,OH-1 parallel with OH-2,T7,none,True
S01493,IEEE_CompTestFeeder,728,0,162,162,0.93707,0.96734,0.03027,0.90593,1.00536,0.90981,1.00662,0.00126,702,8.77,8.36,92.8,174.08,OH-1 parallel with OH-2,T3,4178.44,3995.55,-182.9,1690.21,1641.08,-49.13,442.35,421.46,-20.9,1,transformer_loading,Transformer T3 loading 174.1% exceeds 100.0%,CONSTRAINED,734,702,734,702,-0.42,81.28,38.0,0.24,OH-1 parallel with OH-2,T7,trafo 2 reversed,True
S01494,IEEE_CompTestFeeder,624,11,133,144,0.99859,1.04444,0.04586,0.90609,1.00544,0.90783,1.04444,0.039,624,8.75,33.17,92.79,92.6,SEC-1,T7,4166.52,4029.42,-137.1,1687.33,1658.5,-28.83,441.43,437.33,-4.1,1,caution,max 1.0444>1.03; rise 0.0459>=0.03; reverse flow,CAUTION,734,702,734,624,24.42,-0.19,0,0.24,OH-1 parallel with OH-2,T7,line 30 0.055->-0.072 reversed,True
S01495,IEEE_CompTestFeeder,720,0,173,173,0.99457,1.00002,0.00545,0.90593,1.00536,0.9084,1.0065,0.00114,702,8.77,8.58,92.8,92.54,OH-6,T7,4178.44,3991.23,-187.21,1690.21,1647.51,-42.7,442.35,428.14,-14.21,1,caution,reverse flow,CAUTION,734,702,734,702,-0.2,-0.26,66.0,0.24,OH-1 parallel with OH-2,T7,line 30 0.066->-0.107 reversed,True
S01496,IEEE_CompTestFeeder,721,11,216,227,0.99859,1.07089,0.07231,0.90609,1.00544,0.90876,1.07089,0.06545,621,8.75,50.99,92.79,92.5,SEC-4,T7,4166.52,3949.58,-216.94,1687.33,1645.36,-41.97,441.43,440.5,-0.94,1,voltage,Max voltage 1.0709 pu at bus 621 exceeds 1.05,CONSTRAINED,734,702,734,621,42.24,-0.28,0,0.24,OH-1 parallel with OH-2,T7,line 30 0.055->-0.146 reversed,True
S01497,IEEE_CompTestFeeder,620,15,178,193,0.99505,1.00063,0.00558,0.90615,1.00547,0.90868,1.00663,0.00116,702,8.74,8.58,92.78,92.51,OH-6,T7,4162.12,3969.72,-192.4,1686.25,1642.99,-43.26,441.04,426.64,-14.4,1,caution,reverse flow,CAUTION,734,702,734,702,-0.16,-0.27,0,0.24,OH-1 parallel with OH-2,T7,line 30 0.051->-0.127 reversed,True
S01498,IEEE_CompTestFeeder,6331,0,99,99,0.91349,0.96,0.04651,0.90593,1.00536,0.92587,1.00631,0.00095,702,8.77,20.98,92.8,92.47,SEC-7,T1,4178.44,4062.39,-116.05,1690.21,1651.41,-38.8,442.35,425.3,-17.05,1,caution,rise 0.0465>=0.03; reverse flow,CAUTION,734,702,735,702,12.21,-0.33,0,0.24,OH-1 parallel with OH-2,T7,line 38 0.016->-0.080 reversed,True
S01499,IEEE_CompTestFeeder,743,10,207,217,0.9644,0.97852,0.01412,0.90633,1.00549,0.91444,1.00793,0.00244,702,8.74,8.13,92.55,92.31,OH-1 parallel with OH-2,T1,4165.69,3905.93,-259.76,1684.83,1582.04,-102.79,439.6,386.84,-52.76,0,none,No violation,SAFE,734,702,734,702,-0.62,-0.24,240.0,0.24,OH-1 parallel with OH-2,T1,none,True
S01500,IEEE_CompTestFeeder,6242,0,210,210,0.99457,1.0656,0.07103,0.90593,1.00536,0.90858,1.0656,0.06023,624,8.77,47.41,92.8,92.52,SEC-1,T7,4178.44,3965.62,-212.82,1690.21,1647.78,-42.43,442.35,439.53,-2.82,1,voltage,Max voltage 1.0656 pu at bus 624 exceeds 1.05,CONSTRAINED,734,702,734,624,38.63,-0.28,0,0.24,OH-1 parallel with OH-2,T7,line 30 0.066->-0.131 reversed,True
