pv_bus,existing_pv_kw,new_pv_kw,total_pv_kw,pv_bus_vn_kv,existing_load_at_bus_kw,transformer_association,feeder_section,transformer_sn_kva,base_voltage_pu,feeder_distance_km,upstream_r_ohm,upstream_x_ohm,upstream_z_ohm,pv_penetration_ratio,pv_to_transformer_ratio,new_pv_to_transformer_ratio,load_to_transformer_ratio,label
716,0.0,1.5,1.5,0.48,15.85,T24(HV),Branch_701-708,300.0,0.97763,0.9144,0.4676,0.2627,0.5363,0.09463722397476342,0.005,0.005,0.05283333333333333,SAFE
740,0.0,3.7,3.7,0.24,75.0,T5,Main_735-750,150.0,0.98202,23.0885,14.9212,11.4648,18.8171,0.04933333333333333,0.024666666666666667,0.024666666666666667,0.5,SAFE
7692,0.0,2.7,2.7,0.24,0.0,T22,LV_secondary_T2_T4,150.0,0.95405,44.5068,31.369,22.8385,38.8022,2.7,0.018000000000000002,0.018000000000000002,0.0,SAFE
623,0.0,2.8,2.8,0.24,0.0,T2,LV_secondary_T2_T4,300.0,0.99456,7.2329,4.237,2.8374,5.0993,2.8,0.009333333333333332,0.009333333333333332,0.0,SAFE
623,7.3,11.7,19.0,0.24,0.0,T2,LV_secondary_T2_T4,300.0,0.99456,7.2329,4.237,2.8374,5.0993,19.0,0.06333333333333334,0.039,0.0,SAFE
6321,0.0,5.2,5.2,0.24,0.0,T4,LV_secondary_T2_T4,150.0,0.92105,16.9926,11.6578,8.5847,14.4776,5.2,0.034666666666666665,0.034666666666666665,0.0,SAFE
620,0.0,15.4,15.4,0.24,0.0,T2,LV_secondary_T2_T4,300.0,0.99456,7.0957,4.1795,2.816,5.0396,15.4,0.051333333333333335,0.051333333333333335,0.0,SAFE
6322,0.0,7.5,7.5,0.24,0.0,T4,LV_secondary_T2_T4,150.0,0.92105,16.9926,11.6578,8.5847,14.4776,7.5,0.05,0.05,0.0,SAFE
6221,0.0,2.9,2.9,0.24,0.0,T2,LV_secondary_T2_T4,300.0,0.99456,7.1872,4.2178,2.8303,5.0794,2.9,0.009666666666666667,0.009666666666666667,0.0,SAFE
6231,0.0,17.1,17.1,0.24,0.0,T2,LV_secondary_T2_T4,300.0,0.99456,7.2329,4.237,2.8374,5.0993,17.1,0.057,0.057,0.0,SAFE
625,0.0,14.9,14.9,0.24,0.0,T2,LV_secondary_T2_T4,300.0,0.99456,7.1872,4.2178,2.8303,5.0794,14.9,0.049666666666666665,0.049666666666666665,0.0,SAFE
6242,0.0,2.5,2.5,0.24,0.0,T2,LV_secondary_T2_T4,300.0,0.99456,7.1414,4.1987,2.8231,5.0595,2.5,0.008333333333333333,0.008333333333333333,0.0,SAFE
6232,1.4,12.0,13.4,0.24,0.0,T2,LV_secondary_T2_T4,300.0,0.99456,7.2329,4.237,2.8374,5.0993,13.4,0.04466666666666667,0.04,0.0,SAFE
743,8.7,15.7,24.4,0.24,240.0,T7,Main_735-750,300.0,0.96367,21.8693,15.052,11.1097,18.708,0.10166666666666666,0.08133333333333333,0.05233333333333333,0.8,SAFE
714,0.0,8.2,8.2,0.208,240.0,T24,Branch_701-708,30.0,0.99083,0.9144,0.4676,0.2627,0.5363,0.034166666666666665,0.2733333333333333,0.2733333333333333,8.0,SAFE
6232,0.0,4.1,4.1,0.24,0.0,T2,LV_secondary_T2_T4,300.0,0.99456,7.2329,4.237,2.8374,5.0993,4.1,0.013666666666666666,0.013666666666666666,0.0,SAFE
762,1.6,14.3,15.9,0.48,45.0,T13,Branch_752-765,150.0,0.93629,42.0074,28.9831,21.4317,36.0463,0.35333333333333333,0.106,0.09533333333333334,0.3,SAFE
726,0.0,11.1,11.1,0.24,0.0,-,Main_720-734,5000.0,0.99456,7.2329,4.237,2.8374,5.0993,11.1,0.0022199999999999998,0.0022199999999999998,0.0,SAFE
7391,6.8,8.2,15.0,0.24,0.0,T6,LV_secondary_T2_T4,150.0,0.98477,24.6125,15.6519,11.8507,19.6321,15.0,0.1,0.05466666666666666,0.0,SAFE
740,8.0,14.0,22.0,0.24,75.0,T5,Main_735-750,150.0,0.98202,23.0885,14.9212,11.4648,18.8171,0.29333333333333333,0.14666666666666667,0.09333333333333334,0.5,SAFE
743,4.6,16.6,21.200000000000003,0.24,240.0,T7,Main_735-750,300.0,0.96367,21.8693,15.052,11.1097,18.708,0.08833333333333335,0.07066666666666667,0.05533333333333334,0.8,SAFE
633,8.9,5.0,13.9,0.24,0.0,T4,LV_secondary_T2_T4,150.0,0.91348,17.0383,11.6797,8.589,14.4978,13.9,0.09266666666666667,0.03333333333333333,0.0,SAFE
6202,0.0,5.0,5.0,0.24,0.0,T2,LV_secondary_T2_T4,300.0,0.99456,7.0957,4.1795,2.816,5.0396,5.0,0.016666666666666666,0.016666666666666666,0.0,SAFE
7122,0.0,3.7,3.7,0.24,0.0,T18,LV_secondary_T2_T4,300.0,0.95826,7.7724,4.5565,3.3703,5.6675,3.7,0.012333333333333333,0.012333333333333333,0.0,SAFE
7691,0.0,6.0,6.0,0.24,0.0,T22,LV_secondary_T2_T4,150.0,0.95405,44.5068,31.369,22.8385,38.8022,6.0,0.04,0.04,0.0,SAFE
6261,2.2,7.9,10.100000000000001,0.24,0.0,T2,LV_secondary_T2_T4,300.0,0.99456,7.2329,4.237,2.8374,5.0993,10.100000000000001,0.03366666666666667,0.026333333333333334,0.0,SAFE
7482,0.0,2.7,2.7,0.24,0.0,T8,LV_secondary_T2_T4,150.0,0.95585,27.31,18.8387,13.9267,23.4276,2.7,0.018000000000000002,0.018000000000000002,0.0,SAFE
716,0.0,3.9,3.9,0.48,15.85,T24(HV),Branch_701-708,300.0,0.97763,0.9144,0.4676,0.2627,0.5363,0.24605678233438485,0.013,0.013,0.05283333333333333,SAFE
6322,0.0,12.3,12.3,0.24,0.0,T4,LV_secondary_T2_T4,150.0,0.92105,16.9926,11.6578,8.5847,14.4776,12.3,0.082,0.082,0.0,SAFE
7391,8.7,11.1,19.799999999999997,0.24,0.0,T6,LV_secondary_T2_T4,150.0,0.98477,24.6125,15.6519,11.8507,19.6321,19.799999999999997,0.13199999999999998,0.074,0.0,SAFE
621,0.0,13.9,13.9,0.24,0.0,T2,LV_secondary_T2_T4,300.0,0.99456,7.1414,4.1987,2.8231,5.0595,13.9,0.04633333333333334,0.04633333333333334,0.0,SAFE
7691,4.1,15.3,19.4,0.24,0.0,T22,LV_secondary_T2_T4,150.0,0.95405,44.5068,31.369,22.8385,38.8022,19.4,0.12933333333333333,0.10200000000000001,0.0,SAFE
770,0.0,9.3,9.3,0.24,450.0,T15,Delta_766-772,1500.0,0.95059,44.5068,31.369,22.8385,38.8022,0.020666666666666667,0.006200000000000001,0.006200000000000001,0.3,SAFE
759,5.6,19.5,25.1,0.24,35.0,T12,Branch_752-765,150.0,0.93737,40.2701,27.7136,20.528,34.4883,0.7171428571428572,0.16733333333333333,0.13,0.23333333333333334,SAFE
715,0.0,17.5,17.5,0.208,0.0,-,Branch_701-708,5000.0,0.99083,0.9144,0.4676,0.2627,0.5363,17.5,0.0035,0.0035,0.0,SAFE
7483,0.0,12.6,12.6,0.24,0.0,T8,LV_secondary_T2_T4,150.0,0.95585,27.31,18.8387,13.9267,23.4276,12.6,0.08399999999999999,0.08399999999999999,0.0,SAFE
725,5.8,11.2,17.0,0.24,0.0,-,Main_720-734,5000.0,0.99456,7.1872,4.2178,2.8303,5.0794,17.0,0.0034,0.00224,0.0,SAFE
620,0.0,12.4,12.4,0.24,0.0,T2,LV_secondary_T2_T4,300.0,0.99456,7.0957,4.1795,2.816,5.0396,12.4,0.04133333333333333,0.04133333333333333,0.0,SAFE
716,8.5,18.7,27.2,0.48,15.85,T24(HV),Branch_701-708,300.0,0.97763,0.9144,0.4676,0.2627,0.5363,1.7160883280757098,0.09066666666666666,0.06233333333333333,0.05283333333333333,SAFE
6201,0.0,5.5,5.5,0.24,0.0,T2,LV_secondary_T2_T4,300.0,0.99456,7.0957,4.1795,2.816,5.0396,5.5,0.018333333333333333,0.018333333333333333,0.0,SAFE
710,0.0,2.6,2.6,0.208,80.0,T17,Branch_701-708,300.0,0.95736,7.0104,4.008,2.9713,4.9893,0.0325,0.008666666666666666,0.008666666666666666,0.26666666666666666,SAFE
633,0.0,19.6,19.6,0.24,0.0,T4,LV_secondary_T2_T4,150.0,0.91348,17.0383,11.6797,8.589,14.4978,19.6,0.13066666666666668,0.13066666666666668,0.0,SAFE
721,0.0,3.4,3.4,0.24,0.0,-,Main_720-734,5000.0,0.99456,7.1414,4.1987,2.8231,5.0595,3.4,0.0006799999999999999,0.0006799999999999999,0.0,SAFE
7693,0.0,4.1,4.1,0.24,0.0,T22,LV_secondary_T2_T4,150.0,0.95405,44.5068,31.369,22.8385,38.8022,4.1,0.02733333333333333,0.02733333333333333,0.0,SAFE
6322,7.8,19.3,27.1,0.24,0.0,T4,LV_secondary_T2_T4,150.0,0.92105,16.9926,11.6578,8.5847,14.4776,27.1,0.18066666666666667,0.12866666666666668,0.0,SAFE
733,0.0,14.5,14.5,0.24,0.0,-,Main_720-734,5000.0,0.91348,17.0383,11.6797,8.589,14.4978,14.5,0.0029,0.0029,0.0,SAFE
6241,0.0,9.3,9.3,0.24,0.0,T2,LV_secondary_T2_T4,300.0,0.99456,7.1414,4.1987,2.8231,5.0595,9.3,0.031000000000000003,0.031000000000000003,0.0,SAFE
720,0.0,5.7,5.7,0.24,66.0,T2,Main_720-734,300.0,0.99456,7.0957,4.1795,2.816,5.0396,0.08636363636363636,0.019,0.019,0.22,SAFE
622,0.0,12.2,12.2,0.24,0.0,T2,LV_secondary_T2_T4,300.0,0.99456,7.1872,4.2178,2.8303,5.0794,12.2,0.04066666666666666,0.04066666666666666,0.0,SAFE
740,1.5,1.1,2.6,0.24,75.0,T5,Main_735-750,150.0,0.98202,23.0885,14.9212,11.4648,18.8171,0.034666666666666665,0.017333333333333333,0.007333333333333334,0.5,SAFE
633,1.6,18.2,19.8,0.24,0.0,T4,LV_secondary_T2_T4,150.0,0.91348,17.0383,11.6797,8.589,14.4978,19.8,0.132,0.12133333333333333,0.0,SAFE
748,0.0,6.3,6.3,0.24,76.88,T8,Main_735-750,150.0,0.95585,27.31,18.8387,13.9267,23.4276,0.08194588969823101,0.041999999999999996,0.041999999999999996,0.5125333333333333,SAFE
7692,6.1,3.5,9.6,0.24,0.0,T22,LV_secondary_T2_T4,150.0,0.95405,44.5068,31.369,22.8385,38.8022,9.6,0.064,0.023333333333333334,0.0,SAFE
7392,0.0,5.6,5.6,0.24,0.0,T6,LV_secondary_T2_T4,150.0,0.98477,24.6125,15.6519,11.8507,19.6321,5.6,0.03733333333333333,0.03733333333333333,0.0,SAFE
6262,0.0,4.6,4.6,0.24,0.0,T2,LV_secondary_T2_T4,300.0,0.99456,7.2329,4.237,2.8374,5.0993,4.6,0.015333333333333332,0.015333333333333332,0.0,SAFE
6331,0.0,7.7,7.7,0.24,0.0,T4,LV_secondary_T2_T4,150.0,0.91348,17.0383,11.6797,8.589,14.4978,7.7,0.051333333333333335,0.051333333333333335,0.0,SAFE
626,1.9,13.8,15.700000000000001,0.24,0.0,T2,LV_secondary_T2_T4,300.0,0.99456,7.2329,4.237,2.8374,5.0993,15.700000000000001,0.052333333333333336,0.046,0.0,SAFE
6261,2.0,14.8,16.8,0.24,0.0,T2,LV_secondary_T2_T4,300.0,0.99456,7.2329,4.237,2.8374,5.0993,16.8,0.056,0.04933333333333333,0.0,SAFE
732,0.0,4.6,4.6,0.24,25.4,T4,Main_720-734,150.0,0.92105,16.9926,11.6578,8.5847,14.4776,0.1811023622047244,0.030666666666666665,0.030666666666666665,0.16933333333333334,SAFE
6322,0.0,4.5,4.5,0.24,0.0,T4,LV_secondary_T2_T4,150.0,0.92105,16.9926,11.6578,8.5847,14.4776,4.5,0.03,0.03,0.0,SAFE
708,6.0,9.4,15.4,0.24,75.0,T16,Branch_701-708,300.0,0.95801,6.2484,3.6185,2.8328,4.5954,0.20533333333333334,0.051333333333333335,0.03133333333333333,0.25,SAFE
626,0.0,13.4,13.4,0.24,0.0,T2,LV_secondary_T2_T4,300.0,0.99456,7.2329,4.237,2.8374,5.0993,13.4,0.04466666666666667,0.04466666666666667,0.0,SAFE
621,8.6,19.4,28.0,0.24,0.0,T2,LV_secondary_T2_T4,300.0,0.99456,7.1414,4.1987,2.8231,5.0595,28.0,0.09333333333333334,0.06466666666666666,0.0,SAFE
726,0.0,8.7,8.7,0.24,0.0,-,Main_720-734,5000.0,0.99456,7.2329,4.237,2.8374,5.0993,8.7,0.0017399999999999998,0.0017399999999999998,0.0,SAFE
6261,0.0,18.1,18.1,0.24,0.0,T2,LV_secondary_T2_T4,300.0,0.99456,7.2329,4.237,2.8374,5.0993,18.1,0.060333333333333336,0.060333333333333336,0.0,SAFE
620,0.0,19.7,19.7,0.24,0.0,T2,LV_secondary_T2_T4,300.0,0.99456,7.0957,4.1795,2.816,5.0396,19.7,0.06566666666666666,0.06566666666666666,0.0,SAFE
7122,7.6,6.4,14.0,0.24,0.0,T18,LV_secondary_T2_T4,300.0,0.95826,7.7724,4.5565,3.3703,5.6675,14.0,0.04666666666666667,0.021333333333333336,0.0,SAFE
7481,0.0,3.9,3.9,0.24,0.0,T8,LV_secondary_T2_T4,150.0,0.95585,27.31,18.8387,13.9267,23.4276,3.9,0.026,0.026,0.0,SAFE
632,0.0,12.0,12.0,0.24,0.0,T4,LV_secondary_T2_T4,150.0,0.92105,16.9926,11.6578,8.5847,14.4776,12.0,0.08,0.08,0.0,SAFE
6202,0.0,2.1,2.1,0.24,0.0,T2,LV_secondary_T2_T4,300.0,0.99456,7.0957,4.1795,2.816,5.0396,2.1,0.007,0.007,0.0,SAFE
7483,0.0,18.5,18.5,0.24,0.0,T8,LV_secondary_T2_T4,150.0,0.95585,27.31,18.8387,13.9267,23.4276,18.5,0.12333333333333334,0.12333333333333334,0.0,SAFE
632,0.0,19.3,19.3,0.24,0.0,T4,LV_secondary_T2_T4,150.0,0.92105,16.9926,11.6578,8.5847,14.4776,19.3,0.12866666666666668,0.12866666666666668,0.0,SAFE
730,0.0,2.3,2.3,0.24,85.0,T23,Main_720-734,300.0,0.94696,11.8872,7.965,5.8252,9.8678,0.027058823529411764,0.007666666666666666,0.007666666666666666,0.2833333333333333,SAFE
748,6.1,8.7,14.799999999999999,0.24,76.88,T8,Main_735-750,150.0,0.95585,27.31,18.8387,13.9267,23.4276,0.19250780437044746,0.09866666666666667,0.057999999999999996,0.5125333333333333,SAFE
625,0.0,12.8,12.8,0.24,0.0,T2,LV_secondary_T2_T4,300.0,0.99456,7.1872,4.2178,2.8303,5.0794,12.8,0.04266666666666667,0.04266666666666667,0.0,SAFE
7642,0.0,7.0,7.0,0.24,0.0,T14,LV_secondary_T2_T4,150.0,0.9365,42.617,29.4074,21.7473,36.5751,7.0,0.04666666666666667,0.04666666666666667,0.0,SAFE
6202,0.0,5.5,5.5,0.24,0.0,T2,LV_secondary_T2_T4,300.0,0.99456,7.0957,4.1795,2.816,5.0396,5.5,0.018333333333333333,0.018333333333333333,0.0,SAFE
772,9.4,9.7,19.1,0.208,100.0,T19,Delta_766-772,300.0,0.93424,43.184,29.887,22.1458,37.1977,0.191,0.06366666666666668,0.03233333333333333,0.3333333333333333,SAFE
621,10.0,9.7,19.7,0.24,0.0,T2,LV_secondary_T2_T4,300.0,0.99456,7.1414,4.1987,2.8231,5.0595,19.7,0.06566666666666666,0.03233333333333333,0.0,SAFE
708,0.0,11.2,11.2,0.24,75.0,T16,Branch_701-708,300.0,0.95801,6.2484,3.6185,2.8328,4.5954,0.14933333333333332,0.03733333333333333,0.03733333333333333,0.25,SAFE
721,8.9,18.7,27.6,0.24,0.0,-,Main_720-734,5000.0,0.99456,7.1414,4.1987,2.8231,5.0595,27.6,0.005520000000000001,0.00374,0.0,SAFE
6241,0.0,6.4,6.4,0.24,0.0,T2,LV_secondary_T2_T4,300.0,0.99456,7.1414,4.1987,2.8231,5.0595,6.4,0.021333333333333336,0.021333333333333336,0.0,SAFE
7692,0.0,14.4,14.4,0.24,0.0,T22,LV_secondary_T2_T4,150.0,0.95405,44.5068,31.369,22.8385,38.8022,14.4,0.096,0.096,0.0,SAFE
7643,3.7,1.1,4.800000000000001,0.24,0.0,T14,LV_secondary_T2_T4,150.0,0.9365,42.617,29.4074,21.7473,36.5751,4.800000000000001,0.03200000000000001,0.007333333333333334,0.0,SAFE
715,0.0,18.8,18.8,0.208,0.0,-,Branch_701-708,5000.0,0.99083,0.9144,0.4676,0.2627,0.5363,18.8,0.0037600000000000003,0.0037600000000000003,0.0,SAFE
716,2.4,17.9,20.299999999999997,0.48,15.85,T24(HV),Branch_701-708,300.0,0.97763,0.9144,0.4676,0.2627,0.5363,1.280757097791798,0.06766666666666665,0.05966666666666666,0.05283333333333333,SAFE
769,2.8,12.5,15.3,0.24,41.0,T22,Delta_766-772,150.0,0.95405,44.5068,31.369,22.8385,38.8022,0.37317073170731707,0.10200000000000001,0.08333333333333333,0.2733333333333333,SAFE
759,0.0,10.6,10.6,0.24,35.0,T12,Branch_752-765,150.0,0.93737,40.2701,27.7136,20.528,34.4883,0.3028571428571428,0.07066666666666667,0.07066666666666667,0.23333333333333334,SAFE
626,0.0,2.8,2.8,0.24,0.0,T2,LV_secondary_T2_T4,300.0,0.99456,7.2329,4.237,2.8374,5.0993,2.8,0.009333333333333332,0.009333333333333332,0.0,SAFE
764,0.0,1.8,1.8,0.24,46.0,T14,Branch_752-765,150.0,0.9365,42.617,29.4074,21.7473,36.5751,0.0391304347826087,0.012,0.012,0.30666666666666664,SAFE
721,0.0,13.1,13.1,0.24,0.0,-,Main_720-734,5000.0,0.99456,7.1414,4.1987,2.8231,5.0595,13.1,0.00262,0.00262,0.0,SAFE
6332,0.0,11.5,11.5,0.24,0.0,T4,LV_secondary_T2_T4,150.0,0.91348,17.0383,11.6797,8.589,14.4978,11.5,0.07666666666666666,0.07666666666666666,0.0,SAFE
621,7.2,3.1,10.3,0.24,0.0,T2,LV_secondary_T2_T4,300.0,0.99456,7.1414,4.1987,2.8231,5.0595,10.3,0.034333333333333334,0.010333333333333333,0.0,SAFE
724,6.2,11.4,17.6,0.24,0.0,-,Main_720-734,5000.0,0.99456,7.1414,4.1987,2.8231,5.0595,17.6,0.00352,0.00228,0.0,SAFE
723,0.0,9.2,9.2,0.24,0.0,-,Main_720-734,5000.0,0.99456,7.2329,4.237,2.8374,5.0993,9.2,0.0018399999999999998,0.0018399999999999998,0.0,SAFE
6232,8.7,18.1,26.8,0.24,0.0,T2,LV_secondary_T2_T4,300.0,0.99456,7.2329,4.237,2.8374,5.0993,26.8,0.08933333333333333,0.060333333333333336,0.0,SAFE
6231,0.0,5.0,5.0,0.24,0.0,T2,LV_secondary_T2_T4,300.0,0.99456,7.2329,4.237,2.8374,5.0993,5.0,0.016666666666666666,0.016666666666666666,0.0,SAFE
715,0.0,7.7,7.7,0.208,0.0,-,Branch_701-708,5000.0,0.99083,0.9144,0.4676,0.2627,0.5363,7.7,0.0015400000000000001,0.0015400000000000001,0.0,SAFE
6262,9.3,19.5,28.8,0.24,0.0,T2,LV_secondary_T2_T4,300.0,0.99456,7.2329,4.237,2.8374,5.0993,28.8,0.096,0.065,0.0,SAFE
748,8.3,17.4,25.7,0.24,76.88,T8,Main_735-750,150.0,0.95585,27.31,18.8387,13.9267,23.4276,0.3342872008324662,0.17133333333333334,0.11599999999999999,0.5125333333333333,SAFE
6262,4.0,1.5,5.5,0.24,0.0,T2,LV_secondary_T2_T4,300.0,0.99456,7.2329,4.237,2.8374,5.0993,5.5,0.018333333333333333,0.005,0.0,SAFE
6262,8.3,16.2,24.5,0.24,0.0,T2,LV_secondary_T2_T4,300.0,0.99456,7.2329,4.237,2.8374,5.0993,24.5,0.08166666666666667,0.054,0.0,SAFE
762,4.4,4.0,8.4,0.48,45.0,T13,Branch_752-765,150.0,0.93629,42.0074,28.9831,21.4317,36.0463,0.18666666666666668,0.056,0.02666666666666667,0.3,SAFE
624,0.0,17.3,17.3,0.24,0.0,T2,LV_secondary_T2_T4,300.0,0.99456,7.1414,4.1987,2.8231,5.0595,17.3,0.05766666666666667,0.05766666666666667,0.0,SAFE
7122,8.8,7.6,16.4,0.24,0.0,T18,LV_secondary_T2_T4,300.0,0.95826,7.7724,4.5565,3.3703,5.6675,16.4,0.05466666666666666,0.025333333333333333,0.0,SAFE
740,0.0,1.4,1.4,0.24,75.0,T5,Main_735-750,150.0,0.98202,23.0885,14.9212,11.4648,18.8171,0.018666666666666665,0.009333333333333332,0.009333333333333332,0.5,SAFE
6212,0.0,6.3,6.3,0.24,0.0,T2,LV_secondary_T2_T4,300.0,0.99456,7.1414,4.1987,2.8231,5.0595,6.3,0.020999999999999998,0.020999999999999998,0.0,SAFE
764,0.0,7.7,7.7,0.24,46.0,T14,Branch_752-765,150.0,0.9365,42.617,29.4074,21.7473,36.5751,0.1673913043478261,0.051333333333333335,0.051333333333333335,0.30666666666666664,SAFE
7691,0.0,7.3,7.3,0.24,0.0,T22,LV_secondary_T2_T4,150.0,0.95405,44.5068,31.369,22.8385,38.8022,7.3,0.048666666666666664,0.048666666666666664,0.0,SAFE
759,3.4,4.4,7.800000000000001,0.24,35.0,T12,Branch_752-765,150.0,0.93737,40.2701,27.7136,20.528,34.4883,0.22285714285714286,0.052000000000000005,0.029333333333333336,0.23333333333333334,SAFE
715,0.0,12.3,12.3,0.208,0.0,-,Branch_701-708,5000.0,0.99083,0.9144,0.4676,0.2627,0.5363,12.3,0.00246,0.00246,0.0,SAFE
6202,2.0,9.3,11.3,0.24,0.0,T2,LV_secondary_T2_T4,300.0,0.99456,7.0957,4.1795,2.816,5.0396,11.3,0.03766666666666667,0.031000000000000003,0.0,SAFE
732,1.0,5.8,6.8,0.24,25.4,T4,Main_720-734,150.0,0.92105,16.9926,11.6578,8.5847,14.4776,0.2677165354330709,0.04533333333333333,0.03866666666666667,0.16933333333333334,SAFE
7691,7.6,14.1,21.7,0.24,0.0,T22,LV_secondary_T2_T4,150.0,0.95405,44.5068,31.369,22.8385,38.8022,21.7,0.14466666666666667,0.094,0.0,SAFE
733,0.0,7.9,7.9,0.24,0.0,-,Main_720-734,5000.0,0.91348,17.0383,11.6797,8.589,14.4978,7.9,0.00158,0.00158,0.0,SAFE
6212,2.1,12.8,14.9,0.24,0.0,T2,LV_secondary_T2_T4,300.0,0.99456,7.1414,4.1987,2.8231,5.0595,14.9,0.049666666666666665,0.04266666666666667,0.0,SAFE
772,3.9,10.6,14.5,0.208,100.0,T19,Delta_766-772,300.0,0.93424,43.184,29.887,22.1458,37.1977,0.145,0.04833333333333333,0.035333333333333335,0.3333333333333333,SAFE
770,0.0,11.5,11.5,0.24,450.0,T15,Delta_766-772,1500.0,0.95059,44.5068,31.369,22.8385,38.8022,0.025555555555555557,0.007666666666666666,0.007666666666666666,0.3,SAFE
6242,6.5,13.9,20.4,0.24,0.0,T2,LV_secondary_T2_T4,300.0,0.99456,7.1414,4.1987,2.8231,5.0595,20.4,0.06799999999999999,0.04633333333333334,0.0,SAFE
772,3.7,8.7,12.399999999999999,0.208,100.0,T19,Delta_766-772,300.0,0.93424,43.184,29.887,22.1458,37.1977,0.12399999999999999,0.041333333333333326,0.028999999999999998,0.3333333333333333,SAFE
734,0.0,9.2,9.2,0.24,15.85,-,Main_720-734,5000.0,0.90591,17.084,11.7015,8.5933,14.5179,0.5804416403785488,0.0018399999999999998,0.0018399999999999998,0.00317,SAFE
6211,0.0,9.8,9.8,0.24,0.0,T2,LV_secondary_T2_T4,300.0,0.99456,7.1414,4.1987,2.8231,5.0595,9.8,0.03266666666666667,0.03266666666666667,0.0,SAFE
739,9.6,10.7,20.299999999999997,0.24,41.1,T6,Main_735-750,150.0,0.98477,24.6125,15.6519,11.8507,19.6321,0.49391727493917265,0.1353333333333333,0.07133333333333333,0.274,SAFE
726,0.0,13.5,13.5,0.24,0.0,-,Main_720-734,5000.0,0.99456,7.2329,4.237,2.8374,5.0993,13.5,0.0027,0.0027,0.0,SAFE
6212,3.1,2.8,5.9,0.24,0.0,T2,LV_secondary_T2_T4,300.0,0.99456,7.1414,4.1987,2.8231,5.0595,5.9,0.01966666666666667,0.009333333333333332,0.0,SAFE
6201,0.0,5.3,5.3,0.24,0.0,T2,LV_secondary_T2_T4,300.0,0.99456,7.0957,4.1795,2.816,5.0396,5.3,0.017666666666666667,0.017666666666666667,0.0,SAFE
623,6.5,1.9,8.4,0.24,0.0,T2,LV_secondary_T2_T4,300.0,0.99456,7.2329,4.237,2.8374,5.0993,8.4,0.028,0.006333333333333333,0.0,SAFE
708,6.2,9.7,15.899999999999999,0.24,75.0,T16,Branch_701-708,300.0,0.95801,6.2484,3.6185,2.8328,4.5954,0.212,0.053,0.03233333333333333,0.25,SAFE
6251,0.0,10.4,10.4,0.24,0.0,T2,LV_secondary_T2_T4,300.0,0.99456,7.1872,4.2178,2.8303,5.0794,10.4,0.034666666666666665,0.034666666666666665,0.0,SAFE
620,9.0,18.0,27.0,0.24,0.0,T2,LV_secondary_T2_T4,300.0,0.99456,7.0957,4.1795,2.816,5.0396,27.0,0.09,0.06,0.0,SAFE
6322,7.3,5.2,12.5,0.24,0.0,T4,LV_secondary_T2_T4,150.0,0.92105,16.9926,11.6578,8.5847,14.4776,12.5,0.08333333333333333,0.034666666666666665,0.0,SAFE
7391,0.0,2.0,2.0,0.24,0.0,T6,LV_secondary_T2_T4,150.0,0.98477,24.6125,15.6519,11.8507,19.6321,2.0,0.013333333333333334,0.013333333333333334,0.0,SAFE
720,7.0,9.7,16.7,0.24,66.0,T2,Main_720-734,300.0,0.99456,7.0957,4.1795,2.816,5.0396,0.253030303030303,0.05566666666666666,0.03233333333333333,0.22,SAFE
6202,6.5,19.1,25.6,0.24,0.0,T2,LV_secondary_T2_T4,300.0,0.99456,7.0957,4.1795,2.816,5.0396,25.6,0.08533333333333334,0.06366666666666668,0.0,SAFE
7483,5.0,9.1,14.1,0.24,0.0,T8,LV_secondary_T2_T4,150.0,0.95585,27.31,18.8387,13.9267,23.4276,14.1,0.094,0.06066666666666667,0.0,SAFE
725,0.0,15.1,15.1,0.24,0.0,-,Main_720-734,5000.0,0.99456,7.1872,4.2178,2.8303,5.0794,15.1,0.00302,0.00302,0.0,SAFE
759,3.5,15.3,18.8,0.24,35.0,T12,Branch_752-765,150.0,0.93737,40.2701,27.7136,20.528,34.4883,0.5371428571428571,0.12533333333333332,0.10200000000000001,0.23333333333333334,SAFE
7642,0.0,10.2,10.2,0.24,0.0,T14,LV_secondary_T2_T4,150.0,0.9365,42.617,29.4074,21.7473,36.5751,10.2,0.06799999999999999,0.06799999999999999,0.0,SAFE
6332,0.0,2.5,2.5,0.24,0.0,T4,LV_secondary_T2_T4,150.0,0.91348,17.0383,11.6797,8.589,14.4978,2.5,0.016666666666666666,0.016666666666666666,0.0,SAFE
762,1.7,7.4,9.1,0.48,45.0,T13,Branch_752-765,150.0,0.93629,42.0074,28.9831,21.4317,36.0463,0.20222222222222222,0.06066666666666667,0.04933333333333333,0.3,SAFE
724,7.4,5.4,12.8,0.24,0.0,-,Main_720-734,5000.0,0.99456,7.1414,4.1987,2.8231,5.0595,12.8,0.00256,0.00108,0.0,SAFE
633,0.0,8.9,8.9,0.24,0.0,T4,LV_secondary_T2_T4,150.0,0.91348,17.0383,11.6797,8.589,14.4978,8.9,0.059333333333333335,0.059333333333333335,0.0,SAFE
7391,0.0,8.9,8.9,0.24,0.0,T6,LV_secondary_T2_T4,150.0,0.98477,24.6125,15.6519,11.8507,19.6321,8.9,0.059333333333333335,0.059333333333333335,0.0,SAFE
6321,9.5,8.4,17.9,0.24,0.0,T4,LV_secondary_T2_T4,150.0,0.92105,16.9926,11.6578,8.5847,14.4776,17.9,0.11933333333333332,0.056,0.0,SAFE
622,4.4,17.3,21.700000000000003,0.24,0.0,T2,LV_secondary_T2_T4,300.0,0.99456,7.1872,4.2178,2.8303,5.0794,21.700000000000003,0.07233333333333335,0.05766666666666667,0.0,SAFE
620,0.0,18.9,18.9,0.24,0.0,T2,LV_secondary_T2_T4,300.0,0.99456,7.0957,4.1795,2.816,5.0396,18.9,0.063,0.063,0.0,SAFE
6251,4.8,17.2,22.0,0.24,0.0,T2,LV_secondary_T2_T4,300.0,0.99456,7.1872,4.2178,2.8303,5.0794,22.0,0.07333333333333333,0.05733333333333333,0.0,SAFE
7692,5.4,16.2,21.6,0.24,0.0,T22,LV_secondary_T2_T4,150.0,0.95405,44.5068,31.369,22.8385,38.8022,21.6,0.14400000000000002,0.108,0.0,SAFE
762,0.0,9.3,9.3,0.48,45.0,T13,Branch_752-765,150.0,0.93629,42.0074,28.9831,21.4317,36.0463,0.2066666666666667,0.062000000000000006,0.062000000000000006,0.3,SAFE
6221,7.5,13.7,21.2,0.24,0.0,T2,LV_secondary_T2_T4,300.0,0.99456,7.1872,4.2178,2.8303,5.0794,21.2,0.07066666666666667,0.04566666666666666,0.0,SAFE
7391,5.8,18.5,24.3,0.24,0.0,T6,LV_secondary_T2_T4,150.0,0.98477,24.6125,15.6519,11.8507,19.6321,24.3,0.162,0.12333333333333334,0.0,SAFE
6252,1.8,12.2,14.0,0.24,0.0,T2,LV_secondary_T2_T4,300.0,0.99456,7.1872,4.2178,2.8303,5.0794,14.0,0.04666666666666667,0.04066666666666666,0.0,SAFE
6322,0.0,3.6,3.6,0.24,0.0,T4,LV_secondary_T2_T4,150.0,0.92105,16.9926,11.6578,8.5847,14.4776,3.6,0.024,0.024,0.0,SAFE
626,0.0,5.9,5.9,0.24,0.0,T2,LV_secondary_T2_T4,300.0,0.99456,7.2329,4.237,2.8374,5.0993,5.9,0.01966666666666667,0.01966666666666667,0.0,SAFE
7122,4.4,7.2,11.600000000000001,0.24,0.0,T18,LV_secondary_T2_T4,300.0,0.95826,7.7724,4.5565,3.3703,5.6675,11.600000000000001,0.03866666666666667,0.024,0.0,SAFE
6321,0.0,5.8,5.8,0.24,0.0,T4,LV_secondary_T2_T4,150.0,0.92105,16.9926,11.6578,8.5847,14.4776,5.8,0.03866666666666667,0.03866666666666667,0.0,SAFE
622,0.0,15.2,15.2,0.24,0.0,T2,LV_secondary_T2_T4,300.0,0.99456,7.1872,4.2178,2.8303,5.0794,15.2,0.050666666666666665,0.050666666666666665,0.0,SAFE
6222,0.0,5.3,5.3,0.24,0.0,T2,LV_secondary_T2_T4,300.0,0.99456,7.1872,4.2178,2.8303,5.0794,5.3,0.017666666666666667,0.017666666666666667,0.0,SAFE
625,2.8,15.3,18.1,0.24,0.0,T2,LV_secondary_T2_T4,300.0,0.99456,7.1872,4.2178,2.8303,5.0794,18.1,0.060333333333333336,0.051000000000000004,0.0,SAFE
622,0.0,12.8,12.8,0.24,0.0,T2,LV_secondary_T2_T4,300.0,0.99456,7.1872,4.2178,2.8303,5.0794,12.8,0.04266666666666667,0.04266666666666667,0.0,SAFE
7392,0.0,13.7,13.7,0.24,0.0,T6,LV_secondary_T2_T4,150.0,0.98477,24.6125,15.6519,11.8507,19.6321,13.7,0.09133333333333332,0.09133333333333332,0.0,SAFE
739,0.0,9.8,9.8,0.24,41.1,T6,Main_735-750,150.0,0.98477,24.6125,15.6519,11.8507,19.6321,0.23844282238442824,0.06533333333333334,0.06533333333333334,0.274,SAFE
6241,0.0,4.2,4.2,0.24,0.0,T2,LV_secondary_T2_T4,300.0,0.99456,7.1414,4.1987,2.8231,5.0595,4.2,0.014,0.014,0.0,SAFE
716,0.0,15.8,15.8,0.48,15.85,T24(HV),Branch_701-708,300.0,0.97763,0.9144,0.4676,0.2627,0.5363,0.9968454258675079,0.05266666666666667,0.05266666666666667,0.05283333333333333,SAFE
6201,0.0,3.1,3.1,0.24,0.0,T2,LV_secondary_T2_T4,300.0,0.99456,7.0957,4.1795,2.816,5.0396,3.1,0.010333333333333333,0.010333333333333333,0.0,SAFE
6201,4.4,11.9,16.3,0.24,0.0,T2,LV_secondary_T2_T4,300.0,0.99456,7.0957,4.1795,2.816,5.0396,16.3,0.05433333333333334,0.03966666666666667,0.0,SAFE
733,6.6,2.4,9.0,0.24,0.0,-,Main_720-734,5000.0,0.91348,17.0383,11.6797,8.589,14.4978,9.0,0.0018,0.00047999999999999996,0.0,SAFE
715,0.0,14.2,14.2,0.208,0.0,-,Branch_701-708,5000.0,0.99083,0.9144,0.4676,0.2627,0.5363,14.2,0.0028399999999999996,0.0028399999999999996,0.0,SAFE
720,0.0,16.1,16.1,0.24,66.0,T2,Main_720-734,300.0,0.99456,7.0957,4.1795,2.816,5.0396,0.24393939393939396,0.05366666666666667,0.05366666666666667,0.22,SAFE
625,0.0,7.6,7.6,0.24,0.0,T2,LV_secondary_T2_T4,300.0,0.99456,7.1872,4.2178,2.8303,5.0794,7.6,0.025333333333333333,0.025333333333333333,0.0,SAFE
6241,0.0,2.3,2.3,0.24,0.0,T2,LV_secondary_T2_T4,300.0,0.99456,7.1414,4.1987,2.8231,5.0595,2.3,0.007666666666666666,0.007666666666666666,0.0,SAFE
621,1.9,17.1,19.0,0.24,0.0,T2,LV_secondary_T2_T4,300.0,0.99456,7.1414,4.1987,2.8231,5.0595,19.0,0.06333333333333334,0.057,0.0,SAFE
6232,7.4,13.1,20.5,0.24,0.0,T2,LV_secondary_T2_T4,300.0,0.99456,7.2329,4.237,2.8374,5.0993,20.5,0.06833333333333333,0.043666666666666666,0.0,SAFE
6331,0.0,4.3,4.3,0.24,0.0,T4,LV_secondary_T2_T4,150.0,0.91348,17.0383,11.6797,8.589,14.4978,4.3,0.028666666666666667,0.028666666666666667,0.0,SAFE
762,8.0,12.7,20.7,0.48,45.0,T13,Branch_752-765,150.0,0.93629,42.0074,28.9831,21.4317,36.0463,0.45999999999999996,0.13799999999999998,0.08466666666666667,0.3,SAFE
7391,3.4,9.3,12.700000000000001,0.24,0.0,T6,LV_secondary_T2_T4,150.0,0.98477,24.6125,15.6519,11.8507,19.6321,12.700000000000001,0.08466666666666667,0.062000000000000006,0.0,SAFE
751,0.0,16.8,16.8,0.48,0.0,T9,other,1500.0,0.9685,34.4789,23.8283,17.6385,29.6463,16.8,0.0112,0.0112,0.0,SAFE
7121,0.0,5.6,5.6,0.24,0.0,T18,LV_secondary_T2_T4,300.0,0.95826,7.7724,4.5565,3.3703,5.6675,5.6,0.018666666666666665,0.018666666666666665,0.0,SAFE
6242,0.0,7.4,7.4,0.24,0.0,T2,LV_secondary_T2_T4,300.0,0.99456,7.1414,4.1987,2.8231,5.0595,7.4,0.024666666666666667,0.024666666666666667,0.0,SAFE
6211,0.0,4.5,4.5,0.24,0.0,T2,LV_secondary_T2_T4,300.0,0.99456,7.1414,4.1987,2.8231,5.0595,4.5,0.015,0.015,0.0,SAFE
759,7.3,7.5,14.8,0.24,35.0,T12,Branch_752-765,150.0,0.93737,40.2701,27.7136,20.528,34.4883,0.4228571428571429,0.09866666666666667,0.05,0.23333333333333334,SAFE
764,0.0,11.6,11.6,0.24,46.0,T14,Branch_752-765,150.0,0.9365,42.617,29.4074,21.7473,36.5751,0.25217391304347825,0.07733333333333334,0.07733333333333334,0.30666666666666664,SAFE
732,5.4,2.6,8.0,0.24,25.4,T4,Main_720-734,150.0,0.92105,16.9926,11.6578,8.5847,14.4776,0.31496062992125984,0.05333333333333334,0.017333333333333333,0.16933333333333334,SAFE
748,0.0,14.1,14.1,0.24,76.88,T8,Main_735-750,150.0,0.95585,27.31,18.8387,13.9267,23.4276,0.18340270551508844,0.094,0.094,0.5125333333333333,SAFE
7481,0.0,9.5,9.5,0.24,0.0,T8,LV_secondary_T2_T4,150.0,0.95585,27.31,18.8387,13.9267,23.4276,9.5,0.06333333333333334,0.06333333333333334,0.0,SAFE
770,3.8,5.2,9.0,0.24,450.0,T15,Delta_766-772,1500.0,0.95059,44.5068,31.369,22.8385,38.8022,0.02,0.006,0.003466666666666667,0.3,SAFE
6241,0.0,10.0,10.0,0.24,0.0,T2,LV_secondary_T2_T4,300.0,0.99456,7.1414,4.1987,2.8231,5.0595,10.0,0.03333333333333333,0.03333333333333333,0.0,SAFE
6322,0.0,19.9,19.9,0.24,0.0,T4,LV_secondary_T2_T4,150.0,0.92105,16.9926,11.6578,8.5847,14.4776,19.9,0.13266666666666665,0.13266666666666665,0.0,SAFE
6231,0.0,14.4,14.4,0.24,0.0,T2,LV_secondary_T2_T4,300.0,0.99456,7.2329,4.237,2.8374,5.0993,14.4,0.048,0.048,0.0,SAFE
756,3.8,5.4,9.2,0.208,155.0,T11,Branch_752-765,300.0,0.93609,39.8129,27.5407,20.4003,34.2734,0.059354838709677414,0.030666666666666665,0.018000000000000002,0.5166666666666667,SAFE
7691,2.7,19.1,21.8,0.24,0.0,T22,LV_secondary_T2_T4,150.0,0.95405,44.5068,31.369,22.8385,38.8022,21.8,0.14533333333333334,0.12733333333333335,0.0,SAFE
7393,0.0,6.3,6.3,0.24,0.0,T6,LV_secondary_T2_T4,150.0,0.98477,24.6125,15.6519,11.8507,19.6321,6.3,0.041999999999999996,0.041999999999999996,0.0,SAFE
7643,8.5,12.3,20.8,0.24,0.0,T14,LV_secondary_T2_T4,150.0,0.9365,42.617,29.4074,21.7473,36.5751,20.8,0.13866666666666666,0.082,0.0,SAFE
770,0.0,5.3,5.3,0.24,450.0,T15,Delta_766-772,1500.0,0.95059,44.5068,31.369,22.8385,38.8022,0.011777777777777778,0.003533333333333333,0.003533333333333333,0.3,SAFE
621,0.0,14.5,14.5,0.24,0.0,T2,LV_secondary_T2_T4,300.0,0.99456,7.1414,4.1987,2.8231,5.0595,14.5,0.04833333333333333,0.04833333333333333,0.0,SAFE
625,0.0,19.5,19.5,0.24,0.0,T2,LV_secondary_T2_T4,300.0,0.99456,7.1872,4.2178,2.8303,5.0794,19.5,0.065,0.065,0.0,SAFE
721,1.9,13.1,15.0,0.24,0.0,-,Main_720-734,5000.0,0.99456,7.1414,4.1987,2.8231,5.0595,15.0,0.003,0.00262,0.0,SAFE
621,0.0,11.9,11.9,0.24,0.0,T2,LV_secondary_T2_T4,300.0,0.99456,7.1414,4.1987,2.8231,5.0595,11.9,0.03966666666666667,0.03966666666666667,0.0,SAFE
6332,3.3,7.5,10.8,0.24,0.0,T4,LV_secondary_T2_T4,150.0,0.91348,17.0383,11.6797,8.589,14.4978,10.8,0.07200000000000001,0.05,0.0,SAFE
7393,0.0,3.2,3.2,0.24,0.0,T6,LV_secondary_T2_T4,150.0,0.98477,24.6125,15.6519,11.8507,19.6321,3.2,0.021333333333333336,0.021333333333333336,0.0,SAFE
7481,0.0,2.4,2.4,0.24,0.0,T8,LV_secondary_T2_T4,150.0,0.95585,27.31,18.8387,13.9267,23.4276,2.4,0.016,0.016,0.0,SAFE
626,9.5,3.9,13.4,0.24,0.0,T2,LV_secondary_T2_T4,300.0,0.99456,7.2329,4.237,2.8374,5.0993,13.4,0.04466666666666667,0.013,0.0,SAFE
710,0.0,19.9,19.9,0.208,80.0,T17,Branch_701-708,300.0,0.95736,7.0104,4.008,2.9713,4.9893,0.24874999999999997,0.06633333333333333,0.06633333333333333,0.26666666666666666,SAFE
6321,3.0,12.5,15.5,0.24,0.0,T4,LV_secondary_T2_T4,150.0,0.92105,16.9926,11.6578,8.5847,14.4776,15.5,0.10333333333333333,0.08333333333333333,0.0,SAFE
7642,3.7,8.2,11.899999999999999,0.24,0.0,T14,LV_secondary_T2_T4,150.0,0.9365,42.617,29.4074,21.7473,36.5751,11.899999999999999,0.07933333333333333,0.05466666666666666,0.0,SAFE
6322,0.0,6.8,6.8,0.24,0.0,T4,LV_secondary_T2_T4,150.0,0.92105,16.9926,11.6578,8.5847,14.4776,6.8,0.04533333333333333,0.04533333333333333,0.0,SAFE
714,0.0,19.0,19.0,0.208,240.0,T24,Branch_701-708,30.0,0.99083,0.9144,0.4676,0.2627,0.5363,0.07916666666666666,0.6333333333333333,0.6333333333333333,8.0,SAFE
739,0.0,6.0,6.0,0.24,41.1,T6,Main_735-750,150.0,0.98477,24.6125,15.6519,11.8507,19.6321,0.145985401459854,0.04,0.04,0.274,SAFE
748,0.0,4.3,4.3,0.24,76.88,T8,Main_735-750,150.0,0.95585,27.31,18.8387,13.9267,23.4276,0.05593132154006244,0.028666666666666667,0.028666666666666667,0.5125333333333333,SAFE
620,5.2,8.8,14.0,0.24,0.0,T2,LV_secondary_T2_T4,300.0,0.99456,7.0957,4.1795,2.816,5.0396,14.0,0.04666666666666667,0.029333333333333336,0.0,SAFE
624,7.3,5.4,12.7,0.24,0.0,T2,LV_secondary_T2_T4,300.0,0.99456,7.1414,4.1987,2.8231,5.0595,12.7,0.042333333333333334,0.018000000000000002,0.0,SAFE
7122,0.0,2.4,2.4,0.24,0.0,T18,LV_secondary_T2_T4,300.0,0.95826,7.7724,4.5565,3.3703,5.6675,2.4,0.008,0.008,0.0,SAFE
759,0.0,16.0,16.0,0.24,35.0,T12,Branch_752-765,150.0,0.93737,40.2701,27.7136,20.528,34.4883,0.45714285714285713,0.10666666666666667,0.10666666666666667,0.23333333333333334,SAFE
733,0.0,9.1,9.1,0.24,0.0,-,Main_720-734,5000.0,0.91348,17.0383,11.6797,8.589,14.4978,9.1,0.00182,0.00182,0.0,SAFE
724,1.6,18.3,19.900000000000002,0.24,0.0,-,Main_720-734,5000.0,0.99456,7.1414,4.1987,2.8231,5.0595,19.900000000000002,0.00398,0.00366,0.0,SAFE
726,0.0,16.1,16.1,0.24,0.0,-,Main_720-734,5000.0,0.99456,7.2329,4.237,2.8374,5.0993,16.1,0.00322,0.00322,0.0,SAFE
769,0.0,9.3,9.3,0.24,41.0,T22,Delta_766-772,150.0,0.95405,44.5068,31.369,22.8385,38.8022,0.22682926829268293,0.062000000000000006,0.062000000000000006,0.2733333333333333,SAFE
772,5.5,14.3,19.8,0.208,100.0,T19,Delta_766-772,300.0,0.93424,43.184,29.887,22.1458,37.1977,0.198,0.066,0.04766666666666667,0.3333333333333333,SAFE
7482,0.0,9.3,9.3,0.24,0.0,T8,LV_secondary_T2_T4,150.0,0.95585,27.31,18.8387,13.9267,23.4276,9.3,0.062000000000000006,0.062000000000000006,0.0,SAFE
6331,0.0,15.0,15.0,0.24,0.0,T4,LV_secondary_T2_T4,150.0,0.91348,17.0383,11.6797,8.589,14.4978,15.0,0.1,0.1,0.0,SAFE
623,8.5,2.7,11.2,0.24,0.0,T2,LV_secondary_T2_T4,300.0,0.99456,7.2329,4.237,2.8374,5.0993,11.2,0.03733333333333333,0.009000000000000001,0.0,SAFE
622,3.4,20.0,23.4,0.24,0.0,T2,LV_secondary_T2_T4,300.0,0.99456,7.1872,4.2178,2.8303,5.0794,23.4,0.078,0.06666666666666667,0.0,SAFE
625,0.0,15.5,15.5,0.24,0.0,T2,LV_secondary_T2_T4,300.0,0.99456,7.1872,4.2178,2.8303,5.0794,15.5,0.051666666666666666,0.051666666666666666,0.0,SAFE
7642,2.6,13.4,16.0,0.24,0.0,T14,LV_secondary_T2_T4,150.0,0.9365,42.617,29.4074,21.7473,36.5751,16.0,0.10666666666666667,0.08933333333333333,0.0,SAFE
6331,0.0,13.1,13.1,0.24,0.0,T4,LV_secondary_T2_T4,150.0,0.91348,17.0383,11.6797,8.589,14.4978,13.1,0.08733333333333333,0.08733333333333333,0.0,SAFE
712,0.0,9.9,9.9,0.24,65.0,T18,Branch_701-708,300.0,0.95826,7.7724,4.5565,3.3703,5.6675,0.1523076923076923,0.033,0.033,0.21666666666666667,SAFE
6211,4.0,13.7,17.7,0.24,0.0,T2,LV_secondary_T2_T4,300.0,0.99456,7.1414,4.1987,2.8231,5.0595,17.7,0.059,0.04566666666666666,0.0,SAFE
7482,8.3,6.5,14.8,0.24,0.0,T8,LV_secondary_T2_T4,150.0,0.95585,27.31,18.8387,13.9267,23.4276,14.8,0.09866666666666667,0.043333333333333335,0.0,SAFE
7693,0.0,1.7,1.7,0.24,0.0,T22,LV_secondary_T2_T4,150.0,0.95405,44.5068,31.369,22.8385,38.8022,1.7,0.011333333333333332,0.011333333333333332,0.0,SAFE
756,4.6,7.1,11.7,0.208,155.0,T11,Branch_752-765,300.0,0.93609,39.8129,27.5407,20.4003,34.2734,0.07548387096774194,0.039,0.023666666666666666,0.5166666666666667,SAFE
7641,0.0,16.7,16.7,0.24,0.0,T14,LV_secondary_T2_T4,150.0,0.9365,42.617,29.4074,21.7473,36.5751,16.7,0.11133333333333333,0.11133333333333333,0.0,SAFE
7692,0.0,9.8,9.8,0.24,0.0,T22,LV_secondary_T2_T4,150.0,0.95405,44.5068,31.369,22.8385,38.8022,9.8,0.06533333333333334,0.06533333333333334,0.0,SAFE
7642,6.6,7.9,14.5,0.24,0.0,T14,LV_secondary_T2_T4,150.0,0.9365,42.617,29.4074,21.7473,36.5751,14.5,0.09666666666666666,0.05266666666666667,0.0,SAFE
626,0.0,4.9,4.9,0.24,0.0,T2,LV_secondary_T2_T4,300.0,0.99456,7.2329,4.237,2.8374,5.0993,4.9,0.016333333333333335,0.016333333333333335,0.0,SAFE
769,2.1,9.3,11.4,0.24,41.0,T22,Delta_766-772,150.0,0.95405,44.5068,31.369,22.8385,38.8022,0.2780487804878049,0.076,0.062000000000000006,0.2733333333333333,SAFE
748,0.0,14.5,14.5,0.24,76.88,T8,Main_735-750,150.0,0.95585,27.31,18.8387,13.9267,23.4276,0.18860561914672216,0.09666666666666666,0.09666666666666666,0.5125333333333333,SAFE
621,0.0,11.5,11.5,0.24,0.0,T2,LV_secondary_T2_T4,300.0,0.99456,7.1414,4.1987,2.8231,5.0595,11.5,0.03833333333333333,0.03833333333333333,0.0,SAFE
716,0.0,9.8,9.8,0.48,15.85,T24(HV),Branch_701-708,300.0,0.97763,0.9144,0.4676,0.2627,0.5363,0.6182965299684543,0.03266666666666667,0.03266666666666667,0.05283333333333333,SAFE
724,5.6,10.5,16.1,0.24,0.0,-,Main_720-734,5000.0,0.99456,7.1414,4.1987,2.8231,5.0595,16.1,0.00322,0.0021,0.0,SAFE
762,0.0,8.9,8.9,0.48,45.0,T13,Branch_752-765,150.0,0.93629,42.0074,28.9831,21.4317,36.0463,0.19777777777777777,0.059333333333333335,0.059333333333333335,0.3,SAFE
6251,0.0,4.6,4.6,0.24,0.0,T2,LV_secondary_T2_T4,300.0,0.99456,7.1872,4.2178,2.8303,5.0794,4.6,0.015333333333333332,0.015333333333333332,0.0,SAFE
722,0.0,17.4,17.4,0.24,0.0,-,Main_720-734,5000.0,0.99456,7.1872,4.2178,2.8303,5.0794,17.4,0.0034799999999999996,0.0034799999999999996,0.0,SAFE
6321,3.4,7.5,10.9,0.24,0.0,T4,LV_secondary_T2_T4,150.0,0.92105,16.9926,11.6578,8.5847,14.4776,10.9,0.07266666666666667,0.05,0.0,SAFE
620,0.0,6.4,6.4,0.24,0.0,T2,LV_secondary_T2_T4,300.0,0.99456,7.0957,4.1795,2.816,5.0396,6.4,0.021333333333333336,0.021333333333333336,0.0,SAFE
7481,0.0,17.4,17.4,0.24,0.0,T8,LV_secondary_T2_T4,150.0,0.95585,27.31,18.8387,13.9267,23.4276,17.4,0.11599999999999999,0.11599999999999999,0.0,SAFE
7393,0.0,7.6,7.6,0.24,0.0,T6,LV_secondary_T2_T4,150.0,0.98477,24.6125,15.6519,11.8507,19.6321,7.6,0.050666666666666665,0.050666666666666665,0.0,SAFE
7692,8.8,8.2,17.0,0.24,0.0,T22,LV_secondary_T2_T4,150.0,0.95405,44.5068,31.369,22.8385,38.8022,17.0,0.11333333333333333,0.05466666666666666,0.0,SAFE
748,0.0,11.9,11.9,0.24,76.88,T8,Main_735-750,150.0,0.95585,27.31,18.8387,13.9267,23.4276,0.15478668054110303,0.07933333333333334,0.07933333333333334,0.5125333333333333,SAFE
6262,7.3,1.8,9.1,0.24,0.0,T2,LV_secondary_T2_T4,300.0,0.99456,7.2329,4.237,2.8374,5.0993,9.1,0.030333333333333334,0.006,0.0,SAFE
6242,8.4,8.3,16.700000000000003,0.24,0.0,T2,LV_secondary_T2_T4,300.0,0.99456,7.1414,4.1987,2.8231,5.0595,16.700000000000003,0.05566666666666668,0.02766666666666667,0.0,SAFE
724,0.0,10.4,10.4,0.24,0.0,-,Main_720-734,5000.0,0.99456,7.1414,4.1987,2.8231,5.0595,10.4,0.0020800000000000003,0.0020800000000000003,0.0,SAFE
7483,0.0,19.3,19.3,0.24,0.0,T8,LV_secondary_T2_T4,150.0,0.95585,27.31,18.8387,13.9267,23.4276,19.3,0.12866666666666668,0.12866666666666668,0.0,SAFE
714,0.0,17.6,17.6,0.208,240.0,T24,Branch_701-708,30.0,0.99083,0.9144,0.4676,0.2627,0.5363,0.07333333333333333,0.5866666666666667,0.5866666666666667,8.0,SAFE
7643,0.0,18.3,18.3,0.24,0.0,T14,LV_secondary_T2_T4,150.0,0.9365,42.617,29.4074,21.7473,36.5751,18.3,0.12200000000000001,0.12200000000000001,0.0,SAFE
723,0.0,8.8,8.8,0.24,0.0,-,Main_720-734,5000.0,0.99456,7.2329,4.237,2.8374,5.0993,8.8,0.00176,0.00176,0.0,SAFE
724,3.4,2.4,5.8,0.24,0.0,-,Main_720-734,5000.0,0.99456,7.1414,4.1987,2.8231,5.0595,5.8,0.00116,0.00047999999999999996,0.0,SAFE
6252,8.7,13.3,22.0,0.24,0.0,T2,LV_secondary_T2_T4,300.0,0.99456,7.1872,4.2178,2.8303,5.0794,22.0,0.07333333333333333,0.044333333333333336,0.0,SAFE
7691,0.0,8.2,8.2,0.24,0.0,T22,LV_secondary_T2_T4,150.0,0.95405,44.5068,31.369,22.8385,38.8022,8.2,0.05466666666666666,0.05466666666666666,0.0,SAFE
7481,0.0,17.6,17.6,0.24,0.0,T8,LV_secondary_T2_T4,150.0,0.95585,27.31,18.8387,13.9267,23.4276,17.6,0.11733333333333335,0.11733333333333335,0.0,SAFE
633,3.6,5.5,9.1,0.24,0.0,T4,LV_secondary_T2_T4,150.0,0.91348,17.0383,11.6797,8.589,14.4978,9.1,0.06066666666666667,0.03666666666666667,0.0,SAFE
743,0.0,15.2,15.2,0.24,240.0,T7,Main_735-750,300.0,0.96367,21.8693,15.052,11.1097,18.708,0.06333333333333332,0.050666666666666665,0.050666666666666665,0.8,SAFE
714,1.9,15.4,17.3,0.208,240.0,T24,Branch_701-708,30.0,0.99083,0.9144,0.4676,0.2627,0.5363,0.07208333333333333,0.5766666666666667,0.5133333333333333,8.0,SAFE
726,1.4,14.2,15.6,0.24,0.0,-,Main_720-734,5000.0,0.99456,7.2329,4.237,2.8374,5.0993,15.6,0.00312,0.0028399999999999996,0.0,SAFE
632,0.0,6.6,6.6,0.24,0.0,T4,LV_secondary_T2_T4,150.0,0.92105,16.9926,11.6578,8.5847,14.4776,6.6,0.044,0.044,0.0,SAFE
723,0.0,5.6,5.6,0.24,0.0,-,Main_720-734,5000.0,0.99456,7.2329,4.237,2.8374,5.0993,5.6,0.00112,0.00112,0.0,SAFE
730,0.0,4.2,4.2,0.24,85.0,T23,Main_720-734,300.0,0.94696,11.8872,7.965,5.8252,9.8678,0.049411764705882356,0.014,0.014,0.2833333333333333,SAFE
6242,0.0,12.8,12.8,0.24,0.0,T2,LV_secondary_T2_T4,300.0,0.99456,7.1414,4.1987,2.8231,5.0595,12.8,0.04266666666666667,0.04266666666666667,0.0,SAFE
723,0.0,5.4,5.4,0.24,0.0,-,Main_720-734,5000.0,0.99456,7.2329,4.237,2.8374,5.0993,5.4,0.00108,0.00108,0.0,SAFE
7122,0.0,5.9,5.9,0.24,0.0,T18,LV_secondary_T2_T4,300.0,0.95826,7.7724,4.5565,3.3703,5.6675,5.9,0.01966666666666667,0.01966666666666667,0.0,SAFE
7391,2.4,18.1,20.5,0.24,0.0,T6,LV_secondary_T2_T4,150.0,0.98477,24.6125,15.6519,11.8507,19.6321,20.5,0.13666666666666666,0.12066666666666667,0.0,SAFE
6332,3.7,19.0,22.7,0.24,0.0,T4,LV_secondary_T2_T4,150.0,0.91348,17.0383,11.6797,8.589,14.4978,22.7,0.15133333333333332,0.12666666666666668,0.0,SAFE
6322,0.0,14.1,14.1,0.24,0.0,T4,LV_secondary_T2_T4,150.0,0.92105,16.9926,11.6578,8.5847,14.4776,14.1,0.094,0.094,0.0,SAFE
772,0.0,4.8,4.8,0.208,100.0,T19,Delta_766-772,300.0,0.93424,43.184,29.887,22.1458,37.1977,0.048,0.016,0.016,0.3333333333333333,SAFE
7393,0.0,3.0,3.0,0.24,0.0,T6,LV_secondary_T2_T4,150.0,0.98477,24.6125,15.6519,11.8507,19.6321,3.0,0.02,0.02,0.0,SAFE
6231,3.7,11.9,15.600000000000001,0.24,0.0,T2,LV_secondary_T2_T4,300.0,0.99456,7.2329,4.237,2.8374,5.0993,15.600000000000001,0.052000000000000005,0.03966666666666667,0.0,SAFE
6252,0.0,6.2,6.2,0.24,0.0,T2,LV_secondary_T2_T4,300.0,0.99456,7.1872,4.2178,2.8303,5.0794,6.2,0.020666666666666667,0.020666666666666667,0.0,SAFE
626,8.5,18.3,26.8,0.24,0.0,T2,LV_secondary_T2_T4,300.0,0.99456,7.2329,4.237,2.8374,5.0993,26.8,0.08933333333333333,0.061000000000000006,0.0,SAFE
769,0.0,15.7,15.7,0.24,41.0,T22,Delta_766-772,150.0,0.95405,44.5068,31.369,22.8385,38.8022,0.3829268292682927,0.10466666666666666,0.10466666666666666,0.2733333333333333,SAFE
6231,0.0,5.2,5.2,0.24,0.0,T2,LV_secondary_T2_T4,300.0,0.99456,7.2329,4.237,2.8374,5.0993,5.2,0.017333333333333333,0.017333333333333333,0.0,SAFE
756,6.9,13.9,20.8,0.208,155.0,T11,Branch_752-765,300.0,0.93609,39.8129,27.5407,20.4003,34.2734,0.13419354838709677,0.06933333333333333,0.04633333333333334,0.5166666666666667,SAFE
722,6.8,12.9,19.7,0.24,0.0,-,Main_720-734,5000.0,0.99456,7.1872,4.2178,2.8303,5.0794,19.7,0.00394,0.0025800000000000003,0.0,SAFE
6201,0.0,16.0,16.0,0.24,0.0,T2,LV_secondary_T2_T4,300.0,0.99456,7.0957,4.1795,2.816,5.0396,16.0,0.05333333333333334,0.05333333333333334,0.0,SAFE
6232,0.0,14.9,14.9,0.24,0.0,T2,LV_secondary_T2_T4,300.0,0.99456,7.2329,4.237,2.8374,5.0993,14.9,0.049666666666666665,0.049666666666666665,0.0,SAFE
770,0.0,7.2,7.2,0.24,450.0,T15,Delta_766-772,1500.0,0.95059,44.5068,31.369,22.8385,38.8022,0.016,0.0048000000000000004,0.0048000000000000004,0.3,SAFE
733,0.0,3.5,3.5,0.24,0.0,-,Main_720-734,5000.0,0.91348,17.0383,11.6797,8.589,14.4978,3.5,0.0007,0.0007,0.0,SAFE
6232,8.5,11.1,19.6,0.24,0.0,T2,LV_secondary_T2_T4,300.0,0.99456,7.2329,4.237,2.8374,5.0993,19.6,0.06533333333333334,0.037,0.0,SAFE
756,9.7,18.4,28.099999999999998,0.208,155.0,T11,Branch_752-765,300.0,0.93609,39.8129,27.5407,20.4003,34.2734,0.18129032258064515,0.09366666666666666,0.06133333333333333,0.5166666666666667,SAFE
770,0.0,15.2,15.2,0.24,450.0,T15,Delta_766-772,1500.0,0.95059,44.5068,31.369,22.8385,38.8022,0.033777777777777775,0.010133333333333333,0.010133333333333333,0.3,SAFE
716,0.0,9.9,9.9,0.48,15.85,T24(HV),Branch_701-708,300.0,0.97763,0.9144,0.4676,0.2627,0.5363,0.6246056782334385,0.033,0.033,0.05283333333333333,SAFE
740,9.8,17.3,27.1,0.24,75.0,T5,Main_735-750,150.0,0.98202,23.0885,14.9212,11.4648,18.8171,0.36133333333333334,0.18066666666666667,0.11533333333333334,0.5,SAFE
6232,0.0,2.7,2.7,0.24,0.0,T2,LV_secondary_T2_T4,300.0,0.99456,7.2329,4.237,2.8374,5.0993,2.7,0.009000000000000001,0.009000000000000001,0.0,SAFE
759,0.0,11.2,11.2,0.24,35.0,T12,Branch_752-765,150.0,0.93737,40.2701,27.7136,20.528,34.4883,0.32,0.07466666666666666,0.07466666666666666,0.23333333333333334,SAFE
759,9.5,12.1,21.6,0.24,35.0,T12,Branch_752-765,150.0,0.93737,40.2701,27.7136,20.528,34.4883,0.6171428571428572,0.14400000000000002,0.08066666666666666,0.23333333333333334,SAFE
715,0.0,13.8,13.8,0.208,0.0,-,Branch_701-708,5000.0,0.99083,0.9144,0.4676,0.2627,0.5363,13.8,0.0027600000000000003,0.0027600000000000003,0.0,SAFE
6211,0.0,18.4,18.4,0.24,0.0,T2,LV_secondary_T2_T4,300.0,0.99456,7.1414,4.1987,2.8231,5.0595,18.4,0.06133333333333333,0.06133333333333333,0.0,SAFE
633,0.0,13.1,13.1,0.24,0.0,T4,LV_secondary_T2_T4,150.0,0.91348,17.0383,11.6797,8.589,14.4978,13.1,0.08733333333333333,0.08733333333333333,0.0,SAFE
772,0.0,13.3,13.3,0.208,100.0,T19,Delta_766-772,300.0,0.93424,43.184,29.887,22.1458,37.1977,0.133,0.044333333333333336,0.044333333333333336,0.3333333333333333,SAFE
625,0.0,19.0,19.0,0.24,0.0,T2,LV_secondary_T2_T4,300.0,0.99456,7.1872,4.2178,2.8303,5.0794,19.0,0.06333333333333334,0.06333333333333334,0.0,SAFE
7482,0.0,3.2,3.2,0.24,0.0,T8,LV_secondary_T2_T4,150.0,0.95585,27.31,18.8387,13.9267,23.4276,3.2,0.021333333333333336,0.021333333333333336,0.0,SAFE
7691,0.0,3.6,3.6,0.24,0.0,T22,LV_secondary_T2_T4,150.0,0.95405,44.5068,31.369,22.8385,38.8022,3.6,0.024,0.024,0.0,SAFE
7692,2.4,9.0,11.4,0.24,0.0,T22,LV_secondary_T2_T4,150.0,0.95405,44.5068,31.369,22.8385,38.8022,11.4,0.076,0.06,0.0,SAFE
6321,6.5,13.4,19.9,0.24,0.0,T4,LV_secondary_T2_T4,150.0,0.92105,16.9926,11.6578,8.5847,14.4776,19.9,0.13266666666666665,0.08933333333333333,0.0,SAFE
764,0.0,1.6,1.6,0.24,46.0,T14,Branch_752-765,150.0,0.9365,42.617,29.4074,21.7473,36.5751,0.034782608695652174,0.010666666666666668,0.010666666666666668,0.30666666666666664,SAFE
6332,0.0,9.4,9.4,0.24,0.0,T4,LV_secondary_T2_T4,150.0,0.91348,17.0383,11.6797,8.589,14.4978,9.4,0.06266666666666666,0.06266666666666666,0.0,SAFE
6232,5.9,2.9,8.8,0.24,0.0,T2,LV_secondary_T2_T4,300.0,0.99456,7.2329,4.237,2.8374,5.0993,8.8,0.029333333333333336,0.009666666666666667,0.0,SAFE
6231,0.0,2.2,2.2,0.24,0.0,T2,LV_secondary_T2_T4,300.0,0.99456,7.2329,4.237,2.8374,5.0993,2.2,0.007333333333333334,0.007333333333333334,0.0,SAFE
720,1.8,19.0,20.8,0.24,66.0,T2,Main_720-734,300.0,0.99456,7.0957,4.1795,2.816,5.0396,0.3151515151515152,0.06933333333333333,0.06333333333333334,0.22,SAFE
739,0.0,13.2,13.2,0.24,41.1,T6,Main_735-750,150.0,0.98477,24.6125,15.6519,11.8507,19.6321,0.32116788321167883,0.088,0.088,0.274,SAFE
622,0.0,2.0,2.0,0.24,0.0,T2,LV_secondary_T2_T4,300.0,0.99456,7.1872,4.2178,2.8303,5.0794,2.0,0.006666666666666667,0.006666666666666667,0.0,SAFE
721,0.0,16.0,16.0,0.24,0.0,-,Main_720-734,5000.0,0.99456,7.1414,4.1987,2.8231,5.0595,16.0,0.0032,0.0032,0.0,SAFE
7693,0.0,4.9,4.9,0.24,0.0,T22,LV_secondary_T2_T4,150.0,0.95405,44.5068,31.369,22.8385,38.8022,4.9,0.03266666666666667,0.03266666666666667,0.0,SAFE
743,0.0,7.2,7.2,0.24,240.0,T7,Main_735-750,300.0,0.96367,21.8693,15.052,11.1097,18.708,0.030000000000000002,0.024,0.024,0.8,SAFE
620,9.9,6.3,16.2,0.24,0.0,T2,LV_secondary_T2_T4,300.0,0.99456,7.0957,4.1795,2.816,5.0396,16.2,0.054,0.020999999999999998,0.0,SAFE
7692,0.0,5.8,5.8,0.24,0.0,T22,LV_secondary_T2_T4,150.0,0.95405,44.5068,31.369,22.8385,38.8022,5.8,0.03866666666666667,0.03866666666666667,0.0,SAFE
623,0.0,3.5,3.5,0.24,0.0,T2,LV_secondary_T2_T4,300.0,0.99456,7.2329,4.237,2.8374,5.0993,3.5,0.011666666666666667,0.011666666666666667,0.0,SAFE
748,0.0,12.2,12.2,0.24,76.88,T8,Main_735-750,150.0,0.95585,27.31,18.8387,13.9267,23.4276,0.1586888657648283,0.08133333333333333,0.08133333333333333,0.5125333333333333,SAFE
759,5.7,2.0,7.7,0.24,35.0,T12,Branch_752-765,150.0,0.93737,40.2701,27.7136,20.528,34.4883,0.22,0.051333333333333335,0.013333333333333334,0.23333333333333334,SAFE
633,5.6,10.0,15.6,0.24,0.0,T4,LV_secondary_T2_T4,150.0,0.91348,17.0383,11.6797,8.589,14.4978,15.6,0.104,0.06666666666666667,0.0,SAFE
715,0.0,9.6,9.6,0.208,0.0,-,Branch_701-708,5000.0,0.99083,0.9144,0.4676,0.2627,0.5363,9.6,0.0019199999999999998,0.0019199999999999998,0.0,SAFE
625,6.9,14.8,21.700000000000003,0.24,0.0,T2,LV_secondary_T2_T4,300.0,0.99456,7.1872,4.2178,2.8303,5.0794,21.700000000000003,0.07233333333333335,0.04933333333333333,0.0,SAFE
772,1.5,9.7,11.2,0.208,100.0,T19,Delta_766-772,300.0,0.93424,43.184,29.887,22.1458,37.1977,0.11199999999999999,0.03733333333333333,0.03233333333333333,0.3333333333333333,SAFE
7393,0.0,17.1,17.1,0.24,0.0,T6,LV_secondary_T2_T4,150.0,0.98477,24.6125,15.6519,11.8507,19.6321,17.1,0.114,0.114,0.0,SAFE
715,1.7,10.3,12.0,0.208,0.0,-,Branch_701-708,5000.0,0.99083,0.9144,0.4676,0.2627,0.5363,12.0,0.0024,0.00206,0.0,SAFE
710,0.0,7.1,7.1,0.208,80.0,T17,Branch_701-708,300.0,0.95736,7.0104,4.008,2.9713,4.9893,0.08875,0.023666666666666666,0.023666666666666666,0.26666666666666666,SAFE
721,0.0,6.2,6.2,0.24,0.0,-,Main_720-734,5000.0,0.99456,7.1414,4.1987,2.8231,5.0595,6.2,0.00124,0.00124,0.0,SAFE
7693,0.0,14.5,14.5,0.24,0.0,T22,LV_secondary_T2_T4,150.0,0.95405,44.5068,31.369,22.8385,38.8022,14.5,0.09666666666666666,0.09666666666666666,0.0,SAFE
7643,0.0,6.6,6.6,0.24,0.0,T14,LV_secondary_T2_T4,150.0,0.9365,42.617,29.4074,21.7473,36.5751,6.6,0.044,0.044,0.0,SAFE
6331,8.7,2.9,11.6,0.24,0.0,T4,LV_secondary_T2_T4,150.0,0.91348,17.0383,11.6797,8.589,14.4978,11.6,0.07733333333333334,0.019333333333333334,0.0,SAFE
7693,0.0,14.7,14.7,0.24,0.0,T22,LV_secondary_T2_T4,150.0,0.95405,44.5068,31.369,22.8385,38.8022,14.7,0.09799999999999999,0.09799999999999999,0.0,SAFE
7121,0.0,17.9,17.9,0.24,0.0,T18,LV_secondary_T2_T4,300.0,0.95826,7.7724,4.5565,3.3703,5.6675,17.9,0.05966666666666666,0.05966666666666666,0.0,SAFE
7122,3.8,8.6,12.399999999999999,0.24,0.0,T18,LV_secondary_T2_T4,300.0,0.95826,7.7724,4.5565,3.3703,5.6675,12.399999999999999,0.041333333333333326,0.028666666666666667,0.0,SAFE
6202,0.0,13.6,13.6,0.24,0.0,T2,LV_secondary_T2_T4,300.0,0.99456,7.0957,4.1795,2.816,5.0396,13.6,0.04533333333333333,0.04533333333333333,0.0,SAFE
724,0.0,14.0,14.0,0.24,0.0,-,Main_720-734,5000.0,0.99456,7.1414,4.1987,2.8231,5.0595,14.0,0.0028,0.0028,0.0,SAFE
712,0.0,16.8,16.8,0.24,65.0,T18,Branch_701-708,300.0,0.95826,7.7724,4.5565,3.3703,5.6675,0.25846153846153846,0.056,0.056,0.21666666666666667,SAFE
714,0.0,15.1,15.1,0.208,240.0,T24,Branch_701-708,30.0,0.99083,0.9144,0.4676,0.2627,0.5363,0.06291666666666666,0.5033333333333333,0.5033333333333333,8.0,SAFE
721,0.0,11.6,11.6,0.24,0.0,-,Main_720-734,5000.0,0.99456,7.1414,4.1987,2.8231,5.0595,11.6,0.00232,0.00232,0.0,SAFE
6212,0.0,13.7,13.7,0.24,0.0,T2,LV_secondary_T2_T4,300.0,0.99456,7.1414,4.1987,2.8231,5.0595,13.7,0.04566666666666666,0.04566666666666666,0.0,SAFE
6322,9.7,17.5,27.2,0.24,0.0,T4,LV_secondary_T2_T4,150.0,0.92105,16.9926,11.6578,8.5847,14.4776,27.2,0.18133333333333332,0.11666666666666667,0.0,SAFE
6201,0.0,7.7,7.7,0.24,0.0,T2,LV_secondary_T2_T4,300.0,0.99456,7.0957,4.1795,2.816,5.0396,7.7,0.025666666666666667,0.025666666666666667,0.0,SAFE
739,0.0,3.9,3.9,0.24,41.1,T6,Main_735-750,150.0,0.98477,24.6125,15.6519,11.8507,19.6321,0.0948905109489051,0.026,0.026,0.274,SAFE
716,0.0,15.5,15.5,0.48,15.85,T24(HV),Branch_701-708,300.0,0.97763,0.9144,0.4676,0.2627,0.5363,0.9779179810725552,0.051666666666666666,0.051666666666666666,0.05283333333333333,SAFE
6322,8.4,17.1,25.5,0.24,0.0,T4,LV_secondary_T2_T4,150.0,0.92105,16.9926,11.6578,8.5847,14.4776,25.5,0.17,0.114,0.0,SAFE
623,0.0,12.6,12.6,0.24,0.0,T2,LV_secondary_T2_T4,300.0,0.99456,7.2329,4.237,2.8374,5.0993,12.6,0.041999999999999996,0.041999999999999996,0.0,SAFE
762,0.0,1.6,1.6,0.48,45.0,T13,Branch_752-765,150.0,0.93629,42.0074,28.9831,21.4317,36.0463,0.035555555555555556,0.010666666666666668,0.010666666666666668,0.3,SAFE
6201,0.0,18.5,18.5,0.24,0.0,T2,LV_secondary_T2_T4,300.0,0.99456,7.0957,4.1795,2.816,5.0396,18.5,0.06166666666666667,0.06166666666666667,0.0,SAFE
730,0.0,17.5,17.5,0.24,85.0,T23,Main_720-734,300.0,0.94696,11.8872,7.965,5.8252,9.8678,0.20588235294117646,0.058333333333333334,0.058333333333333334,0.2833333333333333,SAFE
6261,9.7,2.3,12.0,0.24,0.0,T2,LV_secondary_T2_T4,300.0,0.99456,7.2329,4.237,2.8374,5.0993,12.0,0.04,0.007666666666666666,0.0,SAFE
712,0.0,15.2,15.2,0.24,65.0,T18,Branch_701-708,300.0,0.95826,7.7724,4.5565,3.3703,5.6675,0.23384615384615384,0.050666666666666665,0.050666666666666665,0.21666666666666667,SAFE
6321,0.0,9.6,9.6,0.24,0.0,T4,LV_secondary_T2_T4,150.0,0.92105,16.9926,11.6578,8.5847,14.4776,9.6,0.064,0.064,0.0,SAFE
6201,6.1,14.7,20.799999999999997,0.24,0.0,T2,LV_secondary_T2_T4,300.0,0.99456,7.0957,4.1795,2.816,5.0396,20.799999999999997,0.06933333333333333,0.048999999999999995,0.0,SAFE
710,0.0,17.8,17.8,0.208,80.0,T17,Branch_701-708,300.0,0.95736,7.0104,4.008,2.9713,4.9893,0.2225,0.059333333333333335,0.059333333333333335,0.26666666666666666,SAFE
626,0.0,13.8,13.8,0.24,0.0,T2,LV_secondary_T2_T4,300.0,0.99456,7.2329,4.237,2.8374,5.0993,13.8,0.046,0.046,0.0,SAFE
6322,0.0,10.2,10.2,0.24,0.0,T4,LV_secondary_T2_T4,150.0,0.92105,16.9926,11.6578,8.5847,14.4776,10.2,0.06799999999999999,0.06799999999999999,0.0,SAFE
762,0.0,5.1,5.1,0.48,45.0,T13,Branch_752-765,150.0,0.93629,42.0074,28.9831,21.4317,36.0463,0.11333333333333333,0.033999999999999996,0.033999999999999996,0.3,SAFE
6222,0.0,9.2,9.2,0.24,0.0,T2,LV_secondary_T2_T4,300.0,0.99456,7.1872,4.2178,2.8303,5.0794,9.2,0.030666666666666665,0.030666666666666665,0.0,SAFE
7481,0.0,11.0,11.0,0.24,0.0,T8,LV_secondary_T2_T4,150.0,0.95585,27.31,18.8387,13.9267,23.4276,11.0,0.07333333333333333,0.07333333333333333,0.0,SAFE
740,0.0,8.5,8.5,0.24,75.0,T5,Main_735-750,150.0,0.98202,23.0885,14.9212,11.4648,18.8171,0.11333333333333333,0.056666666666666664,0.056666666666666664,0.5,SAFE
620,7.9,4.9,12.8,0.24,0.0,T2,LV_secondary_T2_T4,300.0,0.99456,7.0957,4.1795,2.816,5.0396,12.8,0.04266666666666667,0.016333333333333335,0.0,SAFE
756,0.0,6.5,6.5,0.208,155.0,T11,Branch_752-765,300.0,0.93609,39.8129,27.5407,20.4003,34.2734,0.041935483870967745,0.021666666666666667,0.021666666666666667,0.5166666666666667,SAFE
7482,0.0,15.2,15.2,0.24,0.0,T8,LV_secondary_T2_T4,150.0,0.95585,27.31,18.8387,13.9267,23.4276,15.2,0.10133333333333333,0.10133333333333333,0.0,SAFE
6242,0.0,11.1,11.1,0.24,0.0,T2,LV_secondary_T2_T4,300.0,0.99456,7.1414,4.1987,2.8231,5.0595,11.1,0.037,0.037,0.0,SAFE
6231,1.4,2.4,3.8,0.24,0.0,T2,LV_secondary_T2_T4,300.0,0.99456,7.2329,4.237,2.8374,5.0993,3.8,0.012666666666666666,0.008,0.0,SAFE
622,0.0,9.7,9.7,0.24,0.0,T2,LV_secondary_T2_T4,300.0,0.99456,7.1872,4.2178,2.8303,5.0794,9.7,0.03233333333333333,0.03233333333333333,0.0,SAFE
6202,0.0,11.9,11.9,0.24,0.0,T2,LV_secondary_T2_T4,300.0,0.99456,7.0957,4.1795,2.816,5.0396,11.9,0.03966666666666667,0.03966666666666667,0.0,SAFE
6321,0.0,6.5,6.5,0.24,0.0,T4,LV_secondary_T2_T4,150.0,0.92105,16.9926,11.6578,8.5847,14.4776,6.5,0.043333333333333335,0.043333333333333335,0.0,SAFE
6211,5.1,4.3,9.399999999999999,0.24,0.0,T2,LV_secondary_T2_T4,300.0,0.99456,7.1414,4.1987,2.8231,5.0595,9.399999999999999,0.03133333333333333,0.014333333333333333,0.0,SAFE
6232,3.2,2.7,5.9,0.24,0.0,T2,LV_secondary_T2_T4,300.0,0.99456,7.2329,4.237,2.8374,5.0993,5.9,0.01966666666666667,0.009000000000000001,0.0,SAFE
6261,0.0,11.0,11.0,0.24,0.0,T2,LV_secondary_T2_T4,300.0,0.99456,7.2329,4.237,2.8374,5.0993,11.0,0.03666666666666667,0.03666666666666667,0.0,SAFE
6201,0.0,15.2,15.2,0.24,0.0,T2,LV_secondary_T2_T4,300.0,0.99456,7.0957,4.1795,2.816,5.0396,15.2,0.050666666666666665,0.050666666666666665,0.0,SAFE
726,0.0,2.5,2.5,0.24,0.0,-,Main_720-734,5000.0,0.99456,7.2329,4.237,2.8374,5.0993,2.5,0.0005,0.0005,0.0,SAFE
7643,4.1,10.7,14.799999999999999,0.24,0.0,T14,LV_secondary_T2_T4,150.0,0.9365,42.617,29.4074,21.7473,36.5751,14.799999999999999,0.09866666666666667,0.07133333333333333,0.0,SAFE
723,0.0,5.5,5.5,0.24,0.0,-,Main_720-734,5000.0,0.99456,7.2329,4.237,2.8374,5.0993,5.5,0.0011,0.0011,0.0,SAFE
733,0.0,4.3,4.3,0.24,0.0,-,Main_720-734,5000.0,0.91348,17.0383,11.6797,8.589,14.4978,4.3,0.00086,0.00086,0.0,SAFE
708,5.4,4.4,9.8,0.24,75.0,T16,Branch_701-708,300.0,0.95801,6.2484,3.6185,2.8328,4.5954,0.13066666666666668,0.03266666666666667,0.014666666666666668,0.25,SAFE
7121,6.8,13.9,20.7,0.24,0.0,T18,LV_secondary_T2_T4,300.0,0.95826,7.7724,4.5565,3.3703,5.6675,20.7,0.06899999999999999,0.04633333333333334,0.0,SAFE
6211,0.0,17.4,17.4,0.24,0.0,T2,LV_secondary_T2_T4,300.0,0.99456,7.1414,4.1987,2.8231,5.0595,17.4,0.057999999999999996,0.057999999999999996,0.0,SAFE
724,0.0,9.4,9.4,0.24,0.0,-,Main_720-734,5000.0,0.99456,7.1414,4.1987,2.8231,5.0595,9.4,0.0018800000000000002,0.0018800000000000002,0.0,SAFE
772,0.0,16.1,16.1,0.208,100.0,T19,Delta_766-772,300.0,0.93424,43.184,29.887,22.1458,37.1977,0.161,0.05366666666666667,0.05366666666666667,0.3333333333333333,SAFE
6231,0.0,10.6,10.6,0.24,0.0,T2,LV_secondary_T2_T4,300.0,0.99456,7.2329,4.237,2.8374,5.0993,10.6,0.035333333333333335,0.035333333333333335,0.0,SAFE
7121,0.0,1.7,1.7,0.24,0.0,T18,LV_secondary_T2_T4,300.0,0.95826,7.7724,4.5565,3.3703,5.6675,1.7,0.005666666666666666,0.005666666666666666,0.0,SAFE
769,8.7,2.5,11.2,0.24,41.0,T22,Delta_766-772,150.0,0.95405,44.5068,31.369,22.8385,38.8022,0.27317073170731704,0.07466666666666666,0.016666666666666666,0.2733333333333333,SAFE
7483,0.0,8.3,8.3,0.24,0.0,T8,LV_secondary_T2_T4,150.0,0.95585,27.31,18.8387,13.9267,23.4276,8.3,0.05533333333333334,0.05533333333333334,0.0,SAFE
625,6.9,9.5,16.4,0.24,0.0,T2,LV_secondary_T2_T4,300.0,0.99456,7.1872,4.2178,2.8303,5.0794,16.4,0.05466666666666666,0.03166666666666667,0.0,SAFE
6211,0.0,12.5,12.5,0.24,0.0,T2,LV_secondary_T2_T4,300.0,0.99456,7.1414,4.1987,2.8231,5.0595,12.5,0.041666666666666664,0.041666666666666664,0.0,SAFE
632,8.5,9.6,18.1,0.24,0.0,T4,LV_secondary_T2_T4,150.0,0.92105,16.9926,11.6578,8.5847,14.4776,18.1,0.12066666666666667,0.064,0.0,SAFE
710,0.0,10.6,10.6,0.208,80.0,T17,Branch_701-708,300.0,0.95736,7.0104,4.008,2.9713,4.9893,0.1325,0.035333333333333335,0.035333333333333335,0.26666666666666666,SAFE
751,5.7,14.4,20.1,0.48,0.0,T9,other,1500.0,0.9685,34.4789,23.8283,17.6385,29.6463,20.1,0.0134,0.009600000000000001,0.0,SAFE
725,4.5,7.9,12.4,0.24,0.0,-,Main_720-734,5000.0,0.99456,7.1872,4.2178,2.8303,5.0794,12.4,0.00248,0.00158,0.0,SAFE
6221,0.0,13.9,13.9,0.24,0.0,T2,LV_secondary_T2_T4,300.0,0.99456,7.1872,4.2178,2.8303,5.0794,13.9,0.04633333333333334,0.04633333333333334,0.0,SAFE
6212,0.0,2.3,2.3,0.24,0.0,T2,LV_secondary_T2_T4,300.0,0.99456,7.1414,4.1987,2.8231,5.0595,2.3,0.007666666666666666,0.007666666666666666,0.0,SAFE
6251,6.9,6.4,13.3,0.24,0.0,T2,LV_secondary_T2_T4,300.0,0.99456,7.1872,4.2178,2.8303,5.0794,13.3,0.044333333333333336,0.021333333333333336,0.0,SAFE
724,0.0,7.3,7.3,0.24,0.0,-,Main_720-734,5000.0,0.99456,7.1414,4.1987,2.8231,5.0595,7.3,0.00146,0.00146,0.0,SAFE
723,0.0,18.4,18.4,0.24,0.0,-,Main_720-734,5000.0,0.99456,7.2329,4.237,2.8374,5.0993,18.4,0.0036799999999999997,0.0036799999999999997,0.0,SAFE
6252,1.8,3.5,5.3,0.24,0.0,T2,LV_secondary_T2_T4,300.0,0.99456,7.1872,4.2178,2.8303,5.0794,5.3,0.017666666666666667,0.011666666666666667,0.0,SAFE
6242,0.0,13.2,13.2,0.24,0.0,T2,LV_secondary_T2_T4,300.0,0.99456,7.1414,4.1987,2.8231,5.0595,13.2,0.044,0.044,0.0,SAFE
721,7.6,13.7,21.299999999999997,0.24,0.0,-,Main_720-734,5000.0,0.99456,7.1414,4.1987,2.8231,5.0595,21.299999999999997,0.004259999999999999,0.00274,0.0,SAFE
7643,5.6,2.8,8.399999999999999,0.24,0.0,T14,LV_secondary_T2_T4,150.0,0.9365,42.617,29.4074,21.7473,36.5751,8.399999999999999,0.05599999999999999,0.018666666666666665,0.0,SAFE
622,0.0,7.9,7.9,0.24,0.0,T2,LV_secondary_T2_T4,300.0,0.99456,7.1872,4.2178,2.8303,5.0794,7.9,0.026333333333333334,0.026333333333333334,0.0,SAFE
739,2.7,7.5,10.2,0.24,41.1,T6,Main_735-750,150.0,0.98477,24.6125,15.6519,11.8507,19.6321,0.2481751824817518,0.06799999999999999,0.05,0.274,SAFE
722,0.0,3.9,3.9,0.24,0.0,-,Main_720-734,5000.0,0.99456,7.1872,4.2178,2.8303,5.0794,3.9,0.00078,0.00078,0.0,SAFE
714,0.0,10.6,10.6,0.208,240.0,T24,Branch_701-708,30.0,0.99083,0.9144,0.4676,0.2627,0.5363,0.04416666666666667,0.35333333333333333,0.35333333333333333,8.0,SAFE
7643,0.0,1.7,1.7,0.24,0.0,T14,LV_secondary_T2_T4,150.0,0.9365,42.617,29.4074,21.7473,36.5751,1.7,0.011333333333333332,0.011333333333333332,0.0,SAFE
721,0.0,12.3,12.3,0.24,0.0,-,Main_720-734,5000.0,0.99456,7.1414,4.1987,2.8231,5.0595,12.3,0.00246,0.00246,0.0,SAFE
730,8.3,16.8,25.1,0.24,85.0,T23,Main_720-734,300.0,0.94696,11.8872,7.965,5.8252,9.8678,0.2952941176470588,0.08366666666666667,0.056,0.2833333333333333,SAFE
726,0.0,14.7,14.7,0.24,0.0,-,Main_720-734,5000.0,0.99456,7.2329,4.237,2.8374,5.0993,14.7,0.00294,0.00294,0.0,SAFE
6232,0.0,13.9,13.9,0.24,0.0,T2,LV_secondary_T2_T4,300.0,0.99456,7.2329,4.237,2.8374,5.0993,13.9,0.04633333333333334,0.04633333333333334,0.0,SAFE
6332,8.1,12.6,20.7,0.24,0.0,T4,LV_secondary_T2_T4,150.0,0.91348,17.0383,11.6797,8.589,14.4978,20.7,0.13799999999999998,0.08399999999999999,0.0,SAFE
743,0.0,11.1,11.1,0.24,240.0,T7,Main_735-750,300.0,0.96367,21.8693,15.052,11.1097,18.708,0.04625,0.037,0.037,0.8,SAFE
7392,0.0,18.2,18.2,0.24,0.0,T6,LV_secondary_T2_T4,150.0,0.98477,24.6125,15.6519,11.8507,19.6321,18.2,0.12133333333333333,0.12133333333333333,0.0,SAFE
6332,0.0,9.8,9.8,0.24,0.0,T4,LV_secondary_T2_T4,150.0,0.91348,17.0383,11.6797,8.589,14.4978,9.8,0.06533333333333334,0.06533333333333334,0.0,SAFE
6242,0.0,10.6,10.6,0.24,0.0,T2,LV_secondary_T2_T4,300.0,0.99456,7.1414,4.1987,2.8231,5.0595,10.6,0.035333333333333335,0.035333333333333335,0.0,SAFE
725,2.2,16.5,18.7,0.24,0.0,-,Main_720-734,5000.0,0.99456,7.1872,4.2178,2.8303,5.0794,18.7,0.00374,0.0033,0.0,SAFE
756,0.0,2.0,2.0,0.208,155.0,T11,Branch_752-765,300.0,0.93609,39.8129,27.5407,20.4003,34.2734,0.012903225806451613,0.006666666666666667,0.006666666666666667,0.5166666666666667,SAFE
6241,0.0,11.5,11.5,0.24,0.0,T2,LV_secondary_T2_T4,300.0,0.99456,7.1414,4.1987,2.8231,5.0595,11.5,0.03833333333333333,0.03833333333333333,0.0,SAFE
7642,0.0,17.2,17.2,0.24,0.0,T14,LV_secondary_T2_T4,150.0,0.9365,42.617,29.4074,21.7473,36.5751,17.2,0.11466666666666667,0.11466666666666667,0.0,SAFE
725,2.3,6.2,8.5,0.24,0.0,-,Main_720-734,5000.0,0.99456,7.1872,4.2178,2.8303,5.0794,8.5,0.0017,0.00124,0.0,SAFE
6331,8.4,2.7,11.100000000000001,0.24,0.0,T4,LV_secondary_T2_T4,150.0,0.91348,17.0383,11.6797,8.589,14.4978,11.100000000000001,0.07400000000000001,0.018000000000000002,0.0,SAFE
6222,0.0,18.7,18.7,0.24,0.0,T2,LV_secondary_T2_T4,300.0,0.99456,7.1872,4.2178,2.8303,5.0794,18.7,0.06233333333333333,0.06233333333333333,0.0,SAFE
6252,0.0,10.5,10.5,0.24,0.0,T2,LV_secondary_T2_T4,300.0,0.99456,7.1872,4.2178,2.8303,5.0794,10.5,0.035,0.035,0.0,SAFE
710,0.0,8.1,8.1,0.208,80.0,T17,Branch_701-708,300.0,0.95736,7.0104,4.008,2.9713,4.9893,0.10124999999999999,0.027,0.027,0.26666666666666666,SAFE
714,0.0,16.9,16.9,0.208,240.0,T24,Branch_701-708,30.0,0.99083,0.9144,0.4676,0.2627,0.5363,0.07041666666666666,0.5633333333333332,0.5633333333333332,8.0,SAFE
723,0.0,3.6,3.6,0.24,0.0,-,Main_720-734,5000.0,0.99456,7.2329,4.237,2.8374,5.0993,3.6,0.00072,0.00072,0.0,SAFE
7392,0.0,14.2,14.2,0.24,0.0,T6,LV_secondary_T2_T4,150.0,0.98477,24.6125,15.6519,11.8507,19.6321,14.2,0.09466666666666666,0.09466666666666666,0.0,SAFE
7392,0.0,9.5,9.5,0.24,0.0,T6,LV_secondary_T2_T4,150.0,0.98477,24.6125,15.6519,11.8507,19.6321,9.5,0.06333333333333334,0.06333333333333334,0.0,SAFE
710,0.0,1.4,1.4,0.208,80.0,T17,Branch_701-708,300.0,0.95736,7.0104,4.008,2.9713,4.9893,0.017499999999999998,0.004666666666666666,0.004666666666666666,0.26666666666666666,SAFE
724,5.7,11.4,17.1,0.24,0.0,-,Main_720-734,5000.0,0.99456,7.1414,4.1987,2.8231,5.0595,17.1,0.0034200000000000003,0.00228,0.0,SAFE
716,0.0,15.7,15.7,0.48,15.85,T24(HV),Branch_701-708,300.0,0.97763,0.9144,0.4676,0.2627,0.5363,0.9905362776025236,0.05233333333333333,0.05233333333333333,0.05283333333333333,SAFE
720,0.0,1.9,1.9,0.24,66.0,T2,Main_720-734,300.0,0.99456,7.0957,4.1795,2.816,5.0396,0.028787878787878786,0.006333333333333333,0.006333333333333333,0.22,SAFE
7122,5.5,2.2,7.7,0.24,0.0,T18,LV_secondary_T2_T4,300.0,0.95826,7.7724,4.5565,3.3703,5.6675,7.7,0.025666666666666667,0.007333333333333334,0.0,SAFE
7691,0.0,1.3,1.3,0.24,0.0,T22,LV_secondary_T2_T4,150.0,0.95405,44.5068,31.369,22.8385,38.8022,1.3,0.008666666666666666,0.008666666666666666,0.0,SAFE
748,0.0,14.7,14.7,0.24,76.88,T8,Main_735-750,150.0,0.95585,27.31,18.8387,13.9267,23.4276,0.19120707596253902,0.09799999999999999,0.09799999999999999,0.5125333333333333,SAFE
620,0.0,12.7,12.7,0.24,0.0,T2,LV_secondary_T2_T4,300.0,0.99456,7.0957,4.1795,2.816,5.0396,12.7,0.042333333333333334,0.042333333333333334,0.0,SAFE
6321,5.7,4.6,10.3,0.24,0.0,T4,LV_secondary_T2_T4,150.0,0.92105,16.9926,11.6578,8.5847,14.4776,10.3,0.06866666666666667,0.030666666666666665,0.0,SAFE
6232,0.0,2.3,2.3,0.24,0.0,T2,LV_secondary_T2_T4,300.0,0.99456,7.2329,4.237,2.8374,5.0993,2.3,0.007666666666666666,0.007666666666666666,0.0,SAFE
7483,0.0,15.9,15.9,0.24,0.0,T8,LV_secondary_T2_T4,150.0,0.95585,27.31,18.8387,13.9267,23.4276,15.9,0.106,0.106,0.0,SAFE
622,0.0,8.4,8.4,0.24,0.0,T2,LV_secondary_T2_T4,300.0,0.99456,7.1872,4.2178,2.8303,5.0794,8.4,0.028,0.028,0.0,SAFE
6251,0.0,19.6,19.6,0.24,0.0,T2,LV_secondary_T2_T4,300.0,0.99456,7.1872,4.2178,2.8303,5.0794,19.6,0.06533333333333334,0.06533333333333334,0.0,SAFE
622,0.0,7.8,7.8,0.24,0.0,T2,LV_secondary_T2_T4,300.0,0.99456,7.1872,4.2178,2.8303,5.0794,7.8,0.026,0.026,0.0,SAFE
748,0.0,14.9,14.9,0.24,76.88,T8,Main_735-750,150.0,0.95585,27.31,18.8387,13.9267,23.4276,0.19380853277835589,0.09933333333333333,0.09933333333333333,0.5125333333333333,SAFE
6212,0.0,3.5,3.5,0.24,0.0,T2,LV_secondary_T2_T4,300.0,0.99456,7.1414,4.1987,2.8231,5.0595,3.5,0.011666666666666667,0.011666666666666667,0.0,SAFE
6221,0.0,16.5,16.5,0.24,0.0,T2,LV_secondary_T2_T4,300.0,0.99456,7.1872,4.2178,2.8303,5.0794,16.5,0.055,0.055,0.0,SAFE
7391,0.0,19.6,19.6,0.24,0.0,T6,LV_secondary_T2_T4,150.0,0.98477,24.6125,15.6519,11.8507,19.6321,19.6,0.13066666666666668,0.13066666666666668,0.0,SAFE
730,0.0,16.4,16.4,0.24,85.0,T23,Main_720-734,300.0,0.94696,11.8872,7.965,5.8252,9.8678,0.19294117647058823,0.05466666666666666,0.05466666666666666,0.2833333333333333,SAFE
7122,0.0,1.7,1.7,0.24,0.0,T18,LV_secondary_T2_T4,300.0,0.95826,7.7724,4.5565,3.3703,5.6675,1.7,0.005666666666666666,0.005666666666666666,0.0,SAFE
733,0.0,17.8,17.8,0.24,0.0,-,Main_720-734,5000.0,0.91348,17.0383,11.6797,8.589,14.4978,17.8,0.0035600000000000002,0.0035600000000000002,0.0,SAFE
6201,5.9,10.8,16.700000000000003,0.24,0.0,T2,LV_secondary_T2_T4,300.0,0.99456,7.0957,4.1795,2.816,5.0396,16.700000000000003,0.05566666666666668,0.036000000000000004,0.0,SAFE
756,0.0,1.7,1.7,0.208,155.0,T11,Branch_752-765,300.0,0.93609,39.8129,27.5407,20.4003,34.2734,0.01096774193548387,0.005666666666666666,0.005666666666666666,0.5166666666666667,SAFE
769,8.8,7.8,16.6,0.24,41.0,T22,Delta_766-772,150.0,0.95405,44.5068,31.369,22.8385,38.8022,0.40487804878048783,0.11066666666666668,0.052,0.2733333333333333,SAFE
6212,4.9,6.2,11.100000000000001,0.24,0.0,T2,LV_secondary_T2_T4,300.0,0.99456,7.1414,4.1987,2.8231,5.0595,11.100000000000001,0.037000000000000005,0.020666666666666667,0.0,SAFE
6261,4.5,15.1,19.6,0.24,0.0,T2,LV_secondary_T2_T4,300.0,0.99456,7.2329,4.237,2.8374,5.0993,19.6,0.06533333333333334,0.050333333333333334,0.0,SAFE
730,0.0,10.4,10.4,0.24,85.0,T23,Main_720-734,300.0,0.94696,11.8872,7.965,5.8252,9.8678,0.1223529411764706,0.034666666666666665,0.034666666666666665,0.2833333333333333,SAFE
7642,0.0,6.1,6.1,0.24,0.0,T14,LV_secondary_T2_T4,150.0,0.9365,42.617,29.4074,21.7473,36.5751,6.1,0.04066666666666666,0.04066666666666666,0.0,SAFE
6322,0.0,2.5,2.5,0.24,0.0,T4,LV_secondary_T2_T4,150.0,0.92105,16.9926,11.6578,8.5847,14.4776,2.5,0.016666666666666666,0.016666666666666666,0.0,SAFE
730,0.0,11.4,11.4,0.24,85.0,T23,Main_720-734,300.0,0.94696,11.8872,7.965,5.8252,9.8678,0.13411764705882354,0.038,0.038,0.2833333333333333,SAFE
710,0.0,7.2,7.2,0.208,80.0,T17,Branch_701-708,300.0,0.95736,7.0104,4.008,2.9713,4.9893,0.09,0.024,0.024,0.26666666666666666,SAFE
7121,0.0,12.4,12.4,0.24,0.0,T18,LV_secondary_T2_T4,300.0,0.95826,7.7724,4.5565,3.3703,5.6675,12.4,0.04133333333333333,0.04133333333333333,0.0,SAFE
6332,0.0,7.7,7.7,0.24,0.0,T4,LV_secondary_T2_T4,150.0,0.91348,17.0383,11.6797,8.589,14.4978,7.7,0.051333333333333335,0.051333333333333335,0.0,SAFE
6231,0.0,12.7,12.7,0.24,0.0,T2,LV_secondary_T2_T4,300.0,0.99456,7.2329,4.237,2.8374,5.0993,12.7,0.042333333333333334,0.042333333333333334,0.0,SAFE
632,0.0,2.4,2.4,0.24,0.0,T4,LV_secondary_T2_T4,150.0,0.92105,16.9926,11.6578,8.5847,14.4776,2.4,0.016,0.016,0.0,SAFE
6232,2.4,10.7,13.1,0.24,0.0,T2,LV_secondary_T2_T4,300.0,0.99456,7.2329,4.237,2.8374,5.0993,13.1,0.043666666666666666,0.035666666666666666,0.0,SAFE
623,0.0,3.7,3.7,0.24,0.0,T2,LV_secondary_T2_T4,300.0,0.99456,7.2329,4.237,2.8374,5.0993,3.7,0.012333333333333333,0.012333333333333333,0.0,SAFE
6332,0.0,1.7,1.7,0.24,0.0,T4,LV_secondary_T2_T4,150.0,0.91348,17.0383,11.6797,8.589,14.4978,1.7,0.011333333333333332,0.011333333333333332,0.0,SAFE
6232,1.3,7.9,9.200000000000001,0.24,0.0,T2,LV_secondary_T2_T4,300.0,0.99456,7.2329,4.237,2.8374,5.0993,9.200000000000001,0.030666666666666672,0.026333333333333334,0.0,SAFE
724,4.3,13.9,18.2,0.24,0.0,-,Main_720-734,5000.0,0.99456,7.1414,4.1987,2.8231,5.0595,18.2,0.00364,0.00278,0.0,SAFE
708,0.0,11.9,11.9,0.24,75.0,T16,Branch_701-708,300.0,0.95801,6.2484,3.6185,2.8328,4.5954,0.15866666666666668,0.03966666666666667,0.03966666666666667,0.25,SAFE
6252,0.0,7.0,7.0,0.24,0.0,T2,LV_secondary_T2_T4,300.0,0.99456,7.1872,4.2178,2.8303,5.0794,7.0,0.023333333333333334,0.023333333333333334,0.0,SAFE
7642,0.0,8.4,8.4,0.24,0.0,T14,LV_secondary_T2_T4,150.0,0.9365,42.617,29.4074,21.7473,36.5751,8.4,0.056,0.056,0.0,SAFE
759,2.9,15.7,18.599999999999998,0.24,35.0,T12,Branch_752-765,150.0,0.93737,40.2701,27.7136,20.528,34.4883,0.5314285714285714,0.12399999999999999,0.10466666666666666,0.23333333333333334,SAFE
769,2.8,14.2,17.0,0.24,41.0,T22,Delta_766-772,150.0,0.95405,44.5068,31.369,22.8385,38.8022,0.4146341463414634,0.11333333333333333,0.09466666666666666,0.2733333333333333,SAFE
722,0.0,17.2,17.2,0.24,0.0,-,Main_720-734,5000.0,0.99456,7.1872,4.2178,2.8303,5.0794,17.2,0.00344,0.00344,0.0,SAFE
6332,9.7,19.9,29.599999999999998,0.24,0.0,T4,LV_secondary_T2_T4,150.0,0.91348,17.0383,11.6797,8.589,14.4978,29.599999999999998,0.19733333333333333,0.13266666666666665,0.0,SAFE
6202,5.9,13.7,19.6,0.24,0.0,T2,LV_secondary_T2_T4,300.0,0.99456,7.0957,4.1795,2.816,5.0396,19.6,0.06533333333333334,0.04566666666666666,0.0,SAFE
770,7.4,17.9,25.299999999999997,0.24,450.0,T15,Delta_766-772,1500.0,0.95059,44.5068,31.369,22.8385,38.8022,0.056222222222222215,0.016866666666666665,0.011933333333333332,0.3,SAFE
728,0.0,16.1,16.1,0.24,38.0,T3,Main_720-734,75.0,0.93706,11.5824,7.8923,5.7834,9.7845,0.42368421052631583,0.21466666666666667,0.21466666666666667,0.5066666666666667,SAFE
720,3.1,19.7,22.8,0.24,66.0,T2,Main_720-734,300.0,0.99456,7.0957,4.1795,2.816,5.0396,0.34545454545454546,0.076,0.06566666666666666,0.22,SAFE
7482,0.0,1.5,1.5,0.24,0.0,T8,LV_secondary_T2_T4,150.0,0.95585,27.31,18.8387,13.9267,23.4276,1.5,0.01,0.01,0.0,SAFE
6241,2.2,9.9,12.100000000000001,0.24,0.0,T2,LV_secondary_T2_T4,300.0,0.99456,7.1414,4.1987,2.8231,5.0595,12.100000000000001,0.04033333333333334,0.033,0.0,SAFE
712,0.0,2.2,2.2,0.24,65.0,T18,Branch_701-708,300.0,0.95826,7.7724,4.5565,3.3703,5.6675,0.03384615384615385,0.007333333333333334,0.007333333333333334,0.21666666666666667,SAFE
7393,8.4,11.0,19.4,0.24,0.0,T6,LV_secondary_T2_T4,150.0,0.98477,24.6125,15.6519,11.8507,19.6321,19.4,0.12933333333333333,0.07333333333333333,0.0,SAFE
708,0.0,3.4,3.4,0.24,75.0,T16,Branch_701-708,300.0,0.95801,6.2484,3.6185,2.8328,4.5954,0.04533333333333333,0.011333333333333332,0.011333333333333332,0.25,SAFE
708,4.1,9.5,13.6,0.24,75.0,T16,Branch_701-708,300.0,0.95801,6.2484,3.6185,2.8328,4.5954,0.18133333333333332,0.04533333333333333,0.03166666666666667,0.25,SAFE
7693,0.0,13.2,13.2,0.24,0.0,T22,LV_secondary_T2_T4,150.0,0.95405,44.5068,31.369,22.8385,38.8022,13.2,0.088,0.088,0.0,SAFE
721,1.5,9.2,10.7,0.24,0.0,-,Main_720-734,5000.0,0.99456,7.1414,4.1987,2.8231,5.0595,10.7,0.00214,0.0018399999999999998,0.0,SAFE
720,0.0,10.8,10.8,0.24,66.0,T2,Main_720-734,300.0,0.99456,7.0957,4.1795,2.816,5.0396,0.16363636363636364,0.036000000000000004,0.036000000000000004,0.22,SAFE
725,4.1,7.1,11.2,0.24,0.0,-,Main_720-734,5000.0,0.99456,7.1872,4.2178,2.8303,5.0794,11.2,0.00224,0.0014199999999999998,0.0,SAFE
7642,3.3,18.0,21.3,0.24,0.0,T14,LV_secondary_T2_T4,150.0,0.9365,42.617,29.4074,21.7473,36.5751,21.3,0.14200000000000002,0.12,0.0,SAFE
7693,0.0,6.2,6.2,0.24,0.0,T22,LV_secondary_T2_T4,150.0,0.95405,44.5068,31.369,22.8385,38.8022,6.2,0.04133333333333333,0.04133333333333333,0.0,SAFE
7691,0.0,2.8,2.8,0.24,0.0,T22,LV_secondary_T2_T4,150.0,0.95405,44.5068,31.369,22.8385,38.8022,2.8,0.018666666666666665,0.018666666666666665,0.0,SAFE
724,0.0,4.3,4.3,0.24,0.0,-,Main_720-734,5000.0,0.99456,7.1414,4.1987,2.8231,5.0595,4.3,0.00086,0.00086,0.0,SAFE
6221,0.0,17.0,17.0,0.24,0.0,T2,LV_secondary_T2_T4,300.0,0.99456,7.1872,4.2178,2.8303,5.0794,17.0,0.056666666666666664,0.056666666666666664,0.0,SAFE
623,7.9,2.5,10.4,0.24,0.0,T2,LV_secondary_T2_T4,300.0,0.99456,7.2329,4.237,2.8374,5.0993,10.4,0.034666666666666665,0.008333333333333333,0.0,SAFE
759,4.7,13.4,18.1,0.24,35.0,T12,Branch_752-765,150.0,0.93737,40.2701,27.7136,20.528,34.4883,0.5171428571428572,0.12066666666666667,0.08933333333333333,0.23333333333333334,SAFE
623,0.0,10.5,10.5,0.24,0.0,T2,LV_secondary_T2_T4,300.0,0.99456,7.2329,4.237,2.8374,5.0993,10.5,0.035,0.035,0.0,SAFE
770,0.0,13.2,13.2,0.24,450.0,T15,Delta_766-772,1500.0,0.95059,44.5068,31.369,22.8385,38.8022,0.029333333333333333,0.008799999999999999,0.008799999999999999,0.3,SAFE
751,3.7,16.3,20.0,0.48,0.0,T9,other,1500.0,0.9685,34.4789,23.8283,17.6385,29.6463,20.0,0.013333333333333334,0.010866666666666667,0.0,SAFE
708,0.0,14.1,14.1,0.24,75.0,T16,Branch_701-708,300.0,0.95801,6.2484,3.6185,2.8328,4.5954,0.188,0.047,0.047,0.25,SAFE
6321,0.0,10.2,10.2,0.24,0.0,T4,LV_secondary_T2_T4,150.0,0.92105,16.9926,11.6578,8.5847,14.4776,10.2,0.06799999999999999,0.06799999999999999,0.0,SAFE
723,7.6,6.9,14.5,0.24,0.0,-,Main_720-734,5000.0,0.99456,7.2329,4.237,2.8374,5.0993,14.5,0.0029,0.0013800000000000002,0.0,SAFE
6222,0.0,19.5,19.5,0.24,0.0,T2,LV_secondary_T2_T4,300.0,0.99456,7.1872,4.2178,2.8303,5.0794,19.5,0.065,0.065,0.0,SAFE
6241,0.0,10.8,10.8,0.24,0.0,T2,LV_secondary_T2_T4,300.0,0.99456,7.1414,4.1987,2.8231,5.0595,10.8,0.036000000000000004,0.036000000000000004,0.0,SAFE
748,0.0,9.9,9.9,0.24,76.88,T8,Main_735-750,150.0,0.95585,27.31,18.8387,13.9267,23.4276,0.12877211238293446,0.066,0.066,0.5125333333333333,SAFE
751,0.0,3.7,3.7,0.48,0.0,T9,other,1500.0,0.9685,34.4789,23.8283,17.6385,29.6463,3.7,0.002466666666666667,0.002466666666666667,0.0,SAFE
6251,0.0,17.4,17.4,0.24,0.0,T2,LV_secondary_T2_T4,300.0,0.99456,7.1872,4.2178,2.8303,5.0794,17.4,0.057999999999999996,0.057999999999999996,0.0,SAFE
725,7.5,16.5,24.0,0.24,0.0,-,Main_720-734,5000.0,0.99456,7.1872,4.2178,2.8303,5.0794,24.0,0.0048,0.0033,0.0,SAFE
732,0.0,15.5,15.5,0.24,25.4,T4,Main_720-734,150.0,0.92105,16.9926,11.6578,8.5847,14.4776,0.610236220472441,0.10333333333333333,0.10333333333333333,0.16933333333333334,SAFE
7641,5.5,9.9,15.4,0.24,0.0,T14,LV_secondary_T2_T4,150.0,0.9365,42.617,29.4074,21.7473,36.5751,15.4,0.10266666666666667,0.066,0.0,SAFE
712,0.0,19.0,19.0,0.24,65.0,T18,Branch_701-708,300.0,0.95826,7.7724,4.5565,3.3703,5.6675,0.2923076923076923,0.06333333333333334,0.06333333333333334,0.21666666666666667,SAFE
748,0.0,5.1,5.1,0.24,76.88,T8,Main_735-750,150.0,0.95585,27.31,18.8387,13.9267,23.4276,0.06633714880332986,0.033999999999999996,0.033999999999999996,0.5125333333333333,SAFE
626,0.0,6.3,6.3,0.24,0.0,T2,LV_secondary_T2_T4,300.0,0.99456,7.2329,4.237,2.8374,5.0993,6.3,0.020999999999999998,0.020999999999999998,0.0,SAFE
7392,0.0,6.4,6.4,0.24,0.0,T6,LV_secondary_T2_T4,150.0,0.98477,24.6125,15.6519,11.8507,19.6321,6.4,0.04266666666666667,0.04266666666666667,0.0,SAFE
715,7.5,9.2,16.7,0.208,0.0,-,Branch_701-708,5000.0,0.99083,0.9144,0.4676,0.2627,0.5363,16.7,0.0033399999999999997,0.0018399999999999998,0.0,SAFE
6261,0.0,8.0,8.0,0.24,0.0,T2,LV_secondary_T2_T4,300.0,0.99456,7.2329,4.237,2.8374,5.0993,8.0,0.02666666666666667,0.02666666666666667,0.0,SAFE
732,0.0,7.9,7.9,0.24,25.4,T4,Main_720-734,150.0,0.92105,16.9926,11.6578,8.5847,14.4776,0.31102362204724415,0.05266666666666667,0.05266666666666667,0.16933333333333334,SAFE
6251,3.5,10.6,14.1,0.24,0.0,T2,LV_secondary_T2_T4,300.0,0.99456,7.1872,4.2178,2.8303,5.0794,14.1,0.047,0.035333333333333335,0.0,SAFE
720,0.0,3.4,3.4,0.24,66.0,T2,Main_720-734,300.0,0.99456,7.0957,4.1795,2.816,5.0396,0.051515151515151514,0.011333333333333332,0.011333333333333332,0.22,SAFE
6241,0.0,16.1,16.1,0.24,0.0,T2,LV_secondary_T2_T4,300.0,0.99456,7.1414,4.1987,2.8231,5.0595,16.1,0.05366666666666667,0.05366666666666667,0.0,SAFE
6232,0.0,15.3,15.3,0.24,0.0,T2,LV_secondary_T2_T4,300.0,0.99456,7.2329,4.237,2.8374,5.0993,15.3,0.051000000000000004,0.051000000000000004,0.0,SAFE
7641,0.0,8.6,8.6,0.24,0.0,T14,LV_secondary_T2_T4,150.0,0.9365,42.617,29.4074,21.7473,36.5751,8.6,0.05733333333333333,0.05733333333333333,0.0,SAFE
624,0.0,3.6,3.6,0.24,0.0,T2,LV_secondary_T2_T4,300.0,0.99456,7.1414,4.1987,2.8231,5.0595,3.6,0.012,0.012,0.0,SAFE
7392,0.0,10.9,10.9,0.24,0.0,T6,LV_secondary_T2_T4,150.0,0.98477,24.6125,15.6519,11.8507,19.6321,10.9,0.07266666666666667,0.07266666666666667,0.0,SAFE
7641,3.9,3.7,7.6,0.24,0.0,T14,LV_secondary_T2_T4,150.0,0.9365,42.617,29.4074,21.7473,36.5751,7.6,0.050666666666666665,0.024666666666666667,0.0,SAFE
6252,3.7,19.8,23.5,0.24,0.0,T2,LV_secondary_T2_T4,300.0,0.99456,7.1872,4.2178,2.8303,5.0794,23.5,0.07833333333333334,0.066,0.0,SAFE
6221,0.0,10.6,10.6,0.24,0.0,T2,LV_secondary_T2_T4,300.0,0.99456,7.1872,4.2178,2.8303,5.0794,10.6,0.035333333333333335,0.035333333333333335,0.0,SAFE
7481,0.0,14.5,14.5,0.24,0.0,T8,LV_secondary_T2_T4,150.0,0.95585,27.31,18.8387,13.9267,23.4276,14.5,0.09666666666666666,0.09666666666666666,0.0,SAFE
622,9.8,8.0,17.8,0.24,0.0,T2,LV_secondary_T2_T4,300.0,0.99456,7.1872,4.2178,2.8303,5.0794,17.8,0.059333333333333335,0.02666666666666667,0.0,SAFE
6201,7.2,16.1,23.3,0.24,0.0,T2,LV_secondary_T2_T4,300.0,0.99456,7.0957,4.1795,2.816,5.0396,23.3,0.07766666666666668,0.05366666666666667,0.0,SAFE
623,0.0,12.3,12.3,0.24,0.0,T2,LV_secondary_T2_T4,300.0,0.99456,7.2329,4.237,2.8374,5.0993,12.3,0.041,0.041,0.0,SAFE
743,0.0,14.7,14.7,0.24,240.0,T7,Main_735-750,300.0,0.96367,21.8693,15.052,11.1097,18.708,0.06125,0.048999999999999995,0.048999999999999995,0.8,SAFE
726,8.0,11.0,19.0,0.24,0.0,-,Main_720-734,5000.0,0.99456,7.2329,4.237,2.8374,5.0993,19.0,0.0038,0.0022,0.0,SAFE
6242,1.3,3.8,5.1,0.24,0.0,T2,LV_secondary_T2_T4,300.0,0.99456,7.1414,4.1987,2.8231,5.0595,5.1,0.016999999999999998,0.012666666666666666,0.0,SAFE
716,0.0,4.6,4.6,0.48,15.85,T24(HV),Branch_701-708,300.0,0.97763,0.9144,0.4676,0.2627,0.5363,0.2902208201892744,0.015333333333333332,0.015333333333333332,0.05283333333333333,SAFE
6321,4.7,3.9,8.6,0.24,0.0,T4,LV_secondary_T2_T4,150.0,0.92105,16.9926,11.6578,8.5847,14.4776,8.6,0.05733333333333333,0.026,0.0,SAFE
7392,1.6,17.6,19.200000000000003,0.24,0.0,T6,LV_secondary_T2_T4,150.0,0.98477,24.6125,15.6519,11.8507,19.6321,19.200000000000003,0.12800000000000003,0.11733333333333335,0.0,SAFE
722,0.0,10.9,10.9,0.24,0.0,-,Main_720-734,5000.0,0.99456,7.1872,4.2178,2.8303,5.0794,10.9,0.00218,0.00218,0.0,SAFE
7393,0.0,11.0,11.0,0.24,0.0,T6,LV_secondary_T2_T4,150.0,0.98477,24.6125,15.6519,11.8507,19.6321,11.0,0.07333333333333333,0.07333333333333333,0.0,SAFE
728,0.0,9.7,9.7,0.24,38.0,T3,Main_720-734,75.0,0.93706,11.5824,7.8923,5.7834,9.7845,0.2552631578947368,0.12933333333333333,0.12933333333333333,0.5066666666666667,SAFE
7692,7.5,7.7,15.2,0.24,0.0,T22,LV_secondary_T2_T4,150.0,0.95405,44.5068,31.369,22.8385,38.8022,15.2,0.10133333333333333,0.051333333333333335,0.0,SAFE
759,0.0,12.6,12.6,0.24,35.0,T12,Branch_752-765,150.0,0.93737,40.2701,27.7136,20.528,34.4883,0.36,0.08399999999999999,0.08399999999999999,0.23333333333333334,SAFE
751,0.0,6.3,6.3,0.48,0.0,T9,other,1500.0,0.9685,34.4789,23.8283,17.6385,29.6463,6.3,0.0042,0.0042,0.0,SAFE
772,7.2,15.7,22.9,0.208,100.0,T19,Delta_766-772,300.0,0.93424,43.184,29.887,22.1458,37.1977,0.22899999999999998,0.07633333333333332,0.05233333333333333,0.3333333333333333,SAFE
7481,0.0,7.0,7.0,0.24,0.0,T8,LV_secondary_T2_T4,150.0,0.95585,27.31,18.8387,13.9267,23.4276,7.0,0.04666666666666667,0.04666666666666667,0.0,SAFE
764,0.0,6.5,6.5,0.24,46.0,T14,Branch_752-765,150.0,0.9365,42.617,29.4074,21.7473,36.5751,0.14130434782608695,0.043333333333333335,0.043333333333333335,0.30666666666666664,SAFE
7692,8.4,8.2,16.6,0.24,0.0,T22,LV_secondary_T2_T4,150.0,0.95405,44.5068,31.369,22.8385,38.8022,16.6,0.11066666666666668,0.05466666666666666,0.0,SAFE
723,0.0,6.5,6.5,0.24,0.0,-,Main_720-734,5000.0,0.99456,7.2329,4.237,2.8374,5.0993,6.5,0.0013,0.0013,0.0,SAFE
710,0.0,7.6,7.6,0.208,80.0,T17,Branch_701-708,300.0,0.95736,7.0104,4.008,2.9713,4.9893,0.095,0.025333333333333333,0.025333333333333333,0.26666666666666666,SAFE
756,0.0,15.2,15.2,0.208,155.0,T11,Branch_752-765,300.0,0.93609,39.8129,27.5407,20.4003,34.2734,0.09806451612903225,0.050666666666666665,0.050666666666666665,0.5166666666666667,SAFE
7691,0.0,6.2,6.2,0.24,0.0,T22,LV_secondary_T2_T4,150.0,0.95405,44.5068,31.369,22.8385,38.8022,6.2,0.04133333333333333,0.04133333333333333,0.0,SAFE
762,0.0,3.6,3.6,0.48,45.0,T13,Branch_752-765,150.0,0.93629,42.0074,28.9831,21.4317,36.0463,0.08,0.024,0.024,0.3,SAFE
748,5.8,5.6,11.399999999999999,0.24,76.88,T8,Main_735-750,150.0,0.95585,27.31,18.8387,13.9267,23.4276,0.14828303850156085,0.07599999999999998,0.03733333333333333,0.5125333333333333,SAFE
743,0.0,2.0,2.0,0.24,240.0,T7,Main_735-750,300.0,0.96367,21.8693,15.052,11.1097,18.708,0.008333333333333333,0.006666666666666667,0.006666666666666667,0.8,SAFE
7392,1.0,2.9,3.9,0.24,0.0,T6,LV_secondary_T2_T4,150.0,0.98477,24.6125,15.6519,11.8507,19.6321,3.9,0.026,0.019333333333333334,0.0,SAFE
7693,0.0,19.6,19.6,0.24,0.0,T22,LV_secondary_T2_T4,150.0,0.95405,44.5068,31.369,22.8385,38.8022,19.6,0.13066666666666668,0.13066666666666668,0.0,SAFE
7392,0.0,10.1,10.1,0.24,0.0,T6,LV_secondary_T2_T4,150.0,0.98477,24.6125,15.6519,11.8507,19.6321,10.1,0.06733333333333333,0.06733333333333333,0.0,SAFE
769,0.0,7.1,7.1,0.24,41.0,T22,Delta_766-772,150.0,0.95405,44.5068,31.369,22.8385,38.8022,0.17317073170731706,0.04733333333333333,0.04733333333333333,0.2733333333333333,SAFE
712,0.0,13.4,13.4,0.24,65.0,T18,Branch_701-708,300.0,0.95826,7.7724,4.5565,3.3703,5.6675,0.20615384615384616,0.04466666666666667,0.04466666666666667,0.21666666666666667,SAFE
624,0.0,18.4,18.4,0.24,0.0,T2,LV_secondary_T2_T4,300.0,0.99456,7.1414,4.1987,2.8231,5.0595,18.4,0.06133333333333333,0.06133333333333333,0.0,SAFE
728,0.0,18.7,18.7,0.24,38.0,T3,Main_720-734,75.0,0.93706,11.5824,7.8923,5.7834,9.7845,0.4921052631578947,0.24933333333333332,0.24933333333333332,0.5066666666666667,SAFE
6252,0.0,16.0,16.0,0.24,0.0,T2,LV_secondary_T2_T4,300.0,0.99456,7.1872,4.2178,2.8303,5.0794,16.0,0.05333333333333334,0.05333333333333334,0.0,SAFE
770,0.0,17.7,17.7,0.24,450.0,T15,Delta_766-772,1500.0,0.95059,44.5068,31.369,22.8385,38.8022,0.03933333333333333,0.0118,0.0118,0.3,SAFE
715,0.0,18.6,18.6,0.208,0.0,-,Branch_701-708,5000.0,0.99083,0.9144,0.4676,0.2627,0.5363,18.6,0.00372,0.00372,0.0,SAFE
7122,0.0,19.8,19.8,0.24,0.0,T18,LV_secondary_T2_T4,300.0,0.95826,7.7724,4.5565,3.3703,5.6675,19.8,0.066,0.066,0.0,SAFE
7482,0.0,17.9,17.9,0.24,0.0,T8,LV_secondary_T2_T4,150.0,0.95585,27.31,18.8387,13.9267,23.4276,17.9,0.11933333333333332,0.11933333333333332,0.0,SAFE
7483,0.0,9.9,9.9,0.24,0.0,T8,LV_secondary_T2_T4,150.0,0.95585,27.31,18.8387,13.9267,23.4276,9.9,0.066,0.066,0.0,SAFE
716,6.8,7.3,14.1,0.48,15.85,T24(HV),Branch_701-708,300.0,0.97763,0.9144,0.4676,0.2627,0.5363,0.889589905362776,0.047,0.024333333333333332,0.05283333333333333,SAFE
730,0.0,1.3,1.3,0.24,85.0,T23,Main_720-734,300.0,0.94696,11.8872,7.965,5.8252,9.8678,0.015294117647058824,0.004333333333333333,0.004333333333333333,0.2833333333333333,SAFE
770,2.6,11.8,14.4,0.24,450.0,T15,Delta_766-772,1500.0,0.95059,44.5068,31.369,22.8385,38.8022,0.032,0.009600000000000001,0.007866666666666668,0.3,SAFE
6261,0.0,16.7,16.7,0.24,0.0,T2,LV_secondary_T2_T4,300.0,0.99456,7.2329,4.237,2.8374,5.0993,16.7,0.05566666666666666,0.05566666666666666,0.0,SAFE
712,0.0,8.6,8.6,0.24,65.0,T18,Branch_701-708,300.0,0.95826,7.7724,4.5565,3.3703,5.6675,0.1323076923076923,0.028666666666666667,0.028666666666666667,0.21666666666666667,SAFE
722,1.1,10.1,11.2,0.24,0.0,-,Main_720-734,5000.0,0.99456,7.1872,4.2178,2.8303,5.0794,11.2,0.00224,0.00202,0.0,SAFE
6251,9.6,5.5,15.1,0.24,0.0,T2,LV_secondary_T2_T4,300.0,0.99456,7.1872,4.2178,2.8303,5.0794,15.1,0.050333333333333334,0.018333333333333333,0.0,SAFE
772,0.0,12.1,12.1,0.208,100.0,T19,Delta_766-772,300.0,0.93424,43.184,29.887,22.1458,37.1977,0.121,0.04033333333333333,0.04033333333333333,0.3333333333333333,SAFE
759,1.6,13.4,15.0,0.24,35.0,T12,Branch_752-765,150.0,0.93737,40.2701,27.7136,20.528,34.4883,0.42857142857142855,0.1,0.08933333333333333,0.23333333333333334,SAFE
720,0.0,9.8,9.8,0.24,66.0,T2,Main_720-734,300.0,0.99456,7.0957,4.1795,2.816,5.0396,0.1484848484848485,0.03266666666666667,0.03266666666666667,0.22,SAFE
7483,7.9,18.5,26.4,0.24,0.0,T8,LV_secondary_T2_T4,150.0,0.95585,27.31,18.8387,13.9267,23.4276,26.4,0.176,0.12333333333333334,0.0,SAFE
720,4.3,13.1,17.4,0.24,66.0,T2,Main_720-734,300.0,0.99456,7.0957,4.1795,2.816,5.0396,0.2636363636363636,0.057999999999999996,0.043666666666666666,0.22,SAFE
740,0.0,5.2,5.2,0.24,75.0,T5,Main_735-750,150.0,0.98202,23.0885,14.9212,11.4648,18.8171,0.06933333333333333,0.034666666666666665,0.034666666666666665,0.5,SAFE
724,4.4,9.6,14.0,0.24,0.0,-,Main_720-734,5000.0,0.99456,7.1414,4.1987,2.8231,5.0595,14.0,0.0028,0.0019199999999999998,0.0,SAFE
7693,8.2,18.3,26.5,0.24,0.0,T22,LV_secondary_T2_T4,150.0,0.95405,44.5068,31.369,22.8385,38.8022,26.5,0.17666666666666667,0.12200000000000001,0.0,SAFE
739,6.4,15.5,21.9,0.24,41.1,T6,Main_735-750,150.0,0.98477,24.6125,15.6519,11.8507,19.6321,0.5328467153284671,0.146,0.10333333333333333,0.274,SAFE
710,0.0,11.0,11.0,0.208,80.0,T17,Branch_701-708,300.0,0.95736,7.0104,4.008,2.9713,4.9893,0.1375,0.03666666666666667,0.03666666666666667,0.26666666666666666,SAFE
6232,0.0,2.5,2.5,0.24,0.0,T2,LV_secondary_T2_T4,300.0,0.99456,7.2329,4.237,2.8374,5.0993,2.5,0.008333333333333333,0.008333333333333333,0.0,SAFE
632,2.8,16.7,19.5,0.24,0.0,T4,LV_secondary_T2_T4,150.0,0.92105,16.9926,11.6578,8.5847,14.4776,19.5,0.13,0.11133333333333333,0.0,SAFE
7691,0.0,3.8,3.8,0.24,0.0,T22,LV_secondary_T2_T4,150.0,0.95405,44.5068,31.369,22.8385,38.8022,3.8,0.025333333333333333,0.025333333333333333,0.0,SAFE
7642,7.5,9.4,16.9,0.24,0.0,T14,LV_secondary_T2_T4,150.0,0.9365,42.617,29.4074,21.7473,36.5751,16.9,0.11266666666666665,0.06266666666666666,0.0,SAFE
7481,0.0,2.7,2.7,0.24,0.0,T8,LV_secondary_T2_T4,150.0,0.95585,27.31,18.8387,13.9267,23.4276,2.7,0.018000000000000002,0.018000000000000002,0.0,SAFE
632,0.0,9.6,9.6,0.24,0.0,T4,LV_secondary_T2_T4,150.0,0.92105,16.9926,11.6578,8.5847,14.4776,9.6,0.064,0.064,0.0,SAFE
7122,0.0,11.7,11.7,0.24,0.0,T18,LV_secondary_T2_T4,300.0,0.95826,7.7724,4.5565,3.3703,5.6675,11.7,0.039,0.039,0.0,SAFE
6201,0.0,14.7,14.7,0.24,0.0,T2,LV_secondary_T2_T4,300.0,0.99456,7.0957,4.1795,2.816,5.0396,14.7,0.048999999999999995,0.048999999999999995,0.0,SAFE
620,0.0,15.2,15.2,0.24,0.0,T2,LV_secondary_T2_T4,300.0,0.99456,7.0957,4.1795,2.816,5.0396,15.2,0.050666666666666665,0.050666666666666665,0.0,SAFE
625,5.9,9.1,15.0,0.24,0.0,T2,LV_secondary_T2_T4,300.0,0.99456,7.1872,4.2178,2.8303,5.0794,15.0,0.05,0.030333333333333334,0.0,SAFE
632,0.0,18.8,18.8,0.24,0.0,T4,LV_secondary_T2_T4,150.0,0.92105,16.9926,11.6578,8.5847,14.4776,18.8,0.12533333333333332,0.12533333333333332,0.0,SAFE
7392,0.0,1.6,1.6,0.24,0.0,T6,LV_secondary_T2_T4,150.0,0.98477,24.6125,15.6519,11.8507,19.6321,1.6,0.010666666666666668,0.010666666666666668,0.0,SAFE
722,6.8,15.6,22.4,0.24,0.0,-,Main_720-734,5000.0,0.99456,7.1872,4.2178,2.8303,5.0794,22.4,0.00448,0.00312,0.0,SAFE
6321,5.0,8.1,13.1,0.24,0.0,T4,LV_secondary_T2_T4,150.0,0.92105,16.9926,11.6578,8.5847,14.4776,13.1,0.08733333333333333,0.054,0.0,SAFE
6242,7.0,8.1,15.1,0.24,0.0,T2,LV_secondary_T2_T4,300.0,0.99456,7.1414,4.1987,2.8231,5.0595,15.1,0.050333333333333334,0.027,0.0,SAFE
7692,2.1,3.5,5.6,0.24,0.0,T22,LV_secondary_T2_T4,150.0,0.95405,44.5068,31.369,22.8385,38.8022,5.6,0.03733333333333333,0.023333333333333334,0.0,SAFE
7691,0.0,8.5,8.5,0.24,0.0,T22,LV_secondary_T2_T4,150.0,0.95405,44.5068,31.369,22.8385,38.8022,8.5,0.056666666666666664,0.056666666666666664,0.0,SAFE
740,9.8,16.9,26.7,0.24,75.0,T5,Main_735-750,150.0,0.98202,23.0885,14.9212,11.4648,18.8171,0.356,0.178,0.11266666666666665,0.5,SAFE
7391,0.0,13.8,13.8,0.24,0.0,T6,LV_secondary_T2_T4,150.0,0.98477,24.6125,15.6519,11.8507,19.6321,13.8,0.092,0.092,0.0,SAFE
7122,0.0,7.6,7.6,0.24,0.0,T18,LV_secondary_T2_T4,300.0,0.95826,7.7724,4.5565,3.3703,5.6675,7.6,0.025333333333333333,0.025333333333333333,0.0,SAFE
716,6.5,1.6,8.1,0.48,15.85,T24(HV),Branch_701-708,300.0,0.97763,0.9144,0.4676,0.2627,0.5363,0.5110410094637224,0.027,0.005333333333333334,0.05283333333333333,SAFE
622,0.0,5.6,5.6,0.24,0.0,T2,LV_secondary_T2_T4,300.0,0.99456,7.1872,4.2178,2.8303,5.0794,5.6,0.018666666666666665,0.018666666666666665,0.0,SAFE
624,8.8,9.5,18.3,0.24,0.0,T2,LV_secondary_T2_T4,300.0,0.99456,7.1414,4.1987,2.8231,5.0595,18.3,0.061000000000000006,0.03166666666666667,0.0,SAFE
751,0.0,15.1,15.1,0.48,0.0,T9,other,1500.0,0.9685,34.4789,23.8283,17.6385,29.6463,15.1,0.010066666666666666,0.010066666666666666,0.0,SAFE
743,8.0,11.3,19.3,0.24,240.0,T7,Main_735-750,300.0,0.96367,21.8693,15.052,11.1097,18.708,0.08041666666666666,0.06433333333333334,0.03766666666666667,0.8,SAFE
722,0.0,10.6,10.6,0.24,0.0,-,Main_720-734,5000.0,0.99456,7.1872,4.2178,2.8303,5.0794,10.6,0.00212,0.00212,0.0,SAFE
6202,8.4,12.0,20.4,0.24,0.0,T2,LV_secondary_T2_T4,300.0,0.99456,7.0957,4.1795,2.816,5.0396,20.4,0.06799999999999999,0.04,0.0,SAFE
748,0.0,6.7,6.7,0.24,76.88,T8,Main_735-750,150.0,0.95585,27.31,18.8387,13.9267,23.4276,0.08714880332986473,0.04466666666666667,0.04466666666666667,0.5125333333333333,SAFE
7642,0.0,5.2,5.2,0.24,0.0,T14,LV_secondary_T2_T4,150.0,0.9365,42.617,29.4074,21.7473,36.5751,5.2,0.034666666666666665,0.034666666666666665,0.0,SAFE
632,0.0,11.6,11.6,0.24,0.0,T4,LV_secondary_T2_T4,150.0,0.92105,16.9926,11.6578,8.5847,14.4776,11.6,0.07733333333333334,0.07733333333333334,0.0,SAFE
728,0.0,12.9,12.9,0.24,38.0,T3,Main_720-734,75.0,0.93706,11.5824,7.8923,5.7834,9.7845,0.3394736842105263,0.17200000000000001,0.17200000000000001,0.5066666666666667,SAFE
7482,0.0,1.9,1.9,0.24,0.0,T8,LV_secondary_T2_T4,150.0,0.95585,27.31,18.8387,13.9267,23.4276,1.9,0.012666666666666666,0.012666666666666666,0.0,SAFE
6242,0.0,15.9,15.9,0.24,0.0,T2,LV_secondary_T2_T4,300.0,0.99456,7.1414,4.1987,2.8231,5.0595,15.9,0.053,0.053,0.0,SAFE
6321,0.0,8.8,8.8,0.24,0.0,T4,LV_secondary_T2_T4,150.0,0.92105,16.9926,11.6578,8.5847,14.4776,8.8,0.05866666666666667,0.05866666666666667,0.0,SAFE
730,0.0,15.3,15.3,0.24,85.0,T23,Main_720-734,300.0,0.94696,11.8872,7.965,5.8252,9.8678,0.18000000000000002,0.051000000000000004,0.051000000000000004,0.2833333333333333,SAFE
740,8.3,6.7,15.0,0.24,75.0,T5,Main_735-750,150.0,0.98202,23.0885,14.9212,11.4648,18.8171,0.2,0.1,0.04466666666666667,0.5,SAFE
632,6.0,11.7,17.7,0.24,0.0,T4,LV_secondary_T2_T4,150.0,0.92105,16.9926,11.6578,8.5847,14.4776,17.7,0.118,0.078,0.0,SAFE
722,0.0,8.4,8.4,0.24,0.0,-,Main_720-734,5000.0,0.99456,7.1872,4.2178,2.8303,5.0794,8.4,0.00168,0.00168,0.0,SAFE
6212,8.6,13.3,21.9,0.24,0.0,T2,LV_secondary_T2_T4,300.0,0.99456,7.1414,4.1987,2.8231,5.0595,21.9,0.073,0.044333333333333336,0.0,SAFE
712,1.5,11.2,12.7,0.24,65.0,T18,Branch_701-708,300.0,0.95826,7.7724,4.5565,3.3703,5.6675,0.19538461538461538,0.042333333333333334,0.03733333333333333,0.21666666666666667,SAFE
6242,0.0,13.8,13.8,0.24,0.0,T2,LV_secondary_T2_T4,300.0,0.99456,7.1414,4.1987,2.8231,5.0595,13.8,0.046,0.046,0.0,SAFE
708,7.5,4.6,12.1,0.24,75.0,T16,Branch_701-708,300.0,0.95801,6.2484,3.6185,2.8328,4.5954,0.16133333333333333,0.04033333333333333,0.015333333333333332,0.25,SAFE
739,4.0,10.1,14.1,0.24,41.1,T6,Main_735-750,150.0,0.98477,24.6125,15.6519,11.8507,19.6321,0.3430656934306569,0.094,0.06733333333333333,0.274,SAFE
621,0.0,5.0,5.0,0.24,0.0,T2,LV_secondary_T2_T4,300.0,0.99456,7.1414,4.1987,2.8231,5.0595,5.0,0.016666666666666666,0.016666666666666666,0.0,SAFE
720,9.2,15.2,24.4,0.24,66.0,T2,Main_720-734,300.0,0.99456,7.0957,4.1795,2.816,5.0396,0.3696969696969697,0.08133333333333333,0.050666666666666665,0.22,SAFE
734,0.0,8.5,8.5,0.24,15.85,-,Main_720-734,5000.0,0.90591,17.084,11.7015,8.5933,14.5179,0.5362776025236593,0.0017,0.0017,0.00317,SAFE
6211,0.0,15.7,15.7,0.24,0.0,T2,LV_secondary_T2_T4,300.0,0.99456,7.1414,4.1987,2.8231,5.0595,15.7,0.05233333333333333,0.05233333333333333,0.0,SAFE
7691,0.0,13.3,13.3,0.24,0.0,T22,LV_secondary_T2_T4,150.0,0.95405,44.5068,31.369,22.8385,38.8022,13.3,0.08866666666666667,0.08866666666666667,0.0,SAFE
6232,0.0,10.7,10.7,0.24,0.0,T2,LV_secondary_T2_T4,300.0,0.99456,7.2329,4.237,2.8374,5.0993,10.7,0.035666666666666666,0.035666666666666666,0.0,SAFE
714,7.9,16.3,24.200000000000003,0.208,240.0,T24,Branch_701-708,30.0,0.99083,0.9144,0.4676,0.2627,0.5363,0.10083333333333334,0.8066666666666668,0.5433333333333333,8.0,SAFE
6202,0.0,18.4,18.4,0.24,0.0,T2,LV_secondary_T2_T4,300.0,0.99456,7.0957,4.1795,2.816,5.0396,18.4,0.06133333333333333,0.06133333333333333,0.0,SAFE
6262,7.7,1.9,9.6,0.24,0.0,T2,LV_secondary_T2_T4,300.0,0.99456,7.2329,4.237,2.8374,5.0993,9.6,0.032,0.006333333333333333,0.0,SAFE
622,6.2,6.0,12.2,0.24,0.0,T2,LV_secondary_T2_T4,300.0,0.99456,7.1872,4.2178,2.8303,5.0794,12.2,0.04066666666666666,0.02,0.0,SAFE
6321,0.0,6.6,6.6,0.24,0.0,T4,LV_secondary_T2_T4,150.0,0.92105,16.9926,11.6578,8.5847,14.4776,6.6,0.044,0.044,0.0,SAFE
743,5.5,8.2,13.7,0.24,240.0,T7,Main_735-750,300.0,0.96367,21.8693,15.052,11.1097,18.708,0.05708333333333333,0.04566666666666666,0.02733333333333333,0.8,SAFE
6221,9.7,5.9,15.6,0.24,0.0,T2,LV_secondary_T2_T4,300.0,0.99456,7.1872,4.2178,2.8303,5.0794,15.6,0.052,0.01966666666666667,0.0,SAFE
7481,4.2,9.8,14.0,0.24,0.0,T8,LV_secondary_T2_T4,150.0,0.95585,27.31,18.8387,13.9267,23.4276,14.0,0.09333333333333334,0.06533333333333334,0.0,SAFE
722,0.0,14.7,14.7,0.24,0.0,-,Main_720-734,5000.0,0.99456,7.1872,4.2178,2.8303,5.0794,14.7,0.00294,0.00294,0.0,SAFE
7692,5.7,19.8,25.5,0.24,0.0,T22,LV_secondary_T2_T4,150.0,0.95405,44.5068,31.369,22.8385,38.8022,25.5,0.17,0.132,0.0,SAFE
708,7.9,19.0,26.9,0.24,75.0,T16,Branch_701-708,300.0,0.95801,6.2484,3.6185,2.8328,4.5954,0.35866666666666663,0.08966666666666666,0.06333333333333334,0.25,SAFE
6262,0.0,3.6,3.6,0.24,0.0,T2,LV_secondary_T2_T4,300.0,0.99456,7.2329,4.237,2.8374,5.0993,3.6,0.012,0.012,0.0,SAFE
633,0.0,14.4,14.4,0.24,0.0,T4,LV_secondary_T2_T4,150.0,0.91348,17.0383,11.6797,8.589,14.4978,14.4,0.096,0.096,0.0,SAFE
7483,0.0,9.7,9.7,0.24,0.0,T8,LV_secondary_T2_T4,150.0,0.95585,27.31,18.8387,13.9267,23.4276,9.7,0.06466666666666666,0.06466666666666666,0.0,SAFE
7393,0.0,13.5,13.5,0.24,0.0,T6,LV_secondary_T2_T4,150.0,0.98477,24.6125,15.6519,11.8507,19.6321,13.5,0.09,0.09,0.0,SAFE
7691,0.0,11.5,11.5,0.24,0.0,T22,LV_secondary_T2_T4,150.0,0.95405,44.5068,31.369,22.8385,38.8022,11.5,0.07666666666666666,0.07666666666666666,0.0,SAFE
7643,0.0,14.7,14.7,0.24,0.0,T14,LV_secondary_T2_T4,150.0,0.9365,42.617,29.4074,21.7473,36.5751,14.7,0.09799999999999999,0.09799999999999999,0.0,SAFE
769,7.1,1.3,8.4,0.24,41.0,T22,Delta_766-772,150.0,0.95405,44.5068,31.369,22.8385,38.8022,0.20487804878048782,0.056,0.008666666666666666,0.2733333333333333,SAFE
728,0.0,3.0,3.0,0.24,38.0,T3,Main_720-734,75.0,0.93706,11.5824,7.8923,5.7834,9.7845,0.07894736842105263,0.04,0.04,0.5066666666666667,SAFE
724,0.0,5.6,5.6,0.24,0.0,-,Main_720-734,5000.0,0.99456,7.1414,4.1987,2.8231,5.0595,5.6,0.00112,0.00112,0.0,SAFE
756,0.0,16.5,16.5,0.208,155.0,T11,Branch_752-765,300.0,0.93609,39.8129,27.5407,20.4003,34.2734,0.1064516129032258,0.055,0.055,0.5166666666666667,SAFE
6252,5.1,2.5,7.6,0.24,0.0,T2,LV_secondary_T2_T4,300.0,0.99456,7.1872,4.2178,2.8303,5.0794,7.6,0.025333333333333333,0.008333333333333333,0.0,SAFE
751,0.0,19.8,19.8,0.48,0.0,T9,other,1500.0,0.9685,34.4789,23.8283,17.6385,29.6463,19.8,0.0132,0.0132,0.0,SAFE
710,7.8,13.4,21.2,0.208,80.0,T17,Branch_701-708,300.0,0.95736,7.0104,4.008,2.9713,4.9893,0.265,0.07066666666666667,0.04466666666666667,0.26666666666666666,SAFE
712,0.0,8.7,8.7,0.24,65.0,T18,Branch_701-708,300.0,0.95826,7.7724,4.5565,3.3703,5.6675,0.13384615384615384,0.028999999999999998,0.028999999999999998,0.21666666666666667,SAFE
7392,0.0,2.1,2.1,0.24,0.0,T6,LV_secondary_T2_T4,150.0,0.98477,24.6125,15.6519,11.8507,19.6321,2.1,0.014,0.014,0.0,SAFE
726,6.8,2.6,9.4,0.24,0.0,-,Main_720-734,5000.0,0.99456,7.2329,4.237,2.8374,5.0993,9.4,0.0018800000000000002,0.0005200000000000001,0.0,SAFE
6212,1.9,11.8,13.700000000000001,0.24,0.0,T2,LV_secondary_T2_T4,300.0,0.99456,7.1414,4.1987,2.8231,5.0595,13.700000000000001,0.04566666666666667,0.03933333333333334,0.0,SAFE
7643,0.0,18.5,18.5,0.24,0.0,T14,LV_secondary_T2_T4,150.0,0.9365,42.617,29.4074,21.7473,36.5751,18.5,0.12333333333333334,0.12333333333333334,0.0,SAFE
7392,7.2,6.2,13.4,0.24,0.0,T6,LV_secondary_T2_T4,150.0,0.98477,24.6125,15.6519,11.8507,19.6321,13.4,0.08933333333333333,0.04133333333333333,0.0,SAFE
764,0.0,18.1,18.1,0.24,46.0,T14,Branch_752-765,150.0,0.9365,42.617,29.4074,21.7473,36.5751,0.3934782608695652,0.12066666666666667,0.12066666666666667,0.30666666666666664,SAFE
624,1.1,4.4,5.5,0.24,0.0,T2,LV_secondary_T2_T4,300.0,0.99456,7.1414,4.1987,2.8231,5.0595,5.5,0.018333333333333333,0.014666666666666668,0.0,SAFE
734,7.4,12.2,19.6,0.24,15.85,-,Main_720-734,5000.0,0.90591,17.084,11.7015,8.5933,14.5179,1.2365930599369086,0.00392,0.00244,0.00317,SAFE
6252,0.0,18.6,18.6,0.24,0.0,T2,LV_secondary_T2_T4,300.0,0.99456,7.1872,4.2178,2.8303,5.0794,18.6,0.062000000000000006,0.062000000000000006,0.0,SAFE
748,7.1,11.8,18.9,0.24,76.88,T8,Main_735-750,150.0,0.95585,27.31,18.8387,13.9267,23.4276,0.245837669094693,0.126,0.07866666666666668,0.5125333333333333,SAFE
7692,2.3,7.3,9.6,0.24,0.0,T22,LV_secondary_T2_T4,150.0,0.95405,44.5068,31.369,22.8385,38.8022,9.6,0.064,0.048666666666666664,0.0,SAFE
710,1.5,10.5,12.0,0.208,80.0,T17,Branch_701-708,300.0,0.95736,7.0104,4.008,2.9713,4.9893,0.15,0.04,0.035,0.26666666666666666,SAFE
6331,0.0,5.4,5.4,0.24,0.0,T4,LV_secondary_T2_T4,150.0,0.91348,17.0383,11.6797,8.589,14.4978,5.4,0.036000000000000004,0.036000000000000004,0.0,SAFE
6252,0.0,19.4,19.4,0.24,0.0,T2,LV_secondary_T2_T4,300.0,0.99456,7.1872,4.2178,2.8303,5.0794,19.4,0.06466666666666666,0.06466666666666666,0.0,SAFE
762,0.0,15.9,15.9,0.48,45.0,T13,Branch_752-765,150.0,0.93629,42.0074,28.9831,21.4317,36.0463,0.35333333333333333,0.106,0.106,0.3,SAFE
743,4.9,7.8,12.7,0.24,240.0,T7,Main_735-750,300.0,0.96367,21.8693,15.052,11.1097,18.708,0.05291666666666666,0.042333333333333334,0.026,0.8,SAFE
6242,0.0,2.6,2.6,0.24,0.0,T2,LV_secondary_T2_T4,300.0,0.99456,7.1414,4.1987,2.8231,5.0595,2.6,0.008666666666666666,0.008666666666666666,0.0,SAFE
751,0.0,14.5,14.5,0.48,0.0,T9,other,1500.0,0.9685,34.4789,23.8283,17.6385,29.6463,14.5,0.009666666666666667,0.009666666666666667,0.0,SAFE
724,2.4,8.2,10.6,0.24,0.0,-,Main_720-734,5000.0,0.99456,7.1414,4.1987,2.8231,5.0595,10.6,0.00212,0.00164,0.0,SAFE
6251,0.0,7.0,7.0,0.24,0.0,T2,LV_secondary_T2_T4,300.0,0.99456,7.1872,4.2178,2.8303,5.0794,7.0,0.023333333333333334,0.023333333333333334,0.0,SAFE
762,0.0,2.9,2.9,0.48,45.0,T13,Branch_752-765,150.0,0.93629,42.0074,28.9831,21.4317,36.0463,0.06444444444444444,0.019333333333333334,0.019333333333333334,0.3,SAFE
6331,0.0,9.5,9.5,0.24,0.0,T4,LV_secondary_T2_T4,150.0,0.91348,17.0383,11.6797,8.589,14.4978,9.5,0.06333333333333334,0.06333333333333334,0.0,SAFE
6262,0.0,3.0,3.0,0.24,0.0,T2,LV_secondary_T2_T4,300.0,0.99456,7.2329,4.237,2.8374,5.0993,3.0,0.01,0.01,0.0,SAFE
7693,0.0,2.8,2.8,0.24,0.0,T22,LV_secondary_T2_T4,150.0,0.95405,44.5068,31.369,22.8385,38.8022,2.8,0.018666666666666665,0.018666666666666665,0.0,SAFE
6262,0.0,8.4,8.4,0.24,0.0,T2,LV_secondary_T2_T4,300.0,0.99456,7.2329,4.237,2.8374,5.0993,8.4,0.028,0.028,0.0,SAFE
751,0.0,11.9,11.9,0.48,0.0,T9,other,1500.0,0.9685,34.4789,23.8283,17.6385,29.6463,11.9,0.007933333333333334,0.007933333333333334,0.0,SAFE
6242,0.0,4.2,4.2,0.24,0.0,T2,LV_secondary_T2_T4,300.0,0.99456,7.1414,4.1987,2.8231,5.0595,4.2,0.014,0.014,0.0,SAFE
762,0.0,10.4,10.4,0.48,45.0,T13,Branch_752-765,150.0,0.93629,42.0074,28.9831,21.4317,36.0463,0.23111111111111113,0.06933333333333333,0.06933333333333333,0.3,SAFE
6331,0.0,6.2,6.2,0.24,0.0,T4,LV_secondary_T2_T4,150.0,0.91348,17.0383,11.6797,8.589,14.4978,6.2,0.04133333333333333,0.04133333333333333,0.0,SAFE
708,7.5,7.9,15.4,0.24,75.0,T16,Branch_701-708,300.0,0.95801,6.2484,3.6185,2.8328,4.5954,0.20533333333333334,0.051333333333333335,0.026333333333333334,0.25,SAFE
7482,0.0,12.3,12.3,0.24,0.0,T8,LV_secondary_T2_T4,150.0,0.95585,27.31,18.8387,13.9267,23.4276,12.3,0.082,0.082,0.0,SAFE
715,0.0,3.6,3.6,0.208,0.0,-,Branch_701-708,5000.0,0.99083,0.9144,0.4676,0.2627,0.5363,3.6,0.00072,0.00072,0.0,SAFE
6252,0.0,7.3,7.3,0.24,0.0,T2,LV_secondary_T2_T4,300.0,0.99456,7.1872,4.2178,2.8303,5.0794,7.3,0.024333333333333332,0.024333333333333332,0.0,SAFE
6212,0.0,9.4,9.4,0.24,0.0,T2,LV_secondary_T2_T4,300.0,0.99456,7.1414,4.1987,2.8231,5.0595,9.4,0.03133333333333333,0.03133333333333333,0.0,SAFE
722,0.0,6.7,6.7,0.24,0.0,-,Main_720-734,5000.0,0.99456,7.1872,4.2178,2.8303,5.0794,6.7,0.00134,0.00134,0.0,SAFE
733,0.0,10.1,10.1,0.24,0.0,-,Main_720-734,5000.0,0.91348,17.0383,11.6797,8.589,14.4978,10.1,0.00202,0.00202,0.0,SAFE
7481,3.9,19.4,23.299999999999997,0.24,0.0,T8,LV_secondary_T2_T4,150.0,0.95585,27.31,18.8387,13.9267,23.4276,23.299999999999997,0.15533333333333332,0.12933333333333333,0.0,SAFE
764,0.0,16.5,16.5,0.24,46.0,T14,Branch_752-765,150.0,0.9365,42.617,29.4074,21.7473,36.5751,0.358695652173913,0.11,0.11,0.30666666666666664,SAFE
716,0.0,18.7,18.7,0.48,15.85,T24(HV),Branch_701-708,300.0,0.97763,0.9144,0.4676,0.2627,0.5363,1.1798107255520505,0.06233333333333333,0.06233333333333333,0.05283333333333333,SAFE
7692,1.2,4.4,5.6000000000000005,0.24,0.0,T22,LV_secondary_T2_T4,150.0,0.95405,44.5068,31.369,22.8385,38.8022,5.6000000000000005,0.037333333333333336,0.029333333333333336,0.0,SAFE
7391,0.0,18.9,18.9,0.24,0.0,T6,LV_secondary_T2_T4,150.0,0.98477,24.6125,15.6519,11.8507,19.6321,18.9,0.126,0.126,0.0,SAFE
770,0.0,16.8,16.8,0.24,450.0,T15,Delta_766-772,1500.0,0.95059,44.5068,31.369,22.8385,38.8022,0.037333333333333336,0.0112,0.0112,0.3,SAFE
6262,0.0,13.8,13.8,0.24,0.0,T2,LV_secondary_T2_T4,300.0,0.99456,7.2329,4.237,2.8374,5.0993,13.8,0.046,0.046,0.0,SAFE
772,0.0,5.6,5.6,0.208,100.0,T19,Delta_766-772,300.0,0.93424,43.184,29.887,22.1458,37.1977,0.055999999999999994,0.018666666666666665,0.018666666666666665,0.3333333333333333,SAFE
6322,0.0,16.0,16.0,0.24,0.0,T4,LV_secondary_T2_T4,150.0,0.92105,16.9926,11.6578,8.5847,14.4776,16.0,0.10666666666666667,0.10666666666666667,0.0,SAFE
7393,0.0,12.1,12.1,0.24,0.0,T6,LV_secondary_T2_T4,150.0,0.98477,24.6125,15.6519,11.8507,19.6321,12.1,0.08066666666666666,0.08066666666666666,0.0,SAFE
6321,4.2,11.3,15.5,0.24,0.0,T4,LV_secondary_T2_T4,150.0,0.92105,16.9926,11.6578,8.5847,14.4776,15.5,0.10333333333333333,0.07533333333333334,0.0,SAFE
7691,2.0,12.3,14.3,0.24,0.0,T22,LV_secondary_T2_T4,150.0,0.95405,44.5068,31.369,22.8385,38.8022,14.3,0.09533333333333334,0.082,0.0,SAFE
751,0.0,13.5,13.5,0.48,0.0,T9,other,1500.0,0.9685,34.4789,23.8283,17.6385,29.6463,13.5,0.009,0.009,0.0,SAFE
625,0.0,11.7,11.7,0.24,0.0,T2,LV_secondary_T2_T4,300.0,0.99456,7.1872,4.2178,2.8303,5.0794,11.7,0.039,0.039,0.0,SAFE
6261,0.0,19.4,19.4,0.24,0.0,T2,LV_secondary_T2_T4,300.0,0.99456,7.2329,4.237,2.8374,5.0993,19.4,0.06466666666666666,0.06466666666666666,0.0,SAFE
6331,0.0,3.0,3.0,0.24,0.0,T4,LV_secondary_T2_T4,150.0,0.91348,17.0383,11.6797,8.589,14.4978,3.0,0.02,0.02,0.0,SAFE
740,0.0,10.7,10.7,0.24,75.0,T5,Main_735-750,150.0,0.98202,23.0885,14.9212,11.4648,18.8171,0.14266666666666666,0.07133333333333333,0.07133333333333333,0.5,SAFE
740,0.0,9.5,9.5,0.24,75.0,T5,Main_735-750,150.0,0.98202,23.0885,14.9212,11.4648,18.8171,0.12666666666666668,0.06333333333333334,0.06333333333333334,0.5,SAFE
7483,5.3,3.9,9.2,0.24,0.0,T8,LV_secondary_T2_T4,150.0,0.95585,27.31,18.8387,13.9267,23.4276,9.2,0.06133333333333333,0.026,0.0,SAFE
770,2.0,8.9,10.9,0.24,450.0,T15,Delta_766-772,1500.0,0.95059,44.5068,31.369,22.8385,38.8022,0.02422222222222222,0.007266666666666667,0.005933333333333334,0.3,SAFE
723,0.0,7.6,7.6,0.24,0.0,-,Main_720-734,5000.0,0.99456,7.2329,4.237,2.8374,5.0993,7.6,0.0015199999999999999,0.0015199999999999999,0.0,SAFE
734,0.0,10.9,10.9,0.24,15.85,-,Main_720-734,5000.0,0.90591,17.084,11.7015,8.5933,14.5179,0.6876971608832808,0.00218,0.00218,0.00317,SAFE
714,3.9,9.3,13.200000000000001,0.208,240.0,T24,Branch_701-708,30.0,0.99083,0.9144,0.4676,0.2627,0.5363,0.05500000000000001,0.44000000000000006,0.31,8.0,SAFE
772,1.2,1.8,3.0,0.208,100.0,T19,Delta_766-772,300.0,0.93424,43.184,29.887,22.1458,37.1977,0.03,0.01,0.006,0.3333333333333333,SAFE
6221,2.5,13.3,15.8,0.24,0.0,T2,LV_secondary_T2_T4,300.0,0.99456,7.1872,4.2178,2.8303,5.0794,15.8,0.05266666666666667,0.044333333333333336,0.0,SAFE
751,0.0,10.8,10.8,0.48,0.0,T9,other,1500.0,0.9685,34.4789,23.8283,17.6385,29.6463,10.8,0.007200000000000001,0.007200000000000001,0.0,SAFE
6212,3.1,11.6,14.7,0.24,0.0,T2,LV_secondary_T2_T4,300.0,0.99456,7.1414,4.1987,2.8231,5.0595,14.7,0.048999999999999995,0.03866666666666667,0.0,SAFE
6261,0.0,13.0,13.0,0.24,0.0,T2,LV_secondary_T2_T4,300.0,0.99456,7.2329,4.237,2.8374,5.0993,13.0,0.043333333333333335,0.043333333333333335,0.0,SAFE
6331,8.9,8.5,17.4,0.24,0.0,T4,LV_secondary_T2_T4,150.0,0.91348,17.0383,11.6797,8.589,14.4978,17.4,0.11599999999999999,0.056666666666666664,0.0,SAFE
7121,0.0,12.3,12.3,0.24,0.0,T18,LV_secondary_T2_T4,300.0,0.95826,7.7724,4.5565,3.3703,5.6675,12.3,0.041,0.041,0.0,SAFE
739,8.3,4.9,13.200000000000001,0.24,41.1,T6,Main_735-750,150.0,0.98477,24.6125,15.6519,11.8507,19.6321,0.32116788321167883,0.08800000000000001,0.03266666666666667,0.274,SAFE
633,5.8,12.0,17.8,0.24,0.0,T4,LV_secondary_T2_T4,150.0,0.91348,17.0383,11.6797,8.589,14.4978,17.8,0.11866666666666667,0.08,0.0,SAFE
6232,0.0,7.2,7.2,0.24,0.0,T2,LV_secondary_T2_T4,300.0,0.99456,7.2329,4.237,2.8374,5.0993,7.2,0.024,0.024,0.0,SAFE
759,0.0,13.7,13.7,0.24,35.0,T12,Branch_752-765,150.0,0.93737,40.2701,27.7136,20.528,34.4883,0.3914285714285714,0.09133333333333332,0.09133333333333332,0.23333333333333334,SAFE
6202,0.0,12.3,12.3,0.24,0.0,T2,LV_secondary_T2_T4,300.0,0.99456,7.0957,4.1795,2.816,5.0396,12.3,0.041,0.041,0.0,SAFE
716,6.6,7.6,14.2,0.48,15.85,T24(HV),Branch_701-708,300.0,0.97763,0.9144,0.4676,0.2627,0.5363,0.8958990536277602,0.04733333333333333,0.025333333333333333,0.05283333333333333,SAFE
772,0.0,18.5,18.5,0.208,100.0,T19,Delta_766-772,300.0,0.93424,43.184,29.887,22.1458,37.1977,0.185,0.06166666666666667,0.06166666666666667,0.3333333333333333,SAFE
722,0.0,7.0,7.0,0.24,0.0,-,Main_720-734,5000.0,0.99456,7.1872,4.2178,2.8303,5.0794,7.0,0.0014,0.0014,0.0,SAFE
716,5.6,4.5,10.1,0.48,15.85,T24(HV),Branch_701-708,300.0,0.97763,0.9144,0.4676,0.2627,0.5363,0.637223974763407,0.033666666666666664,0.015,0.05283333333333333,SAFE
6321,0.0,12.3,12.3,0.24,0.0,T4,LV_secondary_T2_T4,150.0,0.92105,16.9926,11.6578,8.5847,14.4776,12.3,0.082,0.082,0.0,SAFE
728,0.0,11.5,11.5,0.24,38.0,T3,Main_720-734,75.0,0.93706,11.5824,7.8923,5.7834,9.7845,0.3026315789473684,0.15333333333333332,0.15333333333333332,0.5066666666666667,SAFE
722,6.6,4.6,11.2,0.24,0.0,-,Main_720-734,5000.0,0.99456,7.1872,4.2178,2.8303,5.0794,11.2,0.00224,0.0009199999999999999,0.0,SAFE
6231,0.0,19.1,19.1,0.24,0.0,T2,LV_secondary_T2_T4,300.0,0.99456,7.2329,4.237,2.8374,5.0993,19.1,0.06366666666666668,0.06366666666666668,0.0,SAFE
732,5.5,16.5,22.0,0.24,25.4,T4,Main_720-734,150.0,0.92105,16.9926,11.6578,8.5847,14.4776,0.8661417322834646,0.14666666666666667,0.11,0.16933333333333334,SAFE
7482,0.0,8.8,8.8,0.24,0.0,T8,LV_secondary_T2_T4,150.0,0.95585,27.31,18.8387,13.9267,23.4276,8.8,0.05866666666666667,0.05866666666666667,0.0,SAFE
6332,0.0,10.3,10.3,0.24,0.0,T4,LV_secondary_T2_T4,150.0,0.91348,17.0383,11.6797,8.589,14.4978,10.3,0.06866666666666667,0.06866666666666667,0.0,SAFE
623,0.0,16.1,16.1,0.24,0.0,T2,LV_secondary_T2_T4,300.0,0.99456,7.2329,4.237,2.8374,5.0993,16.1,0.05366666666666667,0.05366666666666667,0.0,SAFE
624,0.0,6.2,6.2,0.24,0.0,T2,LV_secondary_T2_T4,300.0,0.99456,7.1414,4.1987,2.8231,5.0595,6.2,0.020666666666666667,0.020666666666666667,0.0,SAFE
726,0.0,15.8,15.8,0.24,0.0,-,Main_720-734,5000.0,0.99456,7.2329,4.237,2.8374,5.0993,15.8,0.00316,0.00316,0.0,SAFE
7482,0.0,11.4,11.4,0.24,0.0,T8,LV_secondary_T2_T4,150.0,0.95585,27.31,18.8387,13.9267,23.4276,11.4,0.076,0.076,0.0,SAFE
716,0.0,6.1,6.1,0.48,15.85,T24(HV),Branch_701-708,300.0,0.97763,0.9144,0.4676,0.2627,0.5363,0.38485804416403785,0.02033333333333333,0.02033333333333333,0.05283333333333333,SAFE
6232,7.8,11.3,19.1,0.24,0.0,T2,LV_secondary_T2_T4,300.0,0.99456,7.2329,4.237,2.8374,5.0993,19.1,0.06366666666666668,0.03766666666666667,0.0,SAFE
6332,1.9,11.4,13.3,0.24,0.0,T4,LV_secondary_T2_T4,150.0,0.91348,17.0383,11.6797,8.589,14.4978,13.3,0.08866666666666667,0.076,0.0,SAFE
751,5.0,6.7,11.7,0.48,0.0,T9,other,1500.0,0.9685,34.4789,23.8283,17.6385,29.6463,11.7,0.0078,0.0044666666666666665,0.0,SAFE
6222,0.0,17.4,17.4,0.24,0.0,T2,LV_secondary_T2_T4,300.0,0.99456,7.1872,4.2178,2.8303,5.0794,17.4,0.057999999999999996,0.057999999999999996,0.0,SAFE
720,0.0,15.7,15.7,0.24,66.0,T2,Main_720-734,300.0,0.99456,7.0957,4.1795,2.816,5.0396,0.23787878787878786,0.05233333333333333,0.05233333333333333,0.22,SAFE
6322,0.0,4.2,4.2,0.24,0.0,T4,LV_secondary_T2_T4,150.0,0.92105,16.9926,11.6578,8.5847,14.4776,4.2,0.028,0.028,0.0,SAFE
734,6.1,16.5,22.6,0.24,15.85,-,Main_720-734,5000.0,0.90591,17.084,11.7015,8.5933,14.5179,1.4258675078864353,0.004520000000000001,0.0033,0.00317,SAFE
7691,0.0,6.3,6.3,0.24,0.0,T22,LV_secondary_T2_T4,150.0,0.95405,44.5068,31.369,22.8385,38.8022,6.3,0.041999999999999996,0.041999999999999996,0.0,SAFE
6211,0.0,19.6,19.6,0.24,0.0,T2,LV_secondary_T2_T4,300.0,0.99456,7.1414,4.1987,2.8231,5.0595,19.6,0.06533333333333334,0.06533333333333334,0.0,SAFE
762,0.0,19.1,19.1,0.48,45.0,T13,Branch_752-765,150.0,0.93629,42.0074,28.9831,21.4317,36.0463,0.42444444444444446,0.12733333333333335,0.12733333333333335,0.3,SAFE
714,4.7,3.6,8.3,0.208,240.0,T24,Branch_701-708,30.0,0.99083,0.9144,0.4676,0.2627,0.5363,0.034583333333333334,0.27666666666666667,0.12000000000000001,8.0,SAFE
632,2.1,19.9,22.0,0.24,0.0,T4,LV_secondary_T2_T4,150.0,0.92105,16.9926,11.6578,8.5847,14.4776,22.0,0.14666666666666667,0.13266666666666665,0.0,SAFE
721,8.5,5.7,14.2,0.24,0.0,-,Main_720-734,5000.0,0.99456,7.1414,4.1987,2.8231,5.0595,14.2,0.0028399999999999996,0.00114,0.0,SAFE
6252,0.0,10.3,10.3,0.24,0.0,T2,LV_secondary_T2_T4,300.0,0.99456,7.1872,4.2178,2.8303,5.0794,10.3,0.034333333333333334,0.034333333333333334,0.0,SAFE
762,0.0,12.9,12.9,0.48,45.0,T13,Branch_752-765,150.0,0.93629,42.0074,28.9831,21.4317,36.0463,0.2866666666666667,0.08600000000000001,0.08600000000000001,0.3,SAFE
708,1.8,13.0,14.8,0.24,75.0,T16,Branch_701-708,300.0,0.95801,6.2484,3.6185,2.8328,4.5954,0.19733333333333333,0.04933333333333333,0.043333333333333335,0.25,SAFE
7641,8.9,15.2,24.1,0.24,0.0,T14,LV_secondary_T2_T4,150.0,0.9365,42.617,29.4074,21.7473,36.5751,24.1,0.16066666666666668,0.10133333333333333,0.0,SAFE
7122,0.0,19.1,19.1,0.24,0.0,T18,LV_secondary_T2_T4,300.0,0.95826,7.7724,4.5565,3.3703,5.6675,19.1,0.06366666666666668,0.06366666666666668,0.0,SAFE
620,1.8,17.5,19.3,0.24,0.0,T2,LV_secondary_T2_T4,300.0,0.99456,7.0957,4.1795,2.816,5.0396,19.3,0.06433333333333334,0.058333333333333334,0.0,SAFE
7122,8.7,13.1,21.799999999999997,0.24,0.0,T18,LV_secondary_T2_T4,300.0,0.95826,7.7724,4.5565,3.3703,5.6675,21.799999999999997,0.07266666666666666,0.043666666666666666,0.0,SAFE
7691,8.4,8.6,17.0,0.24,0.0,T22,LV_secondary_T2_T4,150.0,0.95405,44.5068,31.369,22.8385,38.8022,17.0,0.11333333333333333,0.05733333333333333,0.0,SAFE
7482,4.0,6.1,10.1,0.24,0.0,T8,LV_secondary_T2_T4,150.0,0.95585,27.31,18.8387,13.9267,23.4276,10.1,0.06733333333333333,0.04066666666666666,0.0,SAFE
721,0.0,11.8,11.8,0.24,0.0,-,Main_720-734,5000.0,0.99456,7.1414,4.1987,2.8231,5.0595,11.8,0.00236,0.00236,0.0,SAFE
6221,1.4,18.0,19.4,0.24,0.0,T2,LV_secondary_T2_T4,300.0,0.99456,7.1872,4.2178,2.8303,5.0794,19.4,0.06466666666666666,0.06,0.0,SAFE
7122,2.4,1.3,3.7,0.24,0.0,T18,LV_secondary_T2_T4,300.0,0.95826,7.7724,4.5565,3.3703,5.6675,3.7,0.012333333333333333,0.004333333333333333,0.0,SAFE
7122,2.8,1.0,3.8,0.24,0.0,T18,LV_secondary_T2_T4,300.0,0.95826,7.7724,4.5565,3.3703,5.6675,3.8,0.012666666666666666,0.0033333333333333335,0.0,SAFE
721,0.0,17.8,17.8,0.24,0.0,-,Main_720-734,5000.0,0.99456,7.1414,4.1987,2.8231,5.0595,17.8,0.0035600000000000002,0.0035600000000000002,0.0,SAFE
764,0.0,2.8,2.8,0.24,46.0,T14,Branch_752-765,150.0,0.9365,42.617,29.4074,21.7473,36.5751,0.0608695652173913,0.018666666666666665,0.018666666666666665,0.30666666666666664,SAFE
710,2.5,8.1,10.6,0.208,80.0,T17,Branch_701-708,300.0,0.95736,7.0104,4.008,2.9713,4.9893,0.1325,0.035333333333333335,0.027,0.26666666666666666,SAFE
6252,7.8,12.9,20.7,0.24,0.0,T2,LV_secondary_T2_T4,300.0,0.99456,7.1872,4.2178,2.8303,5.0794,20.7,0.06899999999999999,0.043000000000000003,0.0,SAFE
6322,1.0,13.5,14.5,0.24,0.0,T4,LV_secondary_T2_T4,150.0,0.92105,16.9926,11.6578,8.5847,14.4776,14.5,0.09666666666666666,0.09,0.0,SAFE
7393,0.0,2.5,2.5,0.24,0.0,T6,LV_secondary_T2_T4,150.0,0.98477,24.6125,15.6519,11.8507,19.6321,2.5,0.016666666666666666,0.016666666666666666,0.0,SAFE
7642,0.0,13.9,13.9,0.24,0.0,T14,LV_secondary_T2_T4,150.0,0.9365,42.617,29.4074,21.7473,36.5751,13.9,0.09266666666666667,0.09266666666666667,0.0,SAFE
6221,4.8,16.5,21.3,0.24,0.0,T2,LV_secondary_T2_T4,300.0,0.99456,7.1872,4.2178,2.8303,5.0794,21.3,0.07100000000000001,0.055,0.0,SAFE
721,0.0,10.1,10.1,0.24,0.0,-,Main_720-734,5000.0,0.99456,7.1414,4.1987,2.8231,5.0595,10.1,0.00202,0.00202,0.0,SAFE
712,0.0,14.9,14.9,0.24,65.0,T18,Branch_701-708,300.0,0.95826,7.7724,4.5565,3.3703,5.6675,0.22923076923076924,0.049666666666666665,0.049666666666666665,0.21666666666666667,SAFE
6202,0.0,8.0,8.0,0.24,0.0,T2,LV_secondary_T2_T4,300.0,0.99456,7.0957,4.1795,2.816,5.0396,8.0,0.02666666666666667,0.02666666666666667,0.0,SAFE
6242,2.2,15.7,17.9,0.24,0.0,T2,LV_secondary_T2_T4,300.0,0.99456,7.1414,4.1987,2.8231,5.0595,17.9,0.05966666666666666,0.05233333333333333,0.0,SAFE
723,0.0,2.3,2.3,0.24,0.0,-,Main_720-734,5000.0,0.99456,7.2329,4.237,2.8374,5.0993,2.3,0.00045999999999999996,0.00045999999999999996,0.0,SAFE
726,6.7,9.4,16.1,0.24,0.0,-,Main_720-734,5000.0,0.99456,7.2329,4.237,2.8374,5.0993,16.1,0.00322,0.0018800000000000002,0.0,SAFE
724,0.0,18.5,18.5,0.24,0.0,-,Main_720-734,5000.0,0.99456,7.1414,4.1987,2.8231,5.0595,18.5,0.0037,0.0037,0.0,SAFE
6332,0.0,17.3,17.3,0.24,0.0,T4,LV_secondary_T2_T4,150.0,0.91348,17.0383,11.6797,8.589,14.4978,17.3,0.11533333333333334,0.11533333333333334,0.0,SAFE
714,0.0,3.7,3.7,0.208,240.0,T24,Branch_701-708,30.0,0.99083,0.9144,0.4676,0.2627,0.5363,0.015416666666666667,0.12333333333333334,0.12333333333333334,8.0,SAFE
6251,0.0,7.7,7.7,0.24,0.0,T2,LV_secondary_T2_T4,300.0,0.99456,7.1872,4.2178,2.8303,5.0794,7.7,0.025666666666666667,0.025666666666666667,0.0,SAFE
722,0.0,5.7,5.7,0.24,0.0,-,Main_720-734,5000.0,0.99456,7.1872,4.2178,2.8303,5.0794,5.7,0.00114,0.00114,0.0,SAFE
751,0.0,11.5,11.5,0.48,0.0,T9,other,1500.0,0.9685,34.4789,23.8283,17.6385,29.6463,11.5,0.007666666666666666,0.007666666666666666,0.0,SAFE
769,8.6,15.8,24.4,0.24,41.0,T22,Delta_766-772,150.0,0.95405,44.5068,31.369,22.8385,38.8022,0.5951219512195122,0.16266666666666665,0.10533333333333333,0.2733333333333333,SAFE
772,0.0,4.9,4.9,0.208,100.0,T19,Delta_766-772,300.0,0.93424,43.184,29.887,22.1458,37.1977,0.049,0.016333333333333335,0.016333333333333335,0.3333333333333333,SAFE
732,0.0,15.2,15.2,0.24,25.4,T4,Main_720-734,150.0,0.92105,16.9926,11.6578,8.5847,14.4776,0.5984251968503937,0.10133333333333333,0.10133333333333333,0.16933333333333334,SAFE
626,3.2,15.9,19.1,0.24,0.0,T2,LV_secondary_T2_T4,300.0,0.99456,7.2329,4.237,2.8374,5.0993,19.1,0.06366666666666668,0.053,0.0,SAFE
6251,0.0,3.1,3.1,0.24,0.0,T2,LV_secondary_T2_T4,300.0,0.99456,7.1872,4.2178,2.8303,5.0794,3.1,0.010333333333333333,0.010333333333333333,0.0,SAFE
708,9.9,11.0,20.9,0.24,75.0,T16,Branch_701-708,300.0,0.95801,6.2484,3.6185,2.8328,4.5954,0.2786666666666667,0.06966666666666667,0.03666666666666667,0.25,SAFE
6202,6.1,3.5,9.6,0.24,0.0,T2,LV_secondary_T2_T4,300.0,0.99456,7.0957,4.1795,2.816,5.0396,9.6,0.032,0.011666666666666667,0.0,SAFE
6232,0.0,11.4,11.4,0.24,0.0,T2,LV_secondary_T2_T4,300.0,0.99456,7.2329,4.237,2.8374,5.0993,11.4,0.038,0.038,0.0,SAFE
7392,1.2,19.1,20.3,0.24,0.0,T6,LV_secondary_T2_T4,150.0,0.98477,24.6125,15.6519,11.8507,19.6321,20.3,0.13533333333333333,0.12733333333333335,0.0,SAFE
633,0.0,1.3,1.3,0.24,0.0,T4,LV_secondary_T2_T4,150.0,0.91348,17.0383,11.6797,8.589,14.4978,1.3,0.008666666666666666,0.008666666666666666,0.0,SAFE
632,0.0,19.0,19.0,0.24,0.0,T4,LV_secondary_T2_T4,150.0,0.92105,16.9926,11.6578,8.5847,14.4776,19.0,0.12666666666666668,0.12666666666666668,0.0,SAFE
769,0.0,12.9,12.9,0.24,41.0,T22,Delta_766-772,150.0,0.95405,44.5068,31.369,22.8385,38.8022,0.3146341463414634,0.08600000000000001,0.08600000000000001,0.2733333333333333,SAFE
6321,0.0,9.0,9.0,0.24,0.0,T4,LV_secondary_T2_T4,150.0,0.92105,16.9926,11.6578,8.5847,14.4776,9.0,0.06,0.06,0.0,SAFE
7691,0.0,11.2,11.2,0.24,0.0,T22,LV_secondary_T2_T4,150.0,0.95405,44.5068,31.369,22.8385,38.8022,11.2,0.07466666666666666,0.07466666666666666,0.0,SAFE
710,0.0,6.9,6.9,0.208,80.0,T17,Branch_701-708,300.0,0.95736,7.0104,4.008,2.9713,4.9893,0.08625000000000001,0.023,0.023,0.26666666666666666,SAFE
734,0.0,19.5,19.5,0.24,15.85,-,Main_720-734,5000.0,0.90591,17.084,11.7015,8.5933,14.5179,1.2302839116719244,0.0039,0.0039,0.00317,SAFE
6211,0.0,8.4,8.4,0.24,0.0,T2,LV_secondary_T2_T4,300.0,0.99456,7.1414,4.1987,2.8231,5.0595,8.4,0.028,0.028,0.0,SAFE
633,0.0,6.9,6.9,0.24,0.0,T4,LV_secondary_T2_T4,150.0,0.91348,17.0383,11.6797,8.589,14.4978,6.9,0.046,0.046,0.0,SAFE
748,0.0,2.1,2.1,0.24,76.88,T8,Main_735-750,150.0,0.95585,27.31,18.8387,13.9267,23.4276,0.027315296566077008,0.014,0.014,0.5125333333333333,SAFE
6331,0.0,3.2,3.2,0.24,0.0,T4,LV_secondary_T2_T4,150.0,0.91348,17.0383,11.6797,8.589,14.4978,3.2,0.021333333333333336,0.021333333333333336,0.0,SAFE
632,7.7,6.9,14.600000000000001,0.24,0.0,T4,LV_secondary_T2_T4,150.0,0.92105,16.9926,11.6578,8.5847,14.4776,14.600000000000001,0.09733333333333334,0.046,0.0,SAFE
720,0.0,1.2,1.2,0.24,66.0,T2,Main_720-734,300.0,0.99456,7.0957,4.1795,2.816,5.0396,0.01818181818181818,0.004,0.004,0.22,SAFE
621,5.7,4.1,9.8,0.24,0.0,T2,LV_secondary_T2_T4,300.0,0.99456,7.1414,4.1987,2.8231,5.0595,9.8,0.03266666666666667,0.013666666666666666,0.0,SAFE
759,0.0,4.2,4.2,0.24,35.0,T12,Branch_752-765,150.0,0.93737,40.2701,27.7136,20.528,34.4883,0.12000000000000001,0.028,0.028,0.23333333333333334,SAFE
762,0.0,14.9,14.9,0.48,45.0,T13,Branch_752-765,150.0,0.93629,42.0074,28.9831,21.4317,36.0463,0.33111111111111113,0.09933333333333333,0.09933333333333333,0.3,SAFE
623,0.0,7.4,7.4,0.24,0.0,T2,LV_secondary_T2_T4,300.0,0.99456,7.2329,4.237,2.8374,5.0993,7.4,0.024666666666666667,0.024666666666666667,0.0,SAFE
7643,6.2,2.2,8.4,0.24,0.0,T14,LV_secondary_T2_T4,150.0,0.9365,42.617,29.4074,21.7473,36.5751,8.4,0.056,0.014666666666666668,0.0,SAFE
708,0.0,10.4,10.4,0.24,75.0,T16,Branch_701-708,300.0,0.95801,6.2484,3.6185,2.8328,4.5954,0.13866666666666666,0.034666666666666665,0.034666666666666665,0.25,SAFE
632,0.0,10.5,10.5,0.24,0.0,T4,LV_secondary_T2_T4,150.0,0.92105,16.9926,11.6578,8.5847,14.4776,10.5,0.07,0.07,0.0,SAFE
6241,9.0,4.0,13.0,0.24,0.0,T2,LV_secondary_T2_T4,300.0,0.99456,7.1414,4.1987,2.8231,5.0595,13.0,0.043333333333333335,0.013333333333333334,0.0,SAFE
716,0.0,5.3,5.3,0.48,15.85,T24(HV),Branch_701-708,300.0,0.97763,0.9144,0.4676,0.2627,0.5363,0.334384858044164,0.017666666666666667,0.017666666666666667,0.05283333333333333,SAFE
625,0.0,17.3,17.3,0.24,0.0,T2,LV_secondary_T2_T4,300.0,0.99456,7.1872,4.2178,2.8303,5.0794,17.3,0.05766666666666667,0.05766666666666667,0.0,SAFE
625,0.0,10.0,10.0,0.24,0.0,T2,LV_secondary_T2_T4,300.0,0.99456,7.1872,4.2178,2.8303,5.0794,10.0,0.03333333333333333,0.03333333333333333,0.0,SAFE
724,1.3,4.4,5.7,0.24,0.0,-,Main_720-734,5000.0,0.99456,7.1414,4.1987,2.8231,5.0595,5.7,0.00114,0.00088,0.0,SAFE
6321,0.0,5.3,5.3,0.24,0.0,T4,LV_secondary_T2_T4,150.0,0.92105,16.9926,11.6578,8.5847,14.4776,5.3,0.035333333333333335,0.035333333333333335,0.0,SAFE
6202,0.0,6.2,6.2,0.24,0.0,T2,LV_secondary_T2_T4,300.0,0.99456,7.0957,4.1795,2.816,5.0396,6.2,0.020666666666666667,0.020666666666666667,0.0,SAFE
6241,1.5,3.3,4.8,0.24,0.0,T2,LV_secondary_T2_T4,300.0,0.99456,7.1414,4.1987,2.8231,5.0595,4.8,0.016,0.011,0.0,SAFE
740,9.6,16.3,25.9,0.24,75.0,T5,Main_735-750,150.0,0.98202,23.0885,14.9212,11.4648,18.8171,0.3453333333333333,0.17266666666666666,0.10866666666666668,0.5,SAFE
633,8.0,17.7,25.7,0.24,0.0,T4,LV_secondary_T2_T4,150.0,0.91348,17.0383,11.6797,8.589,14.4978,25.7,0.17133333333333334,0.118,0.0,SAFE
6201,0.0,7.2,7.2,0.24,0.0,T2,LV_secondary_T2_T4,300.0,0.99456,7.0957,4.1795,2.816,5.0396,7.2,0.024,0.024,0.0,SAFE
621,0.0,8.0,8.0,0.24,0.0,T2,LV_secondary_T2_T4,300.0,0.99456,7.1414,4.1987,2.8231,5.0595,8.0,0.02666666666666667,0.02666666666666667,0.0,SAFE
772,0.0,15.1,15.1,0.208,100.0,T19,Delta_766-772,300.0,0.93424,43.184,29.887,22.1458,37.1977,0.151,0.050333333333333334,0.050333333333333334,0.3333333333333333,SAFE
6241,0.0,12.2,12.2,0.24,0.0,T2,LV_secondary_T2_T4,300.0,0.99456,7.1414,4.1987,2.8231,5.0595,12.2,0.04066666666666666,0.04066666666666666,0.0,SAFE
733,0.0,14.9,14.9,0.24,0.0,-,Main_720-734,5000.0,0.91348,17.0383,11.6797,8.589,14.4978,14.9,0.00298,0.00298,0.0,SAFE
751,1.2,3.9,5.1,0.48,0.0,T9,other,1500.0,0.9685,34.4789,23.8283,17.6385,29.6463,5.1,0.0034,0.0026,0.0,SAFE
7692,8.9,7.6,16.5,0.24,0.0,T22,LV_secondary_T2_T4,150.0,0.95405,44.5068,31.369,22.8385,38.8022,16.5,0.11,0.050666666666666665,0.0,SAFE
6212,0.0,1.0,1.0,0.24,0.0,T2,LV_secondary_T2_T4,300.0,0.99456,7.1414,4.1987,2.8231,5.0595,1.0,0.0033333333333333335,0.0033333333333333335,0.0,SAFE
6201,0.0,3.0,3.0,0.24,0.0,T2,LV_secondary_T2_T4,300.0,0.99456,7.0957,4.1795,2.816,5.0396,3.0,0.01,0.01,0.0,SAFE
748,9.8,9.0,18.8,0.24,76.88,T8,Main_735-750,150.0,0.95585,27.31,18.8387,13.9267,23.4276,0.2445369406867846,0.12533333333333332,0.06,0.5125333333333333,SAFE
723,0.0,14.5,14.5,0.24,0.0,-,Main_720-734,5000.0,0.99456,7.2329,4.237,2.8374,5.0993,14.5,0.0029,0.0029,0.0,SAFE
743,0.0,18.0,18.0,0.24,240.0,T7,Main_735-750,300.0,0.96367,21.8693,15.052,11.1097,18.708,0.075,0.06,0.06,0.8,SAFE
6241,6.2,9.7,15.899999999999999,0.24,0.0,T2,LV_secondary_T2_T4,300.0,0.99456,7.1414,4.1987,2.8231,5.0595,15.899999999999999,0.053,0.03233333333333333,0.0,SAFE
7483,1.7,3.5,5.2,0.24,0.0,T8,LV_secondary_T2_T4,150.0,0.95585,27.31,18.8387,13.9267,23.4276,5.2,0.034666666666666665,0.023333333333333334,0.0,SAFE
632,3.1,9.3,12.4,0.24,0.0,T4,LV_secondary_T2_T4,150.0,0.92105,16.9926,11.6578,8.5847,14.4776,12.4,0.08266666666666667,0.062000000000000006,0.0,SAFE
759,4.5,17.2,21.7,0.24,35.0,T12,Branch_752-765,150.0,0.93737,40.2701,27.7136,20.528,34.4883,0.62,0.14466666666666667,0.11466666666666667,0.23333333333333334,SAFE
6211,0.0,7.0,7.0,0.24,0.0,T2,LV_secondary_T2_T4,300.0,0.99456,7.1414,4.1987,2.8231,5.0595,7.0,0.023333333333333334,0.023333333333333334,0.0,SAFE
708,0.0,18.9,18.9,0.24,75.0,T16,Branch_701-708,300.0,0.95801,6.2484,3.6185,2.8328,4.5954,0.252,0.063,0.063,0.25,SAFE
715,0.0,4.0,4.0,0.208,0.0,-,Branch_701-708,5000.0,0.99083,0.9144,0.4676,0.2627,0.5363,4.0,0.0008,0.0008,0.0,SAFE
7391,0.0,7.0,7.0,0.24,0.0,T6,LV_secondary_T2_T4,150.0,0.98477,24.6125,15.6519,11.8507,19.6321,7.0,0.04666666666666667,0.04666666666666667,0.0,SAFE
6231,0.0,19.3,19.3,0.24,0.0,T2,LV_secondary_T2_T4,300.0,0.99456,7.2329,4.237,2.8374,5.0993,19.3,0.06433333333333334,0.06433333333333334,0.0,SAFE
6201,1.8,9.8,11.600000000000001,0.24,0.0,T2,LV_secondary_T2_T4,300.0,0.99456,7.0957,4.1795,2.816,5.0396,11.600000000000001,0.03866666666666667,0.03266666666666667,0.0,SAFE
772,1.4,16.7,18.099999999999998,0.208,100.0,T19,Delta_766-772,300.0,0.93424,43.184,29.887,22.1458,37.1977,0.18099999999999997,0.06033333333333333,0.05566666666666666,0.3333333333333333,SAFE
6211,9.7,3.8,13.5,0.24,0.0,T2,LV_secondary_T2_T4,300.0,0.99456,7.1414,4.1987,2.8231,5.0595,13.5,0.045,0.012666666666666666,0.0,SAFE
6252,3.3,10.8,14.100000000000001,0.24,0.0,T2,LV_secondary_T2_T4,300.0,0.99456,7.1872,4.2178,2.8303,5.0794,14.100000000000001,0.04700000000000001,0.036000000000000004,0.0,SAFE
728,0.0,1.6,1.6,0.24,38.0,T3,Main_720-734,75.0,0.93706,11.5824,7.8923,5.7834,9.7845,0.042105263157894736,0.021333333333333336,0.021333333333333336,0.5066666666666667,SAFE
7121,0.0,11.6,11.6,0.24,0.0,T18,LV_secondary_T2_T4,300.0,0.95826,7.7724,4.5565,3.3703,5.6675,11.6,0.03866666666666667,0.03866666666666667,0.0,SAFE
714,2.3,9.8,12.100000000000001,0.208,240.0,T24,Branch_701-708,30.0,0.99083,0.9144,0.4676,0.2627,0.5363,0.05041666666666667,0.4033333333333334,0.3266666666666667,8.0,SAFE
621,3.0,2.2,5.2,0.24,0.0,T2,LV_secondary_T2_T4,300.0,0.99456,7.1414,4.1987,2.8231,5.0595,5.2,0.017333333333333333,0.007333333333333334,0.0,SAFE
733,0.0,16.6,16.6,0.24,0.0,-,Main_720-734,5000.0,0.91348,17.0383,11.6797,8.589,14.4978,16.6,0.0033200000000000005,0.0033200000000000005,0.0,SAFE
710,0.0,12.1,12.1,0.208,80.0,T17,Branch_701-708,300.0,0.95736,7.0104,4.008,2.9713,4.9893,0.15125,0.04033333333333333,0.04033333333333333,0.26666666666666666,SAFE
708,0.0,1.4,1.4,0.24,75.0,T16,Branch_701-708,300.0,0.95801,6.2484,3.6185,2.8328,4.5954,0.018666666666666665,0.004666666666666666,0.004666666666666666,0.25,SAFE
6332,0.0,16.4,16.4,0.24,0.0,T4,LV_secondary_T2_T4,150.0,0.91348,17.0383,11.6797,8.589,14.4978,16.4,0.10933333333333332,0.10933333333333332,0.0,SAFE
6212,1.5,3.3,4.8,0.24,0.0,T2,LV_secondary_T2_T4,300.0,0.99456,7.1414,4.1987,2.8231,5.0595,4.8,0.016,0.011,0.0,SAFE
6331,0.0,16.6,16.6,0.24,0.0,T4,LV_secondary_T2_T4,150.0,0.91348,17.0383,11.6797,8.589,14.4978,16.6,0.11066666666666668,0.11066666666666668,0.0,SAFE
623,0.0,8.3,8.3,0.24,0.0,T2,LV_secondary_T2_T4,300.0,0.99456,7.2329,4.237,2.8374,5.0993,8.3,0.02766666666666667,0.02766666666666667,0.0,SAFE
6231,0.0,5.1,5.1,0.24,0.0,T2,LV_secondary_T2_T4,300.0,0.99456,7.2329,4.237,2.8374,5.0993,5.1,0.016999999999999998,0.016999999999999998,0.0,SAFE
764,0.0,9.5,9.5,0.24,46.0,T14,Branch_752-765,150.0,0.9365,42.617,29.4074,21.7473,36.5751,0.20652173913043478,0.06333333333333334,0.06333333333333334,0.30666666666666664,SAFE
751,0.0,13.3,13.3,0.48,0.0,T9,other,1500.0,0.9685,34.4789,23.8283,17.6385,29.6463,13.3,0.008866666666666667,0.008866666666666667,0.0,SAFE
7693,0.0,10.1,10.1,0.24,0.0,T22,LV_secondary_T2_T4,150.0,0.95405,44.5068,31.369,22.8385,38.8022,10.1,0.06733333333333333,0.06733333333333333,0.0,SAFE
6251,0.0,3.6,3.6,0.24,0.0,T2,LV_secondary_T2_T4,300.0,0.99456,7.1872,4.2178,2.8303,5.0794,3.6,0.012,0.012,0.0,SAFE
7643,5.9,5.7,11.600000000000001,0.24,0.0,T14,LV_secondary_T2_T4,150.0,0.9365,42.617,29.4074,21.7473,36.5751,11.600000000000001,0.07733333333333334,0.038,0.0,SAFE
622,4.2,19.8,24.0,0.24,0.0,T2,LV_secondary_T2_T4,300.0,0.99456,7.1872,4.2178,2.8303,5.0794,24.0,0.08,0.066,0.0,SAFE
7692,0.0,15.8,15.8,0.24,0.0,T22,LV_secondary_T2_T4,150.0,0.95405,44.5068,31.369,22.8385,38.8022,15.8,0.10533333333333333,0.10533333333333333,0.0,SAFE
7483,0.0,7.1,7.1,0.24,0.0,T8,LV_secondary_T2_T4,150.0,0.95585,27.31,18.8387,13.9267,23.4276,7.1,0.04733333333333333,0.04733333333333333,0.0,SAFE
623,0.0,7.1,7.1,0.24,0.0,T2,LV_secondary_T2_T4,300.0,0.99456,7.2329,4.237,2.8374,5.0993,7.1,0.023666666666666666,0.023666666666666666,0.0,SAFE
764,5.8,2.1,7.9,0.24,46.0,T14,Branch_752-765,150.0,0.9365,42.617,29.4074,21.7473,36.5751,0.17173913043478262,0.05266666666666667,0.014,0.30666666666666664,SAFE
743,0.0,19.5,19.5,0.24,240.0,T7,Main_735-750,300.0,0.96367,21.8693,15.052,11.1097,18.708,0.08125,0.065,0.065,0.8,SAFE
748,9.3,6.1,15.4,0.24,76.88,T8,Main_735-750,150.0,0.95585,27.31,18.8387,13.9267,23.4276,0.20031217481789804,0.10266666666666667,0.04066666666666666,0.5125333333333333,SAFE
632,6.2,15.5,21.7,0.24,0.0,T4,LV_secondary_T2_T4,150.0,0.92105,16.9926,11.6578,8.5847,14.4776,21.7,0.14466666666666667,0.10333333333333333,0.0,SAFE
6251,8.6,7.7,16.3,0.24,0.0,T2,LV_secondary_T2_T4,300.0,0.99456,7.1872,4.2178,2.8303,5.0794,16.3,0.05433333333333334,0.025666666666666667,0.0,SAFE
728,0.0,5.5,5.5,0.24,38.0,T3,Main_720-734,75.0,0.93706,11.5824,7.8923,5.7834,9.7845,0.14473684210526316,0.07333333333333333,0.07333333333333333,0.5066666666666667,SAFE
6231,0.0,18.4,18.4,0.24,0.0,T2,LV_secondary_T2_T4,300.0,0.99456,7.2329,4.237,2.8374,5.0993,18.4,0.06133333333333333,0.06133333333333333,0.0,SAFE
6231,0.0,19.0,19.0,0.24,0.0,T2,LV_secondary_T2_T4,300.0,0.99456,7.2329,4.237,2.8374,5.0993,19.0,0.06333333333333334,0.06333333333333334,0.0,SAFE
732,9.7,16.9,26.599999999999998,0.24,25.4,T4,Main_720-734,150.0,0.92105,16.9926,11.6578,8.5847,14.4776,1.047244094488189,0.17733333333333332,0.11266666666666665,0.16933333333333334,SAFE
7692,0.0,6.9,6.9,0.24,0.0,T22,LV_secondary_T2_T4,150.0,0.95405,44.5068,31.369,22.8385,38.8022,6.9,0.046,0.046,0.0,SAFE
712,0.0,2.1,2.1,0.24,65.0,T18,Branch_701-708,300.0,0.95826,7.7724,4.5565,3.3703,5.6675,0.03230769230769231,0.007,0.007,0.21666666666666667,SAFE
622,0.0,11.0,11.0,0.24,0.0,T2,LV_secondary_T2_T4,300.0,0.99456,7.1872,4.2178,2.8303,5.0794,11.0,0.03666666666666667,0.03666666666666667,0.0,SAFE
733,0.0,16.3,16.3,0.24,0.0,-,Main_720-734,5000.0,0.91348,17.0383,11.6797,8.589,14.4978,16.3,0.0032600000000000003,0.0032600000000000003,0.0,SAFE
728,3.9,18.5,22.4,0.24,38.0,T3,Main_720-734,75.0,0.93706,11.5824,7.8923,5.7834,9.7845,0.5894736842105263,0.29866666666666664,0.24666666666666667,0.5066666666666667,SAFE
622,2.3,3.8,6.1,0.24,0.0,T2,LV_secondary_T2_T4,300.0,0.99456,7.1872,4.2178,2.8303,5.0794,6.1,0.02033333333333333,0.012666666666666666,0.0,SAFE
716,9.6,17.1,26.700000000000003,0.48,15.85,T24(HV),Branch_701-708,300.0,0.97763,0.9144,0.4676,0.2627,0.5363,1.6845425867507888,0.08900000000000001,0.057,0.05283333333333333,SAFE
6241,6.3,14.4,20.7,0.24,0.0,T2,LV_secondary_T2_T4,300.0,0.99456,7.1414,4.1987,2.8231,5.0595,20.7,0.06899999999999999,0.048,0.0,SAFE
6221,0.0,6.7,6.7,0.24,0.0,T2,LV_secondary_T2_T4,300.0,0.99456,7.1872,4.2178,2.8303,5.0794,6.7,0.022333333333333334,0.022333333333333334,0.0,SAFE
725,0.0,14.9,14.9,0.24,0.0,-,Main_720-734,5000.0,0.99456,7.1872,4.2178,2.8303,5.0794,14.9,0.00298,0.00298,0.0,SAFE
7481,0.0,13.3,13.3,0.24,0.0,T8,LV_secondary_T2_T4,150.0,0.95585,27.31,18.8387,13.9267,23.4276,13.3,0.08866666666666667,0.08866666666666667,0.0,SAFE
728,3.7,8.2,11.899999999999999,0.24,38.0,T3,Main_720-734,75.0,0.93706,11.5824,7.8923,5.7834,9.7845,0.3131578947368421,0.15866666666666665,0.10933333333333332,0.5066666666666667,SAFE
728,9.5,14.8,24.3,0.24,38.0,T3,Main_720-734,75.0,0.93706,11.5824,7.8923,5.7834,9.7845,0.6394736842105263,0.324,0.19733333333333333,0.5066666666666667,SAFE
6252,6.1,17.2,23.299999999999997,0.24,0.0,T2,LV_secondary_T2_T4,300.0,0.99456,7.1872,4.2178,2.8303,5.0794,23.299999999999997,0.07766666666666666,0.05733333333333333,0.0,SAFE
730,9.7,12.4,22.1,0.24,85.0,T23,Main_720-734,300.0,0.94696,11.8872,7.965,5.8252,9.8678,0.26,0.07366666666666667,0.04133333333333333,0.2833333333333333,SAFE
740,0.0,13.2,13.2,0.24,75.0,T5,Main_735-750,150.0,0.98202,23.0885,14.9212,11.4648,18.8171,0.176,0.088,0.088,0.5,SAFE
7482,3.1,3.7,6.800000000000001,0.24,0.0,T8,LV_secondary_T2_T4,150.0,0.95585,27.31,18.8387,13.9267,23.4276,6.800000000000001,0.04533333333333334,0.024666666666666667,0.0,SAFE
6202,1.8,4.2,6.0,0.24,0.0,T2,LV_secondary_T2_T4,300.0,0.99456,7.0957,4.1795,2.816,5.0396,6.0,0.02,0.014,0.0,SAFE
6212,0.0,9.5,9.5,0.24,0.0,T2,LV_secondary_T2_T4,300.0,0.99456,7.1414,4.1987,2.8231,5.0595,9.5,0.03166666666666667,0.03166666666666667,0.0,SAFE
